"index","op","name","z","type","value","probability"
2,"Boundary","Base",,"posterior",-246,0
2,"Boundary","Base",,"posterior",-245,0
2,"Boundary","Base",,"posterior",-244,0
2,"Boundary","Base",,"posterior",-243,2.3488e-7
2,"Boundary","Base",,"posterior",-242,0
2,"Boundary","Base",,"posterior",-241,0
2,"Boundary","Base",,"posterior",-240,0
2,"Boundary","Base",,"posterior",-239,0
2,"Boundary","Base",,"posterior",-238,0
2,"Boundary","Base",,"posterior",-237,0
2,"Boundary","Base",,"posterior",-236,0
2,"Boundary","Base",,"posterior",-235,0
2,"Boundary","Base",,"posterior",-234,0
2,"Boundary","Base",,"posterior",-233,0
2,"Boundary","Base",,"posterior",-232,0
2,"Boundary","Base",,"posterior",-231,0
2,"Boundary","Base",,"posterior",-230,0
2,"Boundary","Base",,"posterior",-229,0
2,"Boundary","Base",,"posterior",-228,0
2,"Boundary","Base",,"posterior",-227,0
2,"Boundary","Base",,"posterior",-226,0
2,"Boundary","Base",,"posterior",-225,0
2,"Boundary","Base",,"posterior",-224,0
2,"Boundary","Base",,"posterior",-223,0
2,"Boundary","Base",,"posterior",-222,0
2,"Boundary","Base",,"posterior",-221,0
2,"Boundary","Base",,"posterior",-220,0
2,"Boundary","Base",,"posterior",-219,0
2,"Boundary","Base",,"posterior",-218,0
2,"Boundary","Base",,"posterior",-217,0
2,"Boundary","Base",,"posterior",-216,0
2,"Boundary","Base",,"posterior",-215,0
2,"Boundary","Base",,"posterior",-214,0
2,"Boundary","Base",,"posterior",-213,2.3488e-7
2,"Boundary","Base",,"posterior",-212,0
2,"Boundary","Base",,"posterior",-211,0
2,"Boundary","Base",,"posterior",-210,0
2,"Boundary","Base",,"posterior",-209,2.3488e-7
2,"Boundary","Base",,"posterior",-208,0
2,"Boundary","Base",,"posterior",-207,0
2,"Boundary","Base",,"posterior",-206,0
2,"Boundary","Base",,"posterior",-205,0
2,"Boundary","Base",,"posterior",-204,2.3488e-7
2,"Boundary","Base",,"posterior",-203,0
2,"Boundary","Base",,"posterior",-202,0
2,"Boundary","Base",,"posterior",-201,0
2,"Boundary","Base",,"posterior",-200,0
2,"Boundary","Base",,"posterior",-199,0
2,"Boundary","Base",,"posterior",-198,0
2,"Boundary","Base",,"posterior",-197,0
2,"Boundary","Base",,"posterior",-196,0
2,"Boundary","Base",,"posterior",-195,0
2,"Boundary","Base",,"posterior",-194,0
2,"Boundary","Base",,"posterior",-193,0
2,"Boundary","Base",,"posterior",-192,0
2,"Boundary","Base",,"posterior",-191,0
2,"Boundary","Base",,"posterior",-190,0
2,"Boundary","Base",,"posterior",-189,0
2,"Boundary","Base",,"posterior",-188,0
2,"Boundary","Base",,"posterior",-187,0
2,"Boundary","Base",,"posterior",-186,0
2,"Boundary","Base",,"posterior",-185,0
2,"Boundary","Base",,"posterior",-184,0
2,"Boundary","Base",,"posterior",-183,0
2,"Boundary","Base",,"posterior",-182,0
2,"Boundary","Base",,"posterior",-181,0
2,"Boundary","Base",,"posterior",-180,0
2,"Boundary","Base",,"posterior",-179,0
2,"Boundary","Base",,"posterior",-178,0
2,"Boundary","Base",,"posterior",-177,0
2,"Boundary","Base",,"posterior",-176,0
2,"Boundary","Base",,"posterior",-175,0
2,"Boundary","Base",,"posterior",-174,0
2,"Boundary","Base",,"posterior",-173,0
2,"Boundary","Base",,"posterior",-172,0
2,"Boundary","Base",,"posterior",-171,0
2,"Boundary","Base",,"posterior",-170,0
2,"Boundary","Base",,"posterior",-169,0
2,"Boundary","Base",,"posterior",-168,0
2,"Boundary","Base",,"posterior",-167,0
2,"Boundary","Base",,"posterior",-166,0
2,"Boundary","Base",,"posterior",-165,0
2,"Boundary","Base",,"posterior",-164,2.3488e-7
2,"Boundary","Base",,"posterior",-163,0
2,"Boundary","Base",,"posterior",-162,0
2,"Boundary","Base",,"posterior",-161,0
2,"Boundary","Base",,"posterior",-160,0
2,"Boundary","Base",,"posterior",-159,2.3488e-7
2,"Boundary","Base",,"posterior",-158,0
2,"Boundary","Base",,"posterior",-157,0
2,"Boundary","Base",,"posterior",-156,0
2,"Boundary","Base",,"posterior",-155,0
2,"Boundary","Base",,"posterior",-154,0
2,"Boundary","Base",,"posterior",-153,0
2,"Boundary","Base",,"posterior",-152,2.3488e-7
2,"Boundary","Base",,"posterior",-151,0
2,"Boundary","Base",,"posterior",-150,0
2,"Boundary","Base",,"posterior",-149,0
2,"Boundary","Base",,"posterior",-148,0
2,"Boundary","Base",,"posterior",-147,0
2,"Boundary","Base",,"posterior",-146,0
2,"Boundary","Base",,"posterior",-145,0
2,"Boundary","Base",,"posterior",-144,0
2,"Boundary","Base",,"posterior",-143,0
2,"Boundary","Base",,"posterior",-142,0
2,"Boundary","Base",,"posterior",-141,0
2,"Boundary","Base",,"posterior",-140,0
2,"Boundary","Base",,"posterior",-139,0
2,"Boundary","Base",,"posterior",-138,0
2,"Boundary","Base",,"posterior",-137,0
2,"Boundary","Base",,"posterior",-136,0
2,"Boundary","Base",,"posterior",-135,0
2,"Boundary","Base",,"posterior",-134,0
2,"Boundary","Base",,"posterior",-133,0
2,"Boundary","Base",,"posterior",-132,0
2,"Boundary","Base",,"posterior",-131,0
2,"Boundary","Base",,"posterior",-130,0
2,"Boundary","Base",,"posterior",-129,0
2,"Boundary","Base",,"posterior",-128,0
2,"Boundary","Base",,"posterior",-127,0
2,"Boundary","Base",,"posterior",-126,0
2,"Boundary","Base",,"posterior",-125,0
2,"Boundary","Base",,"posterior",-124,0
2,"Boundary","Base",,"posterior",-123,0
2,"Boundary","Base",,"posterior",-122,0
2,"Boundary","Base",,"posterior",-121,0
2,"Boundary","Base",,"posterior",-120,0
2,"Boundary","Base",,"posterior",-119,0
2,"Boundary","Base",,"posterior",-118,0
2,"Boundary","Base",,"posterior",-117,0
2,"Boundary","Base",,"posterior",-116,0
2,"Boundary","Base",,"posterior",-115,0
2,"Boundary","Base",,"posterior",-114,0
2,"Boundary","Base",,"posterior",-113,0
2,"Boundary","Base",,"posterior",-112,0
2,"Boundary","Base",,"posterior",-111,0
2,"Boundary","Base",,"posterior",-110,0
2,"Boundary","Base",,"posterior",-109,0
2,"Boundary","Base",,"posterior",-108,0
2,"Boundary","Base",,"posterior",-107,0
2,"Boundary","Base",,"posterior",-106,0
2,"Boundary","Base",,"posterior",-105,0
2,"Boundary","Base",,"posterior",-104,0
2,"Boundary","Base",,"posterior",-103,0
2,"Boundary","Base",,"posterior",-102,0
2,"Boundary","Base",,"posterior",-101,0
2,"Boundary","Base",,"posterior",-100,0
2,"Boundary","Base",,"posterior",-99,0
2,"Boundary","Base",,"posterior",-98,0
2,"Boundary","Base",,"posterior",-97,0
2,"Boundary","Base",,"posterior",-96,0
2,"Boundary","Base",,"posterior",-95,0
2,"Boundary","Base",,"posterior",-94,0
2,"Boundary","Base",,"posterior",-93,0
2,"Boundary","Base",,"posterior",-92,0
2,"Boundary","Base",,"posterior",-91,0
2,"Boundary","Base",,"posterior",-90,0
2,"Boundary","Base",,"posterior",-89,0
2,"Boundary","Base",,"posterior",-88,0
2,"Boundary","Base",,"posterior",-87,0
2,"Boundary","Base",,"posterior",-86,0
2,"Boundary","Base",,"posterior",-85,0
2,"Boundary","Base",,"posterior",-84,0
2,"Boundary","Base",,"posterior",-83,0
2,"Boundary","Base",,"posterior",-82,0
2,"Boundary","Base",,"posterior",-81,0
2,"Boundary","Base",,"posterior",-80,0
2,"Boundary","Base",,"posterior",-79,0
2,"Boundary","Base",,"posterior",-78,0
2,"Boundary","Base",,"posterior",-77,0
2,"Boundary","Base",,"posterior",-76,0
2,"Boundary","Base",,"posterior",-75,0
2,"Boundary","Base",,"posterior",-74,0
2,"Boundary","Base",,"posterior",-73,0
2,"Boundary","Base",,"posterior",-72,0
2,"Boundary","Base",,"posterior",-71,0
2,"Boundary","Base",,"posterior",-70,0
2,"Boundary","Base",,"posterior",-69,0
2,"Boundary","Base",,"posterior",-68,0
2,"Boundary","Base",,"posterior",-67,0
2,"Boundary","Base",,"posterior",-66,0
2,"Boundary","Base",,"posterior",-65,0
2,"Boundary","Base",,"posterior",-64,0
2,"Boundary","Base",,"posterior",-63,0
2,"Boundary","Base",,"posterior",-62,0
2,"Boundary","Base",,"posterior",-61,0
2,"Boundary","Base",,"posterior",-60,0
2,"Boundary","Base",,"posterior",-59,0
2,"Boundary","Base",,"posterior",-58,0
2,"Boundary","Base",,"posterior",-57,0
2,"Boundary","Base",,"posterior",-56,0
2,"Boundary","Base",,"posterior",-55,0
2,"Boundary","Base",,"posterior",-54,0
2,"Boundary","Base",,"posterior",-53,0
2,"Boundary","Base",,"posterior",-52,0
2,"Boundary","Base",,"posterior",-51,0
2,"Boundary","Base",,"posterior",-50,0
2,"Boundary","Base",,"posterior",-49,0
2,"Boundary","Base",,"posterior",-48,0
2,"Boundary","Base",,"posterior",-47,0
2,"Boundary","Base",,"posterior",-46,0
2,"Boundary","Base",,"posterior",-45,0
2,"Boundary","Base",,"posterior",-44,0
2,"Boundary","Base",,"posterior",-43,0
2,"Boundary","Base",,"posterior",-42,0
2,"Boundary","Base",,"posterior",-41,0
2,"Boundary","Base",,"posterior",-40,0
2,"Boundary","Base",,"posterior",-39,0
2,"Boundary","Base",,"posterior",-38,0
2,"Boundary","Base",,"posterior",-37,0
2,"Boundary","Base",,"posterior",-36,0
2,"Boundary","Base",,"posterior",-35,0
2,"Boundary","Base",,"posterior",-34,2.3488e-7
2,"Boundary","Base",,"posterior",-33,0
2,"Boundary","Base",,"posterior",-32,0
2,"Boundary","Base",,"posterior",-31,2.3488e-7
2,"Boundary","Base",,"posterior",-30,0
2,"Boundary","Base",,"posterior",-29,2.3488e-7
2,"Boundary","Base",,"posterior",-28,0
2,"Boundary","Base",,"posterior",-27,0
2,"Boundary","Base",,"posterior",-26,0
2,"Boundary","Base",,"posterior",-25,0
2,"Boundary","Base",,"posterior",-24,0
2,"Boundary","Base",,"posterior",-23,0
2,"Boundary","Base",,"posterior",-22,0
2,"Boundary","Base",,"posterior",-21,0
2,"Boundary","Base",,"posterior",-20,0
2,"Boundary","Base",,"posterior",-19,0
2,"Boundary","Base",,"posterior",-18,0
2,"Boundary","Base",,"posterior",-17,0
2,"Boundary","Base",,"posterior",-16,0
2,"Boundary","Base",,"posterior",-15,0
2,"Boundary","Base",,"posterior",-14,2.3488e-7
2,"Boundary","Base",,"posterior",-13,0
2,"Boundary","Base",,"posterior",-12,0
2,"Boundary","Base",,"posterior",-11,0
2,"Boundary","Base",,"posterior",-10,0
2,"Boundary","Base",,"posterior",-9,0
2,"Boundary","Base",,"posterior",-8,0
2,"Boundary","Base",,"posterior",-7,0
2,"Boundary","Base",,"posterior",-6,2.3488e-7
2,"Boundary","Base",,"posterior",-5,0
2,"Boundary","Base",,"posterior",-4,2.3488e-7
2,"Boundary","Base",,"posterior",-3,0
2,"Boundary","Base",,"posterior",-2,0
2,"Boundary","Base",,"posterior",-1,0
2,"Boundary","Base",,"posterior",0,0
2,"Boundary","Base",,"posterior",1,0
2,"Boundary","Base",,"posterior",2,0
2,"Boundary","Base",,"posterior",3,0
2,"Boundary","Base",,"posterior",4,0
2,"Boundary","Base",,"posterior",5,0
2,"Boundary","Base",,"posterior",6,0
2,"Boundary","Base",,"posterior",7,0
2,"Boundary","Base",,"posterior",8,0
2,"Boundary","Base",,"posterior",9,2.3488e-7
2,"Boundary","Base",,"posterior",10,0
2,"Boundary","Base",,"posterior",11,0
2,"Boundary","Base",,"posterior",12,0
2,"Boundary","Base",,"posterior",13,0
2,"Boundary","Base",,"posterior",14,0
2,"Boundary","Base",,"posterior",15,2.3488e-7
2,"Boundary","Base",,"posterior",16,2.3488e-7
2,"Boundary","Base",,"posterior",17,2.3488e-7
2,"Boundary","Base",,"posterior",18,0
2,"Boundary","Base",,"posterior",19,0
2,"Boundary","Base",,"posterior",20,0
2,"Boundary","Base",,"posterior",21,0
2,"Boundary","Base",,"posterior",22,0
2,"Boundary","Base",,"posterior",23,0
2,"Boundary","Base",,"posterior",24,0
2,"Boundary","Base",,"posterior",25,0
2,"Boundary","Base",,"posterior",26,0
2,"Boundary","Base",,"posterior",27,0
2,"Boundary","Base",,"posterior",28,0
2,"Boundary","Base",,"posterior",29,0
2,"Boundary","Base",,"posterior",30,0
2,"Boundary","Base",,"posterior",31,0
2,"Boundary","Base",,"posterior",32,0
2,"Boundary","Base",,"posterior",33,0
2,"Boundary","Base",,"posterior",34,0
2,"Boundary","Base",,"posterior",35,0
2,"Boundary","Base",,"posterior",36,0
2,"Boundary","Base",,"posterior",37,0
2,"Boundary","Base",,"posterior",38,0
2,"Boundary","Base",,"posterior",39,0
2,"Boundary","Base",,"posterior",40,0
2,"Boundary","Base",,"posterior",41,0
2,"Boundary","Base",,"posterior",42,0
2,"Boundary","Base",,"posterior",43,0
2,"Boundary","Base",,"posterior",44,0
2,"Boundary","Base",,"posterior",45,0
2,"Boundary","Base",,"posterior",46,0
2,"Boundary","Base",,"posterior",47,0
2,"Boundary","Base",,"posterior",48,2.3488e-7
2,"Boundary","Base",,"posterior",49,0
2,"Boundary","Base",,"posterior",50,0
2,"Boundary","Base",,"posterior",51,0
2,"Boundary","Base",,"posterior",52,2.3488e-7
2,"Boundary","Base",,"posterior",53,2.3488e-7
2,"Boundary","Base",,"posterior",54,0
2,"Boundary","Base",,"posterior",55,0
2,"Boundary","Base",,"posterior",56,0
2,"Boundary","Base",,"posterior",57,0
2,"Boundary","Base",,"posterior",58,0
2,"Boundary","Base",,"posterior",59,4.763e-7
2,"Boundary","Base",,"posterior",60,0
2,"Boundary","Base",,"posterior",61,0
2,"Boundary","Base",,"posterior",62,0
2,"Boundary","Base",,"posterior",63,0
2,"Boundary","Base",,"posterior",64,0
2,"Boundary","Base",,"posterior",65,0
2,"Boundary","Base",,"posterior",66,0
2,"Boundary","Base",,"posterior",67,0
2,"Boundary","Base",,"posterior",68,0
2,"Boundary","Base",,"posterior",69,2.3488e-7
2,"Boundary","Base",,"posterior",70,0
2,"Boundary","Base",,"posterior",71,0
2,"Boundary","Base",,"posterior",72,0
2,"Boundary","Base",,"posterior",73,2.3488e-7
2,"Boundary","Base",,"posterior",74,0
2,"Boundary","Base",,"posterior",75,0
2,"Boundary","Base",,"posterior",76,0
2,"Boundary","Base",,"posterior",77,0
2,"Boundary","Base",,"posterior",78,0
2,"Boundary","Base",,"posterior",79,0
2,"Boundary","Base",,"posterior",80,0
2,"Boundary","Base",,"posterior",81,0
2,"Boundary","Base",,"posterior",82,0
2,"Boundary","Base",,"posterior",83,0
2,"Boundary","Base",,"posterior",84,0
2,"Boundary","Base",,"posterior",85,0
2,"Boundary","Base",,"posterior",86,2.3488e-7
2,"Boundary","Base",,"posterior",87,0
2,"Boundary","Base",,"posterior",88,2.3488e-7
2,"Boundary","Base",,"posterior",89,0
2,"Boundary","Base",,"posterior",90,0
2,"Boundary","Base",,"posterior",91,0
2,"Boundary","Base",,"posterior",92,0
2,"Boundary","Base",,"posterior",93,0
2,"Boundary","Base",,"posterior",94,2.3488e-7
2,"Boundary","Base",,"posterior",95,2.3488e-7
2,"Boundary","Base",,"posterior",96,0
2,"Boundary","Base",,"posterior",97,0
2,"Boundary","Base",,"posterior",98,2.3488e-7
2,"Boundary","Base",,"posterior",99,0
2,"Boundary","Base",,"posterior",100,2.3488e-7
2,"Boundary","Base",,"posterior",101,0
2,"Boundary","Base",,"posterior",102,0
2,"Boundary","Base",,"posterior",103,0
2,"Boundary","Base",,"posterior",104,0
2,"Boundary","Base",,"posterior",105,0
2,"Boundary","Base",,"posterior",106,0
2,"Boundary","Base",,"posterior",107,0
2,"Boundary","Base",,"posterior",108,2.3488e-7
2,"Boundary","Base",,"posterior",109,0
2,"Boundary","Base",,"posterior",110,0
2,"Boundary","Base",,"posterior",111,0
2,"Boundary","Base",,"posterior",112,0
2,"Boundary","Base",,"posterior",113,0
2,"Boundary","Base",,"posterior",114,0
2,"Boundary","Base",,"posterior",115,0
2,"Boundary","Base",,"posterior",116,0
2,"Boundary","Base",,"posterior",117,0
2,"Boundary","Base",,"posterior",118,0
2,"Boundary","Base",,"posterior",119,0
2,"Boundary","Base",,"posterior",120,0
2,"Boundary","Base",,"posterior",121,0
2,"Boundary","Base",,"posterior",122,0
2,"Boundary","Base",,"posterior",123,0
2,"Boundary","Base",,"posterior",124,0
2,"Boundary","Base",,"posterior",125,0
2,"Boundary","Base",,"posterior",126,2.3488e-7
2,"Boundary","Base",,"posterior",127,0
2,"Boundary","Base",,"posterior",128,0
2,"Boundary","Base",,"posterior",129,0
2,"Boundary","Base",,"posterior",130,7.112e-7
2,"Boundary","Base",,"posterior",131,4.763e-7
2,"Boundary","Base",,"posterior",132,0
2,"Boundary","Base",,"posterior",133,0
2,"Boundary","Base",,"posterior",134,0
2,"Boundary","Base",,"posterior",135,0
2,"Boundary","Base",,"posterior",136,0
2,"Boundary","Base",,"posterior",137,0
2,"Boundary","Base",,"posterior",138,0
2,"Boundary","Base",,"posterior",139,2.3488e-7
2,"Boundary","Base",,"posterior",140,0
2,"Boundary","Base",,"posterior",141,0
2,"Boundary","Base",,"posterior",142,0
2,"Boundary","Base",,"posterior",143,0
2,"Boundary","Base",,"posterior",144,0
2,"Boundary","Base",,"posterior",145,2.3488e-7
2,"Boundary","Base",,"posterior",146,0
2,"Boundary","Base",,"posterior",147,2.3488e-7
2,"Boundary","Base",,"posterior",148,0
2,"Boundary","Base",,"posterior",149,0
2,"Boundary","Base",,"posterior",150,0
2,"Boundary","Base",,"posterior",151,0
2,"Boundary","Base",,"posterior",152,0
2,"Boundary","Base",,"posterior",153,0
2,"Boundary","Base",,"posterior",154,2.3488e-7
2,"Boundary","Base",,"posterior",155,0
2,"Boundary","Base",,"posterior",156,0
2,"Boundary","Base",,"posterior",157,0
2,"Boundary","Base",,"posterior",158,0
2,"Boundary","Base",,"posterior",159,0
2,"Boundary","Base",,"posterior",160,0
2,"Boundary","Base",,"posterior",161,2.3488e-7
2,"Boundary","Base",,"posterior",162,2.3488e-7
2,"Boundary","Base",,"posterior",163,7.112e-7
2,"Boundary","Base",,"posterior",164,2.3488e-7
2,"Boundary","Base",,"posterior",165,0
2,"Boundary","Base",,"posterior",166,0
2,"Boundary","Base",,"posterior",167,0
2,"Boundary","Base",,"posterior",168,0
2,"Boundary","Base",,"posterior",169,0
2,"Boundary","Base",,"posterior",170,0
2,"Boundary","Base",,"posterior",171,0
2,"Boundary","Base",,"posterior",172,4.763e-7
2,"Boundary","Base",,"posterior",173,2.3488e-7
2,"Boundary","Base",,"posterior",174,0
2,"Boundary","Base",,"posterior",175,0
2,"Boundary","Base",,"posterior",176,0
2,"Boundary","Base",,"posterior",177,0
2,"Boundary","Base",,"posterior",178,4.763e-7
2,"Boundary","Base",,"posterior",179,7.112e-7
2,"Boundary","Base",,"posterior",180,0
2,"Boundary","Base",,"posterior",181,0
2,"Boundary","Base",,"posterior",182,0
2,"Boundary","Base",,"posterior",183,0
2,"Boundary","Base",,"posterior",184,0
2,"Boundary","Base",,"posterior",185,0
2,"Boundary","Base",,"posterior",186,0
2,"Boundary","Base",,"posterior",187,0
2,"Boundary","Base",,"posterior",188,0
2,"Boundary","Base",,"posterior",189,4.763e-7
2,"Boundary","Base",,"posterior",190,2.3488e-7
2,"Boundary","Base",,"posterior",191,4.763e-7
2,"Boundary","Base",,"posterior",192,0
2,"Boundary","Base",,"posterior",193,0
2,"Boundary","Base",,"posterior",194,0
2,"Boundary","Base",,"posterior",195,0
2,"Boundary","Base",,"posterior",196,2.3488e-7
2,"Boundary","Base",,"posterior",197,0
2,"Boundary","Base",,"posterior",198,0
2,"Boundary","Base",,"posterior",199,0
2,"Boundary","Base",,"posterior",200,0
2,"Boundary","Base",,"posterior",201,0
2,"Boundary","Base",,"posterior",202,0
2,"Boundary","Base",,"posterior",203,0
2,"Boundary","Base",,"posterior",204,0
2,"Boundary","Base",,"posterior",205,0
2,"Boundary","Base",,"posterior",206,2.3488e-7
2,"Boundary","Base",,"posterior",207,0
2,"Boundary","Base",,"posterior",208,0
2,"Boundary","Base",,"posterior",209,2.3488e-7
2,"Boundary","Base",,"posterior",210,0
2,"Boundary","Base",,"posterior",211,2.3488e-7
2,"Boundary","Base",,"posterior",212,0
2,"Boundary","Base",,"posterior",213,4.763e-7
2,"Boundary","Base",,"posterior",214,7.112e-7
2,"Boundary","Base",,"posterior",215,0
2,"Boundary","Base",,"posterior",216,0
2,"Boundary","Base",,"posterior",217,7.112e-7
2,"Boundary","Base",,"posterior",218,2.3488e-7
2,"Boundary","Base",,"posterior",219,0
2,"Boundary","Base",,"posterior",220,0
2,"Boundary","Base",,"posterior",221,7.112e-7
2,"Boundary","Base",,"posterior",222,0
2,"Boundary","Base",,"posterior",223,0
2,"Boundary","Base",,"posterior",224,0
2,"Boundary","Base",,"posterior",225,2.3488e-7
2,"Boundary","Base",,"posterior",226,0
2,"Boundary","Base",,"posterior",227,0
2,"Boundary","Base",,"posterior",228,0
2,"Boundary","Base",,"posterior",229,4.763e-7
2,"Boundary","Base",,"posterior",230,2.3488e-7
2,"Boundary","Base",,"posterior",231,0
2,"Boundary","Base",,"posterior",232,0
2,"Boundary","Base",,"posterior",233,0
2,"Boundary","Base",,"posterior",234,0
2,"Boundary","Base",,"posterior",235,0
2,"Boundary","Base",,"posterior",236,0
2,"Boundary","Base",,"posterior",237,0
2,"Boundary","Base",,"posterior",238,0
2,"Boundary","Base",,"posterior",239,2.3488e-7
2,"Boundary","Base",,"posterior",240,4.763e-7
2,"Boundary","Base",,"posterior",241,2.3488e-7
2,"Boundary","Base",,"posterior",242,0
2,"Boundary","Base",,"posterior",243,0
2,"Boundary","Base",,"posterior",244,0
2,"Boundary","Base",,"posterior",245,0
2,"Boundary","Base",,"posterior",246,0
2,"Boundary","Base",,"posterior",247,0
2,"Boundary","Base",,"posterior",248,4.763e-7
2,"Boundary","Base",,"posterior",249,0
2,"Boundary","Base",,"posterior",250,0
2,"Boundary","Base",,"posterior",251,4.763e-7
2,"Boundary","Base",,"posterior",252,0
2,"Boundary","Base",,"posterior",253,7.112e-7
2,"Boundary","Base",,"posterior",254,0
2,"Boundary","Base",,"posterior",255,2.3488e-7
2,"Boundary","Base",,"posterior",256,2.3488e-7
2,"Boundary","Base",,"posterior",257,0
2,"Boundary","Base",,"posterior",258,0
2,"Boundary","Base",,"posterior",259,0
2,"Boundary","Base",,"posterior",260,0
2,"Boundary","Base",,"posterior",261,0
2,"Boundary","Base",,"posterior",262,4.763e-7
2,"Boundary","Base",,"posterior",263,0
2,"Boundary","Base",,"posterior",264,0
2,"Boundary","Base",,"posterior",265,4.763e-7
2,"Boundary","Base",,"posterior",266,7.112e-7
2,"Boundary","Base",,"posterior",267,0
2,"Boundary","Base",,"posterior",268,7.112e-7
2,"Boundary","Base",,"posterior",269,2.3488e-7
2,"Boundary","Base",,"posterior",270,0
2,"Boundary","Base",,"posterior",271,7.112e-7
2,"Boundary","Base",,"posterior",272,2.3488e-7
2,"Boundary","Base",,"posterior",273,0
2,"Boundary","Base",,"posterior",274,0
2,"Boundary","Base",,"posterior",275,4.763e-7
2,"Boundary","Base",,"posterior",276,0
2,"Boundary","Base",,"posterior",277,0
2,"Boundary","Base",,"posterior",278,4.763e-7
2,"Boundary","Base",,"posterior",279,0
2,"Boundary","Base",,"posterior",280,4.763e-7
2,"Boundary","Base",,"posterior",281,0.0000011809
2,"Boundary","Base",,"posterior",282,4.763e-7
2,"Boundary","Base",,"posterior",283,7.112e-7
2,"Boundary","Base",,"posterior",284,0
2,"Boundary","Base",,"posterior",285,4.763e-7
2,"Boundary","Base",,"posterior",286,4.763e-7
2,"Boundary","Base",,"posterior",287,0
2,"Boundary","Base",,"posterior",288,0
2,"Boundary","Base",,"posterior",289,0
2,"Boundary","Base",,"posterior",290,4.763e-7
2,"Boundary","Base",,"posterior",291,7.112e-7
2,"Boundary","Base",,"posterior",292,9.46e-7
2,"Boundary","Base",,"posterior",293,0
2,"Boundary","Base",,"posterior",294,0
2,"Boundary","Base",,"posterior",295,0
2,"Boundary","Base",,"posterior",296,4.763e-7
2,"Boundary","Base",,"posterior",297,2.3488e-7
2,"Boundary","Base",,"posterior",298,0
2,"Boundary","Base",,"posterior",299,4.763e-7
2,"Boundary","Base",,"posterior",300,2.3488e-7
2,"Boundary","Base",,"posterior",301,4.763e-7
2,"Boundary","Base",,"posterior",302,0
2,"Boundary","Base",,"posterior",303,2.3488e-7
2,"Boundary","Base",,"posterior",304,4.763e-7
2,"Boundary","Base",,"posterior",305,0
2,"Boundary","Base",,"posterior",306,0
2,"Boundary","Base",,"posterior",307,0.0000011809
2,"Boundary","Base",,"posterior",308,2.3488e-7
2,"Boundary","Base",,"posterior",309,2.3488e-7
2,"Boundary","Base",,"posterior",310,2.3488e-7
2,"Boundary","Base",,"posterior",311,0
2,"Boundary","Base",,"posterior",312,7.112e-7
2,"Boundary","Base",,"posterior",313,2.3488e-7
2,"Boundary","Base",,"posterior",314,2.3488e-7
2,"Boundary","Base",,"posterior",315,0
2,"Boundary","Base",,"posterior",316,0.0000016572
2,"Boundary","Base",,"posterior",317,0.0000011809
2,"Boundary","Base",,"posterior",318,0
2,"Boundary","Base",,"posterior",319,9.46e-7
2,"Boundary","Base",,"posterior",320,4.763e-7
2,"Boundary","Base",,"posterior",321,0
2,"Boundary","Base",,"posterior",322,4.763e-7
2,"Boundary","Base",,"posterior",323,7.112e-7
2,"Boundary","Base",,"posterior",324,4.763e-7
2,"Boundary","Base",,"posterior",325,7.112e-7
2,"Boundary","Base",,"posterior",326,2.3488e-7
2,"Boundary","Base",,"posterior",327,0
2,"Boundary","Base",,"posterior",328,7.112e-7
2,"Boundary","Base",,"posterior",329,4.763e-7
2,"Boundary","Base",,"posterior",330,4.763e-7
2,"Boundary","Base",,"posterior",331,0
2,"Boundary","Base",,"posterior",332,0
2,"Boundary","Base",,"posterior",333,0
2,"Boundary","Base",,"posterior",334,2.3488e-7
2,"Boundary","Base",,"posterior",335,2.3488e-7
2,"Boundary","Base",,"posterior",336,0
2,"Boundary","Base",,"posterior",337,2.3488e-7
2,"Boundary","Base",,"posterior",338,2.3488e-7
2,"Boundary","Base",,"posterior",339,2.3488e-7
2,"Boundary","Base",,"posterior",340,0.0000011809
2,"Boundary","Base",,"posterior",341,0
2,"Boundary","Base",,"posterior",342,0
2,"Boundary","Base",,"posterior",343,4.763e-7
2,"Boundary","Base",,"posterior",344,0
2,"Boundary","Base",,"posterior",345,4.763e-7
2,"Boundary","Base",,"posterior",346,0.0000014223
2,"Boundary","Base",,"posterior",347,2.3488e-7
2,"Boundary","Base",,"posterior",348,2.3488e-7
2,"Boundary","Base",,"posterior",349,0.0000014223
2,"Boundary","Base",,"posterior",350,0
2,"Boundary","Base",,"posterior",351,0
2,"Boundary","Base",,"posterior",352,0.0000021335
2,"Boundary","Base",,"posterior",353,2.3488e-7
2,"Boundary","Base",,"posterior",354,0
2,"Boundary","Base",,"posterior",355,0
2,"Boundary","Base",,"posterior",356,4.763e-7
2,"Boundary","Base",,"posterior",357,0
2,"Boundary","Base",,"posterior",358,2.3488e-7
2,"Boundary","Base",,"posterior",359,0
2,"Boundary","Base",,"posterior",360,4.763e-7
2,"Boundary","Base",,"posterior",361,0.0000011809
2,"Boundary","Base",,"posterior",362,2.3488e-7
2,"Boundary","Base",,"posterior",363,0
2,"Boundary","Base",,"posterior",364,7.112e-7
2,"Boundary","Base",,"posterior",365,7.112e-7
2,"Boundary","Base",,"posterior",366,9.46e-7
2,"Boundary","Base",,"posterior",367,0
2,"Boundary","Base",,"posterior",368,4.763e-7
2,"Boundary","Base",,"posterior",369,4.763e-7
2,"Boundary","Base",,"posterior",370,0
2,"Boundary","Base",,"posterior",371,7.112e-7
2,"Boundary","Base",,"posterior",372,9.46e-7
2,"Boundary","Base",,"posterior",373,4.763e-7
2,"Boundary","Base",,"posterior",374,4.763e-7
2,"Boundary","Base",,"posterior",375,0
2,"Boundary","Base",,"posterior",376,2.3488e-7
2,"Boundary","Base",,"posterior",377,0.0000011809
2,"Boundary","Base",,"posterior",378,0
2,"Boundary","Base",,"posterior",379,0
2,"Boundary","Base",,"posterior",380,7.112e-7
2,"Boundary","Base",,"posterior",381,0.0000011809
2,"Boundary","Base",,"posterior",382,7.112e-7
2,"Boundary","Base",,"posterior",383,2.3488e-7
2,"Boundary","Base",,"posterior",384,9.46e-7
2,"Boundary","Base",,"posterior",385,7.112e-7
2,"Boundary","Base",,"posterior",386,9.46e-7
2,"Boundary","Base",,"posterior",387,4.763e-7
2,"Boundary","Base",,"posterior",388,7.112e-7
2,"Boundary","Base",,"posterior",389,0.0000014223
2,"Boundary","Base",,"posterior",390,9.46e-7
2,"Boundary","Base",,"posterior",391,0.0000014223
2,"Boundary","Base",,"posterior",392,2.3488e-7
2,"Boundary","Base",,"posterior",393,9.46e-7
2,"Boundary","Base",,"posterior",394,0
2,"Boundary","Base",,"posterior",395,2.3488e-7
2,"Boundary","Base",,"posterior",396,2.3488e-7
2,"Boundary","Base",,"posterior",397,0
2,"Boundary","Base",,"posterior",398,7.112e-7
2,"Boundary","Base",,"posterior",399,9.46e-7
2,"Boundary","Base",,"posterior",400,7.112e-7
2,"Boundary","Base",,"posterior",401,9.46e-7
2,"Boundary","Base",,"posterior",402,4.763e-7
2,"Boundary","Base",,"posterior",403,0
2,"Boundary","Base",,"posterior",404,4.763e-7
2,"Boundary","Base",,"posterior",405,0
2,"Boundary","Base",,"posterior",406,0.0000023683
2,"Boundary","Base",,"posterior",407,0.0000018921
2,"Boundary","Base",,"posterior",408,0.0000016572
2,"Boundary","Base",,"posterior",409,2.3488e-7
2,"Boundary","Base",,"posterior",410,0.0000016572
2,"Boundary","Base",,"posterior",411,0.0000014223
2,"Boundary","Base",,"posterior",412,9.46e-7
2,"Boundary","Base",,"posterior",413,0.0000021335
2,"Boundary","Base",,"posterior",414,7.112e-7
2,"Boundary","Base",,"posterior",415,0
2,"Boundary","Base",,"posterior",416,0
2,"Boundary","Base",,"posterior",417,9.46e-7
2,"Boundary","Base",,"posterior",418,2.3488e-7
2,"Boundary","Base",,"posterior",419,9.46e-7
2,"Boundary","Base",,"posterior",420,0.0000021335
2,"Boundary","Base",,"posterior",421,0.0000021335
2,"Boundary","Base",,"posterior",422,0
2,"Boundary","Base",,"posterior",423,7.112e-7
2,"Boundary","Base",,"posterior",424,4.763e-7
2,"Boundary","Base",,"posterior",425,4.763e-7
2,"Boundary","Base",,"posterior",426,0.0000011809
2,"Boundary","Base",,"posterior",427,0.0000026032
2,"Boundary","Base",,"posterior",428,7.112e-7
2,"Boundary","Base",,"posterior",429,0.0000011809
2,"Boundary","Base",,"posterior",430,7.112e-7
2,"Boundary","Base",,"posterior",431,9.46e-7
2,"Boundary","Base",,"posterior",432,2.3488e-7
2,"Boundary","Base",,"posterior",433,0.0000014223
2,"Boundary","Base",,"posterior",434,0.0000026032
2,"Boundary","Base",,"posterior",435,2.3488e-7
2,"Boundary","Base",,"posterior",436,0.0000014223
2,"Boundary","Base",,"posterior",437,0
2,"Boundary","Base",,"posterior",438,0.000003314
2,"Boundary","Base",,"posterior",439,2.3488e-7
2,"Boundary","Base",,"posterior",440,0.000003314
2,"Boundary","Base",,"posterior",441,0.0000018921
2,"Boundary","Base",,"posterior",442,0
2,"Boundary","Base",,"posterior",443,0.0000016572
2,"Boundary","Base",,"posterior",444,9.46e-7
2,"Boundary","Base",,"posterior",445,9.46e-7
2,"Boundary","Base",,"posterior",446,0.0000021335
2,"Boundary","Base",,"posterior",447,2.3488e-7
2,"Boundary","Base",,"posterior",448,0.0000014223
2,"Boundary","Base",,"posterior",449,0.0000030795
2,"Boundary","Base",,"posterior",450,0.0000011809
2,"Boundary","Base",,"posterior",451,9.46e-7
2,"Boundary","Base",,"posterior",452,2.3488e-7
2,"Boundary","Base",,"posterior",453,0.0000026032
2,"Boundary","Base",,"posterior",454,4.763e-7
2,"Boundary","Base",,"posterior",455,9.46e-7
2,"Boundary","Base",,"posterior",456,7.112e-7
2,"Boundary","Base",,"posterior",457,0.0000028381
2,"Boundary","Base",,"posterior",458,9.46e-7
2,"Boundary","Base",,"posterior",459,0
2,"Boundary","Base",,"posterior",460,0.0000016572
2,"Boundary","Base",,"posterior",461,0.0000016572
2,"Boundary","Base",,"posterior",462,0.0000028381
2,"Boundary","Base",,"posterior",463,0.000003549
2,"Boundary","Base",,"posterior",464,0.0000018921
2,"Boundary","Base",,"posterior",465,0.0000014223
2,"Boundary","Base",,"posterior",466,0.0000016572
2,"Boundary","Base",,"posterior",467,0.0000014223
2,"Boundary","Base",,"posterior",468,9.46e-7
2,"Boundary","Base",,"posterior",469,0.000003549
2,"Boundary","Base",,"posterior",470,2.3488e-7
2,"Boundary","Base",,"posterior",471,0.0000018921
2,"Boundary","Base",,"posterior",472,0.0000023683
2,"Boundary","Base",,"posterior",473,4.763e-7
2,"Boundary","Base",,"posterior",474,9.46e-7
2,"Boundary","Base",,"posterior",475,0.0000018921
2,"Boundary","Base",,"posterior",476,0.0000011809
2,"Boundary","Base",,"posterior",477,0.0000011809
2,"Boundary","Base",,"posterior",478,0.0000016572
2,"Boundary","Base",,"posterior",479,0.0000016572
2,"Boundary","Base",,"posterior",480,0.0000026032
2,"Boundary","Base",,"posterior",481,0.0000011809
2,"Boundary","Base",,"posterior",482,0.0000011809
2,"Boundary","Base",,"posterior",483,0.0000026032
2,"Boundary","Base",,"posterior",484,0.0000028381
2,"Boundary","Base",,"posterior",485,4.763e-7
2,"Boundary","Base",,"posterior",486,0.0000026032
2,"Boundary","Base",,"posterior",487,0.000004026
2,"Boundary","Base",,"posterior",488,0.000004026
2,"Boundary","Base",,"posterior",489,0.0000018921
2,"Boundary","Base",,"posterior",490,0.0000014223
2,"Boundary","Base",,"posterior",491,0.0000021335
2,"Boundary","Base",,"posterior",492,0.0000028381
2,"Boundary","Base",,"posterior",493,7.112e-7
2,"Boundary","Base",,"posterior",494,0.000005448
2,"Boundary","Base",,"posterior",495,0.0000016572
2,"Boundary","Base",,"posterior",496,0.0000018921
2,"Boundary","Base",,"posterior",497,0.0000018921
2,"Boundary","Base",,"posterior",498,0.0000021335
2,"Boundary","Base",,"posterior",499,0.000003314
2,"Boundary","Base",,"posterior",500,0.000003314
2,"Boundary","Base",,"posterior",501,0.0000011809
2,"Boundary","Base",,"posterior",502,0.0000028381
2,"Boundary","Base",,"posterior",503,0.000004737
2,"Boundary","Base",,"posterior",504,0.0000016572
2,"Boundary","Base",,"posterior",505,4.763e-7
2,"Boundary","Base",,"posterior",506,0.0000014223
2,"Boundary","Base",,"posterior",507,0.0000011809
2,"Boundary","Base",,"posterior",508,0.000004972
2,"Boundary","Base",,"posterior",509,0.000003314
2,"Boundary","Base",,"posterior",510,0.000003314
2,"Boundary","Base",,"posterior",511,0.0000016572
2,"Boundary","Base",,"posterior",512,0.0000014223
2,"Boundary","Base",,"posterior",513,0.000004495
2,"Boundary","Base",,"posterior",514,0.0000030795
2,"Boundary","Base",,"posterior",515,0.0000016572
2,"Boundary","Base",,"posterior",516,0.0000018921
2,"Boundary","Base",,"posterior",517,0.0000023683
2,"Boundary","Base",,"posterior",518,0.0000030795
2,"Boundary","Base",,"posterior",519,0.0000014223
2,"Boundary","Base",,"posterior",520,0.000003791
2,"Boundary","Base",,"posterior",521,0.000003549
2,"Boundary","Base",,"posterior",522,0.000003791
2,"Boundary","Base",,"posterior",523,0.0000023683
2,"Boundary","Base",,"posterior",524,0.000003791
2,"Boundary","Base",,"posterior",525,0.000003549
2,"Boundary","Base",,"posterior",526,9.46e-7
2,"Boundary","Base",,"posterior",527,0.000005683
2,"Boundary","Base",,"posterior",528,0.00000426
2,"Boundary","Base",,"posterior",529,0.0000014223
2,"Boundary","Base",,"posterior",530,0.000004026
2,"Boundary","Base",,"posterior",531,0.0000011809
2,"Boundary","Base",,"posterior",532,0.0000026032
2,"Boundary","Base",,"posterior",533,0.0000011809
2,"Boundary","Base",,"posterior",534,0.0000028381
2,"Boundary","Base",,"posterior",535,0.0000028381
2,"Boundary","Base",,"posterior",536,4.763e-7
2,"Boundary","Base",,"posterior",537,0.000003791
2,"Boundary","Base",,"posterior",538,0.000003549
2,"Boundary","Base",,"posterior",539,0.0000023683
2,"Boundary","Base",,"posterior",540,0.0000016572
2,"Boundary","Base",,"posterior",541,0.000004026
2,"Boundary","Base",,"posterior",542,0.000004737
2,"Boundary","Base",,"posterior",543,0.0000030795
2,"Boundary","Base",,"posterior",544,0.000008762
2,"Boundary","Base",,"posterior",545,0.0000016572
2,"Boundary","Base",,"posterior",546,0.000006152
2,"Boundary","Base",,"posterior",547,0.000003549
2,"Boundary","Base",,"posterior",548,4.763e-7
2,"Boundary","Base",,"posterior",549,0.000003791
2,"Boundary","Base",,"posterior",550,0.000003791
2,"Boundary","Base",,"posterior",551,0.0000030795
2,"Boundary","Base",,"posterior",552,0.0000016572
2,"Boundary","Base",,"posterior",553,0.000007105
2,"Boundary","Base",,"posterior",554,0.0000018921
2,"Boundary","Base",,"posterior",555,0.000005683
2,"Boundary","Base",,"posterior",556,0.0000014223
2,"Boundary","Base",,"posterior",557,0.000004026
2,"Boundary","Base",,"posterior",558,0.0000016572
2,"Boundary","Base",,"posterior",559,0.000004495
2,"Boundary","Base",,"posterior",560,0.000005206
2,"Boundary","Base",,"posterior",561,0.000004737
2,"Boundary","Base",,"posterior",562,0.000003314
2,"Boundary","Base",,"posterior",563,0.000004972
2,"Boundary","Base",,"posterior",564,0.0000028381
2,"Boundary","Base",,"posterior",565,0.00000426
2,"Boundary","Base",,"posterior",566,0.000011835
2,"Boundary","Base",,"posterior",567,0.000007105
2,"Boundary","Base",,"posterior",568,0.000004026
2,"Boundary","Base",,"posterior",569,0.0000028381
2,"Boundary","Base",,"posterior",570,0.000003314
2,"Boundary","Base",,"posterior",571,0.0000028381
2,"Boundary","Base",,"posterior",572,0.000003549
2,"Boundary","Base",,"posterior",573,0.000004972
2,"Boundary","Base",,"posterior",574,0.0000028381
2,"Boundary","Base",,"posterior",575,0.000005918
2,"Boundary","Base",,"posterior",576,0.000003549
2,"Boundary","Base",,"posterior",577,0.000003549
2,"Boundary","Base",,"posterior",578,0.00000426
2,"Boundary","Base",,"posterior",579,0.000004972
2,"Boundary","Base",,"posterior",580,7.112e-7
2,"Boundary","Base",,"posterior",581,0.000006394
2,"Boundary","Base",,"posterior",582,0.000004737
2,"Boundary","Base",,"posterior",583,0.0000011809
2,"Boundary","Base",,"posterior",584,0.000009232
2,"Boundary","Base",,"posterior",585,0.0000028381
2,"Boundary","Base",,"posterior",586,0.000006152
2,"Boundary","Base",,"posterior",587,0.0000014223
2,"Boundary","Base",,"posterior",588,0.0000026032
2,"Boundary","Base",,"posterior",589,0.00000426
2,"Boundary","Base",,"posterior",590,0.0000030795
2,"Boundary","Base",,"posterior",591,0.0000030795
2,"Boundary","Base",,"posterior",592,0.000008997
2,"Boundary","Base",,"posterior",593,0.000006864
2,"Boundary","Base",,"posterior",594,0.000004495
2,"Boundary","Base",,"posterior",595,0.000005448
2,"Boundary","Base",,"posterior",596,0.000007575
2,"Boundary","Base",,"posterior",597,0.000005448
2,"Boundary","Base",,"posterior",598,0.000007105
2,"Boundary","Base",,"posterior",599,0.000004026
2,"Boundary","Base",,"posterior",600,0.000004737
2,"Boundary","Base",,"posterior",601,0.000007575
2,"Boundary","Base",,"posterior",602,0.0000030795
2,"Boundary","Base",,"posterior",603,0.000004737
2,"Boundary","Base",,"posterior",604,0.000010419
2,"Boundary","Base",,"posterior",605,0.000009467
2,"Boundary","Base",,"posterior",606,0.000005918
2,"Boundary","Base",,"posterior",607,0.000005448
2,"Boundary","Base",,"posterior",608,0.00000426
2,"Boundary","Base",,"posterior",609,0.000008997
2,"Boundary","Base",,"posterior",610,0.00000781
2,"Boundary","Base",,"posterior",611,0.000008521
2,"Boundary","Base",,"posterior",612,0.000016337
2,"Boundary","Base",,"posterior",613,0.000007105
2,"Boundary","Base",,"posterior",614,0.000014915
2,"Boundary","Base",,"posterior",615,0.000006864
2,"Boundary","Base",,"posterior",616,0.000008051
2,"Boundary","Base",,"posterior",617,0.000011365
2,"Boundary","Base",,"posterior",618,0.000004737
2,"Boundary","Base",,"posterior",619,0.000007575
2,"Boundary","Base",,"posterior",620,0.000003549
2,"Boundary","Base",,"posterior",621,0.000004737
2,"Boundary","Base",,"posterior",622,0.000005206
2,"Boundary","Base",,"posterior",623,0.000010654
2,"Boundary","Base",,"posterior",624,0.000011835
2,"Boundary","Base",,"posterior",625,0.000005448
2,"Boundary","Base",,"posterior",626,0.000007575
2,"Boundary","Base",,"posterior",627,0.000006152
2,"Boundary","Base",,"posterior",628,0.000008286
2,"Boundary","Base",,"posterior",629,0.000006629
2,"Boundary","Base",,"posterior",630,0.00000734
2,"Boundary","Base",,"posterior",631,0.000009232
2,"Boundary","Base",,"posterior",632,0.000005918
2,"Boundary","Base",,"posterior",633,0.000006629
2,"Boundary","Base",,"posterior",634,0.000008997
2,"Boundary","Base",,"posterior",635,0.000008762
2,"Boundary","Base",,"posterior",636,0.00000781
2,"Boundary","Base",,"posterior",637,0.000010654
2,"Boundary","Base",,"posterior",638,0.000005918
2,"Boundary","Base",,"posterior",639,0.0000016572
2,"Boundary","Base",,"posterior",640,0.000006394
2,"Boundary","Base",,"posterior",641,0.000015391
2,"Boundary","Base",,"posterior",642,0.000011365
2,"Boundary","Base",,"posterior",643,0.000010419
2,"Boundary","Base",,"posterior",644,0.000020121
2,"Boundary","Base",,"posterior",645,0.000007575
2,"Boundary","Base",,"posterior",646,0.000013023
2,"Boundary","Base",,"posterior",647,0.000007105
2,"Boundary","Base",,"posterior",648,0.000007575
2,"Boundary","Base",,"posterior",649,0.000012077
2,"Boundary","Base",,"posterior",650,0.000008286
2,"Boundary","Base",,"posterior",651,0.000010889
2,"Boundary","Base",,"posterior",652,0.000010419
2,"Boundary","Base",,"posterior",653,0.000007575
2,"Boundary","Base",,"posterior",654,0.000016337
2,"Boundary","Base",,"posterior",655,0.000011365
2,"Boundary","Base",,"posterior",656,0.000009943
2,"Boundary","Base",,"posterior",657,0.000009708
2,"Boundary","Base",,"posterior",658,0.000015391
2,"Boundary","Base",,"posterior",659,0.000008762
2,"Boundary","Base",,"posterior",660,0.000013258
2,"Boundary","Base",,"posterior",661,0.000008997
2,"Boundary","Base",,"posterior",662,0.000010654
2,"Boundary","Base",,"posterior",663,0.000010654
2,"Boundary","Base",,"posterior",664,0.00001468
2,"Boundary","Base",,"posterior",665,0.00001941
2,"Boundary","Base",,"posterior",666,0.000010178
2,"Boundary","Base",,"posterior",667,0.000010889
2,"Boundary","Base",,"posterior",668,0.0000116
2,"Boundary","Base",,"posterior",669,0.000012546
2,"Boundary","Base",,"posterior",670,0.000012077
2,"Boundary","Base",,"posterior",671,0.000014438
2,"Boundary","Base",,"posterior",672,0.000010178
2,"Boundary","Base",,"posterior",673,0.000020121
2,"Boundary","Base",,"posterior",674,0.000015391
2,"Boundary","Base",,"posterior",675,0.000009943
2,"Boundary","Base",,"posterior",676,0.000013734
2,"Boundary","Base",,"posterior",677,0.000015626
2,"Boundary","Base",,"posterior",678,0.000012546
2,"Boundary","Base",,"posterior",679,0.000012312
2,"Boundary","Base",,"posterior",680,0.000012546
2,"Boundary","Base",,"posterior",681,0.000014915
2,"Boundary","Base",,"posterior",682,0.00001941
2,"Boundary","Base",,"posterior",683,0.000009943
2,"Boundary","Base",,"posterior",684,0.000013023
2,"Boundary","Base",,"posterior",685,0.000013492
2,"Boundary","Base",,"posterior",686,0.000018464
2,"Boundary","Base",,"posterior",687,0.000012781
2,"Boundary","Base",,"posterior",688,0.000015861
2,"Boundary","Base",,"posterior",689,0.000017283
2,"Boundary","Base",,"posterior",690,0.000016096
2,"Boundary","Base",,"posterior",691,0.000019886
2,"Boundary","Base",,"posterior",692,0.000014915
2,"Boundary","Base",,"posterior",693,0.000023201
2,"Boundary","Base",,"posterior",694,0.000012781
2,"Boundary","Base",,"posterior",695,0.000017994
2,"Boundary","Base",,"posterior",696,0.000021309
2,"Boundary","Base",,"posterior",697,0.000016807
2,"Boundary","Base",,"posterior",698,0.000015391
2,"Boundary","Base",,"posterior",699,0.000022966
2,"Boundary","Base",,"posterior",700,0.000019886
2,"Boundary","Base",,"posterior",701,0.000020363
2,"Boundary","Base",,"posterior",702,0.000024147
2,"Boundary","Base",,"posterior",703,0.000017753
2,"Boundary","Base",,"posterior",704,0.000017518
2,"Boundary","Base",,"posterior",705,0.000022255
2,"Boundary","Base",,"posterior",706,0.000016337
2,"Boundary","Base",,"posterior",707,0.000018464
2,"Boundary","Base",,"posterior",708,0.000022255
2,"Boundary","Base",,"posterior",709,0.000021309
2,"Boundary","Base",,"posterior",710,0.000021067
2,"Boundary","Base",,"posterior",711,0.000016572
2,"Boundary","Base",,"posterior",712,0.000020597
2,"Boundary","Base",,"posterior",713,0.000026991
2,"Boundary","Base",,"posterior",714,0.000016807
2,"Boundary","Base",,"posterior",715,0.000027937
2,"Boundary","Base",,"posterior",716,0.000020832
2,"Boundary","Base",,"posterior",717,0.000018705
2,"Boundary","Base",,"posterior",718,0.000023201
2,"Boundary","Base",,"posterior",719,0.000019886
2,"Boundary","Base",,"posterior",720,0.000026991
2,"Boundary","Base",,"posterior",721,0.000020121
2,"Boundary","Base",,"posterior",722,0.000024623
2,"Boundary","Base",,"posterior",723,0.000028649
2,"Boundary","Base",,"posterior",724,0.000010419
2,"Boundary","Base",,"posterior",725,0.000028407
2,"Boundary","Base",,"posterior",726,0.000022255
2,"Boundary","Base",,"posterior",727,0.000026991
2,"Boundary","Base",,"posterior",728,0.00003101
2,"Boundary","Base",,"posterior",729,0.00003646
2,"Boundary","Base",,"posterior",730,0.00003196
2,"Boundary","Base",,"posterior",731,0.000020121
2,"Boundary","Base",,"posterior",732,0.00003977
2,"Boundary","Base",,"posterior",733,0.000012546
2,"Boundary","Base",,"posterior",734,0.000027937
2,"Boundary","Base",,"posterior",735,0.00003338
2,"Boundary","Base",,"posterior",736,0.00003338
2,"Boundary","Base",,"posterior",737,0.000029353
2,"Boundary","Base",,"posterior",738,0.00003243
2,"Boundary","Base",,"posterior",739,0.00003669
2,"Boundary","Base",,"posterior",740,0.00003172
2,"Boundary","Base",,"posterior",741,0.00003243
2,"Boundary","Base",,"posterior",742,0.000028407
2,"Boundary","Base",,"posterior",743,0.00003196
2,"Boundary","Base",,"posterior",744,0.00003314
2,"Boundary","Base",,"posterior",745,0.00003669
2,"Boundary","Base",,"posterior",746,0.000027937
2,"Boundary","Base",,"posterior",747,0.000028407
2,"Boundary","Base",,"posterior",748,0.00003432
2,"Boundary","Base",,"posterior",749,0.000025334
2,"Boundary","Base",,"posterior",750,0.000030306
2,"Boundary","Base",,"posterior",751,0.00003291
2,"Boundary","Base",,"posterior",752,0.00003386
2,"Boundary","Base",,"posterior",753,0.000020121
2,"Boundary","Base",,"posterior",754,0.00004285
2,"Boundary","Base",,"posterior",755,0.00003883
2,"Boundary","Base",,"posterior",756,0.00003551
2,"Boundary","Base",,"posterior",757,0.00004261
2,"Boundary","Base",,"posterior",758,0.00002675
2,"Boundary","Base",,"posterior",759,0.00003432
2,"Boundary","Base",,"posterior",760,0.00003646
2,"Boundary","Base",,"posterior",761,0.00004735
2,"Boundary","Base",,"posterior",762,0.000029829
2,"Boundary","Base",,"posterior",763,0.00003977
2,"Boundary","Base",,"posterior",764,0.00004427
2,"Boundary","Base",,"posterior",765,0.00004025
2,"Boundary","Base",,"posterior",766,0.0000348
2,"Boundary","Base",,"posterior",767,0.00003457
2,"Boundary","Base",,"posterior",768,0.00003504
2,"Boundary","Base",,"posterior",769,0.00004474
2,"Boundary","Base",,"posterior",770,0.00004214
2,"Boundary","Base",,"posterior",771,0.00003432
2,"Boundary","Base",,"posterior",772,0.00004735
2,"Boundary","Base",,"posterior",773,0.00004474
2,"Boundary","Base",,"posterior",774,0.00004948
2,"Boundary","Base",,"posterior",775,0.00004806
2,"Boundary","Base",,"posterior",776,0.00004593
2,"Boundary","Base",,"posterior",777,0.00003598
2,"Boundary","Base",,"posterior",778,0.00006108
2,"Boundary","Base",,"posterior",779,0.00003954
2,"Boundary","Base",,"posterior",780,0.00004711
2,"Boundary","Base",,"posterior",781,0.00004191
2,"Boundary","Base",,"posterior",782,0.00005989
2,"Boundary","Base",,"posterior",783,0.0000393
2,"Boundary","Base",,"posterior",784,0.00004782
2,"Boundary","Base",,"posterior",785,0.00004427
2,"Boundary","Base",,"posterior",786,0.000067
2,"Boundary","Base",,"posterior",787,0.00005327
2,"Boundary","Base",,"posterior",788,0.00004569
2,"Boundary","Base",,"posterior",789,0.0000644
2,"Boundary","Base",,"posterior",790,0.00007055
2,"Boundary","Base",,"posterior",791,0.00005445
2,"Boundary","Base",,"posterior",792,0.0000509
2,"Boundary","Base",,"posterior",793,0.00006274
2,"Boundary","Base",,"posterior",794,0.00007102
2,"Boundary","Base",,"posterior",795,0.00004853
2,"Boundary","Base",,"posterior",796,0.00006155
2,"Boundary","Base",,"posterior",797,0.00007575
2,"Boundary","Base",,"posterior",798,0.00005611
2,"Boundary","Base",,"posterior",799,0.00007694
2,"Boundary","Base",,"posterior",800,0.0000509
2,"Boundary","Base",,"posterior",801,0.00006818
2,"Boundary","Base",,"posterior",802,0.00005516
2,"Boundary","Base",,"posterior",803,0.00005918
2,"Boundary","Base",,"posterior",804,0.00005942
2,"Boundary","Base",,"posterior",805,0.00007055
2,"Boundary","Base",,"posterior",806,0.00005895
2,"Boundary","Base",,"posterior",807,0.00008475
2,"Boundary","Base",,"posterior",808,0.00006723
2,"Boundary","Base",,"posterior",809,0.00008262
2,"Boundary","Base",,"posterior",810,0.00008475
2,"Boundary","Base",,"posterior",811,0.00006321
2,"Boundary","Base",,"posterior",812,0.00008168
2,"Boundary","Base",,"posterior",813,0.00008238
2,"Boundary","Base",,"posterior",814,0.0000528
2,"Boundary","Base",,"posterior",815,0.00008854
2,"Boundary","Base",,"posterior",816,0.0001018
2,"Boundary","Base",,"posterior",817,0.00010085
2,"Boundary","Base",,"posterior",818,0.00008712
2,"Boundary","Base",,"posterior",819,0.00008404
2,"Boundary","Base",,"posterior",820,0.00010654
2,"Boundary","Base",,"posterior",821,0.00008499
2,"Boundary","Base",,"posterior",822,0.00007789
2,"Boundary","Base",,"posterior",823,0.00007883
2,"Boundary","Base",,"posterior",824,0.00009494
2,"Boundary","Base",,"posterior",825,0.00009754
2,"Boundary","Base",,"posterior",826,0.00009186
2,"Boundary","Base",,"posterior",827,0.0000992
2,"Boundary","Base",,"posterior",828,0.00007457
2,"Boundary","Base",,"posterior",829,0.00011292
2,"Boundary","Base",,"posterior",830,0.00008144
2,"Boundary","Base",,"posterior",831,0.00010511
2,"Boundary","Base",,"posterior",832,0.00009801
2,"Boundary","Base",,"posterior",833,0.00011174
2,"Boundary","Base",,"posterior",834,0.00011292
2,"Boundary","Base",,"posterior",835,0.0000857
2,"Boundary","Base",,"posterior",836,0.00010701
2,"Boundary","Base",,"posterior",837,0.0000973
2,"Boundary","Base",,"posterior",838,0.00007575
2,"Boundary","Base",,"posterior",839,0.00010724
2,"Boundary","Base",,"posterior",840,0.00009991
2,"Boundary","Base",,"posterior",841,0.0001018
2,"Boundary","Base",,"posterior",842,0.00011009
2,"Boundary","Base",,"posterior",843,0.0000928
2,"Boundary","Base",,"posterior",844,0.00011387
2,"Boundary","Base",,"posterior",845,0.00013258
2,"Boundary","Base",,"posterior",846,0.0001089
2,"Boundary","Base",,"posterior",847,0.00013021
2,"Boundary","Base",,"posterior",848,0.00009801
2,"Boundary","Base",,"posterior",849,0.00013352
2,"Boundary","Base",,"posterior",850,0.00013897
2,"Boundary","Base",,"posterior",851,0.00012263
2,"Boundary","Base",,"posterior",852,0.0001456
2,"Boundary","Base",,"posterior",853,0.00012808
2,"Boundary","Base",,"posterior",854,0.00013684
2,"Boundary","Base",,"posterior",855,0.00014726
2,"Boundary","Base",,"posterior",856,0.00013092
2,"Boundary","Base",,"posterior",857,0.0001572
2,"Boundary","Base",,"posterior",858,0.00013163
2,"Boundary","Base",,"posterior",859,0.00014181
2,"Boundary","Base",,"posterior",860,0.00017566
2,"Boundary","Base",,"posterior",861,0.0001508
2,"Boundary","Base",,"posterior",862,0.00013802
2,"Boundary","Base",,"posterior",863,0.00016548
2,"Boundary","Base",,"posterior",864,0.00016004
2,"Boundary","Base",,"posterior",865,0.00018111
2,"Boundary","Base",,"posterior",866,0.00014086
2,"Boundary","Base",,"posterior",867,0.00016075
2,"Boundary","Base",,"posterior",868,0.00017377
2,"Boundary","Base",,"posterior",869,0.00015791
2,"Boundary","Base",,"posterior",870,0.00017519
2,"Boundary","Base",,"posterior",871,0.00017732
2,"Boundary","Base",,"posterior",872,0.0001624
2,"Boundary","Base",,"posterior",873,0.00017282
2,"Boundary","Base",,"posterior",874,0.0001688
2,"Boundary","Base",,"posterior",875,0.00019295
2,"Boundary","Base",,"posterior",876,0.0002017
2,"Boundary","Base",,"posterior",877,0.00017046
2,"Boundary","Base",,"posterior",878,0.00021804
2,"Boundary","Base",,"posterior",879,0.00020502
2,"Boundary","Base",,"posterior",880,0.0001714
2,"Boundary","Base",,"posterior",881,0.00016903
2,"Boundary","Base",,"posterior",882,0.000192
2,"Boundary","Base",,"posterior",883,0.00018537
2,"Boundary","Base",,"posterior",884,0.00017211
2,"Boundary","Base",,"posterior",885,0.00022324
2,"Boundary","Base",,"posterior",886,0.00023058
2,"Boundary","Base",,"posterior",887,0.00022277
2,"Boundary","Base",,"posterior",888,0.000192
2,"Boundary","Base",,"posterior",889,0.00021544
2,"Boundary","Base",,"posterior",890,0.0002455
2,"Boundary","Base",,"posterior",891,0.00021046
2,"Boundary","Base",,"posterior",892,0.0002223
2,"Boundary","Base",,"posterior",893,0.00021472
2,"Boundary","Base",,"posterior",894,0.00023461
2,"Boundary","Base",,"posterior",895,0.00023414
2,"Boundary","Base",,"posterior",896,0.00023414
2,"Boundary","Base",,"posterior",897,0.00023982
2,"Boundary","Base",,"posterior",898,0.00026255
2,"Boundary","Base",,"posterior",899,0.00027273
2,"Boundary","Base",,"posterior",900,0.000268
2,"Boundary","Base",,"posterior",901,0.0003151
2,"Boundary","Base",,"posterior",902,0.00025237
2,"Boundary","Base",,"posterior",903,0.0002687
2,"Boundary","Base",,"posterior",904,0.00024384
2,"Boundary","Base",,"posterior",905,0.00024692
2,"Boundary","Base",,"posterior",906,0.00027438
2,"Boundary","Base",,"posterior",907,0.0003009
2,"Boundary","Base",,"posterior",908,0.000335
2,"Boundary","Base",,"posterior",909,0.00031344
2,"Boundary","Base",,"posterior",910,0.00030161
2,"Boundary","Base",,"posterior",911,0.0003293
2,"Boundary","Base",,"posterior",912,0.0003577
2,"Boundary","Base",,"posterior",913,0.0003509
2,"Boundary","Base",,"posterior",914,0.0003274
2,"Boundary","Base",,"posterior",915,0.00030753
2,"Boundary","Base",,"posterior",916,0.0003291
2,"Boundary","Base",,"posterior",917,0.0003535
2,"Boundary","Base",,"posterior",918,0.0003333
2,"Boundary","Base",,"posterior",919,0.00028788
2,"Boundary","Base",,"posterior",920,0.0003819
2,"Boundary","Base",,"posterior",921,0.0003473
2,"Boundary","Base",,"posterior",922,0.0003506
2,"Boundary","Base",,"posterior",923,0.0003504
2,"Boundary","Base",,"posterior",924,0.0003899
2,"Boundary","Base",,"posterior",925,0.0003629
2,"Boundary","Base",,"posterior",926,0.0004418
2,"Boundary","Base",,"posterior",927,0.0003783
2,"Boundary","Base",,"posterior",928,0.0003989
2,"Boundary","Base",,"posterior",929,0.0004408
2,"Boundary","Base",,"posterior",930,0.0003942
2,"Boundary","Base",,"posterior",931,0.0004399
2,"Boundary","Base",,"posterior",932,0.0004434
2,"Boundary","Base",,"posterior",933,0.0003797
2,"Boundary","Base",,"posterior",934,0.0004676
2,"Boundary","Base",,"posterior",935,0.0004276
2,"Boundary","Base",,"posterior",936,0.0004583
2,"Boundary","Base",,"posterior",937,0.0004673
2,"Boundary","Base",,"posterior",938,0.0004848
2,"Boundary","Base",,"posterior",939,0.0004437
2,"Boundary","Base",,"posterior",940,0.0004777
2,"Boundary","Base",,"posterior",941,0.0004612
2,"Boundary","Base",,"posterior",942,0.0004763
2,"Boundary","Base",,"posterior",943,0.0005161
2,"Boundary","Base",,"posterior",944,0.000513
2,"Boundary","Base",,"posterior",945,0.0005227
2,"Boundary","Base",,"posterior",946,0.0004541
2,"Boundary","Base",,"posterior",947,0.0005481
2,"Boundary","Base",,"posterior",948,0.0006054
2,"Boundary","Base",,"posterior",949,0.0004742
2,"Boundary","Base",,"posterior",950,0.000491
2,"Boundary","Base",,"posterior",951,0.0005561
2,"Boundary","Base",,"posterior",952,0.0005684
2,"Boundary","Base",,"posterior",953,0.00055
2,"Boundary","Base",,"posterior",954,0.0005059
2,"Boundary","Base",,"posterior",955,0.0006506
2,"Boundary","Base",,"posterior",956,0.0007183
2,"Boundary","Base",,"posterior",957,0.0005544
2,"Boundary","Base",,"posterior",958,0.0006132
2,"Boundary","Base",,"posterior",959,0.0005961
2,"Boundary","Base",,"posterior",960,0.000599
2,"Boundary","Base",,"posterior",961,0.0006461
2,"Boundary","Base",,"posterior",962,0.0006856
2,"Boundary","Base",,"posterior",963,0.0006288
2,"Boundary","Base",,"posterior",964,0.000639
2,"Boundary","Base",,"posterior",965,0.0006856
2,"Boundary","Base",,"posterior",966,0.0007045
2,"Boundary","Base",,"posterior",967,0.0007375
2,"Boundary","Base",,"posterior",968,0.0007678
2,"Boundary","Base",,"posterior",969,0.000782
2,"Boundary","Base",,"posterior",970,0.0007931
2,"Boundary","Base",,"posterior",971,0.0008082
2,"Boundary","Base",,"posterior",972,0.0007488
2,"Boundary","Base",,"posterior",973,0.0007602
2,"Boundary","Base",,"posterior",974,0.0008023
2,"Boundary","Base",,"posterior",975,0.0007154
2,"Boundary","Base",,"posterior",976,0.0008442
2,"Boundary","Base",,"posterior",977,0.000804
2,"Boundary","Base",,"posterior",978,0.0007943
2,"Boundary","Base",,"posterior",979,0.0008939
2,"Boundary","Base",,"posterior",980,0.00087
2,"Boundary","Base",,"posterior",981,0.0009022
2,"Boundary","Base",,"posterior",982,0.0009356
2,"Boundary","Base",,"posterior",983,0.0008786
2,"Boundary","Base",,"posterior",984,0.0009633
2,"Boundary","Base",,"posterior",985,0.0009569
2,"Boundary","Base",,"posterior",986,0.0009768
2,"Boundary","Base",,"posterior",987,0.0009964
2,"Boundary","Base",,"posterior",988,0.0010071
2,"Boundary","Base",,"posterior",989,0.0009474
2,"Boundary","Base",,"posterior",990,0.0010433
2,"Boundary","Base",,"posterior",991,0.0010017
2,"Boundary","Base",,"posterior",992,0.0009934
2,"Boundary","Base",,"posterior",993,0.0010859
2,"Boundary","Base",,"posterior",994,0.0010277
2,"Boundary","Base",,"posterior",995,0.0011991
2,"Boundary","Base",,"posterior",996,0.0011068
2,"Boundary","Base",,"posterior",997,0.0011335
2,"Boundary","Base",,"posterior",998,0.0011316
2,"Boundary","Base",,"posterior",999,0.0011581
2,"Boundary","Base",,"posterior",1000,0.0012351
2,"Boundary","Base",,"posterior",1001,0.00116
2,"Boundary","Base",,"posterior",1002,0.0011908
2,"Boundary","Base",,"posterior",1003,0.0011806
2,"Boundary","Base",,"posterior",1004,0.0012775
2,"Boundary","Base",,"posterior",1005,0.0012519
2,"Boundary","Base",,"posterior",1006,0.0012973
2,"Boundary","Base",,"posterior",1007,0.0013116
2,"Boundary","Base",,"posterior",1008,0.0014467
2,"Boundary","Base",,"posterior",1009,0.001286
2,"Boundary","Base",,"posterior",1010,0.0014169
2,"Boundary","Base",,"posterior",1011,0.0015388
2,"Boundary","Base",,"posterior",1012,0.0014543
2,"Boundary","Base",,"posterior",1013,0.0014744
2,"Boundary","Base",,"posterior",1014,0.0014403
2,"Boundary","Base",,"posterior",1015,0.0014136
2,"Boundary","Base",,"posterior",1016,0.0014474
2,"Boundary","Base",,"posterior",1017,0.0015495
2,"Boundary","Base",,"posterior",1018,0.0016264
2,"Boundary","Base",,"posterior",1019,0.0016278
2,"Boundary","Base",,"posterior",1020,0.0016428
2,"Boundary","Base",,"posterior",1021,0.0016818
2,"Boundary","Base",,"posterior",1022,0.0016844
2,"Boundary","Base",,"posterior",1023,0.0014934
2,"Boundary","Base",,"posterior",1024,0.0017559
2,"Boundary","Base",,"posterior",1025,0.0017161
2,"Boundary","Base",,"posterior",1026,0.001736
2,"Boundary","Base",,"posterior",1027,0.0017079
2,"Boundary","Base",,"posterior",1028,0.0018234
2,"Boundary","Base",,"posterior",1029,0.002017
2,"Boundary","Base",,"posterior",1030,0.0018468
2,"Boundary","Base",,"posterior",1031,0.0018508
2,"Boundary","Base",,"posterior",1032,0.0021243
2,"Boundary","Base",,"posterior",1033,0.0017415
2,"Boundary","Base",,"posterior",1034,0.0019723
2,"Boundary","Base",,"posterior",1035,0.0020381
2,"Boundary","Base",,"posterior",1036,0.0019635
2,"Boundary","Base",,"posterior",1037,0.0019844
2,"Boundary","Base",,"posterior",1038,0.0020388
2,"Boundary","Base",,"posterior",1039,0.002179
2,"Boundary","Base",,"posterior",1040,0.0021648
2,"Boundary","Base",,"posterior",1041,0.0020187
2,"Boundary","Base",,"posterior",1042,0.0021196
2,"Boundary","Base",,"posterior",1043,0.0021449
2,"Boundary","Base",,"posterior",1044,0.002281
2,"Boundary","Base",,"posterior",1045,0.0022486
2,"Boundary","Base",,"posterior",1046,0.0022969
2,"Boundary","Base",,"posterior",1047,0.0022907
2,"Boundary","Base",,"posterior",1048,0.0025057
2,"Boundary","Base",,"posterior",1049,0.0026541
2,"Boundary","Base",,"posterior",1050,0.0024212
2,"Boundary","Base",,"posterior",1051,0.0021444
2,"Boundary","Base",,"posterior",1052,0.0023731
2,"Boundary","Base",,"posterior",1053,0.0025161
2,"Boundary","Base",,"posterior",1054,0.0025135
2,"Boundary","Base",,"posterior",1055,0.0025346
2,"Boundary","Base",,"posterior",1056,0.002312
2,"Boundary","Base",,"posterior",1057,0.0023956
2,"Boundary","Base",,"posterior",1058,0.0024761
2,"Boundary","Base",,"posterior",1059,0.0023449
2,"Boundary","Base",,"posterior",1060,0.002523
2,"Boundary","Base",,"posterior",1061,0.0025035
2,"Boundary","Base",,"posterior",1062,0.0027585
2,"Boundary","Base",,"posterior",1063,0.0027441
2,"Boundary","Base",,"posterior",1064,0.0025859
2,"Boundary","Base",,"posterior",1065,0.002603
2,"Boundary","Base",,"posterior",1066,0.0027086
2,"Boundary","Base",,"posterior",1067,0.0025357
2,"Boundary","Base",,"posterior",1068,0.0028085
2,"Boundary","Base",,"posterior",1069,0.0027114
2,"Boundary","Base",,"posterior",1070,0.002892
2,"Boundary","Base",,"posterior",1071,0.0028781
2,"Boundary","Base",,"posterior",1072,0.0025947
2,"Boundary","Base",,"posterior",1073,0.0027831
2,"Boundary","Base",,"posterior",1074,0.0029309
2,"Boundary","Base",,"posterior",1075,0.0027131
2,"Boundary","Base",,"posterior",1076,0.0029515
2,"Boundary","Base",,"posterior",1077,0.00283
2,"Boundary","Base",,"posterior",1078,0.0029318
2,"Boundary","Base",,"posterior",1079,0.002916
2,"Boundary","Base",,"posterior",1080,0.0028352
2,"Boundary","Base",,"posterior",1081,0.0026371
2,"Boundary","Base",,"posterior",1082,0.002862
2,"Boundary","Base",,"posterior",1083,0.0027763
2,"Boundary","Base",,"posterior",1084,0.0028002
2,"Boundary","Base",,"posterior",1085,0.003014
2,"Boundary","Base",,"posterior",1086,0.0028864
2,"Boundary","Base",,"posterior",1087,0.0031482
2,"Boundary","Base",,"posterior",1088,0.003183
2,"Boundary","Base",,"posterior",1089,0.0029818
2,"Boundary","Base",,"posterior",1090,0.003281
2,"Boundary","Base",,"posterior",1091,0.003219
2,"Boundary","Base",,"posterior",1092,0.003245
2,"Boundary","Base",,"posterior",1093,0.003349
2,"Boundary","Base",,"posterior",1094,0.003209
2,"Boundary","Base",,"posterior",1095,0.003456
2,"Boundary","Base",,"posterior",1096,0.003536
2,"Boundary","Base",,"posterior",1097,0.003723
2,"Boundary","Base",,"posterior",1098,0.003438
2,"Boundary","Base",,"posterior",1099,0.003433
2,"Boundary","Base",,"posterior",1100,0.00367
2,"Boundary","Base",,"posterior",1101,0.003409
2,"Boundary","Base",,"posterior",1102,0.003586
2,"Boundary","Base",,"posterior",1103,0.003716
2,"Boundary","Base",,"posterior",1104,0.003601
2,"Boundary","Base",,"posterior",1105,0.003674
2,"Boundary","Base",,"posterior",1106,0.003834
2,"Boundary","Base",,"posterior",1107,0.003633
2,"Boundary","Base",,"posterior",1108,0.003739
2,"Boundary","Base",,"posterior",1109,0.003885
2,"Boundary","Base",,"posterior",1110,0.00398
2,"Boundary","Base",,"posterior",1111,0.003798
2,"Boundary","Base",,"posterior",1112,0.0038
2,"Boundary","Base",,"posterior",1113,0.003907
2,"Boundary","Base",,"posterior",1114,0.003963
2,"Boundary","Base",,"posterior",1115,0.00402
2,"Boundary","Base",,"posterior",1116,0.004044
2,"Boundary","Base",,"posterior",1117,0.004283
2,"Boundary","Base",,"posterior",1118,0.004287
2,"Boundary","Base",,"posterior",1119,0.004594
2,"Boundary","Base",,"posterior",1120,0.004304
2,"Boundary","Base",,"posterior",1121,0.004393
2,"Boundary","Base",,"posterior",1122,0.004336
2,"Boundary","Base",,"posterior",1123,0.004352
2,"Boundary","Base",,"posterior",1124,0.00432
2,"Boundary","Base",,"posterior",1125,0.004667
2,"Boundary","Base",,"posterior",1126,0.00417
2,"Boundary","Base",,"posterior",1127,0.00444
2,"Boundary","Base",,"posterior",1128,0.004822
2,"Boundary","Base",,"posterior",1129,0.004761
2,"Boundary","Base",,"posterior",1130,0.004735
2,"Boundary","Base",,"posterior",1131,0.004849
2,"Boundary","Base",,"posterior",1132,0.004714
2,"Boundary","Base",,"posterior",1133,0.004915
2,"Boundary","Base",,"posterior",1134,0.004966
2,"Boundary","Base",,"posterior",1135,0.005045
2,"Boundary","Base",,"posterior",1136,0.004893
2,"Boundary","Base",,"posterior",1137,0.005133
2,"Boundary","Base",,"posterior",1138,0.004916
2,"Boundary","Base",,"posterior",1139,0.005232
2,"Boundary","Base",,"posterior",1140,0.005309
2,"Boundary","Base",,"posterior",1141,0.005045
2,"Boundary","Base",,"posterior",1142,0.005553
2,"Boundary","Base",,"posterior",1143,0.005269
2,"Boundary","Base",,"posterior",1144,0.005451
2,"Boundary","Base",,"posterior",1145,0.005416
2,"Boundary","Base",,"posterior",1146,0.00544
2,"Boundary","Base",,"posterior",1147,0.005281
2,"Boundary","Base",,"posterior",1148,0.005758
2,"Boundary","Base",,"posterior",1149,0.005696
2,"Boundary","Base",,"posterior",1150,0.005557
2,"Boundary","Base",,"posterior",1151,0.005446
2,"Boundary","Base",,"posterior",1152,0.005374
2,"Boundary","Base",,"posterior",1153,0.005693
2,"Boundary","Base",,"posterior",1154,0.006128
2,"Boundary","Base",,"posterior",1155,0.005914
2,"Boundary","Base",,"posterior",1156,0.005745
2,"Boundary","Base",,"posterior",1157,0.00586
2,"Boundary","Base",,"posterior",1158,0.005817
2,"Boundary","Base",,"posterior",1159,0.006145
2,"Boundary","Base",,"posterior",1160,0.00589
2,"Boundary","Base",,"posterior",1161,0.005819
2,"Boundary","Base",,"posterior",1162,0.006469
2,"Boundary","Base",,"posterior",1163,0.006149
2,"Boundary","Base",,"posterior",1164,0.005838
2,"Boundary","Base",,"posterior",1165,0.006049
2,"Boundary","Base",,"posterior",1166,0.00597
2,"Boundary","Base",,"posterior",1167,0.005949
2,"Boundary","Base",,"posterior",1168,0.006293
2,"Boundary","Base",,"posterior",1169,0.005869
2,"Boundary","Base",,"posterior",1170,0.006186
2,"Boundary","Base",,"posterior",1171,0.006145
2,"Boundary","Base",,"posterior",1172,0.006128
2,"Boundary","Base",,"posterior",1173,0.006118
2,"Boundary","Base",,"posterior",1174,0.006042
2,"Boundary","Base",,"posterior",1175,0.006524
2,"Boundary","Base",,"posterior",1176,0.00544
2,"Boundary","Base",,"posterior",1177,0.005889
2,"Boundary","Base",,"posterior",1178,0.006213
2,"Boundary","Base",,"posterior",1179,0.005679
2,"Boundary","Base",,"posterior",1180,0.005817
2,"Boundary","Base",,"posterior",1181,0.006013
2,"Boundary","Base",,"posterior",1182,0.006017
2,"Boundary","Base",,"posterior",1183,0.005819
2,"Boundary","Base",,"posterior",1184,0.005656
2,"Boundary","Base",,"posterior",1185,0.005614
2,"Boundary","Base",,"posterior",1186,0.00576
2,"Boundary","Base",,"posterior",1187,0.005532
2,"Boundary","Base",,"posterior",1188,0.005725
2,"Boundary","Base",,"posterior",1189,0.005632
2,"Boundary","Base",,"posterior",1190,0.005641
2,"Boundary","Base",,"posterior",1191,0.005927
2,"Boundary","Base",,"posterior",1192,0.005612
2,"Boundary","Base",,"posterior",1193,0.005585
2,"Boundary","Base",,"posterior",1194,0.005893
2,"Boundary","Base",,"posterior",1195,0.005284
2,"Boundary","Base",,"posterior",1196,0.005476
2,"Boundary","Base",,"posterior",1197,0.005402
2,"Boundary","Base",,"posterior",1198,0.005067
2,"Boundary","Base",,"posterior",1199,0.005051
2,"Boundary","Base",,"posterior",1200,0.005582
2,"Boundary","Base",,"posterior",1201,0.005055
2,"Boundary","Base",,"posterior",1202,0.005281
2,"Boundary","Base",,"posterior",1203,0.00495
2,"Boundary","Base",,"posterior",1204,0.004639
2,"Boundary","Base",,"posterior",1205,0.005103
2,"Boundary","Base",,"posterior",1206,0.004945
2,"Boundary","Base",,"posterior",1207,0.00461
2,"Boundary","Base",,"posterior",1208,0.004347
2,"Boundary","Base",,"posterior",1209,0.00438
2,"Boundary","Base",,"posterior",1210,0.00468
2,"Boundary","Base",,"posterior",1211,0.004389
2,"Boundary","Base",,"posterior",1212,0.004166
2,"Boundary","Base",,"posterior",1213,0.004008
2,"Boundary","Base",,"posterior",1214,0.004277
2,"Boundary","Base",,"posterior",1215,0.00429
2,"Boundary","Base",,"posterior",1216,0.004129
2,"Boundary","Base",,"posterior",1217,0.003669
2,"Boundary","Base",,"posterior",1218,0.003547
2,"Boundary","Base",,"posterior",1219,0.003478
2,"Boundary","Base",,"posterior",1220,0.003786
2,"Boundary","Base",,"posterior",1221,0.003477
2,"Boundary","Base",,"posterior",1222,0.003368
2,"Boundary","Base",,"posterior",1223,0.002974
2,"Boundary","Base",,"posterior",1224,0.003373
2,"Boundary","Base",,"posterior",1225,0.0028099
2,"Boundary","Base",,"posterior",1226,0.0027564
2,"Boundary","Base",,"posterior",1227,0.0028961
2,"Boundary","Base",,"posterior",1228,0.0025795
2,"Boundary","Base",,"posterior",1229,0.0026896
2,"Boundary","Base",,"posterior",1230,0.0028885
2,"Boundary","Base",,"posterior",1231,0.0025772
2,"Boundary","Base",,"posterior",1232,0.0026887
2,"Boundary","Base",,"posterior",1233,0.0023243
2,"Boundary","Base",,"posterior",1234,0.0024908
2,"Boundary","Base",,"posterior",1235,0.0024105
2,"Boundary","Base",,"posterior",1236,0.0022261
2,"Boundary","Base",,"posterior",1237,0.0023885
2,"Boundary","Base",,"posterior",1238,0.002259
2,"Boundary","Base",,"posterior",1239,0.0021693
2,"Boundary","Base",,"posterior",1240,0.0019768
2,"Boundary","Base",,"posterior",1241,0.0019851
2,"Boundary","Base",,"posterior",1242,0.0020163
2,"Boundary","Base",,"posterior",1243,0.0019789
2,"Boundary","Base",,"posterior",1244,0.001853
2,"Boundary","Base",,"posterior",1245,0.0015904
2,"Boundary","Base",,"posterior",1246,0.001674
2,"Boundary","Base",,"posterior",1247,0.0015933
2,"Boundary","Base",,"posterior",1248,0.001295
2,"Boundary","Base",,"posterior",1249,0.0012734
2,"Boundary","Base",,"posterior",1250,0.0011929
2,"Boundary","Base",,"posterior",1251,0.0009841
2,"Boundary","Base",,"posterior",1252,0.0010734
2,"Boundary","Base",,"posterior",1253,0.0010722
2,"Boundary","Base",,"posterior",1254,0.0009136
2,"Boundary","Base",,"posterior",1255,0.0007576
2,"Boundary","Base",,"posterior",1256,0.0008994
2,"Boundary","Base",,"posterior",1257,0.0008364
2,"Boundary","Base",,"posterior",1258,0.0007005
2,"Boundary","Base",,"posterior",1259,0.0006681
2,"Boundary","Base",,"posterior",1260,0.000572
2,"Boundary","Base",,"posterior",1261,0.0004046
2,"Boundary","Base",,"posterior",1262,0.0003658
2,"Boundary","Base",,"posterior",1263,0.0003717
2,"Boundary","Base",,"posterior",1264,0.00030114
2,"Boundary","Base",,"posterior",1265,0.0001894
2,"Boundary","Base",,"posterior",1266,0.0003516
2,"Boundary","Base",,"posterior",1267,0.000201
2,"Boundary","Base",,"posterior",1268,0.00014915
2,"Boundary","Base",,"posterior",1269,0.00013044
2,"Boundary","Base",,"posterior",1270,0.00013518
2,"Boundary","Base",,"posterior",1271,0.00008002
2,"Boundary","Base",,"posterior",1272,0.00008712
2,"Boundary","Base",,"posterior",1273,0.00008831
2,"Boundary","Base",,"posterior",1274,0.0000348
2,"Boundary","Base",,"posterior",1275,0.00005469
2,"Boundary","Base",,"posterior",1276,0.00001894
2,"Boundary","Base",,"posterior",1277,0.000067
2,"Boundary","Base",,"posterior",1278,0.000025093
2,"Boundary","Base",,"posterior",1279,0.00004782
2,"Boundary","Base",,"posterior",1280,0.000009708
2,"Boundary","Base",,"posterior",1281,0
2,"Boundary","Base",,"posterior",1282,0.00006415
2,"Boundary","Base",,"posterior",1283,0.000014438
2,"Boundary","Base",,"posterior",1284,0.000019175
2,"Boundary","Base",,"posterior",1285,0.000005683
2,"Boundary","Base",,"posterior",1286,0.00003101
2,"Boundary","Base",,"posterior",1287,0
2,"Boundary","Base",,"posterior",1288,0.000029595
2,"Boundary","Base",,"posterior",1289,0.00000781
2,"Boundary","Base",,"posterior",1290,0.0000026032
2,"Boundary","Base",,"posterior",1291,0.000017994
2,"Boundary","Base",,"posterior",1292,0
2,"Boundary","Base",,"posterior",1293,0
2,"Boundary","Base",,"posterior",1294,0.000003314
2,"Boundary","Base",,"posterior",1295,0.00001515
2,"Boundary","Base",,"posterior",1296,0
2,"Boundary","Base",,"posterior",1297,0
2,"Boundary","Base",,"posterior",1298,0.000006629
2,"Boundary","Base",,"posterior",1299,0
2,"Boundary","Base",,"posterior",1300,0.000010889
2,"Boundary","Base",,"posterior",1301,0
2,"Boundary","Base",,"posterior",1302,0
2,"Boundary","Base",,"posterior",1303,0
3,"R_Date","C103",,"likelihood",682.5,0
3,"R_Date","C103",,"likelihood",683.5,5.595e-9
3,"R_Date","C103",,"likelihood",684.5,5.595e-9
3,"R_Date","C103",,"likelihood",685.5,5.595e-9
3,"R_Date","C103",,"likelihood",686.5,5.595e-9
3,"R_Date","C103",,"likelihood",687.5,5.595e-9
3,"R_Date","C103",,"likelihood",688.5,5.595e-9
3,"R_Date","C103",,"likelihood",689.5,5.595e-9
3,"R_Date","C103",,"likelihood",690.5,1.1191e-8
3,"R_Date","C103",,"likelihood",691.5,1.1191e-8
3,"R_Date","C103",,"likelihood",692.5,1.1191e-8
3,"R_Date","C103",,"likelihood",693.5,1.1191e-8
3,"R_Date","C103",,"likelihood",694.5,1.1191e-8
3,"R_Date","C103",,"likelihood",695.5,1.1191e-8
3,"R_Date","C103",,"likelihood",696.5,1.1191e-8
3,"R_Date","C103",,"likelihood",697.5,5.595e-9
3,"R_Date","C103",,"likelihood",698.5,5.595e-9
3,"R_Date","C103",,"likelihood",699.5,5.595e-9
3,"R_Date","C103",,"likelihood",700.5,5.595e-9
3,"R_Date","C103",,"likelihood",701.5,5.595e-9
3,"R_Date","C103",,"likelihood",702.5,5.595e-9
3,"R_Date","C103",,"likelihood",703.5,1.1191e-8
3,"R_Date","C103",,"likelihood",704.5,1.1191e-8
3,"R_Date","C103",,"likelihood",705.5,1.6786e-8
3,"R_Date","C103",,"likelihood",706.5,2.2381e-8
3,"R_Date","C103",,"likelihood",707.5,2.7977e-8
3,"R_Date","C103",,"likelihood",708.5,3.357e-8
3,"R_Date","C103",,"likelihood",709.5,3.917e-8
3,"R_Date","C103",,"likelihood",710.5,4.476e-8
3,"R_Date","C103",,"likelihood",711.5,3.917e-8
3,"R_Date","C103",,"likelihood",712.5,3.917e-8
3,"R_Date","C103",,"likelihood",713.5,3.917e-8
3,"R_Date","C103",,"likelihood",714.5,3.917e-8
3,"R_Date","C103",,"likelihood",715.5,3.357e-8
3,"R_Date","C103",,"likelihood",716.5,3.917e-8
3,"R_Date","C103",,"likelihood",717.5,3.917e-8
3,"R_Date","C103",,"likelihood",718.5,3.917e-8
3,"R_Date","C103",,"likelihood",719.5,3.917e-8
3,"R_Date","C103",,"likelihood",720.5,3.917e-8
3,"R_Date","C103",,"likelihood",721.5,3.357e-8
3,"R_Date","C103",,"likelihood",722.5,3.357e-8
3,"R_Date","C103",,"likelihood",723.5,2.7977e-8
3,"R_Date","C103",,"likelihood",724.5,2.7977e-8
3,"R_Date","C103",,"likelihood",725.5,2.2381e-8
3,"R_Date","C103",,"likelihood",726.5,2.2381e-8
3,"R_Date","C103",,"likelihood",727.5,1.6786e-8
3,"R_Date","C103",,"likelihood",728.5,1.6786e-8
3,"R_Date","C103",,"likelihood",729.5,1.6786e-8
3,"R_Date","C103",,"likelihood",730.5,2.2381e-8
3,"R_Date","C103",,"likelihood",731.5,2.2381e-8
3,"R_Date","C103",,"likelihood",732.5,2.2381e-8
3,"R_Date","C103",,"likelihood",733.5,2.2381e-8
3,"R_Date","C103",,"likelihood",734.5,2.2381e-8
3,"R_Date","C103",,"likelihood",735.5,2.2381e-8
3,"R_Date","C103",,"likelihood",736.5,2.2381e-8
3,"R_Date","C103",,"likelihood",737.5,1.6786e-8
3,"R_Date","C103",,"likelihood",738.5,1.6786e-8
3,"R_Date","C103",,"likelihood",739.5,1.1191e-8
3,"R_Date","C103",,"likelihood",740.5,1.1191e-8
3,"R_Date","C103",,"likelihood",741.5,5.595e-9
3,"R_Date","C103",,"likelihood",742.5,5.595e-9
3,"R_Date","C103",,"likelihood",743.5,5.595e-9
3,"R_Date","C103",,"likelihood",744.5,5.595e-9
3,"R_Date","C103",,"likelihood",745.5,5.595e-9
3,"R_Date","C103",,"likelihood",746.5,5.595e-9
3,"R_Date","C103",,"likelihood",747.5,0
3,"R_Date","C103",,"likelihood",748.5,0
3,"R_Date","C103",,"likelihood",749.5,0
3,"R_Date","C103",,"likelihood",750.5,0
3,"R_Date","C103",,"likelihood",751.5,0
3,"R_Date","C103",,"likelihood",752.5,0
3,"R_Date","C103",,"likelihood",753.5,0
3,"R_Date","C103",,"likelihood",754.5,0
3,"R_Date","C103",,"likelihood",755.5,0
3,"R_Date","C103",,"likelihood",756.5,0
3,"R_Date","C103",,"likelihood",757.5,0
3,"R_Date","C103",,"likelihood",758.5,0
3,"R_Date","C103",,"likelihood",759.5,5.595e-9
3,"R_Date","C103",,"likelihood",760.5,5.595e-9
3,"R_Date","C103",,"likelihood",761.5,5.595e-9
3,"R_Date","C103",,"likelihood",762.5,5.595e-9
3,"R_Date","C103",,"likelihood",763.5,5.595e-9
3,"R_Date","C103",,"likelihood",764.5,5.595e-9
3,"R_Date","C103",,"likelihood",765.5,5.595e-9
3,"R_Date","C103",,"likelihood",766.5,5.595e-9
3,"R_Date","C103",,"likelihood",767.5,5.595e-9
3,"R_Date","C103",,"likelihood",768.5,0
3,"R_Date","C103",,"likelihood",769.5,0
3,"R_Date","C103",,"likelihood",770.5,0
3,"R_Date","C103",,"likelihood",771.5,0
3,"R_Date","C103",,"likelihood",772.5,5.595e-9
3,"R_Date","C103",,"likelihood",773.5,1.6786e-8
3,"R_Date","C103",,"likelihood",774.5,8.393e-8
3,"R_Date","C103",,"likelihood",775.5,5.595e-7
3,"R_Date","C103",,"likelihood",776.5,0.0000019248
3,"R_Date","C103",,"likelihood",777.5,0.00000338
3,"R_Date","C103",,"likelihood",778.5,0.000003878
3,"R_Date","C103",,"likelihood",779.5,0.000003139
3,"R_Date","C103",,"likelihood",780.5,0.0000023724
3,"R_Date","C103",,"likelihood",781.5,0.0000018744
3,"R_Date","C103",,"likelihood",782.5,0.0000015443
3,"R_Date","C103",,"likelihood",783.5,0.0000014044
3,"R_Date","C103",,"likelihood",784.5,0.0000012142
3,"R_Date","C103",,"likelihood",785.5,0.0000010463
3,"R_Date","C103",,"likelihood",786.5,9.008e-7
3,"R_Date","C103",,"likelihood",787.5,7.05e-7
3,"R_Date","C103",,"likelihood",788.5,5.204e-7
3,"R_Date","C103",,"likelihood",789.5,3.805e-7
3,"R_Date","C103",,"likelihood",790.5,2.7977e-7
3,"R_Date","C103",,"likelihood",791.5,2.1262e-7
3,"R_Date","C103",,"likelihood",792.5,1.7346e-7
3,"R_Date","C103",,"likelihood",793.5,1.5667e-7
3,"R_Date","C103",,"likelihood",794.5,1.5667e-7
3,"R_Date","C103",,"likelihood",795.5,1.5667e-7
3,"R_Date","C103",,"likelihood",796.5,1.7346e-7
3,"R_Date","C103",,"likelihood",797.5,1.7905e-7
3,"R_Date","C103",,"likelihood",798.5,2.0143e-7
3,"R_Date","C103",,"likelihood",799.5,2.2381e-7
3,"R_Date","C103",,"likelihood",800.5,2.4619e-7
3,"R_Date","C103",,"likelihood",801.5,2.4619e-7
3,"R_Date","C103",,"likelihood",802.5,2.5739e-7
3,"R_Date","C103",,"likelihood",803.5,2.5739e-7
3,"R_Date","C103",,"likelihood",804.5,2.7977e-7
3,"R_Date","C103",,"likelihood",805.5,2.7977e-7
3,"R_Date","C103",,"likelihood",806.5,2.9655e-7
3,"R_Date","C103",,"likelihood",807.5,2.9655e-7
3,"R_Date","C103",,"likelihood",808.5,2.9655e-7
3,"R_Date","C103",,"likelihood",809.5,2.9655e-7
3,"R_Date","C103",,"likelihood",810.5,2.7977e-7
3,"R_Date","C103",,"likelihood",811.5,2.5179e-7
3,"R_Date","C103",,"likelihood",812.5,2.2381e-7
3,"R_Date","C103",,"likelihood",813.5,2.1262e-7
3,"R_Date","C103",,"likelihood",814.5,1.9584e-7
3,"R_Date","C103",,"likelihood",815.5,1.9584e-7
3,"R_Date","C103",,"likelihood",816.5,1.9584e-7
3,"R_Date","C103",,"likelihood",817.5,2.1262e-7
3,"R_Date","C103",,"likelihood",818.5,2.2381e-7
3,"R_Date","C103",,"likelihood",819.5,2.5179e-7
3,"R_Date","C103",,"likelihood",820.5,2.7417e-7
3,"R_Date","C103",,"likelihood",821.5,3.0215e-7
3,"R_Date","C103",,"likelihood",822.5,3.469e-7
3,"R_Date","C103",,"likelihood",823.5,4.085e-7
3,"R_Date","C103",,"likelihood",824.5,4.532e-7
3,"R_Date","C103",,"likelihood",825.5,5.26e-7
3,"R_Date","C103",,"likelihood",826.5,5.819e-7
3,"R_Date","C103",,"likelihood",827.5,6.435e-7
3,"R_Date","C103",,"likelihood",828.5,7.498e-7
3,"R_Date","C103",,"likelihood",829.5,8.281e-7
3,"R_Date","C103",,"likelihood",830.5,9.456e-7
3,"R_Date","C103",,"likelihood",831.5,9.904e-7
3,"R_Date","C103",,"likelihood",832.5,0.0000010911
3,"R_Date","C103",,"likelihood",833.5,0.0000011862
3,"R_Date","C103",,"likelihood",834.5,0.0000012478
3,"R_Date","C103",,"likelihood",835.5,0.0000013093
3,"R_Date","C103",,"likelihood",836.5,0.0000013709
3,"R_Date","C103",,"likelihood",837.5,0.0000013709
3,"R_Date","C103",,"likelihood",838.5,0.0000013932
3,"R_Date","C103",,"likelihood",839.5,0.0000013932
3,"R_Date","C103",,"likelihood",840.5,0.0000013932
3,"R_Date","C103",,"likelihood",841.5,0.0000013485
3,"R_Date","C103",,"likelihood",842.5,0.0000012869
3,"R_Date","C103",,"likelihood",843.5,0.0000012869
3,"R_Date","C103",,"likelihood",844.5,0.0000012869
3,"R_Date","C103",,"likelihood",845.5,0.0000011862
3,"R_Date","C103",,"likelihood",846.5,0.0000011303
3,"R_Date","C103",,"likelihood",847.5,0.0000011303
3,"R_Date","C103",,"likelihood",848.5,0.0000010799
3,"R_Date","C103",,"likelihood",849.5,0.0000010239
3,"R_Date","C103",,"likelihood",850.5,9.792e-7
3,"R_Date","C103",,"likelihood",851.5,9.288e-7
3,"R_Date","C103",,"likelihood",852.5,9.288e-7
3,"R_Date","C103",,"likelihood",853.5,9.12e-7
3,"R_Date","C103",,"likelihood",854.5,8.673e-7
3,"R_Date","C103",,"likelihood",855.5,8.281e-7
3,"R_Date","C103",,"likelihood",856.5,7.889e-7
3,"R_Date","C103",,"likelihood",857.5,7.889e-7
3,"R_Date","C103",,"likelihood",858.5,7.498e-7
3,"R_Date","C103",,"likelihood",859.5,7.106e-7
3,"R_Date","C103",,"likelihood",860.5,7.106e-7
3,"R_Date","C103",,"likelihood",861.5,6.77e-7
3,"R_Date","C103",,"likelihood",862.5,6.77e-7
3,"R_Date","C103",,"likelihood",863.5,6.547e-7
3,"R_Date","C103",,"likelihood",864.5,6.547e-7
3,"R_Date","C103",,"likelihood",865.5,6.547e-7
3,"R_Date","C103",,"likelihood",866.5,6.547e-7
3,"R_Date","C103",,"likelihood",867.5,6.547e-7
3,"R_Date","C103",,"likelihood",868.5,6.547e-7
3,"R_Date","C103",,"likelihood",869.5,6.882e-7
3,"R_Date","C103",,"likelihood",870.5,6.882e-7
3,"R_Date","C103",,"likelihood",871.5,7.274e-7
3,"R_Date","C103",,"likelihood",872.5,7.61e-7
3,"R_Date","C103",,"likelihood",873.5,8.281e-7
3,"R_Date","C103",,"likelihood",874.5,9.12e-7
3,"R_Date","C103",,"likelihood",875.5,9.568e-7
3,"R_Date","C103",,"likelihood",876.5,0.0000010575
3,"R_Date","C103",,"likelihood",877.5,0.0000011694
3,"R_Date","C103",,"likelihood",878.5,0.0000013485
3,"R_Date","C103",,"likelihood",879.5,0.0000014884
3,"R_Date","C103",,"likelihood",880.5,0.0000017178
3,"R_Date","C103",,"likelihood",881.5,0.0000019752
3,"R_Date","C103",,"likelihood",882.5,0.0000022773
3,"R_Date","C103",,"likelihood",883.5,0.0000026186
3,"R_Date","C103",,"likelihood",884.5,0.0000031502
3,"R_Date","C103",,"likelihood",885.5,0.000003777
3,"R_Date","C103",,"likelihood",886.5,0.000004325
3,"R_Date","C103",,"likelihood",887.5,0.000005047
3,"R_Date","C103",,"likelihood",888.5,0.000006021
3,"R_Date","C103",,"likelihood",889.5,0.000007173
3,"R_Date","C103",,"likelihood",890.5,0.000008348
3,"R_Date","C103",,"likelihood",891.5,0.000009904
3,"R_Date","C103",,"likelihood",892.5,0.000011722
3,"R_Date","C103",,"likelihood",893.5,0.000013848
3,"R_Date","C103",,"likelihood",894.5,0.000016327
3,"R_Date","C103",,"likelihood",895.5,0.000019203
3,"R_Date","C103",,"likelihood",896.5,0.000021654
3,"R_Date","C103",,"likelihood",897.5,0.000025369
3,"R_Date","C103",,"likelihood",898.5,0.000028531
3,"R_Date","C103",,"likelihood",899.5,0.00003204
3,"R_Date","C103",,"likelihood",900.5,0.00003594
3,"R_Date","C103",,"likelihood",901.5,0.00003877
3,"R_Date","C103",,"likelihood",902.5,0.00004408
3,"R_Date","C103",,"likelihood",903.5,0.00004575
3,"R_Date","C103",,"likelihood",904.5,0.00004926
3,"R_Date","C103",,"likelihood",905.5,0.0000511
3,"R_Date","C103",,"likelihood",906.5,0.00005301
3,"R_Date","C103",,"likelihood",907.5,0.00005301
3,"R_Date","C103",,"likelihood",908.5,0.00005301
3,"R_Date","C103",,"likelihood",909.5,0.00005222
3,"R_Date","C103",,"likelihood",910.5,0.00005034
3,"R_Date","C103",,"likelihood",911.5,0.00005034
3,"R_Date","C103",,"likelihood",912.5,0.00004852
3,"R_Date","C103",,"likelihood",913.5,0.00004505
3,"R_Date","C103",,"likelihood",914.5,0.0000434
3,"R_Date","C103",,"likelihood",915.5,0.00004026
3,"R_Date","C103",,"likelihood",916.5,0.00003733
3,"R_Date","C103",,"likelihood",917.5,0.0000346
3,"R_Date","C103",,"likelihood",918.5,0.00003204
3,"R_Date","C103",,"likelihood",919.5,0.000029661
3,"R_Date","C103",,"likelihood",920.5,0.00002744
3,"R_Date","C103",,"likelihood",921.5,0.000025369
3,"R_Date","C103",,"likelihood",922.5,0.000023444
3,"R_Date","C103",,"likelihood",923.5,0.000022046
3,"R_Date","C103",,"likelihood",924.5,0.000020356
3,"R_Date","C103",,"likelihood",925.5,0.000018789
3,"R_Date","C103",,"likelihood",926.5,0.000017329
3,"R_Date","C103",,"likelihood",927.5,0.000015975
3,"R_Date","C103",,"likelihood",928.5,0.000014716
3,"R_Date","C103",,"likelihood",929.5,0.000014123
3,"R_Date","C103",,"likelihood",930.5,0.000013552
3,"R_Date","C103",,"likelihood",931.5,0.000013004
3,"R_Date","C103",,"likelihood",932.5,0.000012472
3,"R_Date","C103",,"likelihood",933.5,0.000012472
3,"R_Date","C103",,"likelihood",934.5,0.000011963
3,"R_Date","C103",,"likelihood",935.5,0.000011963
3,"R_Date","C103",,"likelihood",936.5,0.000011963
3,"R_Date","C103",,"likelihood",937.5,0.000011963
3,"R_Date","C103",,"likelihood",938.5,0.000011963
3,"R_Date","C103",,"likelihood",939.5,0.000012472
3,"R_Date","C103",,"likelihood",940.5,0.000012472
3,"R_Date","C103",,"likelihood",941.5,0.000013004
3,"R_Date","C103",,"likelihood",942.5,0.000013552
3,"R_Date","C103",,"likelihood",943.5,0.000014123
3,"R_Date","C103",,"likelihood",944.5,0.000014716
3,"R_Date","C103",,"likelihood",945.5,0.000015656
3,"R_Date","C103",,"likelihood",946.5,0.000016305
3,"R_Date","C103",,"likelihood",947.5,0.000016641
3,"R_Date","C103",,"likelihood",948.5,0.000018045
3,"R_Date","C103",,"likelihood",949.5,0.000018789
3,"R_Date","C103",,"likelihood",950.5,0.000020356
3,"R_Date","C103",,"likelihood",951.5,0.00002119
3,"R_Date","C103",,"likelihood",952.5,0.000022532
3,"R_Date","C103",,"likelihood",953.5,0.000023444
3,"R_Date","C103",,"likelihood",954.5,0.000025369
3,"R_Date","C103",,"likelihood",955.5,0.000026388
3,"R_Date","C103",,"likelihood",956.5,0.00002744
3,"R_Date","C103",,"likelihood",957.5,0.000029661
3,"R_Date","C103",,"likelihood",958.5,0.00003083
3,"R_Date","C103",,"likelihood",959.5,0.00003204
3,"R_Date","C103",,"likelihood",960.5,0.00003385
3,"R_Date","C103",,"likelihood",961.5,0.00003385
3,"R_Date","C103",,"likelihood",962.5,0.00003517
3,"R_Date","C103",,"likelihood",963.5,0.0000346
3,"R_Date","C103",,"likelihood",964.5,0.0000346
3,"R_Date","C103",,"likelihood",965.5,0.00003279
3,"R_Date","C103",,"likelihood",966.5,0.00003279
3,"R_Date","C103",,"likelihood",967.5,0.000030355
3,"R_Date","C103",,"likelihood",968.5,0.000029196
3,"R_Date","C103",,"likelihood",969.5,0.000027003
3,"R_Date","C103",,"likelihood",970.5,0.000025587
3,"R_Date","C103",,"likelihood",971.5,0.000025587
3,"R_Date","C103",,"likelihood",972.5,0.000026611
3,"R_Date","C103",,"likelihood",973.5,0.000028782
3,"R_Date","C103",,"likelihood",974.5,0.00003233
3,"R_Date","C103",,"likelihood",975.5,0.00003768
3,"R_Date","C103",,"likelihood",976.5,0.0000455
3,"R_Date","C103",,"likelihood",977.5,0.00005276
3,"R_Date","C103",,"likelihood",978.5,0.00006105
3,"R_Date","C103",,"likelihood",979.5,0.00006801
3,"R_Date","C103",,"likelihood",980.5,0.00007303
3,"R_Date","C103",,"likelihood",981.5,0.00007303
3,"R_Date","C103",,"likelihood",982.5,0.00007048
3,"R_Date","C103",,"likelihood",983.5,0.00006801
3,"R_Date","C103",,"likelihood",984.5,0.00006561
3,"R_Date","C103",,"likelihood",985.5,0.00006329
3,"R_Date","C103",,"likelihood",986.5,0.00006105
3,"R_Date","C103",,"likelihood",987.5,0.00005887
3,"R_Date","C103",,"likelihood",988.5,0.00006105
3,"R_Date","C103",,"likelihood",989.5,0.00006561
3,"R_Date","C103",,"likelihood",990.5,0.00007303
3,"R_Date","C103",,"likelihood",991.5,0.00009014
3,"R_Date","C103",,"likelihood",992.5,0.00011839
3,"R_Date","C103",,"likelihood",993.5,0.0001697
3,"R_Date","C103",,"likelihood",994.5,0.00024647
3,"R_Date","C103",,"likelihood",995.5,0.0003408
3,"R_Date","C103",,"likelihood",996.5,0.0004267
3,"R_Date","C103",,"likelihood",997.5,0.0004888
3,"R_Date","C103",,"likelihood",998.5,0.0005293
3,"R_Date","C103",,"likelihood",999.5,0.0005293
3,"R_Date","C103",,"likelihood",1000.5,0.0005155
3,"R_Date","C103",,"likelihood",1001.5,0.0004888
3,"R_Date","C103",,"likelihood",1002.5,0.0004507
3,"R_Date","C103",,"likelihood",1003.5,0.0004151
3,"R_Date","C103",,"likelihood",1004.5,0.0003712
3,"R_Date","C103",,"likelihood",1005.5,0.0003311
3,"R_Date","C103",,"likelihood",1006.5,0.00030352
3,"R_Date","C103",,"likelihood",1007.5,0.00027785
3,"R_Date","C103",,"likelihood",1008.5,0.00026971
3,"R_Date","C103",,"likelihood",1009.5,0.00026177
3,"R_Date","C103",,"likelihood",1010.5,0.00026971
3,"R_Date","C103",,"likelihood",1011.5,0.00027785
3,"R_Date","C103",,"likelihood",1012.5,0.0002862
3,"R_Date","C103",,"likelihood",1013.5,0.00029476
3,"R_Date","C103",,"likelihood",1014.5,0.00030352
3,"R_Date","C103",,"likelihood",1015.5,0.00031251
3,"R_Date","C103",,"likelihood",1016.5,0.00031251
3,"R_Date","C103",,"likelihood",1017.5,0.0003311
3,"R_Date","C103",,"likelihood",1018.5,0.0003507
3,"R_Date","C103",,"likelihood",1019.5,0.0003818
3,"R_Date","C103",,"likelihood",1020.5,0.0004267
3,"R_Date","C103",,"likelihood",1021.5,0.0004888
3,"R_Date","C103",,"likelihood",1022.5,0.0005579
3,"R_Date","C103",,"likelihood",1023.5,0.0006507
3,"R_Date","C103",,"likelihood",1024.5,0.0007368
3,"R_Date","C103",,"likelihood",1025.5,0.0008312
3,"R_Date","C103",,"likelihood",1026.5,0.0008921
3,"R_Date","C103",,"likelihood",1027.5,0.0009782
3,"R_Date","C103",,"likelihood",1028.5,0.0010466
3,"R_Date","C103",,"likelihood",1029.5,0.0011429
3,"R_Date","C103",,"likelihood",1030.5,0.0012191
3,"R_Date","C103",,"likelihood",1031.5,0.0013259
3,"R_Date","C103",,"likelihood",1032.5,0.0014387
3,"R_Date","C103",,"likelihood",1033.5,0.0015575
3,"R_Date","C103",,"likelihood",1034.5,0.0016821
3,"R_Date","C103",,"likelihood",1035.5,0.0018124
3,"R_Date","C103",,"likelihood",1036.5,0.0019137
3,"R_Date","C103",,"likelihood",1037.5,0.0020181
3,"R_Date","C103",,"likelihood",1038.5,0.0021253
3,"R_Date","C103",,"likelihood",1039.5,0.0021982
3,"R_Date","C103",,"likelihood",1040.5,0.0022724
3,"R_Date","C103",,"likelihood",1041.5,0.0023477
3,"R_Date","C103",,"likelihood",1042.5,0.0023857
3,"R_Date","C103",,"likelihood",1043.5,0.002424
3,"R_Date","C103",,"likelihood",1044.5,0.002465
3,"R_Date","C103",,"likelihood",1045.5,0.0025426
3,"R_Date","C103",,"likelihood",1046.5,0.002619
3,"R_Date","C103",,"likelihood",1047.5,0.0027005
3,"R_Date","C103",,"likelihood",1048.5,0.0028598
3,"R_Date","C103",,"likelihood",1049.5,0.0030236
3,"R_Date","C103",,"likelihood",1050.5,0.003189
3,"R_Date","C103",,"likelihood",1051.5,0.003397
3,"R_Date","C103",,"likelihood",1052.5,0.003606
3,"R_Date","C103",,"likelihood",1053.5,0.003813
3,"R_Date","C103",,"likelihood",1054.5,0.003976
3,"R_Date","C103",,"likelihood",1055.5,0.004096
3,"R_Date","C103",,"likelihood",1056.5,0.004096
3,"R_Date","C103",,"likelihood",1057.5,0.004056
3,"R_Date","C103",,"likelihood",1058.5,0.003976
3,"R_Date","C103",,"likelihood",1059.5,0.003935
3,"R_Date","C103",,"likelihood",1060.5,0.003854
3,"R_Date","C103",,"likelihood",1061.5,0.003813
3,"R_Date","C103",,"likelihood",1062.5,0.003771
3,"R_Date","C103",,"likelihood",1063.5,0.003771
3,"R_Date","C103",,"likelihood",1064.5,0.003771
3,"R_Date","C103",,"likelihood",1065.5,0.003771
3,"R_Date","C103",,"likelihood",1066.5,0.003771
3,"R_Date","C103",,"likelihood",1067.5,0.003813
3,"R_Date","C103",,"likelihood",1068.5,0.003813
3,"R_Date","C103",,"likelihood",1069.5,0.003813
3,"R_Date","C103",,"likelihood",1070.5,0.003813
3,"R_Date","C103",,"likelihood",1071.5,0.003813
3,"R_Date","C103",,"likelihood",1072.5,0.003813
3,"R_Date","C103",,"likelihood",1073.5,0.003813
3,"R_Date","C103",,"likelihood",1074.5,0.003813
3,"R_Date","C103",,"likelihood",1075.5,0.003813
3,"R_Date","C103",,"likelihood",1076.5,0.003771
3,"R_Date","C103",,"likelihood",1077.5,0.003689
3,"R_Date","C103",,"likelihood",1078.5,0.003606
3,"R_Date","C103",,"likelihood",1079.5,0.003439
3,"R_Date","C103",,"likelihood",1080.5,0.003231
3,"R_Date","C103",,"likelihood",1081.5,0.0030648
3,"R_Date","C103",,"likelihood",1082.5,0.0029006
3,"R_Date","C103",,"likelihood",1083.5,0.0027386
3,"R_Date","C103",,"likelihood",1084.5,0.002619
3,"R_Date","C103",,"likelihood",1085.5,0.0025403
3,"R_Date","C103",,"likelihood",1086.5,0.0024625
3,"R_Date","C103",,"likelihood",1087.5,0.0023857
3,"R_Date","C103",,"likelihood",1088.5,0.0023477
3,"R_Date","C103",,"likelihood",1089.5,0.0023477
3,"R_Date","C103",,"likelihood",1090.5,0.0023504
3,"R_Date","C103",,"likelihood",1091.5,0.0023857
3,"R_Date","C103",,"likelihood",1092.5,0.002424
3,"R_Date","C103",,"likelihood",1093.5,0.0025013
3,"R_Date","C103",,"likelihood",1094.5,0.002619
3,"R_Date","C103",,"likelihood",1095.5,0.0027405
3,"R_Date","C103",,"likelihood",1096.5,0.0028209
3,"R_Date","C103",,"likelihood",1097.5,0.0028614
3,"R_Date","C103",,"likelihood",1098.5,0.002902
3,"R_Date","C103",,"likelihood",1099.5,0.002902
3,"R_Date","C103",,"likelihood",1100.5,0.0028614
3,"R_Date","C103",,"likelihood",1101.5,0.0028209
3,"R_Date","C103",,"likelihood",1102.5,0.0027386
3,"R_Date","C103",,"likelihood",1103.5,0.0026587
3,"R_Date","C103",,"likelihood",1104.5,0.0025796
3,"R_Date","C103",,"likelihood",1105.5,0.0025013
3,"R_Date","C103",,"likelihood",1106.5,0.002424
3,"R_Date","C103",,"likelihood",1107.5,0.0023504
3,"R_Date","C103",,"likelihood",1108.5,0.0022753
3,"R_Date","C103",,"likelihood",1109.5,0.0022381
3,"R_Date","C103",,"likelihood",1110.5,0.0022012
3,"R_Date","C103",,"likelihood",1111.5,0.0022012
3,"R_Date","C103",,"likelihood",1112.5,0.0021982
3,"R_Date","C103",,"likelihood",1113.5,0.0022352
3,"R_Date","C103",,"likelihood",1114.5,0.0022724
3,"R_Date","C103",,"likelihood",1115.5,0.0023477
3,"R_Date","C103",,"likelihood",1116.5,0.0023857
3,"R_Date","C103",,"likelihood",1117.5,0.002424
3,"R_Date","C103",,"likelihood",1118.5,0.0024625
3,"R_Date","C103",,"likelihood",1119.5,0.0025013
3,"R_Date","C103",,"likelihood",1120.5,0.0025403
3,"R_Date","C103",,"likelihood",1121.5,0.0025403
3,"R_Date","C103",,"likelihood",1122.5,0.0025796
3,"R_Date","C103",,"likelihood",1123.5,0.002619
3,"R_Date","C103",,"likelihood",1124.5,0.0026587
3,"R_Date","C103",,"likelihood",1125.5,0.0027386
3,"R_Date","C103",,"likelihood",1126.5,0.0027789
3,"R_Date","C103",,"likelihood",1127.5,0.0028598
3,"R_Date","C103",,"likelihood",1128.5,0.0028598
3,"R_Date","C103",,"likelihood",1129.5,0.0029006
3,"R_Date","C103",,"likelihood",1130.5,0.0029006
3,"R_Date","C103",,"likelihood",1131.5,0.0029414
3,"R_Date","C103",,"likelihood",1132.5,0.0029414
3,"R_Date","C103",,"likelihood",1133.5,0.0029824
3,"R_Date","C103",,"likelihood",1134.5,0.0030236
3,"R_Date","C103",,"likelihood",1135.5,0.0030648
3,"R_Date","C103",,"likelihood",1136.5,0.0030648
3,"R_Date","C103",,"likelihood",1137.5,0.0030236
3,"R_Date","C103",,"likelihood",1138.5,0.0029428
3,"R_Date","C103",,"likelihood",1139.5,0.0028614
3,"R_Date","C103",,"likelihood",1140.5,0.0027806
3,"R_Date","C103",,"likelihood",1141.5,0.0027005
3,"R_Date","C103",,"likelihood",1142.5,0.0026211
3,"R_Date","C103",,"likelihood",1143.5,0.0026211
3,"R_Date","C103",,"likelihood",1144.5,0.0026211
3,"R_Date","C103",,"likelihood",1145.5,0.0026211
3,"R_Date","C103",,"likelihood",1146.5,0.0026607
3,"R_Date","C103",,"likelihood",1147.5,0.0027005
3,"R_Date","C103",,"likelihood",1148.5,0.0027405
3,"R_Date","C103",,"likelihood",1149.5,0.0028209
3,"R_Date","C103",,"likelihood",1150.5,0.0028614
3,"R_Date","C103",,"likelihood",1151.5,0.0029428
3,"R_Date","C103",,"likelihood",1152.5,0.0030247
3,"R_Date","C103",,"likelihood",1153.5,0.0031476
3,"R_Date","C103",,"likelihood",1154.5,0.003314
3,"R_Date","C103",,"likelihood",1155.5,0.003522
3,"R_Date","C103",,"likelihood",1156.5,0.003729
3,"R_Date","C103",,"likelihood",1157.5,0.003893
3,"R_Date","C103",,"likelihood",1158.5,0.004094
3,"R_Date","C103",,"likelihood",1159.5,0.004251
3,"R_Date","C103",,"likelihood",1160.5,0.004407
3,"R_Date","C103",,"likelihood",1161.5,0.004518
3,"R_Date","C103",,"likelihood",1162.5,0.00466
3,"R_Date","C103",,"likelihood",1163.5,0.004763
3,"R_Date","C103",,"likelihood",1164.5,0.004861
3,"R_Date","C103",,"likelihood",1165.5,0.004984
3,"R_Date","C103",,"likelihood",1166.5,0.00507
3,"R_Date","C103",,"likelihood",1167.5,0.005118
3,"R_Date","C103",,"likelihood",1168.5,0.00517
3,"R_Date","C103",,"likelihood",1169.5,0.00517
3,"R_Date","C103",,"likelihood",1170.5,0.00517
3,"R_Date","C103",,"likelihood",1171.5,0.005144
3,"R_Date","C103",,"likelihood",1172.5,0.005144
3,"R_Date","C103",,"likelihood",1173.5,0.005144
3,"R_Date","C103",,"likelihood",1174.5,0.005144
3,"R_Date","C103",,"likelihood",1175.5,0.005195
3,"R_Date","C103",,"likelihood",1176.5,0.005243
3,"R_Date","C103",,"likelihood",1177.5,0.005288
3,"R_Date","C103",,"likelihood",1178.5,0.00535
3,"R_Date","C103",,"likelihood",1179.5,0.005405
3,"R_Date","C103",,"likelihood",1180.5,0.005454
3,"R_Date","C103",,"likelihood",1181.5,0.005482
3,"R_Date","C103",,"likelihood",1182.5,0.005507
3,"R_Date","C103",,"likelihood",1183.5,0.005518
3,"R_Date","C103",,"likelihood",1184.5,0.005518
3,"R_Date","C103",,"likelihood",1185.5,0.005507
3,"R_Date","C103",,"likelihood",1186.5,0.005495
3,"R_Date","C103",,"likelihood",1187.5,0.005468
3,"R_Date","C103",,"likelihood",1188.5,0.005454
3,"R_Date","C103",,"likelihood",1189.5,0.005438
3,"R_Date","C103",,"likelihood",1190.5,0.005422
3,"R_Date","C103",,"likelihood",1191.5,0.005387
3,"R_Date","C103",,"likelihood",1192.5,0.00535
3,"R_Date","C103",,"likelihood",1193.5,0.005309
3,"R_Date","C103",,"likelihood",1194.5,0.005243
3,"R_Date","C103",,"likelihood",1195.5,0.005195
3,"R_Date","C103",,"likelihood",1196.5,0.00517
3,"R_Date","C103",,"likelihood",1197.5,0.005144
3,"R_Date","C103",,"likelihood",1198.5,0.00517
3,"R_Date","C103",,"likelihood",1199.5,0.005195
3,"R_Date","C103",,"likelihood",1200.5,0.005243
3,"R_Date","C103",,"likelihood",1201.5,0.005309
3,"R_Date","C103",,"likelihood",1202.5,0.00535
3,"R_Date","C103",,"likelihood",1203.5,0.005387
3,"R_Date","C103",,"likelihood",1204.5,0.005405
3,"R_Date","C103",,"likelihood",1205.5,0.005405
3,"R_Date","C103",,"likelihood",1206.5,0.005405
3,"R_Date","C103",,"likelihood",1207.5,0.005405
3,"R_Date","C103",,"likelihood",1208.5,0.005422
3,"R_Date","C103",,"likelihood",1209.5,0.005438
3,"R_Date","C103",,"likelihood",1210.5,0.005454
3,"R_Date","C103",,"likelihood",1211.5,0.005477
3,"R_Date","C103",,"likelihood",1212.5,0.00549
3,"R_Date","C103",,"likelihood",1213.5,0.005516
3,"R_Date","C103",,"likelihood",1214.5,0.005538
3,"R_Date","C103",,"likelihood",1215.5,0.005556
3,"R_Date","C103",,"likelihood",1216.5,0.005578
3,"R_Date","C103",,"likelihood",1217.5,0.005595
3,"R_Date","C103",,"likelihood",1218.5,0.005588
3,"R_Date","C103",,"likelihood",1219.5,0.005572
3,"R_Date","C103",,"likelihood",1220.5,0.005494
3,"R_Date","C103",,"likelihood",1221.5,0.005412
3,"R_Date","C103",,"likelihood",1222.5,0.005314
3,"R_Date","C103",,"likelihood",1223.5,0.005198
3,"R_Date","C103",,"likelihood",1224.5,0.005093
3,"R_Date","C103",,"likelihood",1225.5,0.005008
3,"R_Date","C103",,"likelihood",1226.5,0.004911
3,"R_Date","C103",,"likelihood",1227.5,0.004879
3,"R_Date","C103",,"likelihood",1228.5,0.004815
3,"R_Date","C103",,"likelihood",1229.5,0.004782
3,"R_Date","C103",,"likelihood",1230.5,0.004714
3,"R_Date","C103",,"likelihood",1231.5,0.00468
3,"R_Date","C103",,"likelihood",1232.5,0.004609
3,"R_Date","C103",,"likelihood",1233.5,0.004573
3,"R_Date","C103",,"likelihood",1234.5,0.0045
3,"R_Date","C103",,"likelihood",1235.5,0.0045
3,"R_Date","C103",,"likelihood",1236.5,0.0045
3,"R_Date","C103",,"likelihood",1237.5,0.0045
3,"R_Date","C103",,"likelihood",1238.5,0.004537
3,"R_Date","C103",,"likelihood",1239.5,0.004573
3,"R_Date","C103",,"likelihood",1240.5,0.004609
3,"R_Date","C103",,"likelihood",1241.5,0.004645
3,"R_Date","C103",,"likelihood",1242.5,0.00468
3,"R_Date","C103",,"likelihood",1243.5,0.004714
3,"R_Date","C103",,"likelihood",1244.5,0.004748
3,"R_Date","C103",,"likelihood",1245.5,0.004782
3,"R_Date","C103",,"likelihood",1246.5,0.004815
3,"R_Date","C103",,"likelihood",1247.5,0.004847
3,"R_Date","C103",,"likelihood",1248.5,0.004879
3,"R_Date","C103",,"likelihood",1249.5,0.004879
3,"R_Date","C103",,"likelihood",1250.5,0.004911
3,"R_Date","C103",,"likelihood",1251.5,0.004911
3,"R_Date","C103",,"likelihood",1252.5,0.004879
3,"R_Date","C103",,"likelihood",1253.5,0.004847
3,"R_Date","C103",,"likelihood",1254.5,0.004815
3,"R_Date","C103",,"likelihood",1255.5,0.004782
3,"R_Date","C103",,"likelihood",1256.5,0.004782
3,"R_Date","C103",,"likelihood",1257.5,0.004748
3,"R_Date","C103",,"likelihood",1258.5,0.004714
3,"R_Date","C103",,"likelihood",1259.5,0.00468
3,"R_Date","C103",,"likelihood",1260.5,0.004609
3,"R_Date","C103",,"likelihood",1261.5,0.0045
3,"R_Date","C103",,"likelihood",1262.5,0.004426
3,"R_Date","C103",,"likelihood",1263.5,0.004311
3,"R_Date","C103",,"likelihood",1264.5,0.004153
3,"R_Date","C103",,"likelihood",1265.5,0.004032
3,"R_Date","C103",,"likelihood",1266.5,0.003868
3,"R_Date","C103",,"likelihood",1267.5,0.003743
3,"R_Date","C103",,"likelihood",1268.5,0.003575
3,"R_Date","C103",,"likelihood",1269.5,0.003448
3,"R_Date","C103",,"likelihood",1270.5,0.003278
3,"R_Date","C103",,"likelihood",1271.5,0.0031514
3,"R_Date","C103",,"likelihood",1272.5,0.0030251
3,"R_Date","C103",,"likelihood",1273.5,0.0028997
3,"R_Date","C103",,"likelihood",1274.5,0.0027345
3,"R_Date","C103",,"likelihood",1275.5,0.0025722
3,"R_Date","C103",,"likelihood",1276.5,0.0023743
3,"R_Date","C103",,"likelihood",1277.5,0.0021455
3,"R_Date","C103",,"likelihood",1278.5,0.0018925
3,"R_Date","C103",,"likelihood",1279.5,0.0016563
3,"R_Date","C103",,"likelihood",1280.5,0.0014382
3,"R_Date","C103",,"likelihood",1281.5,0.0012663
3,"R_Date","C103",,"likelihood",1282.5,0.0011338
3,"R_Date","C103",,"likelihood",1283.5,0.0010349
3,"R_Date","C103",,"likelihood",1284.5,0.0009422
3,"R_Date","C103",,"likelihood",1285.5,0.0008766
3,"R_Date","C103",,"likelihood",1286.5,0.0008348
3,"R_Date","C103",,"likelihood",1287.5,0.0007944
3,"R_Date","C103",,"likelihood",1288.5,0.0007367
3,"R_Date","C103",,"likelihood",1289.5,0.0007181
3,"R_Date","C103",,"likelihood",1290.5,0.0006821
3,"R_Date","C103",,"likelihood",1291.5,0.0006474
3,"R_Date","C103",,"likelihood",1292.5,0.0006306
3,"R_Date","C103",,"likelihood",1293.5,0.000598
3,"R_Date","C103",,"likelihood",1294.5,0.0005822
3,"R_Date","C103",,"likelihood",1295.5,0.0005515
3,"R_Date","C103",,"likelihood",1296.5,0.0005079
3,"R_Date","C103",,"likelihood",1297.5,0.0004671
3,"R_Date","C103",,"likelihood",1298.5,0.0004167
3,"R_Date","C103",,"likelihood",1299.5,0.00036
3,"R_Date","C103",,"likelihood",1300.5,0.0003193
3,"R_Date","C103",,"likelihood",1301.5,0.00027154
3,"R_Date","C103",,"likelihood",1302.5,0.00023932
3,"R_Date","C103",,"likelihood",1303.5,0.00020556
3,"R_Date","C103",,"likelihood",1304.5,0.00018018
3,"R_Date","C103",,"likelihood",1305.5,0.00015751
3,"R_Date","C103",,"likelihood",1306.5,0.00013733
3,"R_Date","C103",,"likelihood",1307.5,0.0001237
3,"R_Date","C103",,"likelihood",1308.5,0.00011528
3,"R_Date","C103",,"likelihood",1309.5,0.00011125
3,"R_Date","C103",,"likelihood",1310.5,0.00010735
3,"R_Date","C103",,"likelihood",1311.5,0.00010358
3,"R_Date","C103",,"likelihood",1312.5,0.00010358
3,"R_Date","C103",,"likelihood",1313.5,0.00010234
3,"R_Date","C103",,"likelihood",1314.5,0.00010234
3,"R_Date","C103",,"likelihood",1315.5,0.00010234
3,"R_Date","C103",,"likelihood",1316.5,0.00010234
3,"R_Date","C103",,"likelihood",1317.5,0.00010234
3,"R_Date","C103",,"likelihood",1318.5,0.00009519
3,"R_Date","C103",,"likelihood",1319.5,0.00008848
3,"R_Date","C103",,"likelihood",1320.5,0.00007919
3,"R_Date","C103",,"likelihood",1321.5,0.00006815
3,"R_Date","C103",,"likelihood",1322.5,0.00005848
3,"R_Date","C103",,"likelihood",1323.5,0.00005006
3,"R_Date","C103",,"likelihood",1324.5,0.00004105
3,"R_Date","C103",,"likelihood",1325.5,0.00003493
3,"R_Date","C103",,"likelihood",1326.5,0.00002843
3,"R_Date","C103",,"likelihood",1327.5,0.000024038
3,"R_Date","C103",,"likelihood",1328.5,0.000020272
3,"R_Date","C103",,"likelihood",1329.5,0.000018599
3,"R_Date","C103",,"likelihood",1330.5,0.000017049
3,"R_Date","C103",,"likelihood",1331.5,0.000017049
3,"R_Date","C103",,"likelihood",1332.5,0.000017049
3,"R_Date","C103",,"likelihood",1333.5,0.00001781
3,"R_Date","C103",,"likelihood",1334.5,0.000018599
3,"R_Date","C103",,"likelihood",1335.5,0.000019416
3,"R_Date","C103",,"likelihood",1336.5,0.000021162
3,"R_Date","C103",,"likelihood",1337.5,0.000022085
3,"R_Date","C103",,"likelihood",1338.5,0.000023042
3,"R_Date","C103",,"likelihood",1339.5,0.000023042
3,"R_Date","C103",,"likelihood",1340.5,0.000023042
3,"R_Date","C103",,"likelihood",1341.5,0.000023042
3,"R_Date","C103",,"likelihood",1342.5,0.000023042
3,"R_Date","C103",,"likelihood",1343.5,0.000023042
3,"R_Date","C103",,"likelihood",1344.5,0.000023042
3,"R_Date","C103",,"likelihood",1345.5,0.000024038
3,"R_Date","C103",,"likelihood",1346.5,0.000025073
3,"R_Date","C103",,"likelihood",1347.5,0.000025073
3,"R_Date","C103",,"likelihood",1348.5,0.000026153
3,"R_Date","C103",,"likelihood",1349.5,0.000026153
3,"R_Date","C103",,"likelihood",1350.5,0.000026153
3,"R_Date","C103",,"likelihood",1351.5,0.000027266
3,"R_Date","C103",,"likelihood",1352.5,0.00002843
3,"R_Date","C103",,"likelihood",1353.5,0.00003218
3,"R_Date","C103",,"likelihood",1354.5,0.00003788
3,"R_Date","C103",,"likelihood",1355.5,0.00004447
3,"R_Date","C103",,"likelihood",1356.5,0.00005205
3,"R_Date","C103",,"likelihood",1357.5,0.00006402
3,"R_Date","C103",,"likelihood",1358.5,0.00007445
3,"R_Date","C103",,"likelihood",1359.5,0.00008324
3,"R_Date","C103",,"likelihood",1360.5,0.00009636
3,"R_Date","C103",,"likelihood",1361.5,0.00010735
3,"R_Date","C103",,"likelihood",1362.5,0.00011528
3,"R_Date","C103",,"likelihood",1363.5,0.00012811
3,"R_Date","C103",,"likelihood",1364.5,0.00014712
3,"R_Date","C103",,"likelihood",1365.5,0.00016294
3,"R_Date","C103",,"likelihood",1366.5,0.00018626
3,"R_Date","C103",,"likelihood",1367.5,0.00020556
3,"R_Date","C103",,"likelihood",1368.5,0.0002339
3,"R_Date","C103",,"likelihood",1369.5,0.00026545
3,"R_Date","C103",,"likelihood",1370.5,0.00029137
3,"R_Date","C103",,"likelihood",1371.5,0.0003291
3,"R_Date","C103",,"likelihood",1372.5,0.0003495
3,"R_Date","C103",,"likelihood",1373.5,0.0003708
3,"R_Date","C103",,"likelihood",1374.5,0.0003819
3,"R_Date","C103",,"likelihood",1375.5,0.0003819
3,"R_Date","C103",,"likelihood",1376.5,0.0003573
3,"R_Date","C103",,"likelihood",1377.5,0.0003168
3,"R_Date","C103",,"likelihood",1378.5,0.00028013
3,"R_Date","C103",,"likelihood",1379.5,0.00024706
3,"R_Date","C103",,"likelihood",1380.5,0.00021037
3,"R_Date","C103",,"likelihood",1381.5,0.00019064
3,"R_Date","C103",,"likelihood",1382.5,0.00017252
3,"R_Date","C103",,"likelihood",1383.5,0.00015587
3,"R_Date","C103",,"likelihood",1384.5,0.00014556
3,"R_Date","C103",,"likelihood",1385.5,0.00013584
3,"R_Date","C103",,"likelihood",1386.5,0.00012668
3,"R_Date","C103",,"likelihood",1387.5,0.00011395
3,"R_Date","C103",,"likelihood",1388.5,0.00009871
3,"R_Date","C103",,"likelihood",1389.5,0.00008528
3,"R_Date","C103",,"likelihood",1390.5,0.00007077
3,"R_Date","C103",,"likelihood",1391.5,0.00005848
3,"R_Date","C103",,"likelihood",1392.5,0.00004813
3,"R_Date","C103",,"likelihood",1393.5,0.00003788
3,"R_Date","C103",,"likelihood",1394.5,0.000030881
3,"R_Date","C103",,"likelihood",1395.5,0.000025073
3,"R_Date","C103",,"likelihood",1396.5,0.000019416
3,"R_Date","C103",,"likelihood",1397.5,0.000015622
3,"R_Date","C103",,"likelihood",1398.5,0.000013082
3,"R_Date","C103",,"likelihood",1399.5,0.000010928
3,"R_Date","C103",,"likelihood",1400.5,0.000009976
3,"R_Date","C103",,"likelihood",1401.5,0.000009104
3,"R_Date","C103",,"likelihood",1402.5,0.000008303
3,"R_Date","C103",,"likelihood",1403.5,0.000007218
3,"R_Date","C103",,"likelihood",1404.5,0.000006267
3,"R_Date","C103",,"likelihood",1405.5,0.000005433
3,"R_Date","C103",,"likelihood",1406.5,0.000004482
3,"R_Date","C103",,"likelihood",1407.5,0.000003508
3,"R_Date","C103",,"likelihood",1408.5,0.000002876
3,"R_Date","C103",,"likelihood",1409.5,0.00000235
3,"R_Date","C103",,"likelihood",1410.5,0.0000019136
3,"R_Date","C103",,"likelihood",1411.5,0.0000016394
3,"R_Date","C103",,"likelihood",1412.5,0.0000014772
3,"R_Date","C103",,"likelihood",1413.5,0.0000013317
3,"R_Date","C103",,"likelihood",1414.5,0.000001259
3,"R_Date","C103",,"likelihood",1415.5,0.000001259
3,"R_Date","C103",,"likelihood",1416.5,0.000001259
3,"R_Date","C103",,"likelihood",1417.5,0.000001259
3,"R_Date","C103",,"likelihood",1418.5,0.0000011974
3,"R_Date","C103",,"likelihood",1419.5,0.0000011359
3,"R_Date","C103",,"likelihood",1420.5,0.0000010184
3,"R_Date","C103",,"likelihood",1421.5,8.225e-7
3,"R_Date","C103",,"likelihood",1422.5,6.603e-7
3,"R_Date","C103",,"likelihood",1423.5,5.036e-7
3,"R_Date","C103",,"likelihood",1424.5,3.805e-7
3,"R_Date","C103",,"likelihood",1425.5,3.0215e-7
3,"R_Date","C103",,"likelihood",1426.5,2.406e-7
3,"R_Date","C103",,"likelihood",1427.5,2.0143e-7
3,"R_Date","C103",,"likelihood",1428.5,1.7905e-7
3,"R_Date","C103",,"likelihood",1429.5,1.6786e-7
3,"R_Date","C103",,"likelihood",1430.5,1.5667e-7
3,"R_Date","C103",,"likelihood",1431.5,1.5107e-7
3,"R_Date","C103",,"likelihood",1432.5,1.3429e-7
3,"R_Date","C103",,"likelihood",1433.5,1.175e-7
3,"R_Date","C103",,"likelihood",1434.5,1.0631e-7
3,"R_Date","C103",,"likelihood",1435.5,8.393e-8
3,"R_Date","C103",,"likelihood",1436.5,6.714e-8
3,"R_Date","C103",,"likelihood",1437.5,5.036e-8
3,"R_Date","C103",,"likelihood",1438.5,4.476e-8
3,"R_Date","C103",,"likelihood",1439.5,3.357e-8
3,"R_Date","C103",,"likelihood",1440.5,3.357e-8
3,"R_Date","C103",,"likelihood",1441.5,2.7977e-8
3,"R_Date","C103",,"likelihood",1442.5,2.2381e-8
3,"R_Date","C103",,"likelihood",1443.5,1.6786e-8
3,"R_Date","C103",,"likelihood",1444.5,1.1191e-8
3,"R_Date","C103",,"likelihood",1445.5,1.1191e-8
3,"R_Date","C103",,"likelihood",1446.5,1.1191e-8
3,"R_Date","C103",,"likelihood",1447.5,5.595e-9
3,"R_Date","C103",,"likelihood",1448.5,5.595e-9
3,"R_Date","C103",,"likelihood",1449.5,5.595e-9
3,"R_Date","C103",,"likelihood",1450.5,0
3,"R_Date","C103",,"posterior",817.5,0
3,"R_Date","C103",,"posterior",818.5,0
3,"R_Date","C103",,"posterior",819.5,0
3,"R_Date","C103",,"posterior",820.5,2.4101e-7
3,"R_Date","C103",,"posterior",821.5,0
3,"R_Date","C103",,"posterior",822.5,0
3,"R_Date","C103",,"posterior",823.5,0
3,"R_Date","C103",,"posterior",824.5,0
3,"R_Date","C103",,"posterior",825.5,0
3,"R_Date","C103",,"posterior",826.5,0
3,"R_Date","C103",,"posterior",827.5,0
3,"R_Date","C103",,"posterior",828.5,0
3,"R_Date","C103",,"posterior",829.5,0
3,"R_Date","C103",,"posterior",830.5,2.4101e-7
3,"R_Date","C103",,"posterior",831.5,0
3,"R_Date","C103",,"posterior",832.5,0
3,"R_Date","C103",,"posterior",833.5,0
3,"R_Date","C103",,"posterior",834.5,0
3,"R_Date","C103",,"posterior",835.5,0
3,"R_Date","C103",,"posterior",836.5,0
3,"R_Date","C103",,"posterior",837.5,0
3,"R_Date","C103",,"posterior",838.5,0
3,"R_Date","C103",,"posterior",839.5,0
3,"R_Date","C103",,"posterior",840.5,0
3,"R_Date","C103",,"posterior",841.5,0
3,"R_Date","C103",,"posterior",842.5,0
3,"R_Date","C103",,"posterior",843.5,2.4101e-7
3,"R_Date","C103",,"posterior",844.5,0
3,"R_Date","C103",,"posterior",845.5,0
3,"R_Date","C103",,"posterior",846.5,0
3,"R_Date","C103",,"posterior",847.5,0
3,"R_Date","C103",,"posterior",848.5,2.4101e-7
3,"R_Date","C103",,"posterior",849.5,0
3,"R_Date","C103",,"posterior",850.5,0
3,"R_Date","C103",,"posterior",851.5,0
3,"R_Date","C103",,"posterior",852.5,0
3,"R_Date","C103",,"posterior",853.5,0
3,"R_Date","C103",,"posterior",854.5,0
3,"R_Date","C103",,"posterior",855.5,2.4101e-7
3,"R_Date","C103",,"posterior",856.5,2.4101e-7
3,"R_Date","C103",,"posterior",857.5,0
3,"R_Date","C103",,"posterior",858.5,0
3,"R_Date","C103",,"posterior",859.5,0
3,"R_Date","C103",,"posterior",860.5,0
3,"R_Date","C103",,"posterior",861.5,0
3,"R_Date","C103",,"posterior",862.5,0
3,"R_Date","C103",,"posterior",863.5,0
3,"R_Date","C103",,"posterior",864.5,0
3,"R_Date","C103",,"posterior",865.5,4.731e-7
3,"R_Date","C103",,"posterior",866.5,0
3,"R_Date","C103",,"posterior",867.5,0
3,"R_Date","C103",,"posterior",868.5,0
3,"R_Date","C103",,"posterior",869.5,0
3,"R_Date","C103",,"posterior",870.5,0
3,"R_Date","C103",,"posterior",871.5,0
3,"R_Date","C103",,"posterior",872.5,0
3,"R_Date","C103",,"posterior",873.5,0
3,"R_Date","C103",,"posterior",874.5,2.4101e-7
3,"R_Date","C103",,"posterior",875.5,0
3,"R_Date","C103",,"posterior",876.5,2.4101e-7
3,"R_Date","C103",,"posterior",877.5,0
3,"R_Date","C103",,"posterior",878.5,0
3,"R_Date","C103",,"posterior",879.5,0
3,"R_Date","C103",,"posterior",880.5,0
3,"R_Date","C103",,"posterior",881.5,4.731e-7
3,"R_Date","C103",,"posterior",882.5,0
3,"R_Date","C103",,"posterior",883.5,7.141e-7
3,"R_Date","C103",,"posterior",884.5,4.731e-7
3,"R_Date","C103",,"posterior",885.5,0
3,"R_Date","C103",,"posterior",886.5,4.731e-7
3,"R_Date","C103",,"posterior",887.5,0
3,"R_Date","C103",,"posterior",888.5,4.731e-7
3,"R_Date","C103",,"posterior",889.5,2.4101e-7
3,"R_Date","C103",,"posterior",890.5,4.731e-7
3,"R_Date","C103",,"posterior",891.5,0.0000014193
3,"R_Date","C103",,"posterior",892.5,9.462e-7
3,"R_Date","C103",,"posterior",893.5,7.141e-7
3,"R_Date","C103",,"posterior",894.5,0.0000016603
3,"R_Date","C103",,"posterior",895.5,0.0000016603
3,"R_Date","C103",,"posterior",896.5,0.0000011872
3,"R_Date","C103",,"posterior",897.5,0.0000026064
3,"R_Date","C103",,"posterior",898.5,0.000003312
3,"R_Date","C103",,"posterior",899.5,0.000003553
3,"R_Date","C103",,"posterior",900.5,0.0000021333
3,"R_Date","C103",,"posterior",901.5,0.000004972
3,"R_Date","C103",,"posterior",902.5,0.000004026
3,"R_Date","C103",,"posterior",903.5,0.000004499
3,"R_Date","C103",,"posterior",904.5,0.000004731
3,"R_Date","C103",,"posterior",905.5,0.000003553
3,"R_Date","C103",,"posterior",906.5,0.000004258
3,"R_Date","C103",,"posterior",907.5,0.000003312
3,"R_Date","C103",,"posterior",908.5,0.000006632
3,"R_Date","C103",,"posterior",909.5,0.0000028385
3,"R_Date","C103",,"posterior",910.5,0.000006864
3,"R_Date","C103",,"posterior",911.5,0.000005204
3,"R_Date","C103",,"posterior",912.5,0.000005204
3,"R_Date","C103",,"posterior",913.5,0.0000026064
3,"R_Date","C103",,"posterior",914.5,0.000004026
3,"R_Date","C103",,"posterior",915.5,0.00000781
3,"R_Date","C103",,"posterior",916.5,0.0000021333
3,"R_Date","C103",,"posterior",917.5,0.000003785
3,"R_Date","C103",,"posterior",918.5,0.0000018923
3,"R_Date","C103",,"posterior",919.5,0.0000028385
3,"R_Date","C103",,"posterior",920.5,0.0000018923
3,"R_Date","C103",,"posterior",921.5,0.0000018923
3,"R_Date","C103",,"posterior",922.5,0.000003312
3,"R_Date","C103",,"posterior",923.5,0.0000021333
3,"R_Date","C103",,"posterior",924.5,0.000003785
3,"R_Date","C103",,"posterior",925.5,0.0000018923
3,"R_Date","C103",,"posterior",926.5,0.0000016603
3,"R_Date","C103",,"posterior",927.5,0.0000023654
3,"R_Date","C103",,"posterior",928.5,0.0000016603
3,"R_Date","C103",,"posterior",929.5,0.0000018923
3,"R_Date","C103",,"posterior",930.5,0.0000018923
3,"R_Date","C103",,"posterior",931.5,9.462e-7
3,"R_Date","C103",,"posterior",932.5,0.0000016603
3,"R_Date","C103",,"posterior",933.5,0.0000011872
3,"R_Date","C103",,"posterior",934.5,7.141e-7
3,"R_Date","C103",,"posterior",935.5,9.462e-7
3,"R_Date","C103",,"posterior",936.5,0.0000014193
3,"R_Date","C103",,"posterior",937.5,9.462e-7
3,"R_Date","C103",,"posterior",938.5,0.0000023654
3,"R_Date","C103",,"posterior",939.5,0.0000016603
3,"R_Date","C103",,"posterior",940.5,0.0000016603
3,"R_Date","C103",,"posterior",941.5,0.0000014193
3,"R_Date","C103",,"posterior",942.5,9.462e-7
3,"R_Date","C103",,"posterior",943.5,0.0000011872
3,"R_Date","C103",,"posterior",944.5,0.0000018923
3,"R_Date","C103",,"posterior",945.5,0.0000023654
3,"R_Date","C103",,"posterior",946.5,0.0000028385
3,"R_Date","C103",,"posterior",947.5,0.000003553
3,"R_Date","C103",,"posterior",948.5,0.0000021333
3,"R_Date","C103",,"posterior",949.5,0.000003785
3,"R_Date","C103",,"posterior",950.5,0.000003785
3,"R_Date","C103",,"posterior",951.5,0.000004972
3,"R_Date","C103",,"posterior",952.5,0.0000028385
3,"R_Date","C103",,"posterior",953.5,0.0000018923
3,"R_Date","C103",,"posterior",954.5,0.000004026
3,"R_Date","C103",,"posterior",955.5,0.0000014193
3,"R_Date","C103",,"posterior",956.5,0.000004026
3,"R_Date","C103",,"posterior",957.5,0.000004731
3,"R_Date","C103",,"posterior",958.5,0.000003312
3,"R_Date","C103",,"posterior",959.5,0.000008283
3,"R_Date","C103",,"posterior",960.5,0.000005918
3,"R_Date","C103",,"posterior",961.5,0.000004258
3,"R_Date","C103",,"posterior",962.5,0.000006391
3,"R_Date","C103",,"posterior",963.5,0.000005686
3,"R_Date","C103",,"posterior",964.5,0.000003312
3,"R_Date","C103",,"posterior",965.5,0.000004972
3,"R_Date","C103",,"posterior",966.5,0.0000030795
3,"R_Date","C103",,"posterior",967.5,0.000003553
3,"R_Date","C103",,"posterior",968.5,0.000004258
3,"R_Date","C103",,"posterior",969.5,0.000004258
3,"R_Date","C103",,"posterior",970.5,0.000004026
3,"R_Date","C103",,"posterior",971.5,0.0000028385
3,"R_Date","C103",,"posterior",972.5,0.000004499
3,"R_Date","C103",,"posterior",973.5,0.000007105
3,"R_Date","C103",,"posterior",974.5,0.000006159
3,"R_Date","C103",,"posterior",975.5,0.000006159
3,"R_Date","C103",,"posterior",976.5,0.00000781
3,"R_Date","C103",,"posterior",977.5,0.000008051
3,"R_Date","C103",,"posterior",978.5,0.000012782
3,"R_Date","C103",,"posterior",979.5,0.000009703
3,"R_Date","C103",,"posterior",980.5,0.000010417
3,"R_Date","C103",,"posterior",981.5,0.000011836
3,"R_Date","C103",,"posterior",982.5,0.000017754
3,"R_Date","C103",,"posterior",983.5,0.000011604
3,"R_Date","C103",,"posterior",984.5,0.000011131
3,"R_Date","C103",,"posterior",985.5,0.000009944
3,"R_Date","C103",,"posterior",986.5,0.000013969
3,"R_Date","C103",,"posterior",987.5,0.000013728
3,"R_Date","C103",,"posterior",988.5,0.000009944
3,"R_Date","C103",,"posterior",989.5,0.000011363
3,"R_Date","C103",,"posterior",990.5,0.000015862
3,"R_Date","C103",,"posterior",991.5,0.000013023
3,"R_Date","C103",,"posterior",992.5,0.000026993
3,"R_Date","C103",,"posterior",993.5,0.00003291
3,"R_Date","C103",,"posterior",994.5,0.00004285
3,"R_Date","C103",,"posterior",995.5,0.00007623
3,"R_Date","C103",,"posterior",996.5,0.00009162
3,"R_Date","C103",,"posterior",997.5,0.00009612
3,"R_Date","C103",,"posterior",998.5,0.0001224
3,"R_Date","C103",,"posterior",999.5,0.00010606
3,"R_Date","C103",,"posterior",1000.5,0.00011884
3,"R_Date","C103",,"posterior",1001.5,0.00010559
3,"R_Date","C103",,"posterior",1002.5,0.00010417
3,"R_Date","C103",,"posterior",1003.5,0.00009943
3,"R_Date","C103",,"posterior",1004.5,0.00008878
3,"R_Date","C103",,"posterior",1005.5,0.00007955
3,"R_Date","C103",,"posterior",1006.5,0.00006723
3,"R_Date","C103",,"posterior",1007.5,0.00006203
3,"R_Date","C103",,"posterior",1008.5,0.00006037
3,"R_Date","C103",,"posterior",1009.5,0.00006653
3,"R_Date","C103",,"posterior",1010.5,0.00007055
3,"R_Date","C103",,"posterior",1011.5,0.0000741
3,"R_Date","C103",,"posterior",1012.5,0.00007505
3,"R_Date","C103",,"posterior",1013.5,0.00007434
3,"R_Date","C103",,"posterior",1014.5,0.00008712
3,"R_Date","C103",,"posterior",1015.5,0.00008357
3,"R_Date","C103",,"posterior",1016.5,0.00008428
3,"R_Date","C103",,"posterior",1017.5,0.00008357
3,"R_Date","C103",,"posterior",1018.5,0.00009517
3,"R_Date","C103",,"posterior",1019.5,0.00010369
3,"R_Date","C103",,"posterior",1020.5,0.00011719
3,"R_Date","C103",,"posterior",1021.5,0.00014323
3,"R_Date","C103",,"posterior",1022.5,0.00016075
3,"R_Date","C103",,"posterior",1023.5,0.00019554
3,"R_Date","C103",,"posterior",1024.5,0.00021473
3,"R_Date","C103",,"posterior",1025.5,0.00027273
3,"R_Date","C103",,"posterior",1026.5,0.00025971
3,"R_Date","C103",,"posterior",1027.5,0.00031392
3,"R_Date","C103",,"posterior",1028.5,0.0003331
3,"R_Date","C103",,"posterior",1029.5,0.0003613
3,"R_Date","C103",,"posterior",1030.5,0.0003883
3,"R_Date","C103",,"posterior",1031.5,0.0004264
3,"R_Date","C103",,"posterior",1032.5,0.000455
3,"R_Date","C103",,"posterior",1033.5,0.0005258
3,"R_Date","C103",,"posterior",1034.5,0.000549
3,"R_Date","C103",,"posterior",1035.5,0.0005907
3,"R_Date","C103",,"posterior",1036.5,0.0006506
3,"R_Date","C103",,"posterior",1037.5,0.0006657
3,"R_Date","C103",,"posterior",1038.5,0.0007434
3,"R_Date","C103",,"posterior",1039.5,0.0007805
3,"R_Date","C103",,"posterior",1040.5,0.0008016
3,"R_Date","C103",,"posterior",1041.5,0.000875
3,"R_Date","C103",,"posterior",1042.5,0.0008366
3,"R_Date","C103",,"posterior",1043.5,0.0008885
3,"R_Date","C103",,"posterior",1044.5,0.0009162
3,"R_Date","C103",,"posterior",1045.5,0.0009268
3,"R_Date","C103",,"posterior",1046.5,0.0009714
3,"R_Date","C103",,"posterior",1047.5,0.0010249
3,"R_Date","C103",,"posterior",1048.5,0.001138
3,"R_Date","C103",,"posterior",1049.5,0.0011709
3,"R_Date","C103",,"posterior",1050.5,0.0012419
3,"R_Date","C103",,"posterior",1051.5,0.0013904
3,"R_Date","C103",,"posterior",1052.5,0.001478
3,"R_Date","C103",,"posterior",1053.5,0.0015296
3,"R_Date","C103",,"posterior",1054.5,0.0016326
3,"R_Date","C103",,"posterior",1055.5,0.0017209
3,"R_Date","C103",,"posterior",1056.5,0.0017143
3,"R_Date","C103",,"posterior",1057.5,0.0017386
3,"R_Date","C103",,"posterior",1058.5,0.001652
3,"R_Date","C103",,"posterior",1059.5,0.0017263
3,"R_Date","C103",,"posterior",1060.5,0.0016771
3,"R_Date","C103",,"posterior",1061.5,0.0017358
3,"R_Date","C103",,"posterior",1062.5,0.0017472
3,"R_Date","C103",,"posterior",1063.5,0.0017081
3,"R_Date","C103",,"posterior",1064.5,0.001742
3,"R_Date","C103",,"posterior",1065.5,0.0018158
3,"R_Date","C103",,"posterior",1066.5,0.001768
3,"R_Date","C103",,"posterior",1067.5,0.001754
3,"R_Date","C103",,"posterior",1068.5,0.0018284
3,"R_Date","C103",,"posterior",1069.5,0.001889
3,"R_Date","C103",,"posterior",1070.5,0.0019039
3,"R_Date","C103",,"posterior",1071.5,0.0018913
3,"R_Date","C103",,"posterior",1072.5,0.0019337
3,"R_Date","C103",,"posterior",1073.5,0.0019718
3,"R_Date","C103",,"posterior",1074.5,0.0019347
3,"R_Date","C103",,"posterior",1075.5,0.0019919
3,"R_Date","C103",,"posterior",1076.5,0.0019983
3,"R_Date","C103",,"posterior",1077.5,0.0019898
3,"R_Date","C103",,"posterior",1078.5,0.0019212
3,"R_Date","C103",,"posterior",1079.5,0.0019276
3,"R_Date","C103",,"posterior",1080.5,0.0017912
3,"R_Date","C103",,"posterior",1081.5,0.0017285
3,"R_Date","C103",,"posterior",1082.5,0.0016274
3,"R_Date","C103",,"posterior",1083.5,0.0016378
3,"R_Date","C103",,"posterior",1084.5,0.001541
3,"R_Date","C103",,"posterior",1085.5,0.0014825
3,"R_Date","C103",,"posterior",1086.5,0.0014957
3,"R_Date","C103",,"posterior",1087.5,0.0014692
3,"R_Date","C103",,"posterior",1088.5,0.0014115
3,"R_Date","C103",,"posterior",1089.5,0.0014571
3,"R_Date","C103",,"posterior",1090.5,0.0014706
3,"R_Date","C103",,"posterior",1091.5,0.001469
3,"R_Date","C103",,"posterior",1092.5,0.0015064
3,"R_Date","C103",,"posterior",1093.5,0.0016051
3,"R_Date","C103",,"posterior",1094.5,0.0016941
3,"R_Date","C103",,"posterior",1095.5,0.0017867
3,"R_Date","C103",,"posterior",1096.5,0.0018816
3,"R_Date","C103",,"posterior",1097.5,0.0019134
3,"R_Date","C103",,"posterior",1098.5,0.001928
3,"R_Date","C103",,"posterior",1099.5,0.0019706
3,"R_Date","C103",,"posterior",1100.5,0.0019392
3,"R_Date","C103",,"posterior",1101.5,0.002009
3,"R_Date","C103",,"posterior",1102.5,0.0019214
3,"R_Date","C103",,"posterior",1103.5,0.0019318
3,"R_Date","C103",,"posterior",1104.5,0.0018812
3,"R_Date","C103",,"posterior",1105.5,0.001822
3,"R_Date","C103",,"posterior",1106.5,0.0017839
3,"R_Date","C103",,"posterior",1107.5,0.0017554
3,"R_Date","C103",,"posterior",1108.5,0.0017228
3,"R_Date","C103",,"posterior",1109.5,0.001724
3,"R_Date","C103",,"posterior",1110.5,0.0016903
3,"R_Date","C103",,"posterior",1111.5,0.0017308
3,"R_Date","C103",,"posterior",1112.5,0.0017467
3,"R_Date","C103",,"posterior",1113.5,0.0017765
3,"R_Date","C103",,"posterior",1114.5,0.0018532
3,"R_Date","C103",,"posterior",1115.5,0.0019226
3,"R_Date","C103",,"posterior",1116.5,0.00195
3,"R_Date","C103",,"posterior",1117.5,0.0020253
3,"R_Date","C103",,"posterior",1118.5,0.0020803
3,"R_Date","C103",,"posterior",1119.5,0.0021295
3,"R_Date","C103",,"posterior",1120.5,0.0021705
3,"R_Date","C103",,"posterior",1121.5,0.0021979
3,"R_Date","C103",,"posterior",1122.5,0.0022933
3,"R_Date","C103",,"posterior",1123.5,0.0023395
3,"R_Date","C103",,"posterior",1124.5,0.0023629
3,"R_Date","C103",,"posterior",1125.5,0.0024337
3,"R_Date","C103",,"posterior",1126.5,0.0024941
3,"R_Date","C103",,"posterior",1127.5,0.0025599
3,"R_Date","C103",,"posterior",1128.5,0.0027076
3,"R_Date","C103",,"posterior",1129.5,0.0027211
3,"R_Date","C103",,"posterior",1130.5,0.0028222
3,"R_Date","C103",,"posterior",1131.5,0.0028288
3,"R_Date","C103",,"posterior",1132.5,0.0028288
3,"R_Date","C103",,"posterior",1133.5,0.00292
3,"R_Date","C103",,"posterior",1134.5,0.0029983
3,"R_Date","C103",,"posterior",1135.5,0.0030185
3,"R_Date","C103",,"posterior",1136.5,0.0030414
3,"R_Date","C103",,"posterior",1137.5,0.0030284
3,"R_Date","C103",,"posterior",1138.5,0.002964
3,"R_Date","C103",,"posterior",1139.5,0.0028999
3,"R_Date","C103",,"posterior",1140.5,0.0029018
3,"R_Date","C103",,"posterior",1141.5,0.0028617
3,"R_Date","C103",,"posterior",1142.5,0.0028298
3,"R_Date","C103",,"posterior",1143.5,0.0028281
3,"R_Date","C103",,"posterior",1144.5,0.0027981
3,"R_Date","C103",,"posterior",1145.5,0.002892
3,"R_Date","C103",,"posterior",1146.5,0.0029039
3,"R_Date","C103",,"posterior",1147.5,0.0029803
3,"R_Date","C103",,"posterior",1148.5,0.0030715
3,"R_Date","C103",,"posterior",1149.5,0.003233
3,"R_Date","C103",,"posterior",1150.5,0.003262
3,"R_Date","C103",,"posterior",1151.5,0.00339
3,"R_Date","C103",,"posterior",1152.5,0.003482
3,"R_Date","C103",,"posterior",1153.5,0.003691
3,"R_Date","C103",,"posterior",1154.5,0.003927
3,"R_Date","C103",,"posterior",1155.5,0.004187
3,"R_Date","C103",,"posterior",1156.5,0.004508
3,"R_Date","C103",,"posterior",1157.5,0.004744
3,"R_Date","C103",,"posterior",1158.5,0.004975
3,"R_Date","C103",,"posterior",1159.5,0.005279
3,"R_Date","C103",,"posterior",1160.5,0.005482
3,"R_Date","C103",,"posterior",1161.5,0.005657
3,"R_Date","C103",,"posterior",1162.5,0.005954
3,"R_Date","C103",,"posterior",1163.5,0.006106
3,"R_Date","C103",,"posterior",1164.5,0.006276
3,"R_Date","C103",,"posterior",1165.5,0.006419
3,"R_Date","C103",,"posterior",1166.5,0.006567
3,"R_Date","C103",,"posterior",1167.5,0.006764
3,"R_Date","C103",,"posterior",1168.5,0.006754
3,"R_Date","C103",,"posterior",1169.5,0.006987
3,"R_Date","C103",,"posterior",1170.5,0.006893
3,"R_Date","C103",,"posterior",1171.5,0.007066
3,"R_Date","C103",,"posterior",1172.5,0.006988
3,"R_Date","C103",,"posterior",1173.5,0.007076
3,"R_Date","C103",,"posterior",1174.5,0.007121
3,"R_Date","C103",,"posterior",1175.5,0.007252
3,"R_Date","C103",,"posterior",1176.5,0.00725
3,"R_Date","C103",,"posterior",1177.5,0.007523
3,"R_Date","C103",,"posterior",1178.5,0.007552
3,"R_Date","C103",,"posterior",1179.5,0.007631
3,"R_Date","C103",,"posterior",1180.5,0.007879
3,"R_Date","C103",,"posterior",1181.5,0.007912
3,"R_Date","C103",,"posterior",1182.5,0.008029
3,"R_Date","C103",,"posterior",1183.5,0.008081
3,"R_Date","C103",,"posterior",1184.5,0.00819
3,"R_Date","C103",,"posterior",1185.5,0.008016
3,"R_Date","C103",,"posterior",1186.5,0.008151
3,"R_Date","C103",,"posterior",1187.5,0.008164
3,"R_Date","C103",,"posterior",1188.5,0.008199
3,"R_Date","C103",,"posterior",1189.5,0.008267
3,"R_Date","C103",,"posterior",1190.5,0.008304
3,"R_Date","C103",,"posterior",1191.5,0.008161
3,"R_Date","C103",,"posterior",1192.5,0.008218
3,"R_Date","C103",,"posterior",1193.5,0.008182
3,"R_Date","C103",,"posterior",1194.5,0.008196
3,"R_Date","C103",,"posterior",1195.5,0.008081
3,"R_Date","C103",,"posterior",1196.5,0.00822
3,"R_Date","C103",,"posterior",1197.5,0.008051
3,"R_Date","C103",,"posterior",1198.5,0.008156
3,"R_Date","C103",,"posterior",1199.5,0.008269
3,"R_Date","C103",,"posterior",1200.5,0.008349
3,"R_Date","C103",,"posterior",1201.5,0.008442
3,"R_Date","C103",,"posterior",1202.5,0.008549
3,"R_Date","C103",,"posterior",1203.5,0.008743
3,"R_Date","C103",,"posterior",1204.5,0.008691
3,"R_Date","C103",,"posterior",1205.5,0.008603
3,"R_Date","C103",,"posterior",1206.5,0.008681
3,"R_Date","C103",,"posterior",1207.5,0.008657
3,"R_Date","C103",,"posterior",1208.5,0.008729
3,"R_Date","C103",,"posterior",1209.5,0.00882
3,"R_Date","C103",,"posterior",1210.5,0.008686
3,"R_Date","C103",,"posterior",1211.5,0.00879
3,"R_Date","C103",,"posterior",1212.5,0.008784
3,"R_Date","C103",,"posterior",1213.5,0.008721
3,"R_Date","C103",,"posterior",1214.5,0.008926
3,"R_Date","C103",,"posterior",1215.5,0.008801
3,"R_Date","C103",,"posterior",1216.5,0.008789
3,"R_Date","C103",,"posterior",1217.5,0.008858
3,"R_Date","C103",,"posterior",1218.5,0.008691
3,"R_Date","C103",,"posterior",1219.5,0.008747
3,"R_Date","C103",,"posterior",1220.5,0.00854
3,"R_Date","C103",,"posterior",1221.5,0.00835
3,"R_Date","C103",,"posterior",1222.5,0.008188
3,"R_Date","C103",,"posterior",1223.5,0.007799
3,"R_Date","C103",,"posterior",1224.5,0.007745
3,"R_Date","C103",,"posterior",1225.5,0.007543
3,"R_Date","C103",,"posterior",1226.5,0.007238
3,"R_Date","C103",,"posterior",1227.5,0.007125
3,"R_Date","C103",,"posterior",1228.5,0.006995
3,"R_Date","C103",,"posterior",1229.5,0.006863
3,"R_Date","C103",,"posterior",1230.5,0.006668
3,"R_Date","C103",,"posterior",1231.5,0.006492
3,"R_Date","C103",,"posterior",1232.5,0.006452
3,"R_Date","C103",,"posterior",1233.5,0.006241
3,"R_Date","C103",,"posterior",1234.5,0.006108
3,"R_Date","C103",,"posterior",1235.5,0.005972
3,"R_Date","C103",,"posterior",1236.5,0.005931
3,"R_Date","C103",,"posterior",1237.5,0.005816
3,"R_Date","C103",,"posterior",1238.5,0.005757
3,"R_Date","C103",,"posterior",1239.5,0.005835
3,"R_Date","C103",,"posterior",1240.5,0.005732
3,"R_Date","C103",,"posterior",1241.5,0.005662
3,"R_Date","C103",,"posterior",1242.5,0.005551
3,"R_Date","C103",,"posterior",1243.5,0.005521
3,"R_Date","C103",,"posterior",1244.5,0.005521
3,"R_Date","C103",,"posterior",1245.5,0.005388
3,"R_Date","C103",,"posterior",1246.5,0.0053
3,"R_Date","C103",,"posterior",1247.5,0.005227
3,"R_Date","C103",,"posterior",1248.5,0.005167
3,"R_Date","C103",,"posterior",1249.5,0.005073
3,"R_Date","C103",,"posterior",1250.5,0.004915
3,"R_Date","C103",,"posterior",1251.5,0.00482
3,"R_Date","C103",,"posterior",1252.5,0.004585
3,"R_Date","C103",,"posterior",1253.5,0.004347
3,"R_Date","C103",,"posterior",1254.5,0.004239
3,"R_Date","C103",,"posterior",1255.5,0.004016
3,"R_Date","C103",,"posterior",1256.5,0.003906
3,"R_Date","C103",,"posterior",1257.5,0.003709
3,"R_Date","C103",,"posterior",1258.5,0.003526
3,"R_Date","C103",,"posterior",1259.5,0.00331
3,"R_Date","C103",,"posterior",1260.5,0.0030935
3,"R_Date","C103",,"posterior",1261.5,0.0028101
3,"R_Date","C103",,"posterior",1262.5,0.002602
3,"R_Date","C103",,"posterior",1263.5,0.0023849
3,"R_Date","C103",,"posterior",1264.5,0.0021217
3,"R_Date","C103",,"posterior",1265.5,0.001911
3,"R_Date","C103",,"posterior",1266.5,0.0017
3,"R_Date","C103",,"posterior",1267.5,0.0014936
3,"R_Date","C103",,"posterior",1268.5,0.0013265
3,"R_Date","C103",,"posterior",1269.5,0.0011335
3,"R_Date","C103",,"posterior",1270.5,0.0009626
3,"R_Date","C103",,"posterior",1271.5,0.0008395
3,"R_Date","C103",,"posterior",1272.5,0.0007071
3,"R_Date","C103",,"posterior",1273.5,0.0005793
3,"R_Date","C103",,"posterior",1274.5,0.0005026
3,"R_Date","C103",,"posterior",1275.5,0.0004134
3,"R_Date","C103",,"posterior",1276.5,0.0003246
3,"R_Date","C103",,"posterior",1277.5,0.00025521
3,"R_Date","C103",,"posterior",1278.5,0.00022443
3,"R_Date","C103",,"posterior",1279.5,0.00015909
3,"R_Date","C103",,"posterior",1280.5,0.0001392
3,"R_Date","C103",,"posterior",1281.5,0.0001089
3,"R_Date","C103",,"posterior",1282.5,0.00009328
3,"R_Date","C103",,"posterior",1283.5,0.00007268
3,"R_Date","C103",,"posterior",1284.5,0.00007315
3,"R_Date","C103",,"posterior",1285.5,0.00005516
3,"R_Date","C103",,"posterior",1286.5,0.00004877
3,"R_Date","C103",,"posterior",1287.5,0.00003953
3,"R_Date","C103",,"posterior",1288.5,0.0000367
3,"R_Date","C103",,"posterior",1289.5,0.00003859
3,"R_Date","C103",,"posterior",1290.5,0.00004048
3,"R_Date","C103",,"posterior",1291.5,0.00003267
3,"R_Date","C103",,"posterior",1292.5,0.000029358
3,"R_Date","C103",,"posterior",1293.5,0.000030536
3,"R_Date","C103",,"posterior",1294.5,0.000027698
3,"R_Date","C103",,"posterior",1295.5,0.000030304
3,"R_Date","C103",,"posterior",1296.5,0.000027225
3,"R_Date","C103",,"posterior",1297.5,0.000027466
3,"R_Date","C103",,"posterior",1298.5,0.0000187
3,"R_Date","C103",,"posterior",1299.5,0.000011363
3,"R_Date","C103",,"posterior",1300.5,0.000013255
3,"R_Date","C103",,"posterior",1301.5,0.000014201
3,"R_Date","C103",,"posterior",1302.5,0.000010417
3,"R_Date","C103",,"posterior",1303.5,0.00001255
3,"R_Date","C103",,"posterior",1304.5,0.00000923
3,"R_Date","C103",,"posterior",1305.5,0.000011604
3,"R_Date","C103",,"posterior",1306.5,0.000006632
3,"R_Date","C103",,"posterior",1307.5,0.000003553
3,"R_Date","C103",,"posterior",1308.5,0.000004026
3,"R_Date","C103",,"posterior",1309.5,0.000004499
3,"R_Date","C103",,"posterior",1310.5,0.000006632
3,"R_Date","C103",,"posterior",1311.5,0.000005918
3,"R_Date","C103",,"posterior",1312.5,0.000003312
3,"R_Date","C103",,"posterior",1313.5,0.0000023654
3,"R_Date","C103",,"posterior",1314.5,0.0000026064
3,"R_Date","C103",,"posterior",1315.5,0.000004026
3,"R_Date","C103",,"posterior",1316.5,0.0000018923
3,"R_Date","C103",,"posterior",1317.5,0.000003312
3,"R_Date","C103",,"posterior",1318.5,0.000003553
3,"R_Date","C103",,"posterior",1319.5,0.0000018923
3,"R_Date","C103",,"posterior",1320.5,0.000003312
3,"R_Date","C103",,"posterior",1321.5,0.0000014193
3,"R_Date","C103",,"posterior",1322.5,0.0000014193
3,"R_Date","C103",,"posterior",1323.5,0.0000016603
3,"R_Date","C103",,"posterior",1324.5,0.0000014193
3,"R_Date","C103",,"posterior",1325.5,0.0000014193
3,"R_Date","C103",,"posterior",1326.5,7.141e-7
3,"R_Date","C103",,"posterior",1327.5,7.141e-7
3,"R_Date","C103",,"posterior",1328.5,0.0000016603
3,"R_Date","C103",,"posterior",1329.5,2.4101e-7
3,"R_Date","C103",,"posterior",1330.5,4.731e-7
3,"R_Date","C103",,"posterior",1331.5,0
3,"R_Date","C103",,"posterior",1332.5,0
3,"R_Date","C103",,"posterior",1333.5,2.4101e-7
3,"R_Date","C103",,"posterior",1334.5,2.4101e-7
3,"R_Date","C103",,"posterior",1335.5,2.4101e-7
3,"R_Date","C103",,"posterior",1336.5,4.731e-7
3,"R_Date","C103",,"posterior",1337.5,2.4101e-7
3,"R_Date","C103",,"posterior",1338.5,4.731e-7
3,"R_Date","C103",,"posterior",1339.5,0
3,"R_Date","C103",,"posterior",1340.5,4.731e-7
3,"R_Date","C103",,"posterior",1341.5,0
3,"R_Date","C103",,"posterior",1342.5,0
3,"R_Date","C103",,"posterior",1343.5,9.462e-7
3,"R_Date","C103",,"posterior",1344.5,4.731e-7
3,"R_Date","C103",,"posterior",1345.5,2.4101e-7
3,"R_Date","C103",,"posterior",1346.5,2.4101e-7
3,"R_Date","C103",,"posterior",1347.5,2.4101e-7
3,"R_Date","C103",,"posterior",1348.5,2.4101e-7
3,"R_Date","C103",,"posterior",1349.5,7.141e-7
3,"R_Date","C103",,"posterior",1350.5,4.731e-7
3,"R_Date","C103",,"posterior",1351.5,2.4101e-7
3,"R_Date","C103",,"posterior",1352.5,2.4101e-7
3,"R_Date","C103",,"posterior",1353.5,2.4101e-7
3,"R_Date","C103",,"posterior",1354.5,0
3,"R_Date","C103",,"posterior",1355.5,2.4101e-7
3,"R_Date","C103",,"posterior",1356.5,2.4101e-7
3,"R_Date","C103",,"posterior",1357.5,9.462e-7
3,"R_Date","C103",,"posterior",1358.5,4.731e-7
3,"R_Date","C103",,"posterior",1359.5,2.4101e-7
3,"R_Date","C103",,"posterior",1360.5,2.4101e-7
3,"R_Date","C103",,"posterior",1361.5,9.462e-7
3,"R_Date","C103",,"posterior",1362.5,2.4101e-7
3,"R_Date","C103",,"posterior",1363.5,4.731e-7
3,"R_Date","C103",,"posterior",1364.5,9.462e-7
3,"R_Date","C103",,"posterior",1365.5,0.0000011872
3,"R_Date","C103",,"posterior",1366.5,2.4101e-7
3,"R_Date","C103",,"posterior",1367.5,2.4101e-7
3,"R_Date","C103",,"posterior",1368.5,0.0000016603
3,"R_Date","C103",,"posterior",1369.5,2.4101e-7
3,"R_Date","C103",,"posterior",1370.5,7.141e-7
3,"R_Date","C103",,"posterior",1371.5,4.731e-7
3,"R_Date","C103",,"posterior",1372.5,0.0000016603
3,"R_Date","C103",,"posterior",1373.5,0
3,"R_Date","C103",,"posterior",1374.5,0
3,"R_Date","C103",,"posterior",1375.5,4.731e-7
3,"R_Date","C103",,"posterior",1376.5,2.4101e-7
4,"Calculate","Event 6",,"posterior",892.5,0
4,"Calculate","Event 6",,"posterior",893.5,0
4,"Calculate","Event 6",,"posterior",894.5,0
4,"Calculate","Event 6",,"posterior",895.5,4.696e-7
4,"Calculate","Event 6",,"posterior",896.5,0
4,"Calculate","Event 6",,"posterior",897.5,0
4,"Calculate","Event 6",,"posterior",898.5,0
4,"Calculate","Event 6",,"posterior",899.5,0
4,"Calculate","Event 6",,"posterior",900.5,2.4082e-7
4,"Calculate","Event 6",,"posterior",901.5,0
4,"Calculate","Event 6",,"posterior",902.5,0
4,"Calculate","Event 6",,"posterior",903.5,2.4082e-7
4,"Calculate","Event 6",,"posterior",904.5,4.696e-7
4,"Calculate","Event 6",,"posterior",905.5,0
4,"Calculate","Event 6",,"posterior",906.5,0
4,"Calculate","Event 6",,"posterior",907.5,0
4,"Calculate","Event 6",,"posterior",908.5,0
4,"Calculate","Event 6",,"posterior",909.5,0
4,"Calculate","Event 6",,"posterior",910.5,2.4082e-7
4,"Calculate","Event 6",,"posterior",911.5,0
4,"Calculate","Event 6",,"posterior",912.5,4.696e-7
4,"Calculate","Event 6",,"posterior",913.5,0
4,"Calculate","Event 6",,"posterior",914.5,0
4,"Calculate","Event 6",,"posterior",915.5,2.4082e-7
4,"Calculate","Event 6",,"posterior",916.5,0
4,"Calculate","Event 6",,"posterior",917.5,4.696e-7
4,"Calculate","Event 6",,"posterior",918.5,4.696e-7
4,"Calculate","Event 6",,"posterior",919.5,0
4,"Calculate","Event 6",,"posterior",920.5,2.4082e-7
4,"Calculate","Event 6",,"posterior",921.5,2.4082e-7
4,"Calculate","Event 6",,"posterior",922.5,2.4082e-7
4,"Calculate","Event 6",,"posterior",923.5,4.696e-7
4,"Calculate","Event 6",,"posterior",924.5,4.696e-7
4,"Calculate","Event 6",,"posterior",925.5,4.696e-7
4,"Calculate","Event 6",,"posterior",926.5,2.4082e-7
4,"Calculate","Event 6",,"posterior",927.5,0
4,"Calculate","Event 6",,"posterior",928.5,4.696e-7
4,"Calculate","Event 6",,"posterior",929.5,2.4082e-7
4,"Calculate","Event 6",,"posterior",930.5,2.4082e-7
4,"Calculate","Event 6",,"posterior",931.5,4.696e-7
4,"Calculate","Event 6",,"posterior",932.5,4.696e-7
4,"Calculate","Event 6",,"posterior",933.5,7.104e-7
4,"Calculate","Event 6",,"posterior",934.5,7.104e-7
4,"Calculate","Event 6",,"posterior",935.5,2.4082e-7
4,"Calculate","Event 6",,"posterior",936.5,7.104e-7
4,"Calculate","Event 6",,"posterior",937.5,4.696e-7
4,"Calculate","Event 6",,"posterior",938.5,9.512e-7
4,"Calculate","Event 6",,"posterior",939.5,2.4082e-7
4,"Calculate","Event 6",,"posterior",940.5,4.696e-7
4,"Calculate","Event 6",,"posterior",941.5,2.4082e-7
4,"Calculate","Event 6",,"posterior",942.5,2.4082e-7
4,"Calculate","Event 6",,"posterior",943.5,2.4082e-7
4,"Calculate","Event 6",,"posterior",944.5,7.104e-7
4,"Calculate","Event 6",,"posterior",945.5,7.104e-7
4,"Calculate","Event 6",,"posterior",946.5,2.4082e-7
4,"Calculate","Event 6",,"posterior",947.5,7.104e-7
4,"Calculate","Event 6",,"posterior",948.5,0
4,"Calculate","Event 6",,"posterior",949.5,2.4082e-7
4,"Calculate","Event 6",,"posterior",950.5,4.696e-7
4,"Calculate","Event 6",,"posterior",951.5,0.00000118
4,"Calculate","Event 6",,"posterior",952.5,7.104e-7
4,"Calculate","Event 6",,"posterior",953.5,4.696e-7
4,"Calculate","Event 6",,"posterior",954.5,7.104e-7
4,"Calculate","Event 6",,"posterior",955.5,4.696e-7
4,"Calculate","Event 6",,"posterior",956.5,4.696e-7
4,"Calculate","Event 6",,"posterior",957.5,4.696e-7
4,"Calculate","Event 6",,"posterior",958.5,7.104e-7
4,"Calculate","Event 6",,"posterior",959.5,0
4,"Calculate","Event 6",,"posterior",960.5,4.696e-7
4,"Calculate","Event 6",,"posterior",961.5,0
4,"Calculate","Event 6",,"posterior",962.5,0
4,"Calculate","Event 6",,"posterior",963.5,4.696e-7
4,"Calculate","Event 6",,"posterior",964.5,7.104e-7
4,"Calculate","Event 6",,"posterior",965.5,0.00000118
4,"Calculate","Event 6",,"posterior",966.5,9.512e-7
4,"Calculate","Event 6",,"posterior",967.5,0.0000014208
4,"Calculate","Event 6",,"posterior",968.5,0.0000014208
4,"Calculate","Event 6",,"posterior",969.5,2.4082e-7
4,"Calculate","Event 6",,"posterior",970.5,7.104e-7
4,"Calculate","Event 6",,"posterior",971.5,4.696e-7
4,"Calculate","Event 6",,"posterior",972.5,0
4,"Calculate","Event 6",,"posterior",973.5,7.104e-7
4,"Calculate","Event 6",,"posterior",974.5,0.00000118
4,"Calculate","Event 6",,"posterior",975.5,4.696e-7
4,"Calculate","Event 6",,"posterior",976.5,0.0000016617
4,"Calculate","Event 6",,"posterior",977.5,7.104e-7
4,"Calculate","Event 6",,"posterior",978.5,0.00000118
4,"Calculate","Event 6",,"posterior",979.5,9.512e-7
4,"Calculate","Event 6",,"posterior",980.5,0.00000118
4,"Calculate","Event 6",,"posterior",981.5,0.0000016617
4,"Calculate","Event 6",,"posterior",982.5,0.0000016617
4,"Calculate","Event 6",,"posterior",983.5,4.696e-7
4,"Calculate","Event 6",,"posterior",984.5,0.0000016617
4,"Calculate","Event 6",,"posterior",985.5,0.0000016617
4,"Calculate","Event 6",,"posterior",986.5,0.0000014208
4,"Calculate","Event 6",,"posterior",987.5,0.0000016617
4,"Calculate","Event 6",,"posterior",988.5,7.104e-7
4,"Calculate","Event 6",,"posterior",989.5,2.4082e-7
4,"Calculate","Event 6",,"posterior",990.5,0.0000014208
4,"Calculate","Event 6",,"posterior",991.5,0.0000014208
4,"Calculate","Event 6",,"posterior",992.5,0.0000014208
4,"Calculate","Event 6",,"posterior",993.5,9.512e-7
4,"Calculate","Event 6",,"posterior",994.5,0.00000118
4,"Calculate","Event 6",,"posterior",995.5,0.0000018904
4,"Calculate","Event 6",,"posterior",996.5,0.0000018904
4,"Calculate","Event 6",,"posterior",997.5,0.0000023721
4,"Calculate","Event 6",,"posterior",998.5,0.000003311
4,"Calculate","Event 6",,"posterior",999.5,0.0000026009
4,"Calculate","Event 6",,"posterior",1000.5,0.000004732
4,"Calculate","Event 6",,"posterior",1001.5,0.000004263
4,"Calculate","Event 6",,"posterior",1002.5,0.000005924
4,"Calculate","Event 6",,"posterior",1003.5,0.000004263
4,"Calculate","Event 6",,"posterior",1004.5,0.000006394
4,"Calculate","Event 6",,"posterior",1005.5,0.000004732
4,"Calculate","Event 6",,"posterior",1006.5,0.000007345
4,"Calculate","Event 6",,"posterior",1007.5,0.000007574
4,"Calculate","Event 6",,"posterior",1008.5,0.000007574
4,"Calculate","Event 6",,"posterior",1009.5,0.000005683
4,"Calculate","Event 6",,"posterior",1010.5,0.000008284
4,"Calculate","Event 6",,"posterior",1011.5,0.000008525
4,"Calculate","Event 6",,"posterior",1012.5,0.000010885
4,"Calculate","Event 6",,"posterior",1013.5,0.000009464
4,"Calculate","Event 6",,"posterior",1014.5,0.000009464
4,"Calculate","Event 6",,"posterior",1015.5,0.000008754
4,"Calculate","Event 6",,"posterior",1016.5,0.000008525
4,"Calculate","Event 6",,"posterior",1017.5,0.000008284
4,"Calculate","Event 6",,"posterior",1018.5,0.000008754
4,"Calculate","Event 6",,"posterior",1019.5,0.000008043
4,"Calculate","Event 6",,"posterior",1020.5,0.000010175
4,"Calculate","Event 6",,"posterior",1021.5,0.000011836
4,"Calculate","Event 6",,"posterior",1022.5,0.000013727
4,"Calculate","Event 6",,"posterior",1023.5,0.000015148
4,"Calculate","Event 6",,"posterior",1024.5,0.000014678
4,"Calculate","Event 6",,"posterior",1025.5,0.000015388
4,"Calculate","Event 6",,"posterior",1026.5,0.000015388
4,"Calculate","Event 6",,"posterior",1027.5,0.000015148
4,"Calculate","Event 6",,"posterior",1028.5,0.00001776
4,"Calculate","Event 6",,"posterior",1029.5,0.000023432
4,"Calculate","Event 6",,"posterior",1030.5,0.000020361
4,"Calculate","Event 6",,"posterior",1031.5,0.000021541
4,"Calculate","Event 6",,"posterior",1032.5,0.000028405
4,"Calculate","Event 6",,"posterior",1033.5,0.000022962
4,"Calculate","Event 6",,"posterior",1034.5,0.000030066
4,"Calculate","Event 6",,"posterior",1035.5,0.0000322
4,"Calculate","Event 6",,"posterior",1036.5,0.00003693
4,"Calculate","Event 6",,"posterior",1037.5,0.00003575
4,"Calculate","Event 6",,"posterior",1038.5,0.00003882
4,"Calculate","Event 6",,"posterior",1039.5,0.00004474
4,"Calculate","Event 6",,"posterior",1040.5,0.00005019
4,"Calculate","Event 6",,"posterior",1041.5,0.00005658
4,"Calculate","Event 6",,"posterior",1042.5,0.00005421
4,"Calculate","Event 6",,"posterior",1043.5,0.00005374
4,"Calculate","Event 6",,"posterior",1044.5,0.00006273
4,"Calculate","Event 6",,"posterior",1045.5,0.00007126
4,"Calculate","Event 6",,"posterior",1046.5,0.00007268
4,"Calculate","Event 6",,"posterior",1047.5,0.00007647
4,"Calculate","Event 6",,"posterior",1048.5,0.00008049
4,"Calculate","Event 6",,"posterior",1049.5,0.00008238
4,"Calculate","Event 6",,"posterior",1050.5,0.00009754
4,"Calculate","Event 6",,"posterior",1051.5,0.00009777
4,"Calculate","Event 6",,"posterior",1052.5,0.00010725
4,"Calculate","Event 6",,"posterior",1053.5,0.00012027
4,"Calculate","Event 6",,"posterior",1054.5,0.00011647
4,"Calculate","Event 6",,"posterior",1055.5,0.00013186
4,"Calculate","Event 6",,"posterior",1056.5,0.00013732
4,"Calculate","Event 6",,"posterior",1057.5,0.00013897
4,"Calculate","Event 6",,"posterior",1058.5,0.00016122
4,"Calculate","Event 6",,"posterior",1059.5,0.0001688
4,"Calculate","Event 6",,"posterior",1060.5,0.0001778
4,"Calculate","Event 6",,"posterior",1061.5,0.00018395
4,"Calculate","Event 6",,"posterior",1062.5,0.00018939
4,"Calculate","Event 6",,"posterior",1063.5,0.00020715
4,"Calculate","Event 6",,"posterior",1064.5,0.00022135
4,"Calculate","Event 6",,"posterior",1065.5,0.00023556
4,"Calculate","Event 6",,"posterior",1066.5,0.00023509
4,"Calculate","Event 6",,"posterior",1067.5,0.00024006
4,"Calculate","Event 6",,"posterior",1068.5,0.00025261
4,"Calculate","Event 6",,"posterior",1069.5,0.00025213
4,"Calculate","Event 6",,"posterior",1070.5,0.00028338
4,"Calculate","Event 6",,"posterior",1071.5,0.00027344
4,"Calculate","Event 6",,"posterior",1072.5,0.0003028
4,"Calculate","Event 6",,"posterior",1073.5,0.00028432
4,"Calculate","Event 6",,"posterior",1074.5,0.0003028
4,"Calculate","Event 6",,"posterior",1075.5,0.0003009
4,"Calculate","Event 6",,"posterior",1076.5,0.0003187
4,"Calculate","Event 6",,"posterior",1077.5,0.0003397
4,"Calculate","Event 6",,"posterior",1078.5,0.000361
4,"Calculate","Event 6",,"posterior",1079.5,0.0003561
4,"Calculate","Event 6",,"posterior",1080.5,0.0003759
4,"Calculate","Event 6",,"posterior",1081.5,0.0004008
4,"Calculate","Event 6",,"posterior",1082.5,0.0003975
4,"Calculate","Event 6",,"posterior",1083.5,0.0003904
4,"Calculate","Event 6",,"posterior",1084.5,0.0004202
4,"Calculate","Event 6",,"posterior",1085.5,0.0004195
4,"Calculate","Event 6",,"posterior",1086.5,0.0004287
4,"Calculate","Event 6",,"posterior",1087.5,0.0004276
4,"Calculate","Event 6",,"posterior",1088.5,0.000451
4,"Calculate","Event 6",,"posterior",1089.5,0.0004541
4,"Calculate","Event 6",,"posterior",1090.5,0.0004548
4,"Calculate","Event 6",,"posterior",1091.5,0.00046
4,"Calculate","Event 6",,"posterior",1092.5,0.0004756
4,"Calculate","Event 6",,"posterior",1093.5,0.0004557
4,"Calculate","Event 6",,"posterior",1094.5,0.0005012
4,"Calculate","Event 6",,"posterior",1095.5,0.0004903
4,"Calculate","Event 6",,"posterior",1096.5,0.000523
4,"Calculate","Event 6",,"posterior",1097.5,0.0005114
4,"Calculate","Event 6",,"posterior",1098.5,0.000541
4,"Calculate","Event 6",,"posterior",1099.5,0.000541
4,"Calculate","Event 6",,"posterior",1100.5,0.0005992
4,"Calculate","Event 6",,"posterior",1101.5,0.0005734
4,"Calculate","Event 6",,"posterior",1102.5,0.0005748
4,"Calculate","Event 6",,"posterior",1103.5,0.0005987
4,"Calculate","Event 6",,"posterior",1104.5,0.0006193
4,"Calculate","Event 6",,"posterior",1105.5,0.0006418
4,"Calculate","Event 6",,"posterior",1106.5,0.0006456
4,"Calculate","Event 6",,"posterior",1107.5,0.0006477
4,"Calculate","Event 6",,"posterior",1108.5,0.0006664
4,"Calculate","Event 6",,"posterior",1109.5,0.0006565
4,"Calculate","Event 6",,"posterior",1110.5,0.0007173
4,"Calculate","Event 6",,"posterior",1111.5,0.0007162
4,"Calculate","Event 6",,"posterior",1112.5,0.0007209
4,"Calculate","Event 6",,"posterior",1113.5,0.0007308
4,"Calculate","Event 6",,"posterior",1114.5,0.0007564
4,"Calculate","Event 6",,"posterior",1115.5,0.0007486
4,"Calculate","Event 6",,"posterior",1116.5,0.0007521
4,"Calculate","Event 6",,"posterior",1117.5,0.0007725
4,"Calculate","Event 6",,"posterior",1118.5,0.0008082
4,"Calculate","Event 6",,"posterior",1119.5,0.0008045
4,"Calculate","Event 6",,"posterior",1120.5,0.0008158
4,"Calculate","Event 6",,"posterior",1121.5,0.0008369
4,"Calculate","Event 6",,"posterior",1122.5,0.0008644
4,"Calculate","Event 6",,"posterior",1123.5,0.0008598
4,"Calculate","Event 6",,"posterior",1124.5,0.0009055
4,"Calculate","Event 6",,"posterior",1125.5,0.0009287
4,"Calculate","Event 6",,"posterior",1126.5,0.0009141
4,"Calculate","Event 6",,"posterior",1127.5,0.0009515
4,"Calculate","Event 6",,"posterior",1128.5,0.0009844
4,"Calculate","Event 6",,"posterior",1129.5,0.0009931
4,"Calculate","Event 6",,"posterior",1130.5,0.0010372
4,"Calculate","Event 6",,"posterior",1131.5,0.0010133
4,"Calculate","Event 6",,"posterior",1132.5,0.0010592
4,"Calculate","Event 6",,"posterior",1133.5,0.0010739
4,"Calculate","Event 6",,"posterior",1134.5,0.0011184
4,"Calculate","Event 6",,"posterior",1135.5,0.0011188
4,"Calculate","Event 6",,"posterior",1136.5,0.0011411
4,"Calculate","Event 6",,"posterior",1137.5,0.0011847
4,"Calculate","Event 6",,"posterior",1138.5,0.0011783
4,"Calculate","Event 6",,"posterior",1139.5,0.0012206
4,"Calculate","Event 6",,"posterior",1140.5,0.0012299
4,"Calculate","Event 6",,"posterior",1141.5,0.0012517
4,"Calculate","Event 6",,"posterior",1142.5,0.0013075
4,"Calculate","Event 6",,"posterior",1143.5,0.0013037
4,"Calculate","Event 6",,"posterior",1144.5,0.0013459
4,"Calculate","Event 6",,"posterior",1145.5,0.0013565
4,"Calculate","Event 6",,"posterior",1146.5,0.0014015
4,"Calculate","Event 6",,"posterior",1147.5,0.0014453
4,"Calculate","Event 6",,"posterior",1148.5,0.0014207
4,"Calculate","Event 6",,"posterior",1149.5,0.0014815
4,"Calculate","Event 6",,"posterior",1150.5,0.0015261
4,"Calculate","Event 6",,"posterior",1151.5,0.0015542
4,"Calculate","Event 6",,"posterior",1152.5,0.0016084
4,"Calculate","Event 6",,"posterior",1153.5,0.00162
4,"Calculate","Event 6",,"posterior",1154.5,0.0016449
4,"Calculate","Event 6",,"posterior",1155.5,0.0016683
4,"Calculate","Event 6",,"posterior",1156.5,0.0017438
4,"Calculate","Event 6",,"posterior",1157.5,0.0017484
4,"Calculate","Event 6",,"posterior",1158.5,0.0018168
4,"Calculate","Event 6",,"posterior",1159.5,0.0018776
4,"Calculate","Event 6",,"posterior",1160.5,0.0018892
4,"Calculate","Event 6",,"posterior",1161.5,0.0019562
4,"Calculate","Event 6",,"posterior",1162.5,0.0020445
4,"Calculate","Event 6",,"posterior",1163.5,0.0021084
4,"Calculate","Event 6",,"posterior",1164.5,0.002126
4,"Calculate","Event 6",,"posterior",1165.5,0.0022595
4,"Calculate","Event 6",,"posterior",1166.5,0.002295
4,"Calculate","Event 6",,"posterior",1167.5,0.002379
4,"Calculate","Event 6",,"posterior",1168.5,0.0024463
4,"Calculate","Event 6",,"posterior",1169.5,0.002514
4,"Calculate","Event 6",,"posterior",1170.5,0.0026146
4,"Calculate","Event 6",,"posterior",1171.5,0.0026958
4,"Calculate","Event 6",,"posterior",1172.5,0.0027853
4,"Calculate","Event 6",,"posterior",1173.5,0.0028939
4,"Calculate","Event 6",,"posterior",1174.5,0.0028795
4,"Calculate","Event 6",,"posterior",1175.5,0.0030457
4,"Calculate","Event 6",,"posterior",1176.5,0.003134
4,"Calculate","Event 6",,"posterior",1177.5,0.003224
4,"Calculate","Event 6",,"posterior",1178.5,0.003321
4,"Calculate","Event 6",,"posterior",1179.5,0.003337
4,"Calculate","Event 6",,"posterior",1180.5,0.003537
4,"Calculate","Event 6",,"posterior",1181.5,0.003564
4,"Calculate","Event 6",,"posterior",1182.5,0.003706
4,"Calculate","Event 6",,"posterior",1183.5,0.003781
4,"Calculate","Event 6",,"posterior",1184.5,0.003936
4,"Calculate","Event 6",,"posterior",1185.5,0.004039
4,"Calculate","Event 6",,"posterior",1186.5,0.004115
4,"Calculate","Event 6",,"posterior",1187.5,0.004256
4,"Calculate","Event 6",,"posterior",1188.5,0.004261
4,"Calculate","Event 6",,"posterior",1189.5,0.004479
4,"Calculate","Event 6",,"posterior",1190.5,0.004581
4,"Calculate","Event 6",,"posterior",1191.5,0.004793
4,"Calculate","Event 6",,"posterior",1192.5,0.00475
4,"Calculate","Event 6",,"posterior",1193.5,0.004958
4,"Calculate","Event 6",,"posterior",1194.5,0.005049
4,"Calculate","Event 6",,"posterior",1195.5,0.005189
4,"Calculate","Event 6",,"posterior",1196.5,0.005372
4,"Calculate","Event 6",,"posterior",1197.5,0.005511
4,"Calculate","Event 6",,"posterior",1198.5,0.005514
4,"Calculate","Event 6",,"posterior",1199.5,0.005792
4,"Calculate","Event 6",,"posterior",1200.5,0.0059
4,"Calculate","Event 6",,"posterior",1201.5,0.006042
4,"Calculate","Event 6",,"posterior",1202.5,0.006155
4,"Calculate","Event 6",,"posterior",1203.5,0.00635
4,"Calculate","Event 6",,"posterior",1204.5,0.006487
4,"Calculate","Event 6",,"posterior",1205.5,0.006709
4,"Calculate","Event 6",,"posterior",1206.5,0.006825
4,"Calculate","Event 6",,"posterior",1207.5,0.006992
4,"Calculate","Event 6",,"posterior",1208.5,0.007207
4,"Calculate","Event 6",,"posterior",1209.5,0.007324
4,"Calculate","Event 6",,"posterior",1210.5,0.007545
4,"Calculate","Event 6",,"posterior",1211.5,0.007731
4,"Calculate","Event 6",,"posterior",1212.5,0.007871
4,"Calculate","Event 6",,"posterior",1213.5,0.008062
4,"Calculate","Event 6",,"posterior",1214.5,0.008251
4,"Calculate","Event 6",,"posterior",1215.5,0.008509
4,"Calculate","Event 6",,"posterior",1216.5,0.008687
4,"Calculate","Event 6",,"posterior",1217.5,0.008924
4,"Calculate","Event 6",,"posterior",1218.5,0.009103
4,"Calculate","Event 6",,"posterior",1219.5,0.009293
4,"Calculate","Event 6",,"posterior",1220.5,0.009499
4,"Calculate","Event 6",,"posterior",1221.5,0.00978
4,"Calculate","Event 6",,"posterior",1222.5,0.009888
4,"Calculate","Event 6",,"posterior",1223.5,0.0102
4,"Calculate","Event 6",,"posterior",1224.5,0.0102
4,"Calculate","Event 6",,"posterior",1225.5,0.010396
4,"Calculate","Event 6",,"posterior",1226.5,0.010508
4,"Calculate","Event 6",,"posterior",1227.5,0.010639
4,"Calculate","Event 6",,"posterior",1228.5,0.010669
4,"Calculate","Event 6",,"posterior",1229.5,0.010796
4,"Calculate","Event 6",,"posterior",1230.5,0.010966
4,"Calculate","Event 6",,"posterior",1231.5,0.010918
4,"Calculate","Event 6",,"posterior",1232.5,0.010984
4,"Calculate","Event 6",,"posterior",1233.5,0.011056
4,"Calculate","Event 6",,"posterior",1234.5,0.011067
4,"Calculate","Event 6",,"posterior",1235.5,0.011049
4,"Calculate","Event 6",,"posterior",1236.5,0.01108
4,"Calculate","Event 6",,"posterior",1237.5,0.011055
4,"Calculate","Event 6",,"posterior",1238.5,0.011016
4,"Calculate","Event 6",,"posterior",1239.5,0.011057
4,"Calculate","Event 6",,"posterior",1240.5,0.011137
4,"Calculate","Event 6",,"posterior",1241.5,0.011143
4,"Calculate","Event 6",,"posterior",1242.5,0.011086
4,"Calculate","Event 6",,"posterior",1243.5,0.011153
4,"Calculate","Event 6",,"posterior",1244.5,0.011222
4,"Calculate","Event 6",,"posterior",1245.5,0.011215
4,"Calculate","Event 6",,"posterior",1246.5,0.011331
4,"Calculate","Event 6",,"posterior",1247.5,0.01143
4,"Calculate","Event 6",,"posterior",1248.5,0.011457
4,"Calculate","Event 6",,"posterior",1249.5,0.011574
4,"Calculate","Event 6",,"posterior",1250.5,0.011469
4,"Calculate","Event 6",,"posterior",1251.5,0.011756
4,"Calculate","Event 6",,"posterior",1252.5,0.011812
4,"Calculate","Event 6",,"posterior",1253.5,0.011752
4,"Calculate","Event 6",,"posterior",1254.5,0.011906
4,"Calculate","Event 6",,"posterior",1255.5,0.011875
4,"Calculate","Event 6",,"posterior",1256.5,0.011954
4,"Calculate","Event 6",,"posterior",1257.5,0.011909
4,"Calculate","Event 6",,"posterior",1258.5,0.012041
4,"Calculate","Event 6",,"posterior",1259.5,0.011961
4,"Calculate","Event 6",,"posterior",1260.5,0.011992
4,"Calculate","Event 6",,"posterior",1261.5,0.011854
4,"Calculate","Event 6",,"posterior",1262.5,0.011711
4,"Calculate","Event 6",,"posterior",1263.5,0.011478
4,"Calculate","Event 6",,"posterior",1264.5,0.01134
4,"Calculate","Event 6",,"posterior",1265.5,0.011002
4,"Calculate","Event 6",,"posterior",1266.5,0.010584
4,"Calculate","Event 6",,"posterior",1267.5,0.010176
4,"Calculate","Event 6",,"posterior",1268.5,0.009619
4,"Calculate","Event 6",,"posterior",1269.5,0.00914
4,"Calculate","Event 6",,"posterior",1270.5,0.008467
4,"Calculate","Event 6",,"posterior",1271.5,0.007852
4,"Calculate","Event 6",,"posterior",1272.5,0.007174
4,"Calculate","Event 6",,"posterior",1273.5,0.006417
4,"Calculate","Event 6",,"posterior",1274.5,0.005663
4,"Calculate","Event 6",,"posterior",1275.5,0.004893
4,"Calculate","Event 6",,"posterior",1276.5,0.004184
4,"Calculate","Event 6",,"posterior",1277.5,0.003446
4,"Calculate","Event 6",,"posterior",1278.5,0.0028345
4,"Calculate","Event 6",,"posterior",1279.5,0.002326
4,"Calculate","Event 6",,"posterior",1280.5,0.0019254
4,"Calculate","Event 6",,"posterior",1281.5,0.0016158
4,"Calculate","Event 6",,"posterior",1282.5,0.001388
4,"Calculate","Event 6",,"posterior",1283.5,0.0011837
4,"Calculate","Event 6",,"posterior",1284.5,0.0009799
4,"Calculate","Event 6",,"posterior",1285.5,0.0008627
4,"Calculate","Event 6",,"posterior",1286.5,0.0007474
4,"Calculate","Event 6",,"posterior",1287.5,0.0006404
4,"Calculate","Event 6",,"posterior",1288.5,0.0005533
4,"Calculate","Event 6",,"posterior",1289.5,0.0004965
4,"Calculate","Event 6",,"posterior",1290.5,0.0004271
4,"Calculate","Event 6",,"posterior",1291.5,0.000353
4,"Calculate","Event 6",,"posterior",1292.5,0.0003151
4,"Calculate","Event 6",,"posterior",1293.5,0.00028503
4,"Calculate","Event 6",,"posterior",1294.5,0.0002332
4,"Calculate","Event 6",,"posterior",1295.5,0.00018324
4,"Calculate","Event 6",,"posterior",1296.5,0.00015886
4,"Calculate","Event 6",,"posterior",1297.5,0.00013968
4,"Calculate","Event 6",,"posterior",1298.5,0.00011742
4,"Calculate","Event 6",,"posterior",1299.5,0.00010938
4,"Calculate","Event 6",,"posterior",1300.5,0.00009612
4,"Calculate","Event 6",,"posterior",1301.5,0.00009895
4,"Calculate","Event 6",,"posterior",1302.5,0.0000928
4,"Calculate","Event 6",,"posterior",1303.5,0.0000928
4,"Calculate","Event 6",,"posterior",1304.5,0.00009233
4,"Calculate","Event 6",,"posterior",1305.5,0.00008807
4,"Calculate","Event 6",,"posterior",1306.5,0.00009304
4,"Calculate","Event 6",,"posterior",1307.5,0.00008191
4,"Calculate","Event 6",,"posterior",1308.5,0.00009848
4,"Calculate","Event 6",,"posterior",1309.5,0.00008356
4,"Calculate","Event 6",,"posterior",1310.5,0.00008523
4,"Calculate","Event 6",,"posterior",1311.5,0.00008854
4,"Calculate","Event 6",,"posterior",1312.5,0.0001037
4,"Calculate","Event 6",,"posterior",1313.5,0.00008807
4,"Calculate","Event 6",,"posterior",1314.5,0.00009351
4,"Calculate","Event 6",,"posterior",1315.5,0.00009304
4,"Calculate","Event 6",,"posterior",1316.5,0.00008405
4,"Calculate","Event 6",,"posterior",1317.5,0.00009304
4,"Calculate","Event 6",,"posterior",1318.5,0.0000876
4,"Calculate","Event 6",,"posterior",1319.5,0.00007978
4,"Calculate","Event 6",,"posterior",1320.5,0.00008665
4,"Calculate","Event 6",,"posterior",1321.5,0.0000857
4,"Calculate","Event 6",,"posterior",1322.5,0.00008949
4,"Calculate","Event 6",,"posterior",1323.5,0.0000928
4,"Calculate","Event 6",,"posterior",1324.5,0.0000876
4,"Calculate","Event 6",,"posterior",1325.5,0.00008665
4,"Calculate","Event 6",,"posterior",1326.5,0.00008925
4,"Calculate","Event 6",,"posterior",1327.5,0.00009588
4,"Calculate","Event 6",,"posterior",1328.5,0.00009091
4,"Calculate","Event 6",,"posterior",1329.5,0.00009233
4,"Calculate","Event 6",,"posterior",1330.5,0.00009517
4,"Calculate","Event 6",,"posterior",1331.5,0.00008356
4,"Calculate","Event 6",,"posterior",1332.5,0.00008736
4,"Calculate","Event 6",,"posterior",1333.5,0.00009351
4,"Calculate","Event 6",,"posterior",1334.5,0.00008452
4,"Calculate","Event 6",,"posterior",1335.5,0.00008973
4,"Calculate","Event 6",,"posterior",1336.5,0.00009351
4,"Calculate","Event 6",,"posterior",1337.5,0.00008216
4,"Calculate","Event 6",,"posterior",1338.5,0.0000902
4,"Calculate","Event 6",,"posterior",1339.5,0.00008925
4,"Calculate","Event 6",,"posterior",1340.5,0.00009588
4,"Calculate","Event 6",,"posterior",1341.5,0.00009115
4,"Calculate","Event 6",,"posterior",1342.5,0.00009138
4,"Calculate","Event 6",,"posterior",1343.5,0.00008499
4,"Calculate","Event 6",,"posterior",1344.5,0.00008476
4,"Calculate","Event 6",,"posterior",1345.5,0.00008547
4,"Calculate","Event 6",,"posterior",1346.5,0.00008689
4,"Calculate","Event 6",,"posterior",1347.5,0.00009091
4,"Calculate","Event 6",,"posterior",1348.5,0.00008145
4,"Calculate","Event 6",,"posterior",1349.5,0.00009257
4,"Calculate","Event 6",,"posterior",1350.5,0.00009044
4,"Calculate","Event 6",,"posterior",1351.5,0.00008641
4,"Calculate","Event 6",,"posterior",1352.5,0.0000947
4,"Calculate","Event 6",,"posterior",1353.5,0.00008689
4,"Calculate","Event 6",,"posterior",1354.5,0.00008736
4,"Calculate","Event 6",,"posterior",1355.5,0.00008736
4,"Calculate","Event 6",,"posterior",1356.5,0.00008996
4,"Calculate","Event 6",,"posterior",1357.5,0.00009446
4,"Calculate","Event 6",,"posterior",1358.5,0.0000947
4,"Calculate","Event 6",,"posterior",1359.5,0.00009044
4,"Calculate","Event 6",,"posterior",1360.5,0.00009777
4,"Calculate","Event 6",,"posterior",1361.5,0.00008665
4,"Calculate","Event 6",,"posterior",1362.5,0.00008665
4,"Calculate","Event 6",,"posterior",1363.5,0.00008783
4,"Calculate","Event 6",,"posterior",1364.5,0.00008641
4,"Calculate","Event 6",,"posterior",1365.5,0.00008618
4,"Calculate","Event 6",,"posterior",1366.5,0.00008736
4,"Calculate","Event 6",,"posterior",1367.5,0.00008641
4,"Calculate","Event 6",,"posterior",1368.5,0.0000928
4,"Calculate","Event 6",,"posterior",1369.5,0.00008736
4,"Calculate","Event 6",,"posterior",1370.5,0.00007221
4,"Calculate","Event 6",,"posterior",1371.5,0.00006344
4,"Calculate","Event 6",,"posterior",1372.5,0.00006415
4,"Calculate","Event 6",,"posterior",1373.5,0.00006108
4,"Calculate","Event 6",,"posterior",1374.5,0.00004663
4,"Calculate","Event 6",,"posterior",1375.5,0.000029597
4,"Calculate","Event 6",,"posterior",1376.5,0.00001941
4,"Calculate","Event 6",,"posterior",1377.5,0.000014208
4,"Calculate","Event 6",,"posterior",1378.5,0.000010415
4,"Calculate","Event 6",,"posterior",1379.5,0.000004973
4,"Calculate","Event 6",,"posterior",1380.5,0.000005443
4,"Calculate","Event 6",,"posterior",1381.5,0.000003552
4,"Calculate","Event 6",,"posterior",1382.5,0.0000016617
4,"Calculate","Event 6",,"posterior",1383.5,0.0000016617
4,"Calculate","Event 6",,"posterior",1384.5,7.104e-7
4,"Calculate","Event 6",,"posterior",1385.5,2.4082e-7
4,"Calculate","Event 6",,"posterior",1386.5,2.4082e-7
4,"Calculate","Event 6",,"posterior",1387.5,0
5,"R_Date","C85",,"likelihood",1049.5,0
5,"R_Date","C85",,"likelihood",1050.5,0
5,"R_Date","C85",,"likelihood",1051.5,3.0283e-8
5,"R_Date","C85",,"likelihood",1052.5,3.0283e-8
5,"R_Date","C85",,"likelihood",1053.5,9.085e-8
5,"R_Date","C85",,"likelihood",1054.5,1.5142e-7
5,"R_Date","C85",,"likelihood",1055.5,2.7255e-7
5,"R_Date","C85",,"likelihood",1056.5,2.7255e-7
5,"R_Date","C85",,"likelihood",1057.5,2.1198e-7
5,"R_Date","C85",,"likelihood",1058.5,1.5142e-7
5,"R_Date","C85",,"likelihood",1059.5,1.5142e-7
5,"R_Date","C85",,"likelihood",1060.5,9.085e-8
5,"R_Date","C85",,"likelihood",1061.5,9.085e-8
5,"R_Date","C85",,"likelihood",1062.5,9.085e-8
5,"R_Date","C85",,"likelihood",1063.5,9.085e-8
5,"R_Date","C85",,"likelihood",1064.5,9.085e-8
5,"R_Date","C85",,"likelihood",1065.5,9.085e-8
5,"R_Date","C85",,"likelihood",1066.5,9.085e-8
5,"R_Date","C85",,"likelihood",1067.5,9.085e-8
5,"R_Date","C85",,"likelihood",1068.5,9.085e-8
5,"R_Date","C85",,"likelihood",1069.5,9.085e-8
5,"R_Date","C85",,"likelihood",1070.5,9.085e-8
5,"R_Date","C85",,"likelihood",1071.5,9.085e-8
5,"R_Date","C85",,"likelihood",1072.5,9.085e-8
5,"R_Date","C85",,"likelihood",1073.5,9.085e-8
5,"R_Date","C85",,"likelihood",1074.5,9.085e-8
5,"R_Date","C85",,"likelihood",1075.5,9.085e-8
5,"R_Date","C85",,"likelihood",1076.5,9.085e-8
5,"R_Date","C85",,"likelihood",1077.5,6.057e-8
5,"R_Date","C85",,"likelihood",1078.5,3.0283e-8
5,"R_Date","C85",,"likelihood",1079.5,3.0283e-8
5,"R_Date","C85",,"likelihood",1080.5,0
5,"R_Date","C85",,"likelihood",1081.5,0
5,"R_Date","C85",,"likelihood",1082.5,0
5,"R_Date","C85",,"likelihood",1083.5,0
5,"R_Date","C85",,"likelihood",1084.5,0
5,"R_Date","C85",,"likelihood",1085.5,0
5,"R_Date","C85",,"likelihood",1086.5,0
5,"R_Date","C85",,"likelihood",1087.5,0
5,"R_Date","C85",,"likelihood",1088.5,0
5,"R_Date","C85",,"likelihood",1089.5,0
5,"R_Date","C85",,"likelihood",1090.5,0
5,"R_Date","C85",,"likelihood",1091.5,0
5,"R_Date","C85",,"likelihood",1092.5,0
5,"R_Date","C85",,"likelihood",1093.5,0
5,"R_Date","C85",,"likelihood",1094.5,0
5,"R_Date","C85",,"likelihood",1095.5,0
5,"R_Date","C85",,"likelihood",1096.5,0
5,"R_Date","C85",,"likelihood",1097.5,0
5,"R_Date","C85",,"likelihood",1098.5,0
5,"R_Date","C85",,"likelihood",1099.5,0
5,"R_Date","C85",,"likelihood",1100.5,0
5,"R_Date","C85",,"likelihood",1101.5,0
5,"R_Date","C85",,"likelihood",1102.5,0
5,"R_Date","C85",,"likelihood",1103.5,0
5,"R_Date","C85",,"likelihood",1104.5,0
5,"R_Date","C85",,"likelihood",1105.5,0
5,"R_Date","C85",,"likelihood",1106.5,0
5,"R_Date","C85",,"likelihood",1107.5,0
5,"R_Date","C85",,"likelihood",1108.5,0
5,"R_Date","C85",,"likelihood",1109.5,0
5,"R_Date","C85",,"likelihood",1110.5,0
5,"R_Date","C85",,"likelihood",1111.5,0
5,"R_Date","C85",,"likelihood",1112.5,0
5,"R_Date","C85",,"likelihood",1113.5,0
5,"R_Date","C85",,"likelihood",1114.5,0
5,"R_Date","C85",,"likelihood",1115.5,0
5,"R_Date","C85",,"likelihood",1116.5,0
5,"R_Date","C85",,"likelihood",1117.5,0
5,"R_Date","C85",,"likelihood",1118.5,0
5,"R_Date","C85",,"likelihood",1119.5,0
5,"R_Date","C85",,"likelihood",1120.5,0
5,"R_Date","C85",,"likelihood",1121.5,0
5,"R_Date","C85",,"likelihood",1122.5,0
5,"R_Date","C85",,"likelihood",1123.5,0
5,"R_Date","C85",,"likelihood",1124.5,0
5,"R_Date","C85",,"likelihood",1125.5,0
5,"R_Date","C85",,"likelihood",1126.5,0
5,"R_Date","C85",,"likelihood",1127.5,0
5,"R_Date","C85",,"likelihood",1128.5,0
5,"R_Date","C85",,"likelihood",1129.5,0
5,"R_Date","C85",,"likelihood",1130.5,0
5,"R_Date","C85",,"likelihood",1131.5,0
5,"R_Date","C85",,"likelihood",1132.5,0
5,"R_Date","C85",,"likelihood",1133.5,0
5,"R_Date","C85",,"likelihood",1134.5,0
5,"R_Date","C85",,"likelihood",1135.5,0
5,"R_Date","C85",,"likelihood",1136.5,0
5,"R_Date","C85",,"likelihood",1137.5,0
5,"R_Date","C85",,"likelihood",1138.5,0
5,"R_Date","C85",,"likelihood",1139.5,0
5,"R_Date","C85",,"likelihood",1140.5,0
5,"R_Date","C85",,"likelihood",1141.5,0
5,"R_Date","C85",,"likelihood",1142.5,0
5,"R_Date","C85",,"likelihood",1143.5,0
5,"R_Date","C85",,"likelihood",1144.5,0
5,"R_Date","C85",,"likelihood",1145.5,0
5,"R_Date","C85",,"likelihood",1146.5,0
5,"R_Date","C85",,"likelihood",1147.5,0
5,"R_Date","C85",,"likelihood",1148.5,0
5,"R_Date","C85",,"likelihood",1149.5,0
5,"R_Date","C85",,"likelihood",1150.5,0
5,"R_Date","C85",,"likelihood",1151.5,0
5,"R_Date","C85",,"likelihood",1152.5,0
5,"R_Date","C85",,"likelihood",1153.5,0
5,"R_Date","C85",,"likelihood",1154.5,0
5,"R_Date","C85",,"likelihood",1155.5,3.0283e-8
5,"R_Date","C85",,"likelihood",1156.5,9.085e-8
5,"R_Date","C85",,"likelihood",1157.5,1.5142e-7
5,"R_Date","C85",,"likelihood",1158.5,3.331e-7
5,"R_Date","C85",,"likelihood",1159.5,5.754e-7
5,"R_Date","C85",,"likelihood",1160.5,8.479e-7
5,"R_Date","C85",,"likelihood",1161.5,0.0000012719
5,"R_Date","C85",,"likelihood",1162.5,0.000002241
5,"R_Date","C85",,"likelihood",1163.5,0.000003331
5,"R_Date","C85",,"likelihood",1164.5,0.000004966
5,"R_Date","C85",,"likelihood",1165.5,0.000008298
5,"R_Date","C85",,"likelihood",1166.5,0.000012083
5,"R_Date","C85",,"likelihood",1167.5,0.000017807
5,"R_Date","C85",,"likelihood",1168.5,0.000022561
5,"R_Date","C85",,"likelihood",1169.5,0.000022561
5,"R_Date","C85",,"likelihood",1170.5,0.000022561
5,"R_Date","C85",,"likelihood",1171.5,0.000020048
5,"R_Date","C85",,"likelihood",1172.5,0.000020048
5,"R_Date","C85",,"likelihood",1173.5,0.000020048
5,"R_Date","C85",,"likelihood",1174.5,0.000020048
5,"R_Date","C85",,"likelihood",1175.5,0.000025347
5,"R_Date","C85",,"likelihood",1176.5,0.00003195
5,"R_Date","C85",,"likelihood",1177.5,0.0000401
5,"R_Date","C85",,"likelihood",1178.5,0.00005596
5,"R_Date","C85",,"likelihood",1179.5,0.00007749
5,"R_Date","C85",,"likelihood",1180.5,0.00010635
5,"R_Date","C85",,"likelihood",1181.5,0.00013073
5,"R_Date","C85",,"likelihood",1182.5,0.00016008
5,"R_Date","C85",,"likelihood",1183.5,0.00017692
5,"R_Date","C85",,"likelihood",1184.5,0.00017692
5,"R_Date","C85",,"likelihood",1185.5,0.00016008
5,"R_Date","C85",,"likelihood",1186.5,0.00014472
5,"R_Date","C85",,"likelihood",1187.5,0.00011798
5,"R_Date","C85",,"likelihood",1188.5,0.00010635
5,"R_Date","C85",,"likelihood",1189.5,0.00009579
5,"R_Date","C85",,"likelihood",1190.5,0.00008619
5,"R_Date","C85",,"likelihood",1191.5,0.00006959
5,"R_Date","C85",,"likelihood",1192.5,0.00005596
5,"R_Date","C85",,"likelihood",1193.5,0.00004485
5,"R_Date","C85",,"likelihood",1194.5,0.00003195
5,"R_Date","C85",,"likelihood",1195.5,0.000025347
5,"R_Date","C85",,"likelihood",1196.5,0.000022561
5,"R_Date","C85",,"likelihood",1197.5,0.000020048
5,"R_Date","C85",,"likelihood",1198.5,0.000022561
5,"R_Date","C85",,"likelihood",1199.5,0.000025347
5,"R_Date","C85",,"likelihood",1200.5,0.00003195
5,"R_Date","C85",,"likelihood",1201.5,0.00004485
5,"R_Date","C85",,"likelihood",1202.5,0.00005596
5,"R_Date","C85",,"likelihood",1203.5,0.00006959
5,"R_Date","C85",,"likelihood",1204.5,0.00007749
5,"R_Date","C85",,"likelihood",1205.5,0.00007749
5,"R_Date","C85",,"likelihood",1206.5,0.00007749
5,"R_Date","C85",,"likelihood",1207.5,0.00007749
5,"R_Date","C85",,"likelihood",1208.5,0.00008619
5,"R_Date","C85",,"likelihood",1209.5,0.00009579
5,"R_Date","C85",,"likelihood",1210.5,0.00010635
5,"R_Date","C85",,"likelihood",1211.5,0.00010635
5,"R_Date","C85",,"likelihood",1212.5,0.0001181
5,"R_Date","C85",,"likelihood",1213.5,0.00014524
5,"R_Date","C85",,"likelihood",1214.5,0.00017788
5,"R_Date","C85",,"likelihood",1215.5,0.00021704
5,"R_Date","C85",,"likelihood",1216.5,0.00029039
5,"R_Date","C85",,"likelihood",1217.5,0.0004223
5,"R_Date","C85",,"likelihood",1218.5,0.0007058
5,"R_Date","C85",,"likelihood",1219.5,0.0010918
5,"R_Date","C85",,"likelihood",1220.5,0.0019682
5,"R_Date","C85",,"likelihood",1221.5,0.002881
5,"R_Date","C85",,"likelihood",1222.5,0.004004
5,"R_Date","C85",,"likelihood",1223.5,0.00543
5,"R_Date","C85",,"likelihood",1224.5,0.006807
5,"R_Date","C85",,"likelihood",1225.5,0.007981
5,"R_Date","C85",,"likelihood",1226.5,0.009407
5,"R_Date","C85",,"likelihood",1227.5,0.009861
5,"R_Date","C85",,"likelihood",1228.5,0.010805
5,"R_Date","C85",,"likelihood",1229.5,0.011294
5,"R_Date","C85",,"likelihood",1230.5,0.012304
5,"R_Date","C85",,"likelihood",1231.5,0.012823
5,"R_Date","C85",,"likelihood",1232.5,0.013889
5,"R_Date","C85",,"likelihood",1233.5,0.014433
5,"R_Date","C85",,"likelihood",1234.5,0.015542
5,"R_Date","C85",,"likelihood",1235.5,0.015542
5,"R_Date","C85",,"likelihood",1236.5,0.015542
5,"R_Date","C85",,"likelihood",1237.5,0.015542
5,"R_Date","C85",,"likelihood",1238.5,0.014985
5,"R_Date","C85",,"likelihood",1239.5,0.014433
5,"R_Date","C85",,"likelihood",1240.5,0.013889
5,"R_Date","C85",,"likelihood",1241.5,0.013352
5,"R_Date","C85",,"likelihood",1242.5,0.012823
5,"R_Date","C85",,"likelihood",1243.5,0.012304
5,"R_Date","C85",,"likelihood",1244.5,0.011794
5,"R_Date","C85",,"likelihood",1245.5,0.011294
5,"R_Date","C85",,"likelihood",1246.5,0.010805
5,"R_Date","C85",,"likelihood",1247.5,0.010327
5,"R_Date","C85",,"likelihood",1248.5,0.009861
5,"R_Date","C85",,"likelihood",1249.5,0.009861
5,"R_Date","C85",,"likelihood",1250.5,0.009407
5,"R_Date","C85",,"likelihood",1251.5,0.009407
5,"R_Date","C85",,"likelihood",1252.5,0.009861
5,"R_Date","C85",,"likelihood",1253.5,0.010327
5,"R_Date","C85",,"likelihood",1254.5,0.010805
5,"R_Date","C85",,"likelihood",1255.5,0.011294
5,"R_Date","C85",,"likelihood",1256.5,0.011294
5,"R_Date","C85",,"likelihood",1257.5,0.011794
5,"R_Date","C85",,"likelihood",1258.5,0.012304
5,"R_Date","C85",,"likelihood",1259.5,0.012823
5,"R_Date","C85",,"likelihood",1260.5,0.013889
5,"R_Date","C85",,"likelihood",1261.5,0.015542
5,"R_Date","C85",,"likelihood",1262.5,0.016671
5,"R_Date","C85",,"likelihood",1263.5,0.018386
5,"R_Date","C85",,"likelihood",1264.5,0.020668
5,"R_Date","C85",,"likelihood",1265.5,0.022334
5,"R_Date","C85",,"likelihood",1266.5,0.024431
5,"R_Date","C85",,"likelihood",1267.5,0.025866
5,"R_Date","C85",,"likelihood",1268.5,0.027534
5,"R_Date","C85",,"likelihood",1269.5,0.028561
5,"R_Date","C85",,"likelihood",1270.5,0.029583
5,"R_Date","C85",,"likelihood",1271.5,0.030063
5,"R_Date","C85",,"likelihood",1272.5,0.030283
5,"R_Date","C85",,"likelihood",1273.5,0.030237
5,"R_Date","C85",,"likelihood",1274.5,0.029765
5,"R_Date","C85",,"likelihood",1275.5,0.028844
5,"R_Date","C85",,"likelihood",1276.5,0.027126
5,"R_Date","C85",,"likelihood",1277.5,0.024395
5,"R_Date","C85",,"likelihood",1278.5,0.020608
5,"R_Date","C85",,"likelihood",1279.5,0.016588
5,"R_Date","C85",,"likelihood",1280.5,0.01272
5,"R_Date","C85",,"likelihood",1281.5,0.009746
5,"R_Date","C85",,"likelihood",1282.5,0.007597
5,"R_Date","C85",,"likelihood",1283.5,0.006114
5,"R_Date","C85",,"likelihood",1284.5,0.004842
5,"R_Date","C85",,"likelihood",1285.5,0.004023
5,"R_Date","C85",,"likelihood",1286.5,0.003538
5,"R_Date","C85",,"likelihood",1287.5,0.0030986
5,"R_Date","C85",,"likelihood",1288.5,0.0025211
5,"R_Date","C85",,"likelihood",1289.5,0.0023488
5,"R_Date","C85",,"likelihood",1290.5,0.0020328
5,"R_Date","C85",,"likelihood",1291.5,0.0017522
5,"R_Date","C85",,"likelihood",1292.5,0.0016244
5,"R_Date","C85",,"likelihood",1293.5,0.0013918
5,"R_Date","C85",,"likelihood",1294.5,0.0012864
5,"R_Date","C85",,"likelihood",1295.5,0.0010956
5,"R_Date","C85",,"likelihood",1296.5,0.0008547
5,"R_Date","C85",,"likelihood",1297.5,0.0006608
5,"R_Date","C85",,"likelihood",1298.5,0.0004623
5,"R_Date","C85",,"likelihood",1299.5,0.00028918
5,"R_Date","C85",,"likelihood",1300.5,0.00019515
5,"R_Date","C85",,"likelihood",1301.5,0.00010463
5,"R_Date","C85",,"likelihood",1302.5,0.00006744
5,"R_Date","C85",,"likelihood",1303.5,0.00004337
5,"R_Date","C85",,"likelihood",1304.5,0.000027194
5,"R_Date","C85",,"likelihood",1305.5,0.000016807
5,"R_Date","C85",,"likelihood",1306.5,0.000010205
5,"R_Date","C85",,"likelihood",1307.5,0.000006935
5,"R_Date","C85",,"likelihood",1308.5,0.00000536
5,"R_Date","C85",,"likelihood",1309.5,0.000004694
5,"R_Date","C85",,"likelihood",1310.5,0.000004088
5,"R_Date","C85",,"likelihood",1311.5,0.000003573
5,"R_Date","C85",,"likelihood",1312.5,0.000003573
5,"R_Date","C85",,"likelihood",1313.5,0.0000029678
5,"R_Date","C85",,"likelihood",1314.5,0.0000029678
5,"R_Date","C85",,"likelihood",1315.5,0.0000029678
5,"R_Date","C85",,"likelihood",1316.5,0.0000029678
5,"R_Date","C85",,"likelihood",1317.5,0.0000029678
5,"R_Date","C85",,"likelihood",1318.5,0.0000022712
5,"R_Date","C85",,"likelihood",1319.5,0.0000016959
5,"R_Date","C85",,"likelihood",1320.5,0.0000011205
5,"R_Date","C85",,"likelihood",1321.5,6.057e-7
5,"R_Date","C85",,"likelihood",1322.5,3.331e-7
5,"R_Date","C85",,"likelihood",1323.5,1.817e-7
5,"R_Date","C85",,"likelihood",1324.5,9.085e-8
5,"R_Date","C85",,"likelihood",1325.5,3.0283e-8
5,"R_Date","C85",,"likelihood",1326.5,3.0283e-8
5,"R_Date","C85",,"likelihood",1327.5,0
5,"R_Date","C85",,"likelihood",1328.5,0
5,"R_Date","C85",,"likelihood",1329.5,0
5,"R_Date","C85",,"likelihood",1330.5,0
5,"R_Date","C85",,"likelihood",1331.5,0
5,"R_Date","C85",,"likelihood",1332.5,0
5,"R_Date","C85",,"likelihood",1333.5,0
5,"R_Date","C85",,"likelihood",1334.5,0
5,"R_Date","C85",,"likelihood",1335.5,0
5,"R_Date","C85",,"likelihood",1336.5,0
5,"R_Date","C85",,"likelihood",1337.5,0
5,"R_Date","C85",,"likelihood",1338.5,0
5,"R_Date","C85",,"likelihood",1339.5,0
5,"R_Date","C85",,"likelihood",1340.5,0
5,"R_Date","C85",,"likelihood",1341.5,0
5,"R_Date","C85",,"likelihood",1342.5,0
5,"R_Date","C85",,"likelihood",1343.5,0
5,"R_Date","C85",,"likelihood",1344.5,0
5,"R_Date","C85",,"likelihood",1345.5,0
5,"R_Date","C85",,"likelihood",1346.5,0
5,"R_Date","C85",,"likelihood",1347.5,0
5,"R_Date","C85",,"likelihood",1348.5,0
5,"R_Date","C85",,"likelihood",1349.5,0
5,"R_Date","C85",,"likelihood",1350.5,0
5,"R_Date","C85",,"likelihood",1351.5,0
5,"R_Date","C85",,"likelihood",1352.5,3.0283e-8
5,"R_Date","C85",,"likelihood",1353.5,3.0283e-8
5,"R_Date","C85",,"likelihood",1354.5,6.057e-8
5,"R_Date","C85",,"likelihood",1355.5,1.2113e-7
5,"R_Date","C85",,"likelihood",1356.5,2.1198e-7
5,"R_Date","C85",,"likelihood",1357.5,5.754e-7
5,"R_Date","C85",,"likelihood",1358.5,0.0000010296
5,"R_Date","C85",,"likelihood",1359.5,0.0000015747
5,"R_Date","C85",,"likelihood",1360.5,0.0000027255
5,"R_Date","C85",,"likelihood",1361.5,0.000004088
5,"R_Date","C85",,"likelihood",1362.5,0.00000536
5,"R_Date","C85",,"likelihood",1363.5,0.000007904
5,"R_Date","C85",,"likelihood",1364.5,0.000013113
5,"R_Date","C85",,"likelihood",1365.5,0.000018988
5,"R_Date","C85",,"likelihood",1366.5,0.000030616
5,"R_Date","C85",,"likelihood",1367.5,0.00004337
5,"R_Date","C85",,"likelihood",1368.5,0.00006802
5,"R_Date","C85",,"likelihood",1369.5,0.00010493
5,"R_Date","C85",,"likelihood",1370.5,0.00014375
5,"R_Date","C85",,"likelihood",1371.5,0.00021562
5,"R_Date","C85",,"likelihood",1372.5,0.0002625
5,"R_Date","C85",,"likelihood",1373.5,0.0003183
5,"R_Date","C85",,"likelihood",1374.5,0.0003499
5,"R_Date","C85",,"likelihood",1375.5,0.0003499
5,"R_Date","C85",,"likelihood",1376.5,0.00026452
5,"R_Date","C85",,"likelihood",1377.5,0.00017698
5,"R_Date","C85",,"likelihood",1378.5,0.00011647
5,"R_Date","C85",,"likelihood",1379.5,0.00007538
5,"R_Date","C85",,"likelihood",1380.5,0.00004276
5,"R_Date","C85",,"likelihood",1381.5,0.000030071
5,"R_Date","C85",,"likelihood",1382.5,0.000020926
5,"R_Date","C85",,"likelihood",1383.5,0.000014445
5,"R_Date","C85",,"likelihood",1384.5,0.000011205
5,"R_Date","C85",,"likelihood",1385.5,0.000008691
5,"R_Date","C85",,"likelihood",1386.5,0.000006693
5,"R_Date","C85",,"likelihood",1387.5,0.000004482
5,"R_Date","C85",,"likelihood",1388.5,0.0000026044
5,"R_Date","C85",,"likelihood",1389.5,0.0000014839
5,"R_Date","C85",,"likelihood",1390.5,7.268e-7
5,"R_Date","C85",,"likelihood",1391.5,3.331e-7
5,"R_Date","C85",,"likelihood",1392.5,1.5142e-7
5,"R_Date","C85",,"likelihood",1393.5,6.057e-8
5,"R_Date","C85",,"likelihood",1394.5,3.0283e-8
5,"R_Date","C85",,"likelihood",1395.5,0
5,"R_Date","C85",,"likelihood",1396.5,0
5,"R_Date","C85",,"posterior",1161.5,0
5,"R_Date","C85",,"posterior",1162.5,0
5,"R_Date","C85",,"posterior",1163.5,0
5,"R_Date","C85",,"posterior",1164.5,4.705e-7
5,"R_Date","C85",,"posterior",1165.5,4.705e-7
5,"R_Date","C85",,"posterior",1166.5,0.0000011762
5,"R_Date","C85",,"posterior",1167.5,0.000001882
5,"R_Date","C85",,"posterior",1168.5,4.705e-7
5,"R_Date","C85",,"posterior",1169.5,0.000003333
5,"R_Date","C85",,"posterior",1170.5,9.41e-7
5,"R_Date","C85",,"posterior",1171.5,0.0000023525
5,"R_Date","C85",,"posterior",1172.5,0.000004038
5,"R_Date","C85",,"posterior",1173.5,0.000001882
5,"R_Date","C85",,"posterior",1174.5,0.0000023525
5,"R_Date","C85",,"posterior",1175.5,0.0000023525
5,"R_Date","C85",,"posterior",1176.5,0.0000023525
5,"R_Date","C85",,"posterior",1177.5,0.000009214
5,"R_Date","C85",,"posterior",1178.5,0.000008979
5,"R_Date","C85",,"posterior",1179.5,0.000007097
5,"R_Date","C85",,"posterior",1180.5,0.000012782
5,"R_Date","C85",,"posterior",1181.5,0.000020584
5,"R_Date","C85",,"posterior",1182.5,0.000022976
5,"R_Date","C85",,"posterior",1183.5,0.000024623
5,"R_Date","C85",,"posterior",1184.5,0.00003384
5,"R_Date","C85",,"posterior",1185.5,0.000022976
5,"R_Date","C85",,"posterior",1186.5,0.000026269
5,"R_Date","C85",,"posterior",1187.5,0.000017996
5,"R_Date","C85",,"posterior",1188.5,0.000018702
5,"R_Date","C85",,"posterior",1189.5,0.000015369
5,"R_Date","C85",,"posterior",1190.5,0.000014664
5,"R_Date","C85",,"posterior",1191.5,0.000011606
5,"R_Date","C85",,"posterior",1192.5,0.000013252
5,"R_Date","C85",,"posterior",1193.5,0.000008273
5,"R_Date","C85",,"posterior",1194.5,0.000004038
5,"R_Date","C85",,"posterior",1195.5,0.000004274
5,"R_Date","C85",,"posterior",1196.5,0.000004274
5,"R_Date","C85",,"posterior",1197.5,0.000004509
5,"R_Date","C85",,"posterior",1198.5,0.000003568
5,"R_Date","C85",,"posterior",1199.5,0.000004038
5,"R_Date","C85",,"posterior",1200.5,0.000006626
5,"R_Date","C85",,"posterior",1201.5,0.000011135
5,"R_Date","C85",,"posterior",1202.5,0.000012311
5,"R_Date","C85",,"posterior",1203.5,0.000022035
5,"R_Date","C85",,"posterior",1204.5,0.000019643
5,"R_Date","C85",,"posterior",1205.5,0.000022741
5,"R_Date","C85",,"posterior",1206.5,0.000016585
5,"R_Date","C85",,"posterior",1207.5,0.000017761
5,"R_Date","C85",,"posterior",1208.5,0.000023917
5,"R_Date","C85",,"posterior",1209.5,0.00002721
5,"R_Date","C85",,"posterior",1210.5,0.000023682
5,"R_Date","C85",,"posterior",1211.5,0.000029131
5,"R_Date","C85",,"posterior",1212.5,0.00004023
5,"R_Date","C85",,"posterior",1213.5,0.00005564
5,"R_Date","C85",,"posterior",1214.5,0.00005136
5,"R_Date","C85",,"posterior",1215.5,0.00007363
5,"R_Date","C85",,"posterior",1216.5,0.000089
5,"R_Date","C85",,"posterior",1217.5,0.00015624
5,"R_Date","C85",,"posterior",1218.5,0.00028645
5,"R_Date","C85",,"posterior",1219.5,0.0004157
5,"R_Date","C85",,"posterior",1220.5,0.0007235
5,"R_Date","C85",,"posterior",1221.5,0.0011274
5,"R_Date","C85",,"posterior",1222.5,0.0015518
5,"R_Date","C85",,"posterior",1223.5,0.0021489
5,"R_Date","C85",,"posterior",1224.5,0.0028973
5,"R_Date","C85",,"posterior",1225.5,0.003427
5,"R_Date","C85",,"posterior",1226.5,0.004141
5,"R_Date","C85",,"posterior",1227.5,0.004559
5,"R_Date","C85",,"posterior",1228.5,0.005
5,"R_Date","C85",,"posterior",1229.5,0.005424
5,"R_Date","C85",,"posterior",1230.5,0.006058
5,"R_Date","C85",,"posterior",1231.5,0.006518
5,"R_Date","C85",,"posterior",1232.5,0.007051
5,"R_Date","C85",,"posterior",1233.5,0.0075
5,"R_Date","C85",,"posterior",1234.5,0.008297
5,"R_Date","C85",,"posterior",1235.5,0.008466
5,"R_Date","C85",,"posterior",1236.5,0.008773
5,"R_Date","C85",,"posterior",1237.5,0.009052
5,"R_Date","C85",,"posterior",1238.5,0.008879
5,"R_Date","C85",,"posterior",1239.5,0.008857
5,"R_Date","C85",,"posterior",1240.5,0.008723
5,"R_Date","C85",,"posterior",1241.5,0.008392
5,"R_Date","C85",,"posterior",1242.5,0.00834
5,"R_Date","C85",,"posterior",1243.5,0.008078
5,"R_Date","C85",,"posterior",1244.5,0.007954
5,"R_Date","C85",,"posterior",1245.5,0.007643
5,"R_Date","C85",,"posterior",1246.5,0.00773
5,"R_Date","C85",,"posterior",1247.5,0.007607
5,"R_Date","C85",,"posterior",1248.5,0.007495
5,"R_Date","C85",,"posterior",1249.5,0.007277
5,"R_Date","C85",,"posterior",1250.5,0.007233
5,"R_Date","C85",,"posterior",1251.5,0.007625
5,"R_Date","C85",,"posterior",1252.5,0.007952
5,"R_Date","C85",,"posterior",1253.5,0.008643
5,"R_Date","C85",,"posterior",1254.5,0.009181
5,"R_Date","C85",,"posterior",1255.5,0.009678
5,"R_Date","C85",,"posterior",1256.5,0.0101
5,"R_Date","C85",,"posterior",1257.5,0.010778
5,"R_Date","C85",,"posterior",1258.5,0.011395
5,"R_Date","C85",,"posterior",1259.5,0.0122
5,"R_Date","C85",,"posterior",1260.5,0.013599
5,"R_Date","C85",,"posterior",1261.5,0.015157
5,"R_Date","C85",,"posterior",1262.5,0.01725
5,"R_Date","C85",,"posterior",1263.5,0.019314
5,"R_Date","C85",,"posterior",1264.5,0.021932
5,"R_Date","C85",,"posterior",1265.5,0.024616
5,"R_Date","C85",,"posterior",1266.5,0.02694
5,"R_Date","C85",,"posterior",1267.5,0.029811
5,"R_Date","C85",,"posterior",1268.5,0.03175
5,"R_Date","C85",,"posterior",1269.5,0.03399
5,"R_Date","C85",,"posterior",1270.5,0.0359
5,"R_Date","C85",,"posterior",1271.5,0.0375
5,"R_Date","C85",,"posterior",1272.5,0.03828
5,"R_Date","C85",,"posterior",1273.5,0.03917
5,"R_Date","C85",,"posterior",1274.5,0.03867
5,"R_Date","C85",,"posterior",1275.5,0.03921
5,"R_Date","C85",,"posterior",1276.5,0.03739
5,"R_Date","C85",,"posterior",1277.5,0.03432
5,"R_Date","C85",,"posterior",1278.5,0.029523
5,"R_Date","C85",,"posterior",1279.5,0.024208
5,"R_Date","C85",,"posterior",1280.5,0.018931
5,"R_Date","C85",,"posterior",1281.5,0.015087
5,"R_Date","C85",,"posterior",1282.5,0.01194
5,"R_Date","C85",,"posterior",1283.5,0.009639
5,"R_Date","C85",,"posterior",1284.5,0.007858
5,"R_Date","C85",,"posterior",1285.5,0.006778
5,"R_Date","C85",,"posterior",1286.5,0.006077
5,"R_Date","C85",,"posterior",1287.5,0.005348
5,"R_Date","C85",,"posterior",1288.5,0.004463
5,"R_Date","C85",,"posterior",1289.5,0.004074
5,"R_Date","C85",,"posterior",1290.5,0.003693
5,"R_Date","C85",,"posterior",1291.5,0.0031475
5,"R_Date","C85",,"posterior",1292.5,0.0028695
5,"R_Date","C85",,"posterior",1293.5,0.0027071
5,"R_Date","C85",,"posterior",1294.5,0.0024721
5,"R_Date","C85",,"posterior",1295.5,0.0021349
5,"R_Date","C85",,"posterior",1296.5,0.001742
5,"R_Date","C85",,"posterior",1297.5,0.0013807
5,"R_Date","C85",,"posterior",1298.5,0.0009051
5,"R_Date","C85",,"posterior",1299.5,0.0006312
5,"R_Date","C85",,"posterior",1300.5,0.0004067
5,"R_Date","C85",,"posterior",1301.5,0.00024477
5,"R_Date","C85",,"posterior",1302.5,0.00014181
5,"R_Date","C85",,"posterior",1303.5,0.00010817
5,"R_Date","C85",,"posterior",1304.5,0.00007175
5,"R_Date","C85",,"posterior",1305.5,0.00004121
5,"R_Date","C85",,"posterior",1306.5,0.000024387
5,"R_Date","C85",,"posterior",1307.5,0.000017055
5,"R_Date","C85",,"posterior",1308.5,0.000012547
5,"R_Date","C85",,"posterior",1309.5,0.000011606
5,"R_Date","C85",,"posterior",1310.5,0.000008979
5,"R_Date","C85",,"posterior",1311.5,0.000008038
5,"R_Date","C85",,"posterior",1312.5,0.000006156
5,"R_Date","C85",,"posterior",1313.5,0.000009488
5,"R_Date","C85",,"posterior",1314.5,0.000004744
5,"R_Date","C85",,"posterior",1315.5,0.000007332
5,"R_Date","C85",,"posterior",1316.5,0.000006156
5,"R_Date","C85",,"posterior",1317.5,0.000005685
5,"R_Date","C85",,"posterior",1318.5,0.000008743
5,"R_Date","C85",,"posterior",1319.5,0.000003333
5,"R_Date","C85",,"posterior",1320.5,0.0000023525
5,"R_Date","C85",,"posterior",1321.5,0.0000014115
5,"R_Date","C85",,"posterior",1322.5,2.3525e-7
5,"R_Date","C85",,"posterior",1323.5,0
5,"R_Date","C85",,"posterior",1324.5,2.3525e-7
5,"R_Date","C85",,"posterior",1325.5,0
5,"R_Date","C85",,"posterior",1326.5,0
5,"R_Date","C85",,"posterior",1327.5,0
5,"R_Date","C85",,"posterior",1328.5,0
5,"R_Date","C85",,"posterior",1329.5,0
5,"R_Date","C85",,"posterior",1330.5,0
5,"R_Date","C85",,"posterior",1331.5,0
5,"R_Date","C85",,"posterior",1332.5,0
5,"R_Date","C85",,"posterior",1333.5,0
5,"R_Date","C85",,"posterior",1334.5,0
5,"R_Date","C85",,"posterior",1335.5,0
5,"R_Date","C85",,"posterior",1336.5,0
5,"R_Date","C85",,"posterior",1337.5,0
5,"R_Date","C85",,"posterior",1338.5,0
5,"R_Date","C85",,"posterior",1339.5,0
5,"R_Date","C85",,"posterior",1340.5,0
5,"R_Date","C85",,"posterior",1341.5,0
5,"R_Date","C85",,"posterior",1342.5,0
5,"R_Date","C85",,"posterior",1343.5,0
5,"R_Date","C85",,"posterior",1344.5,0
5,"R_Date","C85",,"posterior",1345.5,0
5,"R_Date","C85",,"posterior",1346.5,0
5,"R_Date","C85",,"posterior",1347.5,0
5,"R_Date","C85",,"posterior",1348.5,0
5,"R_Date","C85",,"posterior",1349.5,0
5,"R_Date","C85",,"posterior",1350.5,0
5,"R_Date","C85",,"posterior",1351.5,0
5,"R_Date","C85",,"posterior",1352.5,0
5,"R_Date","C85",,"posterior",1353.5,0
5,"R_Date","C85",,"posterior",1354.5,7.057e-7
5,"R_Date","C85",,"posterior",1355.5,9.41e-7
5,"R_Date","C85",,"posterior",1356.5,7.057e-7
5,"R_Date","C85",,"posterior",1357.5,0.000002823
5,"R_Date","C85",,"posterior",1358.5,0.000004274
5,"R_Date","C85",,"posterior",1359.5,0.000005215
5,"R_Date","C85",,"posterior",1360.5,0.000009724
5,"R_Date","C85",,"posterior",1361.5,0.000017996
5,"R_Date","C85",,"posterior",1362.5,0.000017996
5,"R_Date","C85",,"posterior",1363.5,0.00003882
5,"R_Date","C85",,"posterior",1364.5,0.00005728
5,"R_Date","C85",,"posterior",1365.5,0.00008002
5,"R_Date","C85",,"posterior",1366.5,0.00010817
5,"R_Date","C85",,"posterior",1367.5,0.00018443
5,"R_Date","C85",,"posterior",1368.5,0.00027461
5,"R_Date","C85",,"posterior",1369.5,0.0004167
5,"R_Date","C85",,"posterior",1370.5,0.0005916
5,"R_Date","C85",,"posterior",1371.5,0.000937
5,"R_Date","C85",,"posterior",1372.5,0.0011636
5,"R_Date","C85",,"posterior",1373.5,0.0014616
5,"R_Date","C85",,"posterior",1374.5,0.0015632
5,"R_Date","C85",,"posterior",1375.5,0.0015795
5,"R_Date","C85",,"posterior",1376.5,0.001183
5,"R_Date","C85",,"posterior",1377.5,0.0008805
5,"R_Date","C85",,"posterior",1378.5,0.0005197
5,"R_Date","C85",,"posterior",1379.5,0.0003745
5,"R_Date","C85",,"posterior",1380.5,0.00025615
5,"R_Date","C85",,"posterior",1381.5,0.00015248
5,"R_Date","C85",,"posterior",1382.5,0.00009163
5,"R_Date","C85",,"posterior",1383.5,0.00006724
5,"R_Date","C85",,"posterior",1384.5,0.00005352
5,"R_Date","C85",,"posterior",1385.5,0.00003952
5,"R_Date","C85",,"posterior",1386.5,0.000031013
5,"R_Date","C85",,"posterior",1387.5,0.000022976
5,"R_Date","C85",,"posterior",1388.5,0.000012311
5,"R_Date","C85",,"posterior",1389.5,0.000008038
5,"R_Date","C85",,"posterior",1390.5,0.0000025877
5,"R_Date","C85",,"posterior",1391.5,0.000001882
5,"R_Date","C85",,"posterior",1392.5,0
5,"R_Date","C85",,"posterior",1393.5,4.705e-7
5,"R_Date","C85",,"posterior",1394.5,2.3525e-7
7,"R_Date","D9",,"likelihood",1419.5,0
7,"R_Date","D9",,"likelihood",1420.5,0
7,"R_Date","D9",,"likelihood",1421.5,0
7,"R_Date","D9",,"likelihood",1422.5,5.854e-8
7,"R_Date","D9",,"likelihood",1423.5,2.9269e-7
7,"R_Date","D9",,"likelihood",1424.5,0.0000011708
7,"R_Date","D9",,"likelihood",1425.5,0.00000322
7,"R_Date","D9",,"likelihood",1426.5,0.000008371
7,"R_Date","D9",,"likelihood",1427.5,0.000016625
7,"R_Date","D9",,"likelihood",1428.5,0.000025815
7,"R_Date","D9",,"likelihood",1429.5,0.00003202
7,"R_Date","D9",,"likelihood",1430.5,0.00003963
7,"R_Date","D9",,"likelihood",1431.5,0.00004888
7,"R_Date","D9",,"likelihood",1432.5,0.0000737
7,"R_Date","D9",,"likelihood",1433.5,0.0001097
7,"R_Date","D9",,"likelihood",1434.5,0.00016133
7,"R_Date","D9",,"likelihood",1435.5,0.0003365
7,"R_Date","D9",,"likelihood",1436.5,0.0005657
7,"R_Date","D9",,"likelihood",1437.5,0.0010832
7,"R_Date","D9",,"likelihood",1438.5,0.0017076
7,"R_Date","D9",,"likelihood",1439.5,0.0026189
7,"R_Date","D9",,"likelihood",1440.5,0.00343
7,"R_Date","D9",,"likelihood",1441.5,0.005025
7,"R_Date","D9",,"likelihood",1442.5,0.007161
7,"R_Date","D9",,"likelihood",1443.5,0.009929
7,"R_Date","D9",,"likelihood",1444.5,0.014705
7,"R_Date","D9",,"likelihood",1445.5,0.020738
7,"R_Date","D9",,"likelihood",1446.5,0.025988
7,"R_Date","D9",,"likelihood",1447.5,0.03363
7,"R_Date","D9",,"likelihood",1448.5,0.04144
7,"R_Date","D9",,"likelihood",1449.5,0.04693
7,"R_Date","D9",,"likelihood",1450.5,0.0517
7,"R_Date","D9",,"likelihood",1451.5,0.0543
7,"R_Date","D9",,"likelihood",1452.5,0.05634
7,"R_Date","D9",,"likelihood",1453.5,0.05774
7,"R_Date","D9",,"likelihood",1454.5,0.05854
7,"R_Date","D9",,"likelihood",1455.5,0.05711
7,"R_Date","D9",,"likelihood",1456.5,0.05166
7,"R_Date","D9",,"likelihood",1457.5,0.04327
7,"R_Date","D9",,"likelihood",1458.5,0.03355
7,"R_Date","D9",,"likelihood",1459.5,0.025895
7,"R_Date","D9",,"likelihood",1460.5,0.019023
7,"R_Date","D9",,"likelihood",1461.5,0.017476
7,"R_Date","D9",,"likelihood",1462.5,0.016005
7,"R_Date","D9",,"likelihood",1463.5,0.017476
7,"R_Date","D9",,"likelihood",1464.5,0.019023
7,"R_Date","D9",,"likelihood",1465.5,0.020643
7,"R_Date","D9",,"likelihood",1466.5,0.022332
7,"R_Date","D9",,"likelihood",1467.5,0.020643
7,"R_Date","D9",,"likelihood",1468.5,0.019023
7,"R_Date","D9",,"likelihood",1469.5,0.017476
7,"R_Date","D9",,"likelihood",1470.5,0.016005
7,"R_Date","D9",,"likelihood",1471.5,0.016005
7,"R_Date","D9",,"likelihood",1472.5,0.014613
7,"R_Date","D9",,"likelihood",1473.5,0.012069
7,"R_Date","D9",,"likelihood",1474.5,0.009846
7,"R_Date","D9",,"likelihood",1475.5,0.007088
7,"R_Date","D9",,"likelihood",1476.5,0.004962
7,"R_Date","D9",,"likelihood",1477.5,0.003379
7,"R_Date","D9",,"likelihood",1478.5,0.0025751
7,"R_Date","D9",,"likelihood",1479.5,0.0019383
7,"R_Date","D9",,"likelihood",1480.5,0.001441
7,"R_Date","D9",,"likelihood",1481.5,0.0012367
7,"R_Date","D9",,"likelihood",1482.5,0.0008483
7,"R_Date","D9",,"likelihood",1483.5,0.0007163
7,"R_Date","D9",,"likelihood",1484.5,0.0007163
7,"R_Date","D9",,"likelihood",1485.5,0.0007163
7,"R_Date","D9",,"likelihood",1486.5,0.0007163
7,"R_Date","D9",,"likelihood",1487.5,0.0007163
7,"R_Date","D9",,"likelihood",1488.5,0.0007674
7,"R_Date","D9",,"likelihood",1489.5,0.0006504
7,"R_Date","D9",,"likelihood",1490.5,0.0005497
7,"R_Date","D9",,"likelihood",1491.5,0.000463
7,"R_Date","D9",,"likelihood",1492.5,0.0003889
7,"R_Date","D9",,"likelihood",1493.5,0.00027174
7,"R_Date","D9",,"likelihood",1494.5,0.00022608
7,"R_Date","D9",,"likelihood",1495.5,0.00015507
7,"R_Date","D9",,"likelihood",1496.5,0.00012779
7,"R_Date","D9",,"likelihood",1497.5,0.00010502
7,"R_Date","D9",,"likelihood",1498.5,0.00010502
7,"R_Date","D9",,"likelihood",1499.5,0.00008605
7,"R_Date","D9",,"likelihood",1500.5,0.00008605
7,"R_Date","D9",,"likelihood",1501.5,0.00008605
7,"R_Date","D9",,"likelihood",1502.5,0.00007025
7,"R_Date","D9",,"likelihood",1503.5,0.00005719
7,"R_Date","D9",,"likelihood",1504.5,0.00004642
7,"R_Date","D9",,"likelihood",1505.5,0.00003758
7,"R_Date","D9",,"likelihood",1506.5,0.000030323
7,"R_Date","D9",,"likelihood",1507.5,0.000024352
7,"R_Date","D9",,"likelihood",1508.5,0.000019552
7,"R_Date","D9",,"likelihood",1509.5,0.00001241
7,"R_Date","D9",,"likelihood",1510.5,0.000009893
7,"R_Date","D9",,"likelihood",1511.5,0.000006147
7,"R_Date","D9",,"likelihood",1512.5,0.0000027513
7,"R_Date","D9",,"likelihood",1513.5,0.0000021659
7,"R_Date","D9",,"likelihood",1514.5,0.0000021659
7,"R_Date","D9",,"likelihood",1515.5,0.000003805
7,"R_Date","D9",,"likelihood",1516.5,0.000003805
7,"R_Date","D9",,"likelihood",1517.5,0.000003805
7,"R_Date","D9",,"likelihood",1518.5,0.0000029855
7,"R_Date","D9",,"likelihood",1519.5,0.0000023415
7,"R_Date","D9",,"likelihood",1520.5,0.0000010537
7,"R_Date","D9",,"likelihood",1521.5,6.439e-7
7,"R_Date","D9",,"likelihood",1522.5,2.9269e-7
7,"R_Date","D9",,"likelihood",1523.5,1.1708e-7
7,"R_Date","D9",,"likelihood",1524.5,5.854e-8
7,"R_Date","D9",,"likelihood",1525.5,0
7,"R_Date","D9",,"likelihood",1526.5,0
7,"R_Date","D9",,"likelihood",1527.5,0
7,"R_Date","D9",,"likelihood",1528.5,0
7,"R_Date","D9",,"likelihood",1529.5,0
7,"R_Date","D9",,"likelihood",1530.5,0
7,"R_Date","D9",,"likelihood",1531.5,0
7,"R_Date","D9",,"likelihood",1532.5,0
7,"R_Date","D9",,"likelihood",1533.5,0
7,"R_Date","D9",,"likelihood",1534.5,0
7,"R_Date","D9",,"likelihood",1535.5,0
7,"R_Date","D9",,"likelihood",1536.5,0
7,"R_Date","D9",,"likelihood",1537.5,0
7,"R_Date","D9",,"likelihood",1538.5,0
7,"R_Date","D9",,"likelihood",1539.5,0
7,"R_Date","D9",,"likelihood",1540.5,0
7,"R_Date","D9",,"likelihood",1541.5,0
7,"R_Date","D9",,"likelihood",1542.5,0
7,"R_Date","D9",,"likelihood",1543.5,0
7,"R_Date","D9",,"likelihood",1544.5,0
7,"R_Date","D9",,"likelihood",1545.5,0
7,"R_Date","D9",,"likelihood",1546.5,0
7,"R_Date","D9",,"likelihood",1547.5,0
7,"R_Date","D9",,"likelihood",1548.5,0
7,"R_Date","D9",,"likelihood",1549.5,0
7,"R_Date","D9",,"likelihood",1550.5,0
7,"R_Date","D9",,"likelihood",1551.5,0
7,"R_Date","D9",,"likelihood",1552.5,0
7,"R_Date","D9",,"likelihood",1553.5,0
7,"R_Date","D9",,"likelihood",1554.5,0
7,"R_Date","D9",,"likelihood",1555.5,0
7,"R_Date","D9",,"likelihood",1556.5,0
7,"R_Date","D9",,"likelihood",1557.5,0
7,"R_Date","D9",,"likelihood",1558.5,0
7,"R_Date","D9",,"likelihood",1559.5,0
7,"R_Date","D9",,"likelihood",1560.5,5.854e-8
7,"R_Date","D9",,"likelihood",1561.5,5.854e-8
7,"R_Date","D9",,"likelihood",1562.5,1.1708e-7
7,"R_Date","D9",,"likelihood",1563.5,5.854e-8
7,"R_Date","D9",,"likelihood",1564.5,5.854e-8
7,"R_Date","D9",,"likelihood",1565.5,0
7,"R_Date","D9",,"likelihood",1566.5,0
7,"R_Date","D9",,"likelihood",1567.5,0
7,"R_Date","D9",,"likelihood",1568.5,0
7,"R_Date","D9",,"likelihood",1569.5,0
7,"R_Date","D9",,"likelihood",1570.5,0
7,"R_Date","D9",,"likelihood",1571.5,5.854e-8
7,"R_Date","D9",,"likelihood",1572.5,5.854e-8
7,"R_Date","D9",,"likelihood",1573.5,1.1708e-7
7,"R_Date","D9",,"likelihood",1574.5,1.7562e-7
7,"R_Date","D9",,"likelihood",1575.5,2.3415e-7
7,"R_Date","D9",,"likelihood",1576.5,3.512e-7
7,"R_Date","D9",,"likelihood",1577.5,4.683e-7
7,"R_Date","D9",,"likelihood",1578.5,6.439e-7
7,"R_Date","D9",,"likelihood",1579.5,6.439e-7
7,"R_Date","D9",,"likelihood",1580.5,8.195e-7
7,"R_Date","D9",,"likelihood",1581.5,8.195e-7
7,"R_Date","D9",,"likelihood",1582.5,8.195e-7
7,"R_Date","D9",,"likelihood",1583.5,8.195e-7
7,"R_Date","D9",,"likelihood",1584.5,8.195e-7
7,"R_Date","D9",,"likelihood",1585.5,6.439e-7
7,"R_Date","D9",,"likelihood",1586.5,6.439e-7
7,"R_Date","D9",,"likelihood",1587.5,8.195e-7
7,"R_Date","D9",,"likelihood",1588.5,0.0000010537
7,"R_Date","D9",,"likelihood",1589.5,0.0000018147
7,"R_Date","D9",,"likelihood",1590.5,0.0000029855
7,"R_Date","D9",,"likelihood",1591.5,0.000006147
7,"R_Date","D9",,"likelihood",1592.5,0.000009893
7,"R_Date","D9",,"likelihood",1593.5,0.00001563
7,"R_Date","D9",,"likelihood",1594.5,0.000024352
7,"R_Date","D9",,"likelihood",1595.5,0.00003758
7,"R_Date","D9",,"likelihood",1596.5,0.00003758
7,"R_Date","D9",,"likelihood",1597.5,0.00004642
7,"R_Date","D9",,"likelihood",1598.5,0.00005719
7,"R_Date","D9",,"likelihood",1599.5,0.00007025
7,"R_Date","D9",,"likelihood",1600.5,0.00008605
7,"R_Date","D9",,"likelihood",1601.5,0.00012779
7,"R_Date","D9",,"likelihood",1602.5,0.00022608
7,"R_Date","D9",,"likelihood",1603.5,0.0003889
7,"R_Date","D9",,"likelihood",1604.5,0.0005497
7,"R_Date","D9",,"likelihood",1605.5,0.0006504
7,"R_Date","D9",,"likelihood",1606.5,0.0006504
7,"R_Date","D9",,"likelihood",1607.5,0.000463
7,"R_Date","D9",,"likelihood",1608.5,0.0003255
7,"R_Date","D9",,"likelihood",1609.5,0.00022608
7,"R_Date","D9",,"likelihood",1610.5,0.00015507
7,"R_Date","D9",,"likelihood",1611.5,0.00012779
7,"R_Date","D9",,"likelihood",1612.5,0.00012779
7,"R_Date","D9",,"likelihood",1613.5,0.00012779
7,"R_Date","D9",,"likelihood",1614.5,0.00012779
7,"R_Date","D9",,"likelihood",1615.5,0.00010502
7,"R_Date","D9",,"likelihood",1616.5,0.00008605
7,"R_Date","D9",,"likelihood",1617.5,0.00004642
7,"R_Date","D9",,"likelihood",1618.5,0.000019552
7,"R_Date","D9",,"likelihood",1619.5,0.000009893
7,"R_Date","D9",,"likelihood",1620.5,0.000003805
7,"R_Date","D9",,"likelihood",1621.5,0.0000014049
7,"R_Date","D9",,"likelihood",1622.5,4.683e-7
7,"R_Date","D9",,"likelihood",1623.5,2.9269e-7
7,"R_Date","D9",,"likelihood",1624.5,2.3415e-7
7,"R_Date","D9",,"likelihood",1625.5,1.7562e-7
7,"R_Date","D9",,"likelihood",1626.5,1.7562e-7
7,"R_Date","D9",,"likelihood",1627.5,2.3415e-7
7,"R_Date","D9",,"likelihood",1628.5,2.3415e-7
7,"R_Date","D9",,"likelihood",1629.5,1.1708e-7
7,"R_Date","D9",,"likelihood",1630.5,5.854e-8
7,"R_Date","D9",,"likelihood",1631.5,5.854e-8
7,"R_Date","D9",,"likelihood",1632.5,0
7,"R_Date","D9",,"likelihood",1633.5,0
7,"R_Date","D9",,"posterior",1421.5,0
7,"R_Date","D9",,"posterior",1422.5,0
7,"R_Date","D9",,"posterior",1423.5,2.364e-7
7,"R_Date","D9",,"posterior",1424.5,0.0000014184
7,"R_Date","D9",,"posterior",1425.5,0.000003782
7,"R_Date","D9",,"posterior",1426.5,0.000010638
7,"R_Date","D9",,"posterior",1427.5,0.000017021
7,"R_Date","D9",,"posterior",1428.5,0.00002961
7,"R_Date","D9",,"posterior",1429.5,0.00003836
7,"R_Date","D9",,"posterior",1430.5,0.00004403
7,"R_Date","D9",,"posterior",1431.5,0.0000523
7,"R_Date","D9",,"posterior",1432.5,0.00007317
7,"R_Date","D9",,"posterior",1433.5,0.0001075
7,"R_Date","D9",,"posterior",1434.5,0.00014367
7,"R_Date","D9",,"posterior",1435.5,0.0003411
7,"R_Date","D9",,"posterior",1436.5,0.00058
7,"R_Date","D9",,"posterior",1437.5,0.001093
7,"R_Date","D9",,"posterior",1438.5,0.0017535
7,"R_Date","D9",,"posterior",1439.5,0.0027055
7,"R_Date","D9",,"posterior",1440.5,0.003535
7,"R_Date","D9",,"posterior",1441.5,0.00518
7,"R_Date","D9",,"posterior",1442.5,0.007355
7,"R_Date","D9",,"posterior",1443.5,0.010496
7,"R_Date","D9",,"posterior",1444.5,0.015224
7,"R_Date","D9",,"posterior",1445.5,0.020986
7,"R_Date","D9",,"posterior",1446.5,0.02672
7,"R_Date","D9",,"posterior",1447.5,0.03466
7,"R_Date","D9",,"posterior",1448.5,0.04207
7,"R_Date","D9",,"posterior",1449.5,0.04775
7,"R_Date","D9",,"posterior",1450.5,0.05248
7,"R_Date","D9",,"posterior",1451.5,0.055
7,"R_Date","D9",,"posterior",1452.5,0.05761
7,"R_Date","D9",,"posterior",1453.5,0.05902
7,"R_Date","D9",,"posterior",1454.5,0.0591
7,"R_Date","D9",,"posterior",1455.5,0.05773
7,"R_Date","D9",,"posterior",1456.5,0.05237
7,"R_Date","D9",,"posterior",1457.5,0.04345
7,"R_Date","D9",,"posterior",1458.5,0.03386
7,"R_Date","D9",,"posterior",1459.5,0.026185
7,"R_Date","D9",,"posterior",1460.5,0.01989
7,"R_Date","D9",,"posterior",1461.5,0.017471
7,"R_Date","D9",,"posterior",1462.5,0.015951
7,"R_Date","D9",,"posterior",1463.5,0.017151
7,"R_Date","D9",,"posterior",1464.5,0.018841
7,"R_Date","D9",,"posterior",1465.5,0.020177
7,"R_Date","D9",,"posterior",1466.5,0.021311
7,"R_Date","D9",,"posterior",1467.5,0.020188
7,"R_Date","D9",,"posterior",1468.5,0.01838
7,"R_Date","D9",,"posterior",1469.5,0.017008
7,"R_Date","D9",,"posterior",1470.5,0.01533
7,"R_Date","D9",,"posterior",1471.5,0.015049
7,"R_Date","D9",,"posterior",1472.5,0.013704
7,"R_Date","D9",,"posterior",1473.5,0.011507
7,"R_Date","D9",,"posterior",1474.5,0.009246
7,"R_Date","D9",,"posterior",1475.5,0.006846
7,"R_Date","D9",,"posterior",1476.5,0.004603
7,"R_Date","D9",,"posterior",1477.5,0.003257
7,"R_Date","D9",,"posterior",1478.5,0.0023887
7,"R_Date","D9",,"posterior",1479.5,0.0018213
7,"R_Date","D9",,"posterior",1480.5,0.0013182
7,"R_Date","D9",,"posterior",1481.5,0.0010881
7,"R_Date","D9",,"posterior",1482.5,0.0008269
7,"R_Date","D9",,"posterior",1483.5,0.0006808
7,"R_Date","D9",,"posterior",1484.5,0.0006586
7,"R_Date","D9",,"posterior",1485.5,0.0006264
7,"R_Date","D9",,"posterior",1486.5,0.0006184
7,"R_Date","D9",,"posterior",1487.5,0.0006326
7,"R_Date","D9",,"posterior",1488.5,0.0006792
7,"R_Date","D9",,"posterior",1489.5,0.0005532
7,"R_Date","D9",,"posterior",1490.5,0.000519
7,"R_Date","D9",,"posterior",1491.5,0.0003908
7,"R_Date","D9",,"posterior",1492.5,0.0003392
7,"R_Date","D9",,"posterior",1493.5,0.00024551
7,"R_Date","D9",,"posterior",1494.5,0.00020242
7,"R_Date","D9",,"posterior",1495.5,0.00014492
7,"R_Date","D9",,"posterior",1496.5,0.00010916
7,"R_Date","D9",,"posterior",1497.5,0.00009113
7,"R_Date","D9",,"posterior",1498.5,0.00009208
7,"R_Date","D9",,"posterior",1499.5,0.00007222
7,"R_Date","D9",,"posterior",1500.5,0.00008215
7,"R_Date","D9",,"posterior",1501.5,0.00006938
7,"R_Date","D9",,"posterior",1502.5,0.00006962
7,"R_Date","D9",,"posterior",1503.5,0.00004096
7,"R_Date","D9",,"posterior",1504.5,0.00003197
7,"R_Date","D9",,"posterior",1505.5,0.000031264
7,"R_Date","D9",,"posterior",1506.5,0.00003245
7,"R_Date","D9",,"posterior",1507.5,0.000019622
7,"R_Date","D9",,"posterior",1508.5,0.000018912
7,"R_Date","D9",,"posterior",1509.5,0.000006619
7,"R_Date","D9",,"posterior",1510.5,0.000008274
7,"R_Date","D9",,"posterior",1511.5,0.000005437
7,"R_Date","D9",,"posterior",1512.5,0.0000030733
7,"R_Date","D9",,"posterior",1513.5,0.000001182
7,"R_Date","D9",,"posterior",1514.5,7.092e-7
7,"R_Date","D9",,"posterior",1515.5,0.0000021276
7,"R_Date","D9",,"posterior",1516.5,0.000001182
7,"R_Date","D9",,"posterior",1517.5,0.0000030733
7,"R_Date","D9",,"posterior",1518.5,0.000002364
7,"R_Date","D9",,"posterior",1519.5,0.000001182
7,"R_Date","D9",,"posterior",1520.5,0.000001182
7,"R_Date","D9",,"posterior",1521.5,4.728e-7
7,"R_Date","D9",,"posterior",1522.5,0
7,"R_Date","D9",,"posterior",1523.5,0
7,"R_Date","D9",,"posterior",1524.5,0
7,"R_Date","D9",,"posterior",1525.5,0
7,"R_Date","D9",,"posterior",1526.5,0
7,"R_Date","D9",,"posterior",1527.5,0
7,"R_Date","D9",,"posterior",1528.5,0
7,"R_Date","D9",,"posterior",1529.5,0
7,"R_Date","D9",,"posterior",1530.5,0
7,"R_Date","D9",,"posterior",1531.5,0
7,"R_Date","D9",,"posterior",1532.5,0
7,"R_Date","D9",,"posterior",1533.5,0
7,"R_Date","D9",,"posterior",1534.5,0
7,"R_Date","D9",,"posterior",1535.5,0
7,"R_Date","D9",,"posterior",1536.5,0
7,"R_Date","D9",,"posterior",1537.5,0
7,"R_Date","D9",,"posterior",1538.5,0
7,"R_Date","D9",,"posterior",1539.5,0
7,"R_Date","D9",,"posterior",1540.5,0
7,"R_Date","D9",,"posterior",1541.5,0
7,"R_Date","D9",,"posterior",1542.5,0
7,"R_Date","D9",,"posterior",1543.5,0
7,"R_Date","D9",,"posterior",1544.5,0
7,"R_Date","D9",,"posterior",1545.5,0
7,"R_Date","D9",,"posterior",1546.5,0
7,"R_Date","D9",,"posterior",1547.5,0
7,"R_Date","D9",,"posterior",1548.5,0
7,"R_Date","D9",,"posterior",1549.5,0
7,"R_Date","D9",,"posterior",1550.5,0
7,"R_Date","D9",,"posterior",1551.5,0
7,"R_Date","D9",,"posterior",1552.5,0
7,"R_Date","D9",,"posterior",1553.5,0
7,"R_Date","D9",,"posterior",1554.5,0
7,"R_Date","D9",,"posterior",1555.5,0
7,"R_Date","D9",,"posterior",1556.5,0
7,"R_Date","D9",,"posterior",1557.5,0
7,"R_Date","D9",,"posterior",1558.5,0
7,"R_Date","D9",,"posterior",1559.5,0
7,"R_Date","D9",,"posterior",1560.5,0
7,"R_Date","D9",,"posterior",1561.5,2.364e-7
7,"R_Date","D9",,"posterior",1562.5,0
7,"R_Date","D9",,"posterior",1563.5,0
7,"R_Date","D9",,"posterior",1564.5,0
7,"R_Date","D9",,"posterior",1565.5,0
7,"R_Date","D9",,"posterior",1566.5,0
7,"R_Date","D9",,"posterior",1567.5,0
7,"R_Date","D9",,"posterior",1568.5,0
7,"R_Date","D9",,"posterior",1569.5,0
7,"R_Date","D9",,"posterior",1570.5,0
7,"R_Date","D9",,"posterior",1571.5,0
7,"R_Date","D9",,"posterior",1572.5,0
7,"R_Date","D9",,"posterior",1573.5,0
7,"R_Date","D9",,"posterior",1574.5,4.728e-7
7,"R_Date","D9",,"posterior",1575.5,0
7,"R_Date","D9",,"posterior",1576.5,0
7,"R_Date","D9",,"posterior",1577.5,0
7,"R_Date","D9",,"posterior",1578.5,0
7,"R_Date","D9",,"posterior",1579.5,2.364e-7
7,"R_Date","D9",,"posterior",1580.5,2.364e-7
7,"R_Date","D9",,"posterior",1581.5,0.000001182
7,"R_Date","D9",,"posterior",1582.5,0
7,"R_Date","D9",,"posterior",1583.5,7.092e-7
7,"R_Date","D9",,"posterior",1584.5,0
7,"R_Date","D9",,"posterior",1585.5,4.728e-7
7,"R_Date","D9",,"posterior",1586.5,0
7,"R_Date","D9",,"posterior",1587.5,4.728e-7
7,"R_Date","D9",,"posterior",1588.5,2.364e-7
7,"R_Date","D9",,"posterior",1589.5,9.456e-7
7,"R_Date","D9",,"posterior",1590.5,0.0000014184
7,"R_Date","D9",,"posterior",1591.5,0.0000018912
7,"R_Date","D9",,"posterior",1592.5,0.000004255
7,"R_Date","D9",,"posterior",1593.5,0.000008038
7,"R_Date","D9",,"posterior",1594.5,0.000008038
7,"R_Date","D9",,"posterior",1595.5,0.000020094
7,"R_Date","D9",,"posterior",1596.5,0.000014421
7,"R_Date","D9",,"posterior",1597.5,0.000022045
7,"R_Date","D9",,"posterior",1598.5,0.000028664
7,"R_Date","D9",,"posterior",1599.5,0.00003339
7,"R_Date","D9",,"posterior",1600.5,0.00004167
7,"R_Date","D9",,"posterior",1601.5,0.00005254
7,"R_Date","D9",,"posterior",1602.5,0.0000883
7,"R_Date","D9",,"posterior",1603.5,0.00013469
7,"R_Date","D9",,"posterior",1604.5,0.0002185
7,"R_Date","D9",,"posterior",1605.5,0.00022512
7,"R_Date","D9",,"posterior",1606.5,0.00019627
7,"R_Date","D9",,"posterior",1607.5,0.00015083
7,"R_Date","D9",,"posterior",1608.5,0.00011081
7,"R_Date","D9",,"posterior",1609.5,0.00008002
7,"R_Date","D9",,"posterior",1610.5,0.0000549
7,"R_Date","D9",,"posterior",1611.5,0.00004781
7,"R_Date","D9",,"posterior",1612.5,0.00004261
7,"R_Date","D9",,"posterior",1613.5,0.00004096
7,"R_Date","D9",,"posterior",1614.5,0.0000393
7,"R_Date","D9",,"posterior",1615.5,0.0000367
7,"R_Date","D9",,"posterior",1616.5,0.000031264
7,"R_Date","D9",,"posterior",1617.5,0.000015366
7,"R_Date","D9",,"posterior",1618.5,0.000004255
7,"R_Date","D9",,"posterior",1619.5,0.000002364
7,"R_Date","D9",,"posterior",1620.5,7.092e-7
7,"R_Date","D9",,"posterior",1621.5,0
7,"R_Date","D9",,"posterior",1622.5,2.364e-7
7,"R_Date","D9",,"posterior",1623.5,4.728e-7
8,"R_Date","D6",,"likelihood",1419.5,0
8,"R_Date","D6",,"likelihood",1420.5,0
8,"R_Date","D6",,"likelihood",1421.5,0
8,"R_Date","D6",,"likelihood",1422.5,5.854e-8
8,"R_Date","D6",,"likelihood",1423.5,2.9269e-7
8,"R_Date","D6",,"likelihood",1424.5,0.0000011708
8,"R_Date","D6",,"likelihood",1425.5,0.00000322
8,"R_Date","D6",,"likelihood",1426.5,0.000008371
8,"R_Date","D6",,"likelihood",1427.5,0.000016625
8,"R_Date","D6",,"likelihood",1428.5,0.000025815
8,"R_Date","D6",,"likelihood",1429.5,0.00003202
8,"R_Date","D6",,"likelihood",1430.5,0.00003963
8,"R_Date","D6",,"likelihood",1431.5,0.00004888
8,"R_Date","D6",,"likelihood",1432.5,0.0000737
8,"R_Date","D6",,"likelihood",1433.5,0.0001097
8,"R_Date","D6",,"likelihood",1434.5,0.00016133
8,"R_Date","D6",,"likelihood",1435.5,0.0003365
8,"R_Date","D6",,"likelihood",1436.5,0.0005657
8,"R_Date","D6",,"likelihood",1437.5,0.0010832
8,"R_Date","D6",,"likelihood",1438.5,0.0017076
8,"R_Date","D6",,"likelihood",1439.5,0.0026189
8,"R_Date","D6",,"likelihood",1440.5,0.00343
8,"R_Date","D6",,"likelihood",1441.5,0.005025
8,"R_Date","D6",,"likelihood",1442.5,0.007161
8,"R_Date","D6",,"likelihood",1443.5,0.009929
8,"R_Date","D6",,"likelihood",1444.5,0.014705
8,"R_Date","D6",,"likelihood",1445.5,0.020738
8,"R_Date","D6",,"likelihood",1446.5,0.025988
8,"R_Date","D6",,"likelihood",1447.5,0.03363
8,"R_Date","D6",,"likelihood",1448.5,0.04144
8,"R_Date","D6",,"likelihood",1449.5,0.04693
8,"R_Date","D6",,"likelihood",1450.5,0.0517
8,"R_Date","D6",,"likelihood",1451.5,0.0543
8,"R_Date","D6",,"likelihood",1452.5,0.05634
8,"R_Date","D6",,"likelihood",1453.5,0.05774
8,"R_Date","D6",,"likelihood",1454.5,0.05854
8,"R_Date","D6",,"likelihood",1455.5,0.05711
8,"R_Date","D6",,"likelihood",1456.5,0.05166
8,"R_Date","D6",,"likelihood",1457.5,0.04327
8,"R_Date","D6",,"likelihood",1458.5,0.03355
8,"R_Date","D6",,"likelihood",1459.5,0.025895
8,"R_Date","D6",,"likelihood",1460.5,0.019023
8,"R_Date","D6",,"likelihood",1461.5,0.017476
8,"R_Date","D6",,"likelihood",1462.5,0.016005
8,"R_Date","D6",,"likelihood",1463.5,0.017476
8,"R_Date","D6",,"likelihood",1464.5,0.019023
8,"R_Date","D6",,"likelihood",1465.5,0.020643
8,"R_Date","D6",,"likelihood",1466.5,0.022332
8,"R_Date","D6",,"likelihood",1467.5,0.020643
8,"R_Date","D6",,"likelihood",1468.5,0.019023
8,"R_Date","D6",,"likelihood",1469.5,0.017476
8,"R_Date","D6",,"likelihood",1470.5,0.016005
8,"R_Date","D6",,"likelihood",1471.5,0.016005
8,"R_Date","D6",,"likelihood",1472.5,0.014613
8,"R_Date","D6",,"likelihood",1473.5,0.012069
8,"R_Date","D6",,"likelihood",1474.5,0.009846
8,"R_Date","D6",,"likelihood",1475.5,0.007088
8,"R_Date","D6",,"likelihood",1476.5,0.004962
8,"R_Date","D6",,"likelihood",1477.5,0.003379
8,"R_Date","D6",,"likelihood",1478.5,0.0025751
8,"R_Date","D6",,"likelihood",1479.5,0.0019383
8,"R_Date","D6",,"likelihood",1480.5,0.001441
8,"R_Date","D6",,"likelihood",1481.5,0.0012367
8,"R_Date","D6",,"likelihood",1482.5,0.0008483
8,"R_Date","D6",,"likelihood",1483.5,0.0007163
8,"R_Date","D6",,"likelihood",1484.5,0.0007163
8,"R_Date","D6",,"likelihood",1485.5,0.0007163
8,"R_Date","D6",,"likelihood",1486.5,0.0007163
8,"R_Date","D6",,"likelihood",1487.5,0.0007163
8,"R_Date","D6",,"likelihood",1488.5,0.0007674
8,"R_Date","D6",,"likelihood",1489.5,0.0006504
8,"R_Date","D6",,"likelihood",1490.5,0.0005497
8,"R_Date","D6",,"likelihood",1491.5,0.000463
8,"R_Date","D6",,"likelihood",1492.5,0.0003889
8,"R_Date","D6",,"likelihood",1493.5,0.00027174
8,"R_Date","D6",,"likelihood",1494.5,0.00022608
8,"R_Date","D6",,"likelihood",1495.5,0.00015507
8,"R_Date","D6",,"likelihood",1496.5,0.00012779
8,"R_Date","D6",,"likelihood",1497.5,0.00010502
8,"R_Date","D6",,"likelihood",1498.5,0.00010502
8,"R_Date","D6",,"likelihood",1499.5,0.00008605
8,"R_Date","D6",,"likelihood",1500.5,0.00008605
8,"R_Date","D6",,"likelihood",1501.5,0.00008605
8,"R_Date","D6",,"likelihood",1502.5,0.00007025
8,"R_Date","D6",,"likelihood",1503.5,0.00005719
8,"R_Date","D6",,"likelihood",1504.5,0.00004642
8,"R_Date","D6",,"likelihood",1505.5,0.00003758
8,"R_Date","D6",,"likelihood",1506.5,0.000030323
8,"R_Date","D6",,"likelihood",1507.5,0.000024352
8,"R_Date","D6",,"likelihood",1508.5,0.000019552
8,"R_Date","D6",,"likelihood",1509.5,0.00001241
8,"R_Date","D6",,"likelihood",1510.5,0.000009893
8,"R_Date","D6",,"likelihood",1511.5,0.000006147
8,"R_Date","D6",,"likelihood",1512.5,0.0000027513
8,"R_Date","D6",,"likelihood",1513.5,0.0000021659
8,"R_Date","D6",,"likelihood",1514.5,0.0000021659
8,"R_Date","D6",,"likelihood",1515.5,0.000003805
8,"R_Date","D6",,"likelihood",1516.5,0.000003805
8,"R_Date","D6",,"likelihood",1517.5,0.000003805
8,"R_Date","D6",,"likelihood",1518.5,0.0000029855
8,"R_Date","D6",,"likelihood",1519.5,0.0000023415
8,"R_Date","D6",,"likelihood",1520.5,0.0000010537
8,"R_Date","D6",,"likelihood",1521.5,6.439e-7
8,"R_Date","D6",,"likelihood",1522.5,2.9269e-7
8,"R_Date","D6",,"likelihood",1523.5,1.1708e-7
8,"R_Date","D6",,"likelihood",1524.5,5.854e-8
8,"R_Date","D6",,"likelihood",1525.5,0
8,"R_Date","D6",,"likelihood",1526.5,0
8,"R_Date","D6",,"likelihood",1527.5,0
8,"R_Date","D6",,"likelihood",1528.5,0
8,"R_Date","D6",,"likelihood",1529.5,0
8,"R_Date","D6",,"likelihood",1530.5,0
8,"R_Date","D6",,"likelihood",1531.5,0
8,"R_Date","D6",,"likelihood",1532.5,0
8,"R_Date","D6",,"likelihood",1533.5,0
8,"R_Date","D6",,"likelihood",1534.5,0
8,"R_Date","D6",,"likelihood",1535.5,0
8,"R_Date","D6",,"likelihood",1536.5,0
8,"R_Date","D6",,"likelihood",1537.5,0
8,"R_Date","D6",,"likelihood",1538.5,0
8,"R_Date","D6",,"likelihood",1539.5,0
8,"R_Date","D6",,"likelihood",1540.5,0
8,"R_Date","D6",,"likelihood",1541.5,0
8,"R_Date","D6",,"likelihood",1542.5,0
8,"R_Date","D6",,"likelihood",1543.5,0
8,"R_Date","D6",,"likelihood",1544.5,0
8,"R_Date","D6",,"likelihood",1545.5,0
8,"R_Date","D6",,"likelihood",1546.5,0
8,"R_Date","D6",,"likelihood",1547.5,0
8,"R_Date","D6",,"likelihood",1548.5,0
8,"R_Date","D6",,"likelihood",1549.5,0
8,"R_Date","D6",,"likelihood",1550.5,0
8,"R_Date","D6",,"likelihood",1551.5,0
8,"R_Date","D6",,"likelihood",1552.5,0
8,"R_Date","D6",,"likelihood",1553.5,0
8,"R_Date","D6",,"likelihood",1554.5,0
8,"R_Date","D6",,"likelihood",1555.5,0
8,"R_Date","D6",,"likelihood",1556.5,0
8,"R_Date","D6",,"likelihood",1557.5,0
8,"R_Date","D6",,"likelihood",1558.5,0
8,"R_Date","D6",,"likelihood",1559.5,0
8,"R_Date","D6",,"likelihood",1560.5,5.854e-8
8,"R_Date","D6",,"likelihood",1561.5,5.854e-8
8,"R_Date","D6",,"likelihood",1562.5,1.1708e-7
8,"R_Date","D6",,"likelihood",1563.5,5.854e-8
8,"R_Date","D6",,"likelihood",1564.5,5.854e-8
8,"R_Date","D6",,"likelihood",1565.5,0
8,"R_Date","D6",,"likelihood",1566.5,0
8,"R_Date","D6",,"likelihood",1567.5,0
8,"R_Date","D6",,"likelihood",1568.5,0
8,"R_Date","D6",,"likelihood",1569.5,0
8,"R_Date","D6",,"likelihood",1570.5,0
8,"R_Date","D6",,"likelihood",1571.5,5.854e-8
8,"R_Date","D6",,"likelihood",1572.5,5.854e-8
8,"R_Date","D6",,"likelihood",1573.5,1.1708e-7
8,"R_Date","D6",,"likelihood",1574.5,1.7562e-7
8,"R_Date","D6",,"likelihood",1575.5,2.3415e-7
8,"R_Date","D6",,"likelihood",1576.5,3.512e-7
8,"R_Date","D6",,"likelihood",1577.5,4.683e-7
8,"R_Date","D6",,"likelihood",1578.5,6.439e-7
8,"R_Date","D6",,"likelihood",1579.5,6.439e-7
8,"R_Date","D6",,"likelihood",1580.5,8.195e-7
8,"R_Date","D6",,"likelihood",1581.5,8.195e-7
8,"R_Date","D6",,"likelihood",1582.5,8.195e-7
8,"R_Date","D6",,"likelihood",1583.5,8.195e-7
8,"R_Date","D6",,"likelihood",1584.5,8.195e-7
8,"R_Date","D6",,"likelihood",1585.5,6.439e-7
8,"R_Date","D6",,"likelihood",1586.5,6.439e-7
8,"R_Date","D6",,"likelihood",1587.5,8.195e-7
8,"R_Date","D6",,"likelihood",1588.5,0.0000010537
8,"R_Date","D6",,"likelihood",1589.5,0.0000018147
8,"R_Date","D6",,"likelihood",1590.5,0.0000029855
8,"R_Date","D6",,"likelihood",1591.5,0.000006147
8,"R_Date","D6",,"likelihood",1592.5,0.000009893
8,"R_Date","D6",,"likelihood",1593.5,0.00001563
8,"R_Date","D6",,"likelihood",1594.5,0.000024352
8,"R_Date","D6",,"likelihood",1595.5,0.00003758
8,"R_Date","D6",,"likelihood",1596.5,0.00003758
8,"R_Date","D6",,"likelihood",1597.5,0.00004642
8,"R_Date","D6",,"likelihood",1598.5,0.00005719
8,"R_Date","D6",,"likelihood",1599.5,0.00007025
8,"R_Date","D6",,"likelihood",1600.5,0.00008605
8,"R_Date","D6",,"likelihood",1601.5,0.00012779
8,"R_Date","D6",,"likelihood",1602.5,0.00022608
8,"R_Date","D6",,"likelihood",1603.5,0.0003889
8,"R_Date","D6",,"likelihood",1604.5,0.0005497
8,"R_Date","D6",,"likelihood",1605.5,0.0006504
8,"R_Date","D6",,"likelihood",1606.5,0.0006504
8,"R_Date","D6",,"likelihood",1607.5,0.000463
8,"R_Date","D6",,"likelihood",1608.5,0.0003255
8,"R_Date","D6",,"likelihood",1609.5,0.00022608
8,"R_Date","D6",,"likelihood",1610.5,0.00015507
8,"R_Date","D6",,"likelihood",1611.5,0.00012779
8,"R_Date","D6",,"likelihood",1612.5,0.00012779
8,"R_Date","D6",,"likelihood",1613.5,0.00012779
8,"R_Date","D6",,"likelihood",1614.5,0.00012779
8,"R_Date","D6",,"likelihood",1615.5,0.00010502
8,"R_Date","D6",,"likelihood",1616.5,0.00008605
8,"R_Date","D6",,"likelihood",1617.5,0.00004642
8,"R_Date","D6",,"likelihood",1618.5,0.000019552
8,"R_Date","D6",,"likelihood",1619.5,0.000009893
8,"R_Date","D6",,"likelihood",1620.5,0.000003805
8,"R_Date","D6",,"likelihood",1621.5,0.0000014049
8,"R_Date","D6",,"likelihood",1622.5,4.683e-7
8,"R_Date","D6",,"likelihood",1623.5,2.9269e-7
8,"R_Date","D6",,"likelihood",1624.5,2.3415e-7
8,"R_Date","D6",,"likelihood",1625.5,1.7562e-7
8,"R_Date","D6",,"likelihood",1626.5,1.7562e-7
8,"R_Date","D6",,"likelihood",1627.5,2.3415e-7
8,"R_Date","D6",,"likelihood",1628.5,2.3415e-7
8,"R_Date","D6",,"likelihood",1629.5,1.1708e-7
8,"R_Date","D6",,"likelihood",1630.5,5.854e-8
8,"R_Date","D6",,"likelihood",1631.5,5.854e-8
8,"R_Date","D6",,"likelihood",1632.5,0
8,"R_Date","D6",,"likelihood",1633.5,0
8,"R_Date","D6",,"posterior",1421.5,0
8,"R_Date","D6",,"posterior",1422.5,0
8,"R_Date","D6",,"posterior",1423.5,4.762e-7
8,"R_Date","D6",,"posterior",1424.5,0.0000019049
8,"R_Date","D6",,"posterior",1425.5,0.000004524
8,"R_Date","D6",,"posterior",1426.5,0.000008751
8,"R_Date","D6",,"posterior",1427.5,0.000016073
8,"R_Date","D6",,"posterior",1428.5,0.000029824
8,"R_Date","D6",,"posterior",1429.5,0.00003715
8,"R_Date","D6",,"posterior",1430.5,0.0000478
8,"R_Date","D6",,"posterior",1431.5,0.00004899
8,"R_Date","D6",,"posterior",1432.5,0.00007387
8,"R_Date","D6",,"posterior",1433.5,0.00010203
8,"R_Date","D6",,"posterior",1434.5,0.0001662
8,"R_Date","D6",,"posterior",1435.5,0.0003274
8,"R_Date","D6",,"posterior",1436.5,0.000581
8,"R_Date","D6",,"posterior",1437.5,0.0011432
8,"R_Date","D6",,"posterior",1438.5,0.0017263
8,"R_Date","D6",,"posterior",1439.5,0.0025973
8,"R_Date","D6",,"posterior",1440.5,0.003596
8,"R_Date","D6",,"posterior",1441.5,0.005064
8,"R_Date","D6",,"posterior",1442.5,0.007435
8,"R_Date","D6",,"posterior",1443.5,0.010247
8,"R_Date","D6",,"posterior",1444.5,0.014925
8,"R_Date","D6",,"posterior",1445.5,0.02092
8,"R_Date","D6",,"posterior",1446.5,0.026791
8,"R_Date","D6",,"posterior",1447.5,0.03437
8,"R_Date","D6",,"posterior",1448.5,0.04187
8,"R_Date","D6",,"posterior",1449.5,0.04783
8,"R_Date","D6",,"posterior",1450.5,0.05215
8,"R_Date","D6",,"posterior",1451.5,0.05517
8,"R_Date","D6",,"posterior",1452.5,0.05758
8,"R_Date","D6",,"posterior",1453.5,0.05913
8,"R_Date","D6",,"posterior",1454.5,0.05953
8,"R_Date","D6",,"posterior",1455.5,0.0581
8,"R_Date","D6",,"posterior",1456.5,0.05199
8,"R_Date","D6",,"posterior",1457.5,0.04365
8,"R_Date","D6",,"posterior",1458.5,0.03407
8,"R_Date","D6",,"posterior",1459.5,0.026079
8,"R_Date","D6",,"posterior",1460.5,0.019848
8,"R_Date","D6",,"posterior",1461.5,0.01702
8,"R_Date","D6",,"posterior",1462.5,0.016153
8,"R_Date","D6",,"posterior",1463.5,0.017405
8,"R_Date","D6",,"posterior",1464.5,0.0187
8,"R_Date","D6",,"posterior",1465.5,0.020141
8,"R_Date","D6",,"posterior",1466.5,0.021459
8,"R_Date","D6",,"posterior",1467.5,0.02016
8,"R_Date","D6",,"posterior",1468.5,0.0185
8,"R_Date","D6",,"posterior",1469.5,0.017023
8,"R_Date","D6",,"posterior",1470.5,0.015526
8,"R_Date","D6",,"posterior",1471.5,0.015059
8,"R_Date","D6",,"posterior",1472.5,0.013697
8,"R_Date","D6",,"posterior",1473.5,0.01145
8,"R_Date","D6",,"posterior",1474.5,0.009441
8,"R_Date","D6",,"posterior",1475.5,0.006767
8,"R_Date","D6",,"posterior",1476.5,0.004745
8,"R_Date","D6",,"posterior",1477.5,0.003275
8,"R_Date","D6",,"posterior",1478.5,0.0023944
8,"R_Date","D6",,"posterior",1479.5,0.0017732
8,"R_Date","D6",,"posterior",1480.5,0.0013499
8,"R_Date","D6",,"posterior",1481.5,0.0011047
8,"R_Date","D6",,"posterior",1482.5,0.0007791
8,"R_Date","D6",,"posterior",1483.5,0.0006719
8,"R_Date","D6",,"posterior",1484.5,0.000629
8,"R_Date","D6",,"posterior",1485.5,0.0006501
8,"R_Date","D6",,"posterior",1486.5,0.0006373
8,"R_Date","D6",,"posterior",1487.5,0.0006375
8,"R_Date","D6",,"posterior",1488.5,0.000647
8,"R_Date","D6",,"posterior",1489.5,0.0005615
8,"R_Date","D6",,"posterior",1490.5,0.0004723
8,"R_Date","D6",,"posterior",1491.5,0.0004039
8,"R_Date","D6",,"posterior",1492.5,0.0003419
8,"R_Date","D6",,"posterior",1493.5,0.00022895
8,"R_Date","D6",,"posterior",1494.5,0.00018561
8,"R_Date","D6",,"posterior",1495.5,0.00013233
8,"R_Date","D6",,"posterior",1496.5,0.00012924
8,"R_Date","D6",,"posterior",1497.5,0.00009233
8,"R_Date","D6",,"posterior",1498.5,0.00008286
8,"R_Date","D6",,"posterior",1499.5,0.0000684
8,"R_Date","D6",,"posterior",1500.5,0.00005423
8,"R_Date","D6",,"posterior",1501.5,0.00006935
8,"R_Date","D6",,"posterior",1502.5,0.0000528
8,"R_Date","D6",,"posterior",1503.5,0.00004572
8,"R_Date","D6",,"posterior",1504.5,0.00004828
8,"R_Date","D6",,"posterior",1505.5,0.000029109
8,"R_Date","D6",,"posterior",1506.5,0.000024168
8,"R_Date","D6",,"posterior",1507.5,0.000022978
8,"R_Date","D6",,"posterior",1508.5,0.000013275
8,"R_Date","D6",,"posterior",1509.5,0.000013037
8,"R_Date","D6",,"posterior",1510.5,0.000011132
8,"R_Date","D6",,"posterior",1511.5,0.000005179
8,"R_Date","D6",,"posterior",1512.5,0.000002143
8,"R_Date","D6",,"posterior",1513.5,0.0000019049
8,"R_Date","D6",,"posterior",1514.5,0.0000016668
8,"R_Date","D6",,"posterior",1515.5,0.000003572
8,"R_Date","D6",,"posterior",1516.5,0.0000014287
8,"R_Date","D6",,"posterior",1517.5,0.0000030955
8,"R_Date","D6",,"posterior",1518.5,0.000003572
8,"R_Date","D6",,"posterior",1519.5,0.000002143
8,"R_Date","D6",,"posterior",1520.5,0.0000014287
8,"R_Date","D6",,"posterior",1521.5,0.0000014287
8,"R_Date","D6",,"posterior",1522.5,0
8,"R_Date","D6",,"posterior",1523.5,0
8,"R_Date","D6",,"posterior",1524.5,0
8,"R_Date","D6",,"posterior",1525.5,0
8,"R_Date","D6",,"posterior",1526.5,0
8,"R_Date","D6",,"posterior",1527.5,0
8,"R_Date","D6",,"posterior",1528.5,0
8,"R_Date","D6",,"posterior",1529.5,0
8,"R_Date","D6",,"posterior",1530.5,0
8,"R_Date","D6",,"posterior",1531.5,0
8,"R_Date","D6",,"posterior",1532.5,0
8,"R_Date","D6",,"posterior",1533.5,0
8,"R_Date","D6",,"posterior",1534.5,0
8,"R_Date","D6",,"posterior",1535.5,0
8,"R_Date","D6",,"posterior",1536.5,0
8,"R_Date","D6",,"posterior",1537.5,0
8,"R_Date","D6",,"posterior",1538.5,0
8,"R_Date","D6",,"posterior",1539.5,0
8,"R_Date","D6",,"posterior",1540.5,0
8,"R_Date","D6",,"posterior",1541.5,0
8,"R_Date","D6",,"posterior",1542.5,0
8,"R_Date","D6",,"posterior",1543.5,0
8,"R_Date","D6",,"posterior",1544.5,0
8,"R_Date","D6",,"posterior",1545.5,0
8,"R_Date","D6",,"posterior",1546.5,0
8,"R_Date","D6",,"posterior",1547.5,0
8,"R_Date","D6",,"posterior",1548.5,0
8,"R_Date","D6",,"posterior",1549.5,0
8,"R_Date","D6",,"posterior",1550.5,0
8,"R_Date","D6",,"posterior",1551.5,0
8,"R_Date","D6",,"posterior",1552.5,0
8,"R_Date","D6",,"posterior",1553.5,0
8,"R_Date","D6",,"posterior",1554.5,0
8,"R_Date","D6",,"posterior",1555.5,0
8,"R_Date","D6",,"posterior",1556.5,0
8,"R_Date","D6",,"posterior",1557.5,0
8,"R_Date","D6",,"posterior",1558.5,0
8,"R_Date","D6",,"posterior",1559.5,0
8,"R_Date","D6",,"posterior",1560.5,0
8,"R_Date","D6",,"posterior",1561.5,0
8,"R_Date","D6",,"posterior",1562.5,0
8,"R_Date","D6",,"posterior",1563.5,0
8,"R_Date","D6",,"posterior",1564.5,0
8,"R_Date","D6",,"posterior",1565.5,0
8,"R_Date","D6",,"posterior",1566.5,0
8,"R_Date","D6",,"posterior",1567.5,0
8,"R_Date","D6",,"posterior",1568.5,0
8,"R_Date","D6",,"posterior",1569.5,0
8,"R_Date","D6",,"posterior",1570.5,0
8,"R_Date","D6",,"posterior",1571.5,0
8,"R_Date","D6",,"posterior",1572.5,0
8,"R_Date","D6",,"posterior",1573.5,0
8,"R_Date","D6",,"posterior",1574.5,0
8,"R_Date","D6",,"posterior",1575.5,0
8,"R_Date","D6",,"posterior",1576.5,0
8,"R_Date","D6",,"posterior",1577.5,0
8,"R_Date","D6",,"posterior",1578.5,0
8,"R_Date","D6",,"posterior",1579.5,2.3811e-7
8,"R_Date","D6",,"posterior",1580.5,0
8,"R_Date","D6",,"posterior",1581.5,2.3811e-7
8,"R_Date","D6",,"posterior",1582.5,2.3811e-7
8,"R_Date","D6",,"posterior",1583.5,2.3811e-7
8,"R_Date","D6",,"posterior",1584.5,4.762e-7
8,"R_Date","D6",,"posterior",1585.5,2.3811e-7
8,"R_Date","D6",,"posterior",1586.5,0
8,"R_Date","D6",,"posterior",1587.5,2.3811e-7
8,"R_Date","D6",,"posterior",1588.5,0
8,"R_Date","D6",,"posterior",1589.5,2.3811e-7
8,"R_Date","D6",,"posterior",1590.5,0.0000014287
8,"R_Date","D6",,"posterior",1591.5,0.0000023811
8,"R_Date","D6",,"posterior",1592.5,0.000004286
8,"R_Date","D6",,"posterior",1593.5,0.000009703
8,"R_Date","D6",,"posterior",1594.5,0.000006608
8,"R_Date","D6",,"posterior",1595.5,0.000012084
8,"R_Date","D6",,"posterior",1596.5,0.000017263
8,"R_Date","D6",,"posterior",1597.5,0.00001256
8,"R_Date","D6",,"posterior",1598.5,0.000018692
8,"R_Date","D6",,"posterior",1599.5,0.000022978
8,"R_Date","D6",,"posterior",1600.5,0.00003316
8,"R_Date","D6",,"posterior",1601.5,0.00004429
8,"R_Date","D6",,"posterior",1602.5,0.00009941
8,"R_Date","D6",,"posterior",1603.5,0.00014823
8,"R_Date","D6",,"posterior",1604.5,0.00020787
8,"R_Date","D6",,"posterior",1605.5,0.00026228
8,"R_Date","D6",,"posterior",1606.5,0.00023651
8,"R_Date","D6",,"posterior",1607.5,0.00018228
8,"R_Date","D6",,"posterior",1608.5,0.00009685
8,"R_Date","D6",,"posterior",1609.5,0.00007602
8,"R_Date","D6",,"posterior",1610.5,0.00006346
8,"R_Date","D6",,"posterior",1611.5,0.00004429
8,"R_Date","D6",,"posterior",1612.5,0.00003881
8,"R_Date","D6",,"posterior",1613.5,0.00004732
8,"R_Date","D6",,"posterior",1614.5,0.00004596
8,"R_Date","D6",,"posterior",1615.5,0.00003905
8,"R_Date","D6",,"posterior",1616.5,0.000029109
8,"R_Date","D6",,"posterior",1617.5,0.000012322
8,"R_Date","D6",,"posterior",1618.5,0.000007084
8,"R_Date","D6",,"posterior",1619.5,0.0000028574
8,"R_Date","D6",,"posterior",1620.5,0.0000023811
8,"R_Date","D6",,"posterior",1621.5,0
9,"Calculate","Event 5",,"posterior",1436.5,0
9,"Calculate","Event 5",,"posterior",1437.5,0
9,"Calculate","Event 5",,"posterior",1438.5,0
9,"Calculate","Event 5",,"posterior",1439.5,4.738e-7
9,"Calculate","Event 5",,"posterior",1440.5,4.738e-7
9,"Calculate","Event 5",,"posterior",1441.5,9.476e-7
9,"Calculate","Event 5",,"posterior",1442.5,9.476e-7
9,"Calculate","Event 5",,"posterior",1443.5,0.000003551
9,"Calculate","Event 5",,"posterior",1444.5,0.000006629
9,"Calculate","Event 5",,"posterior",1445.5,0.000012549
9,"Calculate","Event 5",,"posterior",1446.5,0.000030541
9,"Calculate","Event 5",,"posterior",1447.5,0.00005753
9,"Calculate","Event 5",,"posterior",1448.5,0.00009186
9,"Calculate","Event 5",,"posterior",1449.5,0.00016099
9,"Calculate","Event 5",,"posterior",1450.5,0.00025758
9,"Calculate","Event 5",,"posterior",1451.5,0.0003821
9,"Calculate","Event 5",,"posterior",1452.5,0.0005291
9,"Calculate","Event 5",,"posterior",1453.5,0.0007275
9,"Calculate","Event 5",,"posterior",1454.5,0.0009562
9,"Calculate","Event 5",,"posterior",1455.5,0.0011956
9,"Calculate","Event 5",,"posterior",1456.5,0.0014813
9,"Calculate","Event 5",,"posterior",1457.5,0.0017685
9,"Calculate","Event 5",,"posterior",1458.5,0.0019825
9,"Calculate","Event 5",,"posterior",1459.5,0.0021532
9,"Calculate","Event 5",,"posterior",1460.5,0.0022876
9,"Calculate","Event 5",,"posterior",1461.5,0.0024205
9,"Calculate","Event 5",,"posterior",1462.5,0.0024813
9,"Calculate","Event 5",,"posterior",1463.5,0.0026447
9,"Calculate","Event 5",,"posterior",1464.5,0.0027585
9,"Calculate","Event 5",,"posterior",1465.5,0.0028956
9,"Calculate","Event 5",,"posterior",1466.5,0.0030545
9,"Calculate","Event 5",,"posterior",1467.5,0.003231
9,"Calculate","Event 5",,"posterior",1468.5,0.003341
9,"Calculate","Event 5",,"posterior",1469.5,0.003456
9,"Calculate","Event 5",,"posterior",1470.5,0.003688
9,"Calculate","Event 5",,"posterior",1471.5,0.003772
9,"Calculate","Event 5",,"posterior",1472.5,0.003855
9,"Calculate","Event 5",,"posterior",1473.5,0.004035
9,"Calculate","Event 5",,"posterior",1474.5,0.004098
9,"Calculate","Event 5",,"posterior",1475.5,0.004152
9,"Calculate","Event 5",,"posterior",1476.5,0.004183
9,"Calculate","Event 5",,"posterior",1477.5,0.004269
9,"Calculate","Event 5",,"posterior",1478.5,0.004286
9,"Calculate","Event 5",,"posterior",1479.5,0.00427
9,"Calculate","Event 5",,"posterior",1480.5,0.00432
9,"Calculate","Event 5",,"posterior",1481.5,0.0044
9,"Calculate","Event 5",,"posterior",1482.5,0.004383
9,"Calculate","Event 5",,"posterior",1483.5,0.004321
9,"Calculate","Event 5",,"posterior",1484.5,0.004281
9,"Calculate","Event 5",,"posterior",1485.5,0.004358
9,"Calculate","Event 5",,"posterior",1486.5,0.004405
9,"Calculate","Event 5",,"posterior",1487.5,0.004397
9,"Calculate","Event 5",,"posterior",1488.5,0.004417
9,"Calculate","Event 5",,"posterior",1489.5,0.004398
9,"Calculate","Event 5",,"posterior",1490.5,0.00438
9,"Calculate","Event 5",,"posterior",1491.5,0.004378
9,"Calculate","Event 5",,"posterior",1492.5,0.004427
9,"Calculate","Event 5",,"posterior",1493.5,0.00437
9,"Calculate","Event 5",,"posterior",1494.5,0.004434
9,"Calculate","Event 5",,"posterior",1495.5,0.004381
9,"Calculate","Event 5",,"posterior",1496.5,0.004479
9,"Calculate","Event 5",,"posterior",1497.5,0.004376
9,"Calculate","Event 5",,"posterior",1498.5,0.004368
9,"Calculate","Event 5",,"posterior",1499.5,0.004395
9,"Calculate","Event 5",,"posterior",1500.5,0.004395
9,"Calculate","Event 5",,"posterior",1501.5,0.004394
9,"Calculate","Event 5",,"posterior",1502.5,0.004424
9,"Calculate","Event 5",,"posterior",1503.5,0.00443
9,"Calculate","Event 5",,"posterior",1504.5,0.004392
9,"Calculate","Event 5",,"posterior",1505.5,0.004409
9,"Calculate","Event 5",,"posterior",1506.5,0.004366
9,"Calculate","Event 5",,"posterior",1507.5,0.004417
9,"Calculate","Event 5",,"posterior",1508.5,0.004457
9,"Calculate","Event 5",,"posterior",1509.5,0.004431
9,"Calculate","Event 5",,"posterior",1510.5,0.004411
9,"Calculate","Event 5",,"posterior",1511.5,0.004417
9,"Calculate","Event 5",,"posterior",1512.5,0.004364
9,"Calculate","Event 5",,"posterior",1513.5,0.004378
9,"Calculate","Event 5",,"posterior",1514.5,0.004342
9,"Calculate","Event 5",,"posterior",1515.5,0.004426
9,"Calculate","Event 5",,"posterior",1516.5,0.004411
9,"Calculate","Event 5",,"posterior",1517.5,0.004322
9,"Calculate","Event 5",,"posterior",1518.5,0.004352
9,"Calculate","Event 5",,"posterior",1519.5,0.004399
9,"Calculate","Event 5",,"posterior",1520.5,0.004419
9,"Calculate","Event 5",,"posterior",1521.5,0.00441
9,"Calculate","Event 5",,"posterior",1522.5,0.00442
9,"Calculate","Event 5",,"posterior",1523.5,0.004425
9,"Calculate","Event 5",,"posterior",1524.5,0.004354
9,"Calculate","Event 5",,"posterior",1525.5,0.004421
9,"Calculate","Event 5",,"posterior",1526.5,0.004478
9,"Calculate","Event 5",,"posterior",1527.5,0.004437
9,"Calculate","Event 5",,"posterior",1528.5,0.004443
9,"Calculate","Event 5",,"posterior",1529.5,0.004398
9,"Calculate","Event 5",,"posterior",1530.5,0.004418
9,"Calculate","Event 5",,"posterior",1531.5,0.004408
9,"Calculate","Event 5",,"posterior",1532.5,0.004372
9,"Calculate","Event 5",,"posterior",1533.5,0.004388
9,"Calculate","Event 5",,"posterior",1534.5,0.004413
9,"Calculate","Event 5",,"posterior",1535.5,0.004373
9,"Calculate","Event 5",,"posterior",1536.5,0.00439
9,"Calculate","Event 5",,"posterior",1537.5,0.004409
9,"Calculate","Event 5",,"posterior",1538.5,0.004421
9,"Calculate","Event 5",,"posterior",1539.5,0.00441
9,"Calculate","Event 5",,"posterior",1540.5,0.004376
9,"Calculate","Event 5",,"posterior",1541.5,0.004361
9,"Calculate","Event 5",,"posterior",1542.5,0.004398
9,"Calculate","Event 5",,"posterior",1543.5,0.004345
9,"Calculate","Event 5",,"posterior",1544.5,0.004412
9,"Calculate","Event 5",,"posterior",1545.5,0.004379
9,"Calculate","Event 5",,"posterior",1546.5,0.004421
9,"Calculate","Event 5",,"posterior",1547.5,0.004407
9,"Calculate","Event 5",,"posterior",1548.5,0.004347
9,"Calculate","Event 5",,"posterior",1549.5,0.004444
9,"Calculate","Event 5",,"posterior",1550.5,0.004436
9,"Calculate","Event 5",,"posterior",1551.5,0.004331
9,"Calculate","Event 5",,"posterior",1552.5,0.004394
9,"Calculate","Event 5",,"posterior",1553.5,0.004392
9,"Calculate","Event 5",,"posterior",1554.5,0.00447
9,"Calculate","Event 5",,"posterior",1555.5,0.004396
9,"Calculate","Event 5",,"posterior",1556.5,0.00437
9,"Calculate","Event 5",,"posterior",1557.5,0.004402
9,"Calculate","Event 5",,"posterior",1558.5,0.004373
9,"Calculate","Event 5",,"posterior",1559.5,0.004364
9,"Calculate","Event 5",,"posterior",1560.5,0.00435
9,"Calculate","Event 5",,"posterior",1561.5,0.004313
9,"Calculate","Event 5",,"posterior",1562.5,0.004385
9,"Calculate","Event 5",,"posterior",1563.5,0.004424
9,"Calculate","Event 5",,"posterior",1564.5,0.004372
9,"Calculate","Event 5",,"posterior",1565.5,0.00441
9,"Calculate","Event 5",,"posterior",1566.5,0.004437
9,"Calculate","Event 5",,"posterior",1567.5,0.004435
9,"Calculate","Event 5",,"posterior",1568.5,0.004377
9,"Calculate","Event 5",,"posterior",1569.5,0.004399
9,"Calculate","Event 5",,"posterior",1570.5,0.004432
9,"Calculate","Event 5",,"posterior",1571.5,0.004415
9,"Calculate","Event 5",,"posterior",1572.5,0.004414
9,"Calculate","Event 5",,"posterior",1573.5,0.004361
9,"Calculate","Event 5",,"posterior",1574.5,0.004408
9,"Calculate","Event 5",,"posterior",1575.5,0.004378
9,"Calculate","Event 5",,"posterior",1576.5,0.004376
9,"Calculate","Event 5",,"posterior",1577.5,0.004394
9,"Calculate","Event 5",,"posterior",1578.5,0.004429
9,"Calculate","Event 5",,"posterior",1579.5,0.004378
9,"Calculate","Event 5",,"posterior",1580.5,0.004404
9,"Calculate","Event 5",,"posterior",1581.5,0.004381
9,"Calculate","Event 5",,"posterior",1582.5,0.004388
9,"Calculate","Event 5",,"posterior",1583.5,0.004379
9,"Calculate","Event 5",,"posterior",1584.5,0.004425
9,"Calculate","Event 5",,"posterior",1585.5,0.004373
9,"Calculate","Event 5",,"posterior",1586.5,0.004381
9,"Calculate","Event 5",,"posterior",1587.5,0.004401
9,"Calculate","Event 5",,"posterior",1588.5,0.004429
9,"Calculate","Event 5",,"posterior",1589.5,0.004393
9,"Calculate","Event 5",,"posterior",1590.5,0.004365
9,"Calculate","Event 5",,"posterior",1591.5,0.004386
9,"Calculate","Event 5",,"posterior",1592.5,0.004409
9,"Calculate","Event 5",,"posterior",1593.5,0.004388
9,"Calculate","Event 5",,"posterior",1594.5,0.004421
9,"Calculate","Event 5",,"posterior",1595.5,0.004467
9,"Calculate","Event 5",,"posterior",1596.5,0.004404
9,"Calculate","Event 5",,"posterior",1597.5,0.00443
9,"Calculate","Event 5",,"posterior",1598.5,0.004351
9,"Calculate","Event 5",,"posterior",1599.5,0.004396
9,"Calculate","Event 5",,"posterior",1600.5,0.004424
9,"Calculate","Event 5",,"posterior",1601.5,0.00442
9,"Calculate","Event 5",,"posterior",1602.5,0.004414
9,"Calculate","Event 5",,"posterior",1603.5,0.004409
9,"Calculate","Event 5",,"posterior",1604.5,0.004491
9,"Calculate","Event 5",,"posterior",1605.5,0.004455
9,"Calculate","Event 5",,"posterior",1606.5,0.004374
9,"Calculate","Event 5",,"posterior",1607.5,0.004473
9,"Calculate","Event 5",,"posterior",1608.5,0.004513
9,"Calculate","Event 5",,"posterior",1609.5,0.004454
9,"Calculate","Event 5",,"posterior",1610.5,0.004426
9,"Calculate","Event 5",,"posterior",1611.5,0.004451
9,"Calculate","Event 5",,"posterior",1612.5,0.004415
9,"Calculate","Event 5",,"posterior",1613.5,0.004473
9,"Calculate","Event 5",,"posterior",1614.5,0.004479
9,"Calculate","Event 5",,"posterior",1615.5,0.004462
9,"Calculate","Event 5",,"posterior",1616.5,0.004482
9,"Calculate","Event 5",,"posterior",1617.5,0.00443
9,"Calculate","Event 5",,"posterior",1618.5,0.004428
9,"Calculate","Event 5",,"posterior",1619.5,0.004492
9,"Calculate","Event 5",,"posterior",1620.5,0.004434
9,"Calculate","Event 5",,"posterior",1621.5,0.004384
9,"Calculate","Event 5",,"posterior",1622.5,0.00442
9,"Calculate","Event 5",,"posterior",1623.5,0.004381
9,"Calculate","Event 5",,"posterior",1624.5,0.004399
9,"Calculate","Event 5",,"posterior",1625.5,0.004476
9,"Calculate","Event 5",,"posterior",1626.5,0.00439
9,"Calculate","Event 5",,"posterior",1627.5,0.00446
9,"Calculate","Event 5",,"posterior",1628.5,0.004435
9,"Calculate","Event 5",,"posterior",1629.5,0.004468
9,"Calculate","Event 5",,"posterior",1630.5,0.004445
9,"Calculate","Event 5",,"posterior",1631.5,0.004478
9,"Calculate","Event 5",,"posterior",1632.5,0.004488
9,"Calculate","Event 5",,"posterior",1633.5,0.004423
9,"Calculate","Event 5",,"posterior",1634.5,0.00441
9,"Calculate","Event 5",,"posterior",1635.5,0.00448
9,"Calculate","Event 5",,"posterior",1636.5,0.004481
9,"Calculate","Event 5",,"posterior",1637.5,0.004407
9,"Calculate","Event 5",,"posterior",1638.5,0.004423
9,"Calculate","Event 5",,"posterior",1639.5,0.004461
9,"Calculate","Event 5",,"posterior",1640.5,0.004424
9,"Calculate","Event 5",,"posterior",1641.5,0.004473
9,"Calculate","Event 5",,"posterior",1642.5,0.004477
9,"Calculate","Event 5",,"posterior",1643.5,0.004475
9,"Calculate","Event 5",,"posterior",1644.5,0.0044
9,"Calculate","Event 5",,"posterior",1645.5,0.004448
9,"Calculate","Event 5",,"posterior",1646.5,0.004462
9,"Calculate","Event 5",,"posterior",1647.5,0.004404
9,"Calculate","Event 5",,"posterior",1648.5,0.004397
9,"Calculate","Event 5",,"posterior",1649.5,0.004406
9,"Calculate","Event 5",,"posterior",1650.5,0.004338
9,"Calculate","Event 5",,"posterior",1651.5,0.004248
9,"Calculate","Event 5",,"posterior",1652.5,0.004189
9,"Calculate","Event 5",,"posterior",1653.5,0.004103
9,"Calculate","Event 5",,"posterior",1654.5,0.004029
9,"Calculate","Event 5",,"posterior",1655.5,0.004042
9,"Calculate","Event 5",,"posterior",1656.5,0.003931
9,"Calculate","Event 5",,"posterior",1657.5,0.003982
9,"Calculate","Event 5",,"posterior",1658.5,0.003945
9,"Calculate","Event 5",,"posterior",1659.5,0.003959
9,"Calculate","Event 5",,"posterior",1660.5,0.003969
9,"Calculate","Event 5",,"posterior",1661.5,0.003927
9,"Calculate","Event 5",,"posterior",1662.5,0.003923
9,"Calculate","Event 5",,"posterior",1663.5,0.003914
9,"Calculate","Event 5",,"posterior",1664.5,0.003888
9,"Calculate","Event 5",,"posterior",1665.5,0.003864
9,"Calculate","Event 5",,"posterior",1666.5,0.00392
9,"Calculate","Event 5",,"posterior",1667.5,0.003882
9,"Calculate","Event 5",,"posterior",1668.5,0.0038
9,"Calculate","Event 5",,"posterior",1669.5,0.003773
9,"Calculate","Event 5",,"posterior",1670.5,0.003707
9,"Calculate","Event 5",,"posterior",1671.5,0.003596
9,"Calculate","Event 5",,"posterior",1672.5,0.003448
9,"Calculate","Event 5",,"posterior",1673.5,0.003266
9,"Calculate","Event 5",,"posterior",1674.5,0.0031151
9,"Calculate","Event 5",,"posterior",1675.5,0.0030062
9,"Calculate","Event 5",,"posterior",1676.5,0.0028691
9,"Calculate","Event 5",,"posterior",1677.5,0.0026996
9,"Calculate","Event 5",,"posterior",1678.5,0.0025313
9,"Calculate","Event 5",,"posterior",1679.5,0.0023951
9,"Calculate","Event 5",,"posterior",1680.5,0.0022396
9,"Calculate","Event 5",,"posterior",1681.5,0.0020585
9,"Calculate","Event 5",,"posterior",1682.5,0.0019044
9,"Calculate","Event 5",,"posterior",1683.5,0.0017673
9,"Calculate","Event 5",,"posterior",1684.5,0.0015897
9,"Calculate","Event 5",,"posterior",1685.5,0.001428
9,"Calculate","Event 5",,"posterior",1686.5,0.0013172
9,"Calculate","Event 5",,"posterior",1687.5,0.0011918
9,"Calculate","Event 5",,"posterior",1688.5,0.0011072
9,"Calculate","Event 5",,"posterior",1689.5,0.0010483
9,"Calculate","Event 5",,"posterior",1690.5,0.0010133
9,"Calculate","Event 5",,"posterior",1691.5,0.0009276
9,"Calculate","Event 5",,"posterior",1692.5,0.0009197
9,"Calculate","Event 5",,"posterior",1693.5,0.0009058
9,"Calculate","Event 5",,"posterior",1694.5,0.0008655
9,"Calculate","Event 5",,"posterior",1695.5,0.000888
9,"Calculate","Event 5",,"posterior",1696.5,0.000795
9,"Calculate","Event 5",,"posterior",1697.5,0.0008473
9,"Calculate","Event 5",,"posterior",1698.5,0.0008056
9,"Calculate","Event 5",,"posterior",1699.5,0.0008397
9,"Calculate","Event 5",,"posterior",1700.5,0.0007917
9,"Calculate","Event 5",,"posterior",1701.5,0.0008348
9,"Calculate","Event 5",,"posterior",1702.5,0.0008314
9,"Calculate","Event 5",,"posterior",1703.5,0.0008222
9,"Calculate","Event 5",,"posterior",1704.5,0.0008232
9,"Calculate","Event 5",,"posterior",1705.5,0.0008511
9,"Calculate","Event 5",,"posterior",1706.5,0.0008123
9,"Calculate","Event 5",,"posterior",1707.5,0.0008111
9,"Calculate","Event 5",,"posterior",1708.5,0.0008291
9,"Calculate","Event 5",,"posterior",1709.5,0.0008037
9,"Calculate","Event 5",,"posterior",1710.5,0.0008284
9,"Calculate","Event 5",,"posterior",1711.5,0.0008248
9,"Calculate","Event 5",,"posterior",1712.5,0.000825
9,"Calculate","Event 5",,"posterior",1713.5,0.0008459
9,"Calculate","Event 5",,"posterior",1714.5,0.0008305
9,"Calculate","Event 5",,"posterior",1715.5,0.0008272
9,"Calculate","Event 5",,"posterior",1716.5,0.0008106
9,"Calculate","Event 5",,"posterior",1717.5,0.0008104
9,"Calculate","Event 5",,"posterior",1718.5,0.0008293
9,"Calculate","Event 5",,"posterior",1719.5,0.0008215
9,"Calculate","Event 5",,"posterior",1720.5,0.0008203
9,"Calculate","Event 5",,"posterior",1721.5,0.0008002
9,"Calculate","Event 5",,"posterior",1722.5,0.0008151
9,"Calculate","Event 5",,"posterior",1723.5,0.000803
9,"Calculate","Event 5",,"posterior",1724.5,0.0008163
9,"Calculate","Event 5",,"posterior",1725.5,0.0007708
9,"Calculate","Event 5",,"posterior",1726.5,0.0008061
9,"Calculate","Event 5",,"posterior",1727.5,0.000816
9,"Calculate","Event 5",,"posterior",1728.5,0.0007768
9,"Calculate","Event 5",,"posterior",1729.5,0.0007292
9,"Calculate","Event 5",,"posterior",1730.5,0.0007211
9,"Calculate","Event 5",,"posterior",1731.5,0.0007095
9,"Calculate","Event 5",,"posterior",1732.5,0.0006435
9,"Calculate","Event 5",,"posterior",1733.5,0.0006207
9,"Calculate","Event 5",,"posterior",1734.5,0.0005762
9,"Calculate","Event 5",,"posterior",1735.5,0.0005646
9,"Calculate","Event 5",,"posterior",1736.5,0.0005028
9,"Calculate","Event 5",,"posterior",1737.5,0.0004863
9,"Calculate","Event 5",,"posterior",1738.5,0.0004517
9,"Calculate","Event 5",,"posterior",1739.5,0.0004124
9,"Calculate","Event 5",,"posterior",1740.5,0.000379
9,"Calculate","Event 5",,"posterior",1741.5,0.0003539
9,"Calculate","Event 5",,"posterior",1742.5,0.0003298
9,"Calculate","Event 5",,"posterior",1743.5,0.0003201
9,"Calculate","Event 5",,"posterior",1744.5,0.00029238
9,"Calculate","Event 5",,"posterior",1745.5,0.00027249
9,"Calculate","Event 5",,"posterior",1746.5,0.0002616
9,"Calculate","Event 5",,"posterior",1747.5,0.00023935
9,"Calculate","Event 5",,"posterior",1748.5,0.00022348
9,"Calculate","Event 5",,"posterior",1749.5,0.00020857
9,"Calculate","Event 5",,"posterior",1750.5,0.00019649
9,"Calculate","Event 5",,"posterior",1751.5,0.00016951
9,"Calculate","Event 5",,"posterior",1752.5,0.00017069
9,"Calculate","Event 5",,"posterior",1753.5,0.00015223
9,"Calculate","Event 5",,"posterior",1754.5,0.00013589
9,"Calculate","Event 5",,"posterior",1755.5,0.00012074
9,"Calculate","Event 5",,"posterior",1756.5,0.00011222
9,"Calculate","Event 5",,"posterior",1757.5,0.0000973
9,"Calculate","Event 5",,"posterior",1758.5,0.00007765
9,"Calculate","Event 5",,"posterior",1759.5,0.00008333
9,"Calculate","Event 5",,"posterior",1760.5,0.00006771
9,"Calculate","Event 5",,"posterior",1761.5,0.00005634
9,"Calculate","Event 5",,"posterior",1762.5,0.00005351
9,"Calculate","Event 5",,"posterior",1763.5,0.00003977
9,"Calculate","Event 5",,"posterior",1764.5,0.00003575
9,"Calculate","Event 5",,"posterior",1765.5,0.000030776
9,"Calculate","Event 5",,"posterior",1766.5,0.000021543
9,"Calculate","Event 5",,"posterior",1767.5,0.000025568
9,"Calculate","Event 5",,"posterior",1768.5,0.000019413
9,"Calculate","Event 5",,"posterior",1769.5,0.000015627
9,"Calculate","Event 5",,"posterior",1770.5,0.000017757
9,"Calculate","Event 5",,"posterior",1771.5,0.000016096
9,"Calculate","Event 5",,"posterior",1772.5,0.000009941
9,"Calculate","Event 5",,"posterior",1773.5,0.000007337
9,"Calculate","Event 5",,"posterior",1774.5,0.000008759
9,"Calculate","Event 5",,"posterior",1775.5,0.000004734
9,"Calculate","Event 5",,"posterior",1776.5,0.0000030776
9,"Calculate","Event 5",,"posterior",1777.5,0.000003551
9,"Calculate","Event 5",,"posterior",1778.5,0.0000028429
9,"Calculate","Event 5",,"posterior",1779.5,2.3465e-7
9,"Calculate","Event 5",,"posterior",1780.5,0
9,"Calculate","Event 5",,"posterior",1781.5,2.3465e-7
9,"Calculate","Event 5",,"posterior",1782.5,0
10,"R_Date","D6",,"likelihood",1645.5,0
10,"R_Date","D6",,"likelihood",1646.5,0
10,"R_Date","D6",,"likelihood",1647.5,1.0129e-8
10,"R_Date","D6",,"likelihood",1648.5,2.0257e-8
10,"R_Date","D6",,"likelihood",1649.5,5.064e-8
10,"R_Date","D6",,"likelihood",1650.5,9.116e-8
10,"R_Date","D6",,"likelihood",1651.5,1.5193e-7
10,"R_Date","D6",,"likelihood",1652.5,2.6335e-7
10,"R_Date","D6",,"likelihood",1653.5,3.342e-7
10,"R_Date","D6",,"likelihood",1654.5,5.469e-7
10,"R_Date","D6",,"likelihood",1655.5,6.989e-7
10,"R_Date","D6",,"likelihood",1656.5,0.0000011243
10,"R_Date","D6",,"likelihood",1657.5,0.0000022384
10,"R_Date","D6",,"likelihood",1658.5,0.000004365
10,"R_Date","D6",,"likelihood",1659.5,0.000008265
10,"R_Date","D6",,"likelihood",1660.5,0.000018536
10,"R_Date","D6",,"likelihood",1661.5,0.00003962
10,"R_Date","D6",,"likelihood",1662.5,0.00008065
10,"R_Date","D6",,"likelihood",1663.5,0.00015634
10,"R_Date","D6",,"likelihood",1664.5,0.00024872
10,"R_Date","D6",,"likelihood",1665.5,0.0004426
10,"R_Date","D6",,"likelihood",1666.5,0.00075
10,"R_Date","D6",,"likelihood",1667.5,0.0013537
10,"R_Date","D6",,"likelihood",1668.5,0.0022632
10,"R_Date","D6",,"likelihood",1669.5,0.003231
10,"R_Date","D6",,"likelihood",1670.5,0.004706
10,"R_Date","D6",,"likelihood",1671.5,0.006017
10,"R_Date","D6",,"likelihood",1672.5,0.007323
10,"R_Date","D6",,"likelihood",1673.5,0.007932
10,"R_Date","D6",,"likelihood",1674.5,0.008217
10,"R_Date","D6",,"likelihood",1675.5,0.008217
10,"R_Date","D6",,"likelihood",1676.5,0.008217
10,"R_Date","D6",,"likelihood",1677.5,0.008217
10,"R_Date","D6",,"likelihood",1678.5,0.008486
10,"R_Date","D6",,"likelihood",1679.5,0.008969
10,"R_Date","D6",,"likelihood",1680.5,0.009363
10,"R_Date","D6",,"likelihood",1681.5,0.009758
10,"R_Date","D6",,"likelihood",1682.5,0.009878
10,"R_Date","D6",,"likelihood",1683.5,0.009832
10,"R_Date","D6",,"likelihood",1684.5,0.009358
10,"R_Date","D6",,"likelihood",1685.5,0.008731
10,"R_Date","D6",,"likelihood",1686.5,0.008054
10,"R_Date","D6",,"likelihood",1687.5,0.007053
10,"R_Date","D6",,"likelihood",1688.5,0.005998
10,"R_Date","D6",,"likelihood",1689.5,0.004952
10,"R_Date","D6",,"likelihood",1690.5,0.00397
10,"R_Date","D6",,"likelihood",1691.5,0.0030895
10,"R_Date","D6",,"likelihood",1692.5,0.0023345
10,"R_Date","D6",,"likelihood",1693.5,0.0017126
10,"R_Date","D6",,"likelihood",1694.5,0.0012198
10,"R_Date","D6",,"likelihood",1695.5,0.0007409
10,"R_Date","D6",,"likelihood",1696.5,0.0004925
10,"R_Date","D6",,"likelihood",1697.5,0.00027282
10,"R_Date","D6",,"likelihood",1698.5,0.00016922
10,"R_Date","D6",,"likelihood",1699.5,0.00010189
10,"R_Date","D6",,"likelihood",1700.5,0.00007147
10,"R_Date","D6",,"likelihood",1701.5,0.00004947
10,"R_Date","D6",,"likelihood",1702.5,0.00004095
10,"R_Date","D6",,"likelihood",1703.5,0.00004095
10,"R_Date","D6",,"likelihood",1704.5,0.00004947
10,"R_Date","D6",,"likelihood",1705.5,0.00004947
10,"R_Date","D6",,"likelihood",1706.5,0.00004947
10,"R_Date","D6",,"likelihood",1707.5,0.00004947
10,"R_Date","D6",,"likelihood",1708.5,0.00004095
10,"R_Date","D6",,"likelihood",1709.5,0.000027793
10,"R_Date","D6",,"likelihood",1710.5,0.000018617
10,"R_Date","D6",,"likelihood",1711.5,0.000012306
10,"R_Date","D6",,"likelihood",1712.5,0.000008022
10,"R_Date","D6",,"likelihood",1713.5,0.000006452
10,"R_Date","D6",,"likelihood",1714.5,0.000005166
10,"R_Date","D6",,"likelihood",1715.5,0.000004122
10,"R_Date","D6",,"likelihood",1716.5,0.000004122
10,"R_Date","D6",,"likelihood",1717.5,0.000005166
10,"R_Date","D6",,"likelihood",1718.5,0.000009957
10,"R_Date","D6",,"likelihood",1719.5,0.000018617
10,"R_Date","D6",,"likelihood",1720.5,0.00004095
10,"R_Date","D6",,"likelihood",1721.5,0.00008548
10,"R_Date","D6",,"likelihood",1722.5,0.00016922
10,"R_Date","D6",,"likelihood",1723.5,0.0003178
10,"R_Date","D6",,"likelihood",1724.5,0.0005662
10,"R_Date","D6",,"likelihood",1725.5,0.001067
10,"R_Date","D6",,"likelihood",1726.5,0.001664
10,"R_Date","D6",,"likelihood",1727.5,0.0024697
10,"R_Date","D6",,"likelihood",1728.5,0.003774
10,"R_Date","D6",,"likelihood",1729.5,0.005339
10,"R_Date","D6",,"likelihood",1730.5,0.006666
10,"R_Date","D6",,"likelihood",1731.5,0.008209
10,"R_Date","D6",,"likelihood",1732.5,0.008963
10,"R_Date","D6",,"likelihood",1733.5,0.009358
10,"R_Date","D6",,"likelihood",1734.5,0.009518
10,"R_Date","D6",,"likelihood",1735.5,0.009651
10,"R_Date","D6",,"likelihood",1736.5,0.009756
10,"R_Date","D6",,"likelihood",1737.5,0.009832
10,"R_Date","D6",,"likelihood",1738.5,0.009893
10,"R_Date","D6",,"likelihood",1739.5,0.009833
10,"R_Date","D6",,"likelihood",1740.5,0.009522
10,"R_Date","D6",,"likelihood",1741.5,0.008969
10,"R_Date","D6",,"likelihood",1742.5,0.008217
10,"R_Date","D6",,"likelihood",1743.5,0.007633
10,"R_Date","D6",,"likelihood",1744.5,0.007004
10,"R_Date","D6",,"likelihood",1745.5,0.007004
10,"R_Date","D6",,"likelihood",1746.5,0.007004
10,"R_Date","D6",,"likelihood",1747.5,0.007004
10,"R_Date","D6",,"likelihood",1748.5,0.007323
10,"R_Date","D6",,"likelihood",1749.5,0.007633
10,"R_Date","D6",,"likelihood",1750.5,0.007932
10,"R_Date","D6",,"likelihood",1751.5,0.008486
10,"R_Date","D6",,"likelihood",1752.5,0.009178
10,"R_Date","D6",,"likelihood",1753.5,0.009654
10,"R_Date","D6",,"likelihood",1754.5,0.009878
10,"R_Date","D6",,"likelihood",1755.5,0.010129
10,"R_Date","D6",,"likelihood",1756.5,0.009931
10,"R_Date","D6",,"likelihood",1757.5,0.009358
10,"R_Date","D6",,"likelihood",1758.5,0.009172
10,"R_Date","D6",,"likelihood",1759.5,0.009358
10,"R_Date","D6",,"likelihood",1760.5,0.009651
10,"R_Date","D6",,"likelihood",1761.5,0.009893
10,"R_Date","D6",,"likelihood",1762.5,0.009758
10,"R_Date","D6",,"likelihood",1763.5,0.009363
10,"R_Date","D6",,"likelihood",1764.5,0.008738
10,"R_Date","D6",,"likelihood",1765.5,0.007932
10,"R_Date","D6",,"likelihood",1766.5,0.007323
10,"R_Date","D6",,"likelihood",1767.5,0.006349
10,"R_Date","D6",,"likelihood",1768.5,0.005684
10,"R_Date","D6",,"likelihood",1769.5,0.005354
10,"R_Date","D6",,"likelihood",1770.5,0.005354
10,"R_Date","D6",,"likelihood",1771.5,0.006017
10,"R_Date","D6",,"likelihood",1772.5,0.006679
10,"R_Date","D6",,"likelihood",1773.5,0.007633
10,"R_Date","D6",,"likelihood",1774.5,0.008486
10,"R_Date","D6",,"likelihood",1775.5,0.008738
10,"R_Date","D6",,"likelihood",1776.5,0.008738
10,"R_Date","D6",,"likelihood",1777.5,0.008217
10,"R_Date","D6",,"likelihood",1778.5,0.007323
10,"R_Date","D6",,"likelihood",1779.5,0.005684
10,"R_Date","D6",,"likelihood",1780.5,0.004086
10,"R_Date","D6",,"likelihood",1781.5,0.0024853
10,"R_Date","D6",,"likelihood",1782.5,0.0015094
10,"R_Date","D6",,"likelihood",1783.5,0.0008492
10,"R_Date","D6",,"likelihood",1784.5,0.0005073
10,"R_Date","D6",,"likelihood",1785.5,0.00024872
10,"R_Date","D6",,"likelihood",1786.5,0.0001331
10,"R_Date","D6",,"likelihood",1787.5,0.00008065
10,"R_Date","D6",,"likelihood",1788.5,0.00004754
10,"R_Date","D6",,"likelihood",1789.5,0.000027266
10,"R_Date","D6",,"likelihood",1790.5,0.000022516
10,"R_Date","D6",,"likelihood",1791.5,0.000027266
10,"R_Date","D6",,"likelihood",1792.5,0.00003962
10,"R_Date","D6",,"likelihood",1793.5,0.00008065
10,"R_Date","D6",,"likelihood",1794.5,0.00021371
10,"R_Date","D6",,"likelihood",1795.5,0.0006604
10,"R_Date","D6",,"likelihood",1796.5,0.0018596
10,"R_Date","D6",,"likelihood",1797.5,0.004086
10,"R_Date","D6",,"likelihood",1798.5,0.007004
10,"R_Date","D6",,"likelihood",1799.5,0.008969
10,"R_Date","D6",,"likelihood",1800.5,0.009833
10,"R_Date","D6",,"likelihood",1801.5,0.009832
10,"R_Date","D6",,"likelihood",1802.5,0.009651
10,"R_Date","D6",,"likelihood",1803.5,0.009358
10,"R_Date","D6",,"likelihood",1804.5,0.008963
10,"R_Date","D6",,"likelihood",1805.5,0.008731
10,"R_Date","D6",,"likelihood",1806.5,0.007923
10,"R_Date","D6",,"likelihood",1807.5,0.006993
10,"R_Date","D6",,"likelihood",1808.5,0.005339
10,"R_Date","D6",,"likelihood",1809.5,0.003489
10,"R_Date","D6",,"likelihood",1810.5,0.0020398
10,"R_Date","D6",,"likelihood",1811.5,0.001067
10,"R_Date","D6",,"likelihood",1812.5,0.0004993
10,"R_Date","D6",,"likelihood",1813.5,0.00028288
10,"R_Date","D6",,"likelihood",1814.5,0.00015252
10,"R_Date","D6",,"likelihood",1815.5,0.00009289
10,"R_Date","D6",,"likelihood",1816.5,0.00005502
10,"R_Date","D6",,"likelihood",1817.5,0.00004592
10,"R_Date","D6",,"likelihood",1818.5,0.000027793
10,"R_Date","D6",,"likelihood",1819.5,0.000022779
10,"R_Date","D6",,"likelihood",1820.5,0.000022779
10,"R_Date","D6",,"likelihood",1821.5,0.000027793
10,"R_Date","D6",,"likelihood",1822.5,0.000022779
10,"R_Date","D6",,"likelihood",1823.5,0.000022779
10,"R_Date","D6",,"likelihood",1824.5,0.000015153
10,"R_Date","D6",,"likelihood",1825.5,0.000009957
10,"R_Date","D6",,"likelihood",1826.5,0.000006452
10,"R_Date","D6",,"likelihood",1827.5,0.000004122
10,"R_Date","D6",,"likelihood",1828.5,0.000006351
10,"R_Date","D6",,"likelihood",1829.5,0.000006351
10,"R_Date","D6",,"likelihood",1830.5,0.000006452
10,"R_Date","D6",,"likelihood",1831.5,0.000009957
10,"R_Date","D6",,"likelihood",1832.5,0.000022779
10,"R_Date","D6",,"likelihood",1833.5,0.00006572
10,"R_Date","D6",,"likelihood",1834.5,0.00012969
10,"R_Date","D6",,"likelihood",1835.5,0.00023343
10,"R_Date","D6",,"likelihood",1836.5,0.0004993
10,"R_Date","D6",,"likelihood",1837.5,0.0006488
10,"R_Date","D6",,"likelihood",1838.5,0.001067
10,"R_Date","D6",,"likelihood",1839.5,0.0011979
10,"R_Date","D6",,"likelihood",1840.5,0.0013407
10,"R_Date","D6",,"likelihood",1841.5,0.0013407
10,"R_Date","D6",,"likelihood",1842.5,0.0011979
10,"R_Date","D6",,"likelihood",1843.5,0.001067
10,"R_Date","D6",,"likelihood",1844.5,0.0009474
10,"R_Date","D6",,"likelihood",1845.5,0.0008387
10,"R_Date","D6",,"likelihood",1846.5,0.0007401
10,"R_Date","D6",,"likelihood",1847.5,0.0007401
10,"R_Date","D6",,"likelihood",1848.5,0.0006511
10,"R_Date","D6",,"likelihood",1849.5,0.0007401
10,"R_Date","D6",,"likelihood",1850.5,0.0007401
10,"R_Date","D6",,"likelihood",1851.5,0.0008387
10,"R_Date","D6",,"likelihood",1852.5,0.0009474
10,"R_Date","D6",,"likelihood",1853.5,0.001067
10,"R_Date","D6",,"likelihood",1854.5,0.001067
10,"R_Date","D6",,"likelihood",1855.5,0.001067
10,"R_Date","D6",,"likelihood",1856.5,0.0009474
10,"R_Date","D6",,"likelihood",1857.5,0.0008387
10,"R_Date","D6",,"likelihood",1858.5,0.0008387
10,"R_Date","D6",,"likelihood",1859.5,0.0007401
10,"R_Date","D6",,"likelihood",1860.5,0.0007409
10,"R_Date","D6",,"likelihood",1861.5,0.0008434
10,"R_Date","D6",,"likelihood",1862.5,0.0009569
10,"R_Date","D6",,"likelihood",1863.5,0.0010822
10,"R_Date","D6",,"likelihood",1864.5,0.0012198
10,"R_Date","D6",,"likelihood",1865.5,0.0010822
10,"R_Date","D6",,"likelihood",1866.5,0.0009569
10,"R_Date","D6",,"likelihood",1867.5,0.0007409
10,"R_Date","D6",,"likelihood",1868.5,0.0006488
10,"R_Date","D6",,"likelihood",1869.5,0.0005662
10,"R_Date","D6",,"likelihood",1870.5,0.0006488
10,"R_Date","D6",,"likelihood",1871.5,0.0007409
10,"R_Date","D6",,"likelihood",1872.5,0.0009569
10,"R_Date","D6",,"likelihood",1873.5,0.0012198
10,"R_Date","D6",,"likelihood",1874.5,0.0013704
10,"R_Date","D6",,"likelihood",1875.5,0.0014959
10,"R_Date","D6",,"likelihood",1876.5,0.0014959
10,"R_Date","D6",,"likelihood",1877.5,0.0011979
10,"R_Date","D6",,"likelihood",1878.5,0.0008387
10,"R_Date","D6",,"likelihood",1879.5,0.0004993
10,"R_Date","D6",,"likelihood",1880.5,0.0003276
10,"R_Date","D6",,"likelihood",1881.5,0.00024353
10,"R_Date","D6",,"likelihood",1882.5,0.00017882
10,"R_Date","D6",,"likelihood",1883.5,0.00017882
10,"R_Date","D6",,"likelihood",1884.5,0.00020901
10,"R_Date","D6",,"likelihood",1885.5,0.00019907
10,"R_Date","D6",,"likelihood",1886.5,0.00028288
10,"R_Date","D6",,"likelihood",1887.5,0.00019907
10,"R_Date","D6",,"likelihood",1888.5,0.00016922
10,"R_Date","D6",,"likelihood",1889.5,0.00012106
10,"R_Date","D6",,"likelihood",1890.5,0.00007147
10,"R_Date","D6",,"likelihood",1891.5,0.00004095
10,"R_Date","D6",,"likelihood",1892.5,0.000018617
10,"R_Date","D6",,"likelihood",1893.5,0.000012306
10,"R_Date","D6",,"likelihood",1894.5,0.000011871
10,"R_Date","D6",,"likelihood",1895.5,0.000008022
10,"R_Date","D6",,"likelihood",1896.5,0.000006452
10,"R_Date","D6",,"likelihood",1897.5,0.000011871
10,"R_Date","D6",,"likelihood",1898.5,0.000009673
10,"R_Date","D6",,"likelihood",1899.5,0.00000785
10,"R_Date","D6",,"likelihood",1900.5,0.000006351
10,"R_Date","D6",,"likelihood",1901.5,0.000005125
10,"R_Date","D6",,"likelihood",1902.5,0.000005125
10,"R_Date","D6",,"likelihood",1903.5,0.000006351
10,"R_Date","D6",,"likelihood",1904.5,0.000011871
10,"R_Date","D6",,"likelihood",1905.5,0.000015153
10,"R_Date","D6",,"likelihood",1906.5,0.00004592
10,"R_Date","D6",,"likelihood",1907.5,0.00009289
10,"R_Date","D6",,"likelihood",1908.5,0.00015252
10,"R_Date","D6",,"likelihood",1909.5,0.00024353
10,"R_Date","D6",,"likelihood",1910.5,0.0003276
10,"R_Date","D6",,"likelihood",1911.5,0.0003782
10,"R_Date","D6",,"likelihood",1912.5,0.0003178
10,"R_Date","D6",,"likelihood",1913.5,0.0004352
10,"R_Date","D6",,"likelihood",1914.5,0.0004993
10,"R_Date","D6",,"likelihood",1915.5,0.0006511
10,"R_Date","D6",,"likelihood",1916.5,0.0009474
10,"R_Date","D6",,"likelihood",1917.5,0.0013407
10,"R_Date","D6",,"likelihood",1918.5,0.0018452
10,"R_Date","D6",,"likelihood",1919.5,0.0024697
10,"R_Date","D6",,"likelihood",1920.5,0.0029536
10,"R_Date","D6",,"likelihood",1921.5,0.003774
10,"R_Date","D6",,"likelihood",1922.5,0.00397
10,"R_Date","D6",,"likelihood",1923.5,0.004691
10,"R_Date","D6",,"likelihood",1924.5,0.00567
10,"R_Date","D6",,"likelihood",1925.5,0.006666
10,"R_Date","D6",,"likelihood",1926.5,0.007923
10,"R_Date","D6",,"likelihood",1927.5,0.008731
10,"R_Date","D6",,"likelihood",1928.5,0.009518
10,"R_Date","D6",,"likelihood",1929.5,0.009756
10,"R_Date","D6",,"likelihood",1930.5,0.009832
10,"R_Date","D6",,"likelihood",1931.5,0.009878
10,"R_Date","D6",,"likelihood",1932.5,0.009832
10,"R_Date","D6",,"likelihood",1933.5,0.009756
10,"R_Date","D6",,"likelihood",1934.5,0.009651
10,"R_Date","D6",,"likelihood",1935.5,0.009518
10,"R_Date","D6",,"likelihood",1936.5,0.009518
10,"R_Date","D6",,"likelihood",1937.5,0.009368
10,"R_Date","D6",,"likelihood",1938.5,0.009532
10,"R_Date","D6",,"likelihood",1939.5,0.009575
10,"R_Date","D6",,"likelihood",1940.5,0.00925
10,"R_Date","D6",,"likelihood",1941.5,0.008533
10,"R_Date","D6",,"likelihood",1942.5,0.007516
10,"R_Date","D6",,"likelihood",1943.5,0.006629
10,"R_Date","D6",,"likelihood",1944.5,0.005386
10,"R_Date","D6",,"likelihood",1945.5,0.004472
10,"R_Date","D6",,"likelihood",1946.5,0.003893
10,"R_Date","D6",,"likelihood",1947.5,0.0030957
10,"R_Date","D6",,"likelihood",1948.5,0.0026189
10,"R_Date","D6",,"likelihood",1949.5,0.0021901
10,"R_Date","D6",,"likelihood",1950.5,0.0018106
10,"R_Date","D6",,"posterior",1643.5,0
10,"R_Date","D6",,"posterior",1644.5,0
10,"R_Date","D6",,"posterior",1645.5,0
10,"R_Date","D6",,"posterior",1646.5,0
10,"R_Date","D6",,"posterior",1647.5,0.001184
10,"R_Date","D6",,"posterior",1648.5,0.007723
10,"R_Date","D6",,"posterior",1649.5,0.011628
10,"R_Date","D6",,"posterior",1650.5,0.013097
10,"R_Date","D6",,"posterior",1651.5,0.01406
10,"R_Date","D6",,"posterior",1652.5,0.013424
10,"R_Date","D6",,"posterior",1653.5,0.010451
10,"R_Date","D6",,"posterior",1654.5,0.008574
10,"R_Date","D6",,"posterior",1655.5,0.005732
10,"R_Date","D6",,"posterior",1656.5,0.004159
10,"R_Date","D6",,"posterior",1657.5,0.003533
10,"R_Date","D6",,"posterior",1658.5,0.0027308
10,"R_Date","D6",,"posterior",1659.5,0.0019725
10,"R_Date","D6",,"posterior",1660.5,0.0015154
10,"R_Date","D6",,"posterior",1661.5,0.0011617
10,"R_Date","D6",,"posterior",1662.5,0.0010322
10,"R_Date","D6",,"posterior",1663.5,0.0010547
10,"R_Date","D6",,"posterior",1664.5,0.0012782
10,"R_Date","D6",,"posterior",1665.5,0.0020277
10,"R_Date","D6",,"posterior",1666.5,0.003444
10,"R_Date","D6",,"posterior",1667.5,0.006044
10,"R_Date","D6",,"posterior",1668.5,0.009693
10,"R_Date","D6",,"posterior",1669.5,0.014104
10,"R_Date","D6",,"posterior",1670.5,0.019763
10,"R_Date","D6",,"posterior",1671.5,0.02506
10,"R_Date","D6",,"posterior",1672.5,0.02987
10,"R_Date","D6",,"posterior",1673.5,0.03207
10,"R_Date","D6",,"posterior",1674.5,0.03248
10,"R_Date","D6",,"posterior",1675.5,0.03236
10,"R_Date","D6",,"posterior",1676.5,0.03231
10,"R_Date","D6",,"posterior",1677.5,0.03181
10,"R_Date","D6",,"posterior",1678.5,0.03235
10,"R_Date","D6",,"posterior",1679.5,0.03342
10,"R_Date","D6",,"posterior",1680.5,0.03429
10,"R_Date","D6",,"posterior",1681.5,0.03535
10,"R_Date","D6",,"posterior",1682.5,0.03525
10,"R_Date","D6",,"posterior",1683.5,0.03444
10,"R_Date","D6",,"posterior",1684.5,0.03245
10,"R_Date","D6",,"posterior",1685.5,0.029914
10,"R_Date","D6",,"posterior",1686.5,0.0268
10,"R_Date","D6",,"posterior",1687.5,0.022964
10,"R_Date","D6",,"posterior",1688.5,0.019452
10,"R_Date","D6",,"posterior",1689.5,0.015791
10,"R_Date","D6",,"posterior",1690.5,0.012409
10,"R_Date","D6",,"posterior",1691.5,0.009532
10,"R_Date","D6",,"posterior",1692.5,0.007145
10,"R_Date","D6",,"posterior",1693.5,0.005118
10,"R_Date","D6",,"posterior",1694.5,0.003567
10,"R_Date","D6",,"posterior",1695.5,0.0021925
10,"R_Date","D6",,"posterior",1696.5,0.0013856
10,"R_Date","D6",,"posterior",1697.5,0.0007457
10,"R_Date","D6",,"posterior",1698.5,0.000464
10,"R_Date","D6",,"posterior",1699.5,0.00028575
10,"R_Date","D6",,"posterior",1700.5,0.00018609
10,"R_Date","D6",,"posterior",1701.5,0.00011528
10,"R_Date","D6",,"posterior",1702.5,0.00010298
10,"R_Date","D6",,"posterior",1703.5,0.00008947
10,"R_Date","D6",,"posterior",1704.5,0.00011199
10,"R_Date","D6",,"posterior",1705.5,0.00012712
10,"R_Date","D6",,"posterior",1706.5,0.00009612
10,"R_Date","D6",,"posterior",1707.5,0.00010818
10,"R_Date","D6",,"posterior",1708.5,0.00008216
10,"R_Date","D6",,"posterior",1709.5,0.00005681
10,"R_Date","D6",,"posterior",1710.5,0.00003931
10,"R_Date","D6",,"posterior",1711.5,0.000022484
10,"R_Date","D6",,"posterior",1712.5,0.000018454
10,"R_Date","D6",,"posterior",1713.5,0.000010429
10,"R_Date","D6",,"posterior",1714.5,0.000010429
10,"R_Date","D6",,"posterior",1715.5,0.000007106
10,"R_Date","D6",,"posterior",1716.5,0.000005197
10,"R_Date","D6",,"posterior",1717.5,0.000008272
10,"R_Date","D6",,"posterior",1718.5,0.000016332
10,"R_Date","D6",,"posterior",1719.5,0.000030544
10,"R_Date","D6",,"posterior",1720.5,0.00006628
10,"R_Date","D6",,"posterior",1721.5,0.00014395
10,"R_Date","D6",,"posterior",1722.5,0.00025379
10,"R_Date","D6",,"posterior",1723.5,0.0004697
10,"R_Date","D6",,"posterior",1724.5,0.0008695
10,"R_Date","D6",,"posterior",1725.5,0.0015256
10,"R_Date","D6",,"posterior",1726.5,0.0023262
10,"R_Date","D6",,"posterior",1727.5,0.003363
10,"R_Date","D6",,"posterior",1728.5,0.004825
10,"R_Date","D6",,"posterior",1729.5,0.006625
10,"R_Date","D6",,"posterior",1730.5,0.00809
10,"R_Date","D6",,"posterior",1731.5,0.0096
10,"R_Date","D6",,"posterior",1732.5,0.009853
10,"R_Date","D6",,"posterior",1733.5,0.010192
10,"R_Date","D6",,"posterior",1734.5,0.009947
10,"R_Date","D6",,"posterior",1735.5,0.009749
10,"R_Date","D6",,"posterior",1736.5,0.009433
10,"R_Date","D6",,"posterior",1737.5,0.009243
10,"R_Date","D6",,"posterior",1738.5,0.008961
10,"R_Date","D6",,"posterior",1739.5,0.008517
10,"R_Date","D6",,"posterior",1740.5,0.007979
10,"R_Date","D6",,"posterior",1741.5,0.007261
10,"R_Date","D6",,"posterior",1742.5,0.006349
10,"R_Date","D6",,"posterior",1743.5,0.005537
10,"R_Date","D6",,"posterior",1744.5,0.00501
10,"R_Date","D6",,"posterior",1745.5,0.004707
10,"R_Date","D6",,"posterior",1746.5,0.004441
10,"R_Date","D6",,"posterior",1747.5,0.00428
10,"R_Date","D6",,"posterior",1748.5,0.004228
10,"R_Date","D6",,"posterior",1749.5,0.004227
10,"R_Date","D6",,"posterior",1750.5,0.004119
10,"R_Date","D6",,"posterior",1751.5,0.004242
10,"R_Date","D6",,"posterior",1752.5,0.004395
10,"R_Date","D6",,"posterior",1753.5,0.004321
10,"R_Date","D6",,"posterior",1754.5,0.004219
10,"R_Date","D6",,"posterior",1755.5,0.004011
10,"R_Date","D6",,"posterior",1756.5,0.003696
10,"R_Date","D6",,"posterior",1757.5,0.003316
10,"R_Date","D6",,"posterior",1758.5,0.0029855
10,"R_Date","D6",,"posterior",1759.5,0.0028648
10,"R_Date","D6",,"posterior",1760.5,0.0027105
10,"R_Date","D6",,"posterior",1761.5,0.0025471
10,"R_Date","D6",,"posterior",1762.5,0.0023343
10,"R_Date","D6",,"posterior",1763.5,0.0021065
10,"R_Date","D6",,"posterior",1764.5,0.0018068
10,"R_Date","D6",,"posterior",1765.5,0.0015097
10,"R_Date","D6",,"posterior",1766.5,0.0012476
10,"R_Date","D6",,"posterior",1767.5,0.0010061
10,"R_Date","D6",,"posterior",1768.5,0.0008338
10,"R_Date","D6",,"posterior",1769.5,0.000718
10,"R_Date","D6",,"posterior",1770.5,0.0006278
10,"R_Date","D6",,"posterior",1771.5,0.0006409
10,"R_Date","D6",,"posterior",1772.5,0.0005994
10,"R_Date","D6",,"posterior",1773.5,0.0006274
10,"R_Date","D6",,"posterior",1774.5,0.0005826
10,"R_Date","D6",,"posterior",1775.5,0.0005338
10,"R_Date","D6",,"posterior",1776.5,0.0004567
10,"R_Date","D6",,"posterior",1777.5,0.0003409
10,"R_Date","D6",,"posterior",1778.5,0.00025807
10,"R_Date","D6",,"posterior",1779.5,0.00017708
10,"R_Date","D6",,"posterior",1780.5,0.0000999
10,"R_Date","D6",,"posterior",1781.5,0.0000502
10,"R_Date","D6",,"posterior",1782.5,0.000019161
10,"R_Date","D6",,"posterior",1783.5,0.00000852
10,"R_Date","D6",,"posterior",1784.5,0.0000014141
10,"R_Date","D6",,"posterior",1785.5,4.596e-7
10,"R_Date","D6",,"posterior",1786.5,7.07e-7
10,"R_Date","D6",,"posterior",1787.5,0
11,"Calculate","Event 4",,"posterior",1643.5,0
11,"Calculate","Event 4",,"posterior",1644.5,0
11,"Calculate","Event 4",,"posterior",1645.5,0
11,"Calculate","Event 4",,"posterior",1646.5,0
11,"Calculate","Event 4",,"posterior",1647.5,0.00004664
11,"Calculate","Event 4",,"posterior",1648.5,0.0015585
11,"Calculate","Event 4",,"posterior",1649.5,0.004595
11,"Calculate","Event 4",,"posterior",1650.5,0.007798
11,"Calculate","Event 4",,"posterior",1651.5,0.010599
11,"Calculate","Event 4",,"posterior",1652.5,0.012968
11,"Calculate","Event 4",,"posterior",1653.5,0.013559
11,"Calculate","Event 4",,"posterior",1654.5,0.012522
11,"Calculate","Event 4",,"posterior",1655.5,0.010489
11,"Calculate","Event 4",,"posterior",1656.5,0.007892
11,"Calculate","Event 4",,"posterior",1657.5,0.00602
11,"Calculate","Event 4",,"posterior",1658.5,0.004424
11,"Calculate","Event 4",,"posterior",1659.5,0.003217
11,"Calculate","Event 4",,"posterior",1660.5,0.0022322
11,"Calculate","Event 4",,"posterior",1661.5,0.0015973
11,"Calculate","Event 4",,"posterior",1662.5,0.0011063
11,"Calculate","Event 4",,"posterior",1663.5,0.0006932
11,"Calculate","Event 4",,"posterior",1664.5,0.0003239
11,"Calculate","Event 4",,"posterior",1665.5,0.00014228
11,"Calculate","Event 4",,"posterior",1666.5,0.00010583
11,"Calculate","Event 4",,"posterior",1667.5,0.00019554
11,"Calculate","Event 4",,"posterior",1668.5,0.0003295
11,"Calculate","Event 4",,"posterior",1669.5,0.0005097
11,"Calculate","Event 4",,"posterior",1670.5,0.0008182
11,"Calculate","Event 4",,"posterior",1671.5,0.0012019
11,"Calculate","Event 4",,"posterior",1672.5,0.0016728
11,"Calculate","Event 4",,"posterior",1673.5,0.0022072
11,"Calculate","Event 4",,"posterior",1674.5,0.0028347
11,"Calculate","Event 4",,"posterior",1675.5,0.003397
11,"Calculate","Event 4",,"posterior",1676.5,0.003921
11,"Calculate","Event 4",,"posterior",1677.5,0.004501
11,"Calculate","Event 4",,"posterior",1678.5,0.005018
11,"Calculate","Event 4",,"posterior",1679.5,0.005604
11,"Calculate","Event 4",,"posterior",1680.5,0.006286
11,"Calculate","Event 4",,"posterior",1681.5,0.006808
11,"Calculate","Event 4",,"posterior",1682.5,0.007551
11,"Calculate","Event 4",,"posterior",1683.5,0.008152
11,"Calculate","Event 4",,"posterior",1684.5,0.008783
11,"Calculate","Event 4",,"posterior",1685.5,0.009224
11,"Calculate","Event 4",,"posterior",1686.5,0.009764
11,"Calculate","Event 4",,"posterior",1687.5,0.010117
11,"Calculate","Event 4",,"posterior",1688.5,0.010512
11,"Calculate","Event 4",,"posterior",1689.5,0.01075
11,"Calculate","Event 4",,"posterior",1690.5,0.010887
11,"Calculate","Event 4",,"posterior",1691.5,0.010957
11,"Calculate","Event 4",,"posterior",1692.5,0.011162
11,"Calculate","Event 4",,"posterior",1693.5,0.011111
11,"Calculate","Event 4",,"posterior",1694.5,0.011081
11,"Calculate","Event 4",,"posterior",1695.5,0.011104
11,"Calculate","Event 4",,"posterior",1696.5,0.010836
11,"Calculate","Event 4",,"posterior",1697.5,0.010827
11,"Calculate","Event 4",,"posterior",1698.5,0.010745
11,"Calculate","Event 4",,"posterior",1699.5,0.010539
11,"Calculate","Event 4",,"posterior",1700.5,0.010509
11,"Calculate","Event 4",,"posterior",1701.5,0.010341
11,"Calculate","Event 4",,"posterior",1702.5,0.010204
11,"Calculate","Event 4",,"posterior",1703.5,0.010144
11,"Calculate","Event 4",,"posterior",1704.5,0.009895
11,"Calculate","Event 4",,"posterior",1705.5,0.00977
11,"Calculate","Event 4",,"posterior",1706.5,0.009686
11,"Calculate","Event 4",,"posterior",1707.5,0.009589
11,"Calculate","Event 4",,"posterior",1708.5,0.009439
11,"Calculate","Event 4",,"posterior",1709.5,0.009388
11,"Calculate","Event 4",,"posterior",1710.5,0.009165
11,"Calculate","Event 4",,"posterior",1711.5,0.009107
11,"Calculate","Event 4",,"posterior",1712.5,0.008832
11,"Calculate","Event 4",,"posterior",1713.5,0.008773
11,"Calculate","Event 4",,"posterior",1714.5,0.008637
11,"Calculate","Event 4",,"posterior",1715.5,0.008622
11,"Calculate","Event 4",,"posterior",1716.5,0.008344
11,"Calculate","Event 4",,"posterior",1717.5,0.00829
11,"Calculate","Event 4",,"posterior",1718.5,0.008111
11,"Calculate","Event 4",,"posterior",1719.5,0.008007
11,"Calculate","Event 4",,"posterior",1720.5,0.007935
11,"Calculate","Event 4",,"posterior",1721.5,0.007826
11,"Calculate","Event 4",,"posterior",1722.5,0.00766
11,"Calculate","Event 4",,"posterior",1723.5,0.007598
11,"Calculate","Event 4",,"posterior",1724.5,0.00743
11,"Calculate","Event 4",,"posterior",1725.5,0.00744
11,"Calculate","Event 4",,"posterior",1726.5,0.007273
11,"Calculate","Event 4",,"posterior",1727.5,0.007261
11,"Calculate","Event 4",,"posterior",1728.5,0.007203
11,"Calculate","Event 4",,"posterior",1729.5,0.007233
11,"Calculate","Event 4",,"posterior",1730.5,0.007459
11,"Calculate","Event 4",,"posterior",1731.5,0.007643
11,"Calculate","Event 4",,"posterior",1732.5,0.007838
11,"Calculate","Event 4",,"posterior",1733.5,0.008053
11,"Calculate","Event 4",,"posterior",1734.5,0.008242
11,"Calculate","Event 4",,"posterior",1735.5,0.008513
11,"Calculate","Event 4",,"posterior",1736.5,0.008655
11,"Calculate","Event 4",,"posterior",1737.5,0.008864
11,"Calculate","Event 4",,"posterior",1738.5,0.009085
11,"Calculate","Event 4",,"posterior",1739.5,0.009186
11,"Calculate","Event 4",,"posterior",1740.5,0.009276
11,"Calculate","Event 4",,"posterior",1741.5,0.009488
11,"Calculate","Event 4",,"posterior",1742.5,0.009554
11,"Calculate","Event 4",,"posterior",1743.5,0.009609
11,"Calculate","Event 4",,"posterior",1744.5,0.009597
11,"Calculate","Event 4",,"posterior",1745.5,0.009509
11,"Calculate","Event 4",,"posterior",1746.5,0.009568
11,"Calculate","Event 4",,"posterior",1747.5,0.009543
11,"Calculate","Event 4",,"posterior",1748.5,0.009551
11,"Calculate","Event 4",,"posterior",1749.5,0.009441
11,"Calculate","Event 4",,"posterior",1750.5,0.009274
11,"Calculate","Event 4",,"posterior",1751.5,0.009368
11,"Calculate","Event 4",,"posterior",1752.5,0.009366
11,"Calculate","Event 4",,"posterior",1753.5,0.009272
11,"Calculate","Event 4",,"posterior",1754.5,0.00919
11,"Calculate","Event 4",,"posterior",1755.5,0.009215
11,"Calculate","Event 4",,"posterior",1756.5,0.009107
11,"Calculate","Event 4",,"posterior",1757.5,0.009133
11,"Calculate","Event 4",,"posterior",1758.5,0.008952
11,"Calculate","Event 4",,"posterior",1759.5,0.008786
11,"Calculate","Event 4",,"posterior",1760.5,0.008627
11,"Calculate","Event 4",,"posterior",1761.5,0.008461
11,"Calculate","Event 4",,"posterior",1762.5,0.008316
11,"Calculate","Event 4",,"posterior",1763.5,0.008107
11,"Calculate","Event 4",,"posterior",1764.5,0.007922
11,"Calculate","Event 4",,"posterior",1765.5,0.007671
11,"Calculate","Event 4",,"posterior",1766.5,0.007464
11,"Calculate","Event 4",,"posterior",1767.5,0.007145
11,"Calculate","Event 4",,"posterior",1768.5,0.006845
11,"Calculate","Event 4",,"posterior",1769.5,0.006522
11,"Calculate","Event 4",,"posterior",1770.5,0.006248
11,"Calculate","Event 4",,"posterior",1771.5,0.005896
11,"Calculate","Event 4",,"posterior",1772.5,0.005522
11,"Calculate","Event 4",,"posterior",1773.5,0.005276
11,"Calculate","Event 4",,"posterior",1774.5,0.004953
11,"Calculate","Event 4",,"posterior",1775.5,0.004656
11,"Calculate","Event 4",,"posterior",1776.5,0.00429
11,"Calculate","Event 4",,"posterior",1777.5,0.003991
11,"Calculate","Event 4",,"posterior",1778.5,0.003645
11,"Calculate","Event 4",,"posterior",1779.5,0.003293
11,"Calculate","Event 4",,"posterior",1780.5,0.0028868
11,"Calculate","Event 4",,"posterior",1781.5,0.0024896
11,"Calculate","Event 4",,"posterior",1782.5,0.0021352
11,"Calculate","Event 4",,"posterior",1783.5,0.0017296
11,"Calculate","Event 4",,"posterior",1784.5,0.0014027
11,"Calculate","Event 4",,"posterior",1785.5,0.0010928
11,"Calculate","Event 4",,"posterior",1786.5,0.0008298
11,"Calculate","Event 4",,"posterior",1787.5,0.0005736
11,"Calculate","Event 4",,"posterior",1788.5,0.0003497
11,"Calculate","Event 4",,"posterior",1789.5,0.00019366
11,"Calculate","Event 4",,"posterior",1790.5,0.00008168
11,"Calculate","Event 4",,"posterior",1791.5,0.000031253
11,"Calculate","Event 4",,"posterior",1792.5,0.00000781
11,"Calculate","Event 4",,"posterior",1793.5,0.0000016542
11,"Calculate","Event 4",,"posterior",1794.5,4.746e-7
11,"Calculate","Event 4",,"posterior",1795.5,0
11,"Calculate","Event 4",,"posterior",1796.5,0
12,"Calculate","Event 3",,"posterior",1645.5,0
12,"Calculate","Event 3",,"posterior",1646.5,0
12,"Calculate","Event 3",,"posterior",1647.5,0.0000016629
12,"Calculate","Event 3",,"posterior",1648.5,0.00018395
12,"Calculate","Event 3",,"posterior",1649.5,0.0010777
12,"Calculate","Event 3",,"posterior",1650.5,0.0027713
12,"Calculate","Event 3",,"posterior",1651.5,0.005124
12,"Calculate","Event 3",,"posterior",1652.5,0.007934
12,"Calculate","Event 3",,"posterior",1653.5,0.011039
12,"Calculate","Event 3",,"posterior",1654.5,0.013002
12,"Calculate","Event 3",,"posterior",1655.5,0.013771
12,"Calculate","Event 3",,"posterior",1656.5,0.012459
12,"Calculate","Event 3",,"posterior",1657.5,0.010128
12,"Calculate","Event 3",,"posterior",1658.5,0.00786
12,"Calculate","Event 3",,"posterior",1659.5,0.005704
12,"Calculate","Event 3",,"posterior",1660.5,0.003915
12,"Calculate","Event 3",,"posterior",1661.5,0.0025897
12,"Calculate","Event 3",,"posterior",1662.5,0.0018253
12,"Calculate","Event 3",,"posterior",1663.5,0.0012086
12,"Calculate","Event 3",,"posterior",1664.5,0.0007131
12,"Calculate","Event 3",,"posterior",1665.5,0.00029758
12,"Calculate","Event 3",,"posterior",1666.5,0.00004924
12,"Calculate","Event 3",,"posterior",1667.5,0.0000028377
12,"Calculate","Event 3",,"posterior",1668.5,0.000004736
12,"Calculate","Event 3",,"posterior",1669.5,0.000010646
12,"Calculate","Event 3",,"posterior",1670.5,0.000016809
12,"Calculate","Event 3",,"posterior",1671.5,0.000024148
12,"Calculate","Event 3",,"posterior",1672.5,0.00004238
12,"Calculate","Event 3",,"posterior",1673.5,0.00005421
12,"Calculate","Event 3",,"posterior",1674.5,0.00007861
12,"Calculate","Event 3",,"posterior",1675.5,0.0001108
12,"Calculate","Event 3",,"posterior",1676.5,0.00015483
12,"Calculate","Event 3",,"posterior",1677.5,0.00018158
12,"Calculate","Event 3",,"posterior",1678.5,0.00024314
12,"Calculate","Event 3",,"posterior",1679.5,0.00027652
12,"Calculate","Event 3",,"posterior",1680.5,0.0003395
12,"Calculate","Event 3",,"posterior",1681.5,0.0003868
12,"Calculate","Event 3",,"posterior",1682.5,0.0004678
12,"Calculate","Event 3",,"posterior",1683.5,0.0005507
12,"Calculate","Event 3",,"posterior",1684.5,0.0006326
12,"Calculate","Event 3",,"posterior",1685.5,0.0007569
12,"Calculate","Event 3",,"posterior",1686.5,0.0008461
12,"Calculate","Event 3",,"posterior",1687.5,0.0009567
12,"Calculate","Event 3",,"posterior",1688.5,0.0010447
12,"Calculate","Event 3",,"posterior",1689.5,0.0011707
12,"Calculate","Event 3",,"posterior",1690.5,0.0012817
12,"Calculate","Event 3",,"posterior",1691.5,0.0013989
12,"Calculate","Event 3",,"posterior",1692.5,0.0015324
12,"Calculate","Event 3",,"posterior",1693.5,0.001656
12,"Calculate","Event 3",,"posterior",1694.5,0.0017545
12,"Calculate","Event 3",,"posterior",1695.5,0.001889
12,"Calculate","Event 3",,"posterior",1696.5,0.0020381
12,"Calculate","Event 3",,"posterior",1697.5,0.0021972
12,"Calculate","Event 3",,"posterior",1698.5,0.0023068
12,"Calculate","Event 3",,"posterior",1699.5,0.0024496
12,"Calculate","Event 3",,"posterior",1700.5,0.0025507
12,"Calculate","Event 3",,"posterior",1701.5,0.0027001
12,"Calculate","Event 3",,"posterior",1702.5,0.0027933
12,"Calculate","Event 3",,"posterior",1703.5,0.0029074
12,"Calculate","Event 3",,"posterior",1704.5,0.003099
12,"Calculate","Event 3",,"posterior",1705.5,0.003169
12,"Calculate","Event 3",,"posterior",1706.5,0.003321
12,"Calculate","Event 3",,"posterior",1707.5,0.003426
12,"Calculate","Event 3",,"posterior",1708.5,0.003605
12,"Calculate","Event 3",,"posterior",1709.5,0.00374
12,"Calculate","Event 3",,"posterior",1710.5,0.003824
12,"Calculate","Event 3",,"posterior",1711.5,0.003984
12,"Calculate","Event 3",,"posterior",1712.5,0.004027
12,"Calculate","Event 3",,"posterior",1713.5,0.004231
12,"Calculate","Event 3",,"posterior",1714.5,0.00438
12,"Calculate","Event 3",,"posterior",1715.5,0.004475
12,"Calculate","Event 3",,"posterior",1716.5,0.004617
12,"Calculate","Event 3",,"posterior",1717.5,0.004724
12,"Calculate","Event 3",,"posterior",1718.5,0.00487
12,"Calculate","Event 3",,"posterior",1719.5,0.004971
12,"Calculate","Event 3",,"posterior",1720.5,0.005125
12,"Calculate","Event 3",,"posterior",1721.5,0.0053
12,"Calculate","Event 3",,"posterior",1722.5,0.005416
12,"Calculate","Event 3",,"posterior",1723.5,0.005584
12,"Calculate","Event 3",,"posterior",1724.5,0.005648
12,"Calculate","Event 3",,"posterior",1725.5,0.005829
12,"Calculate","Event 3",,"posterior",1726.5,0.00594
12,"Calculate","Event 3",,"posterior",1727.5,0.006093
12,"Calculate","Event 3",,"posterior",1728.5,0.006176
12,"Calculate","Event 3",,"posterior",1729.5,0.006356
12,"Calculate","Event 3",,"posterior",1730.5,0.006456
12,"Calculate","Event 3",,"posterior",1731.5,0.006633
12,"Calculate","Event 3",,"posterior",1732.5,0.006751
12,"Calculate","Event 3",,"posterior",1733.5,0.006969
12,"Calculate","Event 3",,"posterior",1734.5,0.007116
12,"Calculate","Event 3",,"posterior",1735.5,0.007306
12,"Calculate","Event 3",,"posterior",1736.5,0.007405
12,"Calculate","Event 3",,"posterior",1737.5,0.007709
12,"Calculate","Event 3",,"posterior",1738.5,0.00787
12,"Calculate","Event 3",,"posterior",1739.5,0.008007
12,"Calculate","Event 3",,"posterior",1740.5,0.008315
12,"Calculate","Event 3",,"posterior",1741.5,0.00848
12,"Calculate","Event 3",,"posterior",1742.5,0.008711
12,"Calculate","Event 3",,"posterior",1743.5,0.008892
12,"Calculate","Event 3",,"posterior",1744.5,0.009025
12,"Calculate","Event 3",,"posterior",1745.5,0.009201
12,"Calculate","Event 3",,"posterior",1746.5,0.009422
12,"Calculate","Event 3",,"posterior",1747.5,0.009561
12,"Calculate","Event 3",,"posterior",1748.5,0.00987
12,"Calculate","Event 3",,"posterior",1749.5,0.009933
12,"Calculate","Event 3",,"posterior",1750.5,0.010186
12,"Calculate","Event 3",,"posterior",1751.5,0.010333
12,"Calculate","Event 3",,"posterior",1752.5,0.010609
12,"Calculate","Event 3",,"posterior",1753.5,0.010873
12,"Calculate","Event 3",,"posterior",1754.5,0.011137
12,"Calculate","Event 3",,"posterior",1755.5,0.011426
12,"Calculate","Event 3",,"posterior",1756.5,0.011764
12,"Calculate","Event 3",,"posterior",1757.5,0.0121
12,"Calculate","Event 3",,"posterior",1758.5,0.012457
12,"Calculate","Event 3",,"posterior",1759.5,0.012775
12,"Calculate","Event 3",,"posterior",1760.5,0.013133
12,"Calculate","Event 3",,"posterior",1761.5,0.013441
12,"Calculate","Event 3",,"posterior",1762.5,0.013795
12,"Calculate","Event 3",,"posterior",1763.5,0.014165
12,"Calculate","Event 3",,"posterior",1764.5,0.01449
12,"Calculate","Event 3",,"posterior",1765.5,0.014696
12,"Calculate","Event 3",,"posterior",1766.5,0.015068
12,"Calculate","Event 3",,"posterior",1767.5,0.015236
12,"Calculate","Event 3",,"posterior",1768.5,0.015378
12,"Calculate","Event 3",,"posterior",1769.5,0.015542
12,"Calculate","Event 3",,"posterior",1770.5,0.015771
12,"Calculate","Event 3",,"posterior",1771.5,0.015933
12,"Calculate","Event 3",,"posterior",1772.5,0.016153
12,"Calculate","Event 3",,"posterior",1773.5,0.01624
12,"Calculate","Event 3",,"posterior",1774.5,0.016608
12,"Calculate","Event 3",,"posterior",1775.5,0.016918
12,"Calculate","Event 3",,"posterior",1776.5,0.017216
12,"Calculate","Event 3",,"posterior",1777.5,0.017457
12,"Calculate","Event 3",,"posterior",1778.5,0.017689
12,"Calculate","Event 3",,"posterior",1779.5,0.017938
12,"Calculate","Event 3",,"posterior",1780.5,0.018075
12,"Calculate","Event 3",,"posterior",1781.5,0.017777
12,"Calculate","Event 3",,"posterior",1782.5,0.01741
12,"Calculate","Event 3",,"posterior",1783.5,0.016652
12,"Calculate","Event 3",,"posterior",1784.5,0.015659
12,"Calculate","Event 3",,"posterior",1785.5,0.014466
12,"Calculate","Event 3",,"posterior",1786.5,0.013098
12,"Calculate","Event 3",,"posterior",1787.5,0.011396
12,"Calculate","Event 3",,"posterior",1788.5,0.00956
12,"Calculate","Event 3",,"posterior",1789.5,0.006975
12,"Calculate","Event 3",,"posterior",1790.5,0.004383
12,"Calculate","Event 3",,"posterior",1791.5,0.0020708
12,"Calculate","Event 3",,"posterior",1792.5,0.0007408
12,"Calculate","Event 3",,"posterior",1793.5,0.00016477
12,"Calculate","Event 3",,"posterior",1794.5,0.000019647
12,"Calculate","Event 3",,"posterior",1795.5,0.0000014279
12,"Calculate","Event 3",,"posterior",1796.5,0
12,"Calculate","Event 3",,"posterior",1797.5,0
14,"R_Date","D11",,"likelihood",1526.5,0
14,"R_Date","D11",,"likelihood",1527.5,0
14,"R_Date","D11",,"likelihood",1528.5,2.817e-8
14,"R_Date","D11",,"likelihood",1529.5,2.817e-8
14,"R_Date","D11",,"likelihood",1530.5,1.9719e-7
14,"R_Date","D11",,"likelihood",1531.5,3.38e-7
14,"R_Date","D11",,"likelihood",1532.5,5.634e-7
14,"R_Date","D11",,"likelihood",1533.5,7.324e-7
14,"R_Date","D11",,"likelihood",1534.5,7.324e-7
14,"R_Date","D11",,"likelihood",1535.5,5.634e-7
14,"R_Date","D11",,"likelihood",1536.5,4.507e-7
14,"R_Date","D11",,"likelihood",1537.5,1.4085e-7
14,"R_Date","D11",,"likelihood",1538.5,1.4085e-7
14,"R_Date","D11",,"likelihood",1539.5,8.451e-8
14,"R_Date","D11",,"likelihood",1540.5,2.817e-8
14,"R_Date","D11",,"likelihood",1541.5,2.817e-8
14,"R_Date","D11",,"likelihood",1542.5,0
14,"R_Date","D11",,"likelihood",1543.5,2.817e-8
14,"R_Date","D11",,"likelihood",1544.5,2.817e-8
14,"R_Date","D11",,"likelihood",1545.5,2.817e-8
14,"R_Date","D11",,"likelihood",1546.5,5.634e-8
14,"R_Date","D11",,"likelihood",1547.5,5.634e-8
14,"R_Date","D11",,"likelihood",1548.5,5.634e-8
14,"R_Date","D11",,"likelihood",1549.5,5.634e-8
14,"R_Date","D11",,"likelihood",1550.5,2.817e-8
14,"R_Date","D11",,"likelihood",1551.5,2.817e-8
14,"R_Date","D11",,"likelihood",1552.5,0
14,"R_Date","D11",,"likelihood",1553.5,0
14,"R_Date","D11",,"likelihood",1554.5,0
14,"R_Date","D11",,"likelihood",1555.5,0
14,"R_Date","D11",,"likelihood",1556.5,0
14,"R_Date","D11",,"likelihood",1557.5,0
14,"R_Date","D11",,"likelihood",1558.5,0
14,"R_Date","D11",,"likelihood",1559.5,0
14,"R_Date","D11",,"likelihood",1560.5,0
14,"R_Date","D11",,"likelihood",1561.5,0
14,"R_Date","D11",,"likelihood",1562.5,0
14,"R_Date","D11",,"likelihood",1563.5,0
14,"R_Date","D11",,"likelihood",1564.5,0
14,"R_Date","D11",,"likelihood",1565.5,0
14,"R_Date","D11",,"likelihood",1566.5,0
14,"R_Date","D11",,"likelihood",1567.5,0
14,"R_Date","D11",,"likelihood",1568.5,0
14,"R_Date","D11",,"likelihood",1569.5,0
14,"R_Date","D11",,"likelihood",1570.5,0
14,"R_Date","D11",,"likelihood",1571.5,0
14,"R_Date","D11",,"likelihood",1572.5,0
14,"R_Date","D11",,"likelihood",1573.5,0
14,"R_Date","D11",,"likelihood",1574.5,0
14,"R_Date","D11",,"likelihood",1575.5,0
14,"R_Date","D11",,"likelihood",1576.5,0
14,"R_Date","D11",,"likelihood",1577.5,0
14,"R_Date","D11",,"likelihood",1578.5,0
14,"R_Date","D11",,"likelihood",1579.5,0
14,"R_Date","D11",,"likelihood",1580.5,0
14,"R_Date","D11",,"likelihood",1581.5,0
14,"R_Date","D11",,"likelihood",1582.5,0
14,"R_Date","D11",,"likelihood",1583.5,0
14,"R_Date","D11",,"likelihood",1584.5,0
14,"R_Date","D11",,"likelihood",1585.5,0
14,"R_Date","D11",,"likelihood",1586.5,0
14,"R_Date","D11",,"likelihood",1587.5,0
14,"R_Date","D11",,"likelihood",1588.5,0
14,"R_Date","D11",,"likelihood",1589.5,0
14,"R_Date","D11",,"likelihood",1590.5,0
14,"R_Date","D11",,"likelihood",1591.5,0
14,"R_Date","D11",,"likelihood",1592.5,0
14,"R_Date","D11",,"likelihood",1593.5,0
14,"R_Date","D11",,"likelihood",1594.5,0
14,"R_Date","D11",,"likelihood",1595.5,0
14,"R_Date","D11",,"likelihood",1596.5,0
14,"R_Date","D11",,"likelihood",1597.5,0
14,"R_Date","D11",,"likelihood",1598.5,0
14,"R_Date","D11",,"likelihood",1599.5,0
14,"R_Date","D11",,"likelihood",1600.5,0
14,"R_Date","D11",,"likelihood",1601.5,0
14,"R_Date","D11",,"likelihood",1602.5,0
14,"R_Date","D11",,"likelihood",1603.5,0
14,"R_Date","D11",,"likelihood",1604.5,0
14,"R_Date","D11",,"likelihood",1605.5,0
14,"R_Date","D11",,"likelihood",1606.5,0
14,"R_Date","D11",,"likelihood",1607.5,0
14,"R_Date","D11",,"likelihood",1608.5,0
14,"R_Date","D11",,"likelihood",1609.5,0
14,"R_Date","D11",,"likelihood",1610.5,0
14,"R_Date","D11",,"likelihood",1611.5,0
14,"R_Date","D11",,"likelihood",1612.5,0
14,"R_Date","D11",,"likelihood",1613.5,0
14,"R_Date","D11",,"likelihood",1614.5,0
14,"R_Date","D11",,"likelihood",1615.5,0
14,"R_Date","D11",,"likelihood",1616.5,0
14,"R_Date","D11",,"likelihood",1617.5,0
14,"R_Date","D11",,"likelihood",1618.5,0
14,"R_Date","D11",,"likelihood",1619.5,0
14,"R_Date","D11",,"likelihood",1620.5,0
14,"R_Date","D11",,"likelihood",1621.5,0
14,"R_Date","D11",,"likelihood",1622.5,0
14,"R_Date","D11",,"likelihood",1623.5,0
14,"R_Date","D11",,"likelihood",1624.5,0
14,"R_Date","D11",,"likelihood",1625.5,0
14,"R_Date","D11",,"likelihood",1626.5,0
14,"R_Date","D11",,"likelihood",1627.5,0
14,"R_Date","D11",,"likelihood",1628.5,0
14,"R_Date","D11",,"likelihood",1629.5,0
14,"R_Date","D11",,"likelihood",1630.5,0
14,"R_Date","D11",,"likelihood",1631.5,0
14,"R_Date","D11",,"likelihood",1632.5,0
14,"R_Date","D11",,"likelihood",1633.5,0
14,"R_Date","D11",,"likelihood",1634.5,2.817e-8
14,"R_Date","D11",,"likelihood",1635.5,8.451e-8
14,"R_Date","D11",,"likelihood",1636.5,2.5353e-7
14,"R_Date","D11",,"likelihood",1637.5,7.324e-7
14,"R_Date","D11",,"likelihood",1638.5,0.0000015494
14,"R_Date","D11",,"likelihood",1639.5,0.000004028
14,"R_Date","D11",,"likelihood",1640.5,0.000009972
14,"R_Date","D11",,"likelihood",1641.5,0.000028931
14,"R_Date","D11",,"likelihood",1642.5,0.00006412
14,"R_Date","D11",,"likelihood",1643.5,0.00013539
14,"R_Date","D11",,"likelihood",1644.5,0.00027221
14,"R_Date","D11",,"likelihood",1645.5,0.0004451
14,"R_Date","D11",,"likelihood",1646.5,0.0007082
14,"R_Date","D11",,"likelihood",1647.5,0.0010962
14,"R_Date","D11",,"likelihood",1648.5,0.0018804
14,"R_Date","D11",,"likelihood",1649.5,0.0027296
14,"R_Date","D11",,"likelihood",1650.5,0.003446
14,"R_Date","D11",,"likelihood",1651.5,0.004298
14,"R_Date","D11",,"likelihood",1652.5,0.005295
14,"R_Date","D11",,"likelihood",1653.5,0.005851
14,"R_Date","D11",,"likelihood",1654.5,0.007077
14,"R_Date","D11",,"likelihood",1655.5,0.007747
14,"R_Date","D11",,"likelihood",1656.5,0.0092
14,"R_Date","D11",,"likelihood",1657.5,0.011635
14,"R_Date","D11",,"likelihood",1658.5,0.014315
14,"R_Date","D11",,"likelihood",1659.5,0.017132
14,"R_Date","D11",,"likelihood",1660.5,0.020852
14,"R_Date","D11",,"likelihood",1661.5,0.024164
14,"R_Date","D11",,"likelihood",1662.5,0.026659
14,"R_Date","D11",,"likelihood",1663.5,0.028
14,"R_Date","D11",,"likelihood",1664.5,0.028126
14,"R_Date","D11",,"likelihood",1665.5,0.027102
14,"R_Date","D11",,"likelihood",1666.5,0.02486
14,"R_Date","D11",,"likelihood",1667.5,0.020822
14,"R_Date","D11",,"likelihood",1668.5,0.016146
14,"R_Date","D11",,"likelihood",1669.5,0.012462
14,"R_Date","D11",,"likelihood",1670.5,0.00841
14,"R_Date","D11",,"likelihood",1671.5,0.005808
14,"R_Date","D11",,"likelihood",1672.5,0.003818
14,"R_Date","D11",,"likelihood",1673.5,0.0030381
14,"R_Date","D11",,"likelihood",1674.5,0.0026977
14,"R_Date","D11",,"likelihood",1675.5,0.0026977
14,"R_Date","D11",,"likelihood",1676.5,0.0026977
14,"R_Date","D11",,"likelihood",1677.5,0.0026977
14,"R_Date","D11",,"likelihood",1678.5,0.0023881
14,"R_Date","D11",,"likelihood",1679.5,0.0018541
14,"R_Date","D11",,"likelihood",1680.5,0.0014217
14,"R_Date","D11",,"likelihood",1681.5,0.0009328
14,"R_Date","D11",,"likelihood",1682.5,0.0006934
14,"R_Date","D11",,"likelihood",1683.5,0.0004343
14,"R_Date","D11",,"likelihood",1684.5,0.00022283
14,"R_Date","D11",,"likelihood",1685.5,0.00013077
14,"R_Date","D11",,"likelihood",1686.5,0.00005299
14,"R_Date","D11",,"likelihood",1687.5,0.000028339
14,"R_Date","D11",,"likelihood",1688.5,0.000014705
14,"R_Date","D11",,"likelihood",1689.5,0.000007409
14,"R_Date","D11",,"likelihood",1690.5,0.000003634
14,"R_Date","D11",,"likelihood",1691.5,0.0000017184
14,"R_Date","D11",,"likelihood",1692.5,7.888e-7
14,"R_Date","D11",,"likelihood",1693.5,3.662e-7
14,"R_Date","D11",,"likelihood",1694.5,1.4085e-7
14,"R_Date","D11",,"likelihood",1695.5,5.634e-8
14,"R_Date","D11",,"likelihood",1696.5,2.817e-8
14,"R_Date","D11",,"likelihood",1697.5,0
14,"R_Date","D11",,"likelihood",1698.5,0
14,"R_Date","D11",,"likelihood",1699.5,0
14,"R_Date","D11",,"likelihood",1700.5,0
14,"R_Date","D11",,"likelihood",1701.5,0
14,"R_Date","D11",,"likelihood",1702.5,0
14,"R_Date","D11",,"likelihood",1703.5,0
14,"R_Date","D11",,"likelihood",1704.5,0
14,"R_Date","D11",,"likelihood",1705.5,0
14,"R_Date","D11",,"likelihood",1706.5,0
14,"R_Date","D11",,"likelihood",1707.5,0
14,"R_Date","D11",,"likelihood",1708.5,0
14,"R_Date","D11",,"likelihood",1709.5,0
14,"R_Date","D11",,"likelihood",1710.5,0
14,"R_Date","D11",,"likelihood",1711.5,0
14,"R_Date","D11",,"likelihood",1712.5,0
14,"R_Date","D11",,"likelihood",1713.5,0
14,"R_Date","D11",,"likelihood",1714.5,0
14,"R_Date","D11",,"likelihood",1715.5,0
14,"R_Date","D11",,"likelihood",1716.5,0
14,"R_Date","D11",,"likelihood",1717.5,0
14,"R_Date","D11",,"likelihood",1718.5,0
14,"R_Date","D11",,"likelihood",1719.5,0
14,"R_Date","D11",,"likelihood",1720.5,0
14,"R_Date","D11",,"likelihood",1721.5,0
14,"R_Date","D11",,"likelihood",1722.5,0
14,"R_Date","D11",,"likelihood",1723.5,0
14,"R_Date","D11",,"likelihood",1724.5,2.817e-8
14,"R_Date","D11",,"likelihood",1725.5,1.6902e-7
14,"R_Date","D11",,"likelihood",1726.5,5.071e-7
14,"R_Date","D11",,"likelihood",1727.5,0.0000014367
14,"R_Date","D11",,"likelihood",1728.5,0.000004761
14,"R_Date","D11",,"likelihood",1729.5,0.000014592
14,"R_Date","D11",,"likelihood",1730.5,0.0000338
14,"R_Date","D11",,"likelihood",1731.5,0.00009023
14,"R_Date","D11",,"likelihood",1732.5,0.00015666
14,"R_Date","D11",,"likelihood",1733.5,0.00022283
14,"R_Date","D11",,"likelihood",1734.5,0.00026452
14,"R_Date","D11",,"likelihood",1735.5,0.000313
14,"R_Date","D11",,"likelihood",1736.5,0.0003693
14,"R_Date","D11",,"likelihood",1737.5,0.0004343
14,"R_Date","D11",,"likelihood",1738.5,0.0005951
14,"R_Date","D11",,"likelihood",1739.5,0.0008055
14,"R_Date","D11",,"likelihood",1740.5,0.0012392
14,"R_Date","D11",,"likelihood",1741.5,0.0018541
14,"R_Date","D11",,"likelihood",1742.5,0.0026977
14,"R_Date","D11",,"likelihood",1743.5,0.003411
14,"R_Date","D11",,"likelihood",1744.5,0.00426
14,"R_Date","D11",,"likelihood",1745.5,0.00426
14,"R_Date","D11",,"likelihood",1746.5,0.00426
14,"R_Date","D11",,"likelihood",1747.5,0.00426
14,"R_Date","D11",,"likelihood",1748.5,0.003818
14,"R_Date","D11",,"likelihood",1749.5,0.003411
14,"R_Date","D11",,"likelihood",1750.5,0.0030381
14,"R_Date","D11",,"likelihood",1751.5,0.0023881
14,"R_Date","D11",,"likelihood",1752.5,0.0016261
14,"R_Date","D11",,"likelihood",1753.5,0.0010768
14,"R_Date","D11",,"likelihood",1754.5,0.0006934
14,"R_Date","D11",,"likelihood",1755.5,0.0003447
14,"R_Date","D11",,"likelihood",1756.5,0.00024339
14,"R_Date","D11",,"likelihood",1757.5,0.00022283
14,"R_Date","D11",,"likelihood",1758.5,0.00018714
14,"R_Date","D11",,"likelihood",1759.5,0.00022283
14,"R_Date","D11",,"likelihood",1760.5,0.000313
14,"R_Date","D11",,"likelihood",1761.5,0.0005951
14,"R_Date","D11",,"likelihood",1762.5,0.0009328
14,"R_Date","D11",,"likelihood",1763.5,0.0014217
14,"R_Date","D11",,"likelihood",1764.5,0.0021075
14,"R_Date","D11",,"likelihood",1765.5,0.0030381
14,"R_Date","D11",,"likelihood",1766.5,0.003818
14,"R_Date","D11",,"likelihood",1767.5,0.005254
14,"R_Date","D11",,"likelihood",1768.5,0.006401
14,"R_Date","D11",,"likelihood",1769.5,0.007032
14,"R_Date","D11",,"likelihood",1770.5,0.007032
14,"R_Date","D11",,"likelihood",1771.5,0.005808
14,"R_Date","D11",,"likelihood",1772.5,0.004738
14,"R_Date","D11",,"likelihood",1773.5,0.003411
14,"R_Date","D11",,"likelihood",1774.5,0.0023881
14,"R_Date","D11",,"likelihood",1775.5,0.0021075
14,"R_Date","D11",,"likelihood",1776.5,0.0021075
14,"R_Date","D11",,"likelihood",1777.5,0.0026977
14,"R_Date","D11",,"likelihood",1778.5,0.003818
14,"R_Date","D11",,"likelihood",1779.5,0.006401
14,"R_Date","D11",,"likelihood",1780.5,0.009934
14,"R_Date","D11",,"likelihood",1781.5,0.015204
14,"R_Date","D11",,"likelihood",1782.5,0.019911
14,"R_Date","D11",,"likelihood",1783.5,0.024142
14,"R_Date","D11",,"likelihood",1784.5,0.026646
14,"R_Date","D11",,"likelihood",1785.5,0.028126
14,"R_Date","D11",,"likelihood",1786.5,0.027786
14,"R_Date","D11",,"likelihood",1787.5,0.026659
14,"R_Date","D11",,"likelihood",1788.5,0.02488
14,"R_Date","D11",,"likelihood",1789.5,0.022586
14,"R_Date","D11",,"likelihood",1790.5,0.021735
14,"R_Date","D11",,"likelihood",1791.5,0.022586
14,"R_Date","D11",,"likelihood",1792.5,0.024164
14,"R_Date","D11",,"likelihood",1793.5,0.026659
14,"R_Date","D11",,"likelihood",1794.5,0.02817
14,"R_Date","D11",,"likelihood",1795.5,0.02552
14,"R_Date","D11",,"likelihood",1796.5,0.018041
14,"R_Date","D11",,"likelihood",1797.5,0.009934
14,"R_Date","D11",,"likelihood",1798.5,0.00426
14,"R_Date","D11",,"likelihood",1799.5,0.0018541
14,"R_Date","D11",,"likelihood",1800.5,0.0008055
14,"R_Date","D11",,"likelihood",1801.5,0.0004343
14,"R_Date","D11",,"likelihood",1802.5,0.000313
14,"R_Date","D11",,"likelihood",1803.5,0.00022283
14,"R_Date","D11",,"likelihood",1804.5,0.00015666
14,"R_Date","D11",,"likelihood",1805.5,0.00013077
14,"R_Date","D11",,"likelihood",1806.5,0.00007462
14,"R_Date","D11",,"likelihood",1807.5,0.00004141
14,"R_Date","D11",,"likelihood",1808.5,0.000014592
14,"R_Date","D11",,"likelihood",1809.5,0.000003775
14,"R_Date","D11",,"likelihood",1810.5,8.733e-7
14,"R_Date","D11",,"likelihood",1811.5,1.6902e-7
14,"R_Date","D11",,"likelihood",1812.5,2.817e-8
14,"R_Date","D11",,"likelihood",1813.5,0
14,"R_Date","D11",,"likelihood",1814.5,0
14,"R_Date","D11",,"likelihood",1815.5,0
14,"R_Date","D11",,"likelihood",1816.5,0
14,"R_Date","D11",,"likelihood",1817.5,0
14,"R_Date","D11",,"likelihood",1818.5,0
14,"R_Date","D11",,"likelihood",1819.5,0
14,"R_Date","D11",,"likelihood",1820.5,0
14,"R_Date","D11",,"likelihood",1821.5,0
14,"R_Date","D11",,"likelihood",1822.5,0
14,"R_Date","D11",,"likelihood",1823.5,0
14,"R_Date","D11",,"likelihood",1824.5,0
14,"R_Date","D11",,"likelihood",1825.5,0
14,"R_Date","D11",,"likelihood",1826.5,0
14,"R_Date","D11",,"likelihood",1827.5,0
14,"R_Date","D11",,"likelihood",1828.5,0
14,"R_Date","D11",,"likelihood",1829.5,0
14,"R_Date","D11",,"likelihood",1830.5,0
14,"R_Date","D11",,"likelihood",1831.5,0
14,"R_Date","D11",,"likelihood",1832.5,0
14,"R_Date","D11",,"likelihood",1833.5,0
14,"R_Date","D11",,"likelihood",1834.5,0
14,"R_Date","D11",,"likelihood",1835.5,0
14,"R_Date","D11",,"likelihood",1836.5,2.817e-8
14,"R_Date","D11",,"likelihood",1837.5,2.817e-8
14,"R_Date","D11",,"likelihood",1838.5,1.6902e-7
14,"R_Date","D11",,"likelihood",1839.5,2.2536e-7
14,"R_Date","D11",,"likelihood",1840.5,3.0987e-7
14,"R_Date","D11",,"likelihood",1841.5,3.0987e-7
14,"R_Date","D11",,"likelihood",1842.5,2.2536e-7
14,"R_Date","D11",,"likelihood",1843.5,1.6902e-7
14,"R_Date","D11",,"likelihood",1844.5,1.4085e-7
14,"R_Date","D11",,"likelihood",1845.5,1.1268e-7
14,"R_Date","D11",,"likelihood",1846.5,8.451e-8
14,"R_Date","D11",,"likelihood",1847.5,8.451e-8
14,"R_Date","D11",,"likelihood",1848.5,5.634e-8
14,"R_Date","D11",,"likelihood",1849.5,8.451e-8
14,"R_Date","D11",,"likelihood",1850.5,8.451e-8
14,"R_Date","D11",,"likelihood",1851.5,1.1268e-7
14,"R_Date","D11",,"likelihood",1852.5,1.4085e-7
14,"R_Date","D11",,"likelihood",1853.5,1.6902e-7
14,"R_Date","D11",,"likelihood",1854.5,1.6902e-7
14,"R_Date","D11",,"likelihood",1855.5,1.6902e-7
14,"R_Date","D11",,"likelihood",1856.5,1.4085e-7
14,"R_Date","D11",,"likelihood",1857.5,1.1268e-7
14,"R_Date","D11",,"likelihood",1858.5,1.1268e-7
14,"R_Date","D11",,"likelihood",1859.5,8.451e-8
14,"R_Date","D11",,"likelihood",1860.5,5.634e-8
14,"R_Date","D11",,"likelihood",1861.5,5.634e-8
14,"R_Date","D11",,"likelihood",1862.5,8.451e-8
14,"R_Date","D11",,"likelihood",1863.5,1.1268e-7
14,"R_Date","D11",,"likelihood",1864.5,1.4085e-7
14,"R_Date","D11",,"likelihood",1865.5,1.1268e-7
14,"R_Date","D11",,"likelihood",1866.5,8.451e-8
14,"R_Date","D11",,"likelihood",1867.5,5.634e-8
14,"R_Date","D11",,"likelihood",1868.5,2.817e-8
14,"R_Date","D11",,"likelihood",1869.5,2.817e-8
14,"R_Date","D11",,"likelihood",1870.5,2.817e-8
14,"R_Date","D11",,"likelihood",1871.5,5.634e-8
14,"R_Date","D11",,"likelihood",1872.5,8.451e-8
14,"R_Date","D11",,"likelihood",1873.5,1.4085e-7
14,"R_Date","D11",,"likelihood",1874.5,1.9719e-7
14,"R_Date","D11",,"likelihood",1875.5,3.944e-7
14,"R_Date","D11",,"likelihood",1876.5,3.944e-7
14,"R_Date","D11",,"likelihood",1877.5,2.2536e-7
14,"R_Date","D11",,"likelihood",1878.5,1.1268e-7
14,"R_Date","D11",,"likelihood",1879.5,2.817e-8
14,"R_Date","D11",,"likelihood",1880.5,0
14,"R_Date","D11",,"likelihood",1881.5,0
14,"R_Date","D11",,"likelihood",1882.5,0
14,"R_Date","D11",,"likelihood",1883.5,0
14,"R_Date","D11",,"likelihood",1884.5,0
14,"R_Date","D11",,"likelihood",1885.5,0
14,"R_Date","D11",,"likelihood",1886.5,0
14,"R_Date","D11",,"likelihood",1887.5,0
14,"R_Date","D11",,"likelihood",1888.5,0
14,"R_Date","D11",,"likelihood",1889.5,0
14,"R_Date","D11",,"likelihood",1890.5,0
14,"R_Date","D11",,"likelihood",1891.5,0
14,"R_Date","D11",,"likelihood",1892.5,0
14,"R_Date","D11",,"likelihood",1893.5,0
14,"R_Date","D11",,"likelihood",1894.5,0
14,"R_Date","D11",,"likelihood",1895.5,0
14,"R_Date","D11",,"likelihood",1896.5,0
14,"R_Date","D11",,"likelihood",1897.5,0
14,"R_Date","D11",,"likelihood",1898.5,0
14,"R_Date","D11",,"likelihood",1899.5,0
14,"R_Date","D11",,"likelihood",1900.5,0
14,"R_Date","D11",,"likelihood",1901.5,0
14,"R_Date","D11",,"likelihood",1902.5,0
14,"R_Date","D11",,"likelihood",1903.5,0
14,"R_Date","D11",,"likelihood",1904.5,0
14,"R_Date","D11",,"likelihood",1905.5,0
14,"R_Date","D11",,"likelihood",1906.5,0
14,"R_Date","D11",,"likelihood",1907.5,0
14,"R_Date","D11",,"likelihood",1908.5,0
14,"R_Date","D11",,"likelihood",1909.5,0
14,"R_Date","D11",,"likelihood",1910.5,0
14,"R_Date","D11",,"likelihood",1911.5,2.817e-8
14,"R_Date","D11",,"likelihood",1912.5,0
14,"R_Date","D11",,"likelihood",1913.5,2.817e-8
14,"R_Date","D11",,"likelihood",1914.5,2.817e-8
14,"R_Date","D11",,"likelihood",1915.5,5.634e-8
14,"R_Date","D11",,"likelihood",1916.5,1.4085e-7
14,"R_Date","D11",,"likelihood",1917.5,3.0987e-7
14,"R_Date","D11",,"likelihood",1918.5,6.761e-7
14,"R_Date","D11",,"likelihood",1919.5,0.0000014367
14,"R_Date","D11",,"likelihood",1920.5,0.0000023381
14,"R_Date","D11",,"likelihood",1921.5,0.000004761
14,"R_Date","D11",,"likelihood",1922.5,0.000003634
14,"R_Date","D11",,"likelihood",1923.5,0.000009409
14,"R_Date","D11",,"likelihood",1924.5,0.000018085
14,"R_Date","D11",,"likelihood",1925.5,0.0000338
14,"R_Date","D11",,"likelihood",1926.5,0.00007462
14,"R_Date","D11",,"likelihood",1927.5,0.00013077
14,"R_Date","D11",,"likelihood",1928.5,0.00026452
14,"R_Date","D11",,"likelihood",1929.5,0.0003693
14,"R_Date","D11",,"likelihood",1930.5,0.0004343
14,"R_Date","D11",,"likelihood",1931.5,0.0005092
14,"R_Date","D11",,"likelihood",1932.5,0.0004343
14,"R_Date","D11",,"likelihood",1933.5,0.0003693
14,"R_Date","D11",,"likelihood",1934.5,0.000313
14,"R_Date","D11",,"likelihood",1935.5,0.00026452
14,"R_Date","D11",,"likelihood",1936.5,0.00026452
14,"R_Date","D11",,"likelihood",1937.5,0.0003994
14,"R_Date","D11",,"likelihood",1938.5,0.0005432
14,"R_Date","D11",,"likelihood",1939.5,0.0008427
14,"R_Date","D11",,"likelihood",1940.5,0.0014533
14,"R_Date","D11",,"likelihood",1941.5,0.0023923
14,"R_Date","D11",,"likelihood",1942.5,0.00376
14,"R_Date","D11",,"likelihood",1943.5,0.005118
14,"R_Date","D11",,"likelihood",1944.5,0.007416
14,"R_Date","D11",,"likelihood",1945.5,0.0095
14,"R_Date","D11",,"likelihood",1946.5,0.011044
14,"R_Date","D11",,"likelihood",1947.5,0.013545
14,"R_Date","D11",,"likelihood",1948.5,0.015297
14,"R_Date","D11",,"likelihood",1949.5,0.017076
14,"R_Date","D11",,"likelihood",1950.5,0.016244
14,"R_Date","D11",,"posterior",1646.5,0
14,"R_Date","D11",,"posterior",1647.5,0
14,"R_Date","D11",,"posterior",1648.5,0
14,"R_Date","D11",,"posterior",1649.5,0.00000353
14,"R_Date","D11",,"posterior",1650.5,0.000030556
14,"R_Date","D11",,"posterior",1651.5,0.00008191
14,"R_Date","D11",,"posterior",1652.5,0.00020523
14,"R_Date","D11",,"posterior",1653.5,0.000402
14,"R_Date","D11",,"posterior",1654.5,0.0007015
14,"R_Date","D11",,"posterior",1655.5,0.0011406
14,"R_Date","D11",,"posterior",1656.5,0.0017685
14,"R_Date","D11",,"posterior",1657.5,0.0025123
14,"R_Date","D11",,"posterior",1658.5,0.003648
14,"R_Date","D11",,"posterior",1659.5,0.004688
14,"R_Date","D11",,"posterior",1660.5,0.006247
14,"R_Date","D11",,"posterior",1661.5,0.007588
14,"R_Date","D11",,"posterior",1662.5,0.008548
14,"R_Date","D11",,"posterior",1663.5,0.009019
14,"R_Date","D11",,"posterior",1664.5,0.00905
14,"R_Date","D11",,"posterior",1665.5,0.008877
14,"R_Date","D11",,"posterior",1666.5,0.008085
14,"R_Date","D11",,"posterior",1667.5,0.00676
14,"R_Date","D11",,"posterior",1668.5,0.005081
14,"R_Date","D11",,"posterior",1669.5,0.003853
14,"R_Date","D11",,"posterior",1670.5,0.0026534
14,"R_Date","D11",,"posterior",1671.5,0.0017285
14,"R_Date","D11",,"posterior",1672.5,0.0010788
14,"R_Date","D11",,"posterior",1673.5,0.0008352
14,"R_Date","D11",,"posterior",1674.5,0.0006953
14,"R_Date","D11",,"posterior",1675.5,0.0006421
14,"R_Date","D11",,"posterior",1676.5,0.0006086
14,"R_Date","D11",,"posterior",1677.5,0.0005762
14,"R_Date","D11",,"posterior",1678.5,0.000486
14,"R_Date","D11",,"posterior",1679.5,0.0003407
14,"R_Date","D11",,"posterior",1680.5,0.00023298
14,"R_Date","D11",,"posterior",1681.5,0.00015626
14,"R_Date","D11",,"posterior",1682.5,0.00010888
14,"R_Date","D11",,"posterior",1683.5,0.00007529
14,"R_Date","D11",,"posterior",1684.5,0.0000374
14,"R_Date","D11",,"posterior",1685.5,0.000014451
14,"R_Date","D11",,"posterior",1686.5,0.000009211
14,"R_Date","D11",,"posterior",1687.5,0.000003309
14,"R_Date","D11",,"posterior",1688.5,0.0000014341
14,"R_Date","D11",,"posterior",1689.5,4.964e-7
14,"R_Date","D11",,"posterior",1690.5,4.964e-7
14,"R_Date","D11",,"posterior",1691.5,0
14,"R_Date","D11",,"posterior",1692.5,0
14,"R_Date","D11",,"posterior",1693.5,0
14,"R_Date","D11",,"posterior",1694.5,0
14,"R_Date","D11",,"posterior",1695.5,0
14,"R_Date","D11",,"posterior",1696.5,0
14,"R_Date","D11",,"posterior",1697.5,0
14,"R_Date","D11",,"posterior",1698.5,0
14,"R_Date","D11",,"posterior",1699.5,0
14,"R_Date","D11",,"posterior",1700.5,0
14,"R_Date","D11",,"posterior",1701.5,0
14,"R_Date","D11",,"posterior",1702.5,0
14,"R_Date","D11",,"posterior",1703.5,0
14,"R_Date","D11",,"posterior",1704.5,0
14,"R_Date","D11",,"posterior",1705.5,0
14,"R_Date","D11",,"posterior",1706.5,0
14,"R_Date","D11",,"posterior",1707.5,0
14,"R_Date","D11",,"posterior",1708.5,0
14,"R_Date","D11",,"posterior",1709.5,0
14,"R_Date","D11",,"posterior",1710.5,0
14,"R_Date","D11",,"posterior",1711.5,0
14,"R_Date","D11",,"posterior",1712.5,0
14,"R_Date","D11",,"posterior",1713.5,0
14,"R_Date","D11",,"posterior",1714.5,0
14,"R_Date","D11",,"posterior",1715.5,0
14,"R_Date","D11",,"posterior",1716.5,0
14,"R_Date","D11",,"posterior",1717.5,0
14,"R_Date","D11",,"posterior",1718.5,0
14,"R_Date","D11",,"posterior",1719.5,0
14,"R_Date","D11",,"posterior",1720.5,0
14,"R_Date","D11",,"posterior",1721.5,0
14,"R_Date","D11",,"posterior",1722.5,0
14,"R_Date","D11",,"posterior",1723.5,0
14,"R_Date","D11",,"posterior",1724.5,0
14,"R_Date","D11",,"posterior",1725.5,0
14,"R_Date","D11",,"posterior",1726.5,0
14,"R_Date","D11",,"posterior",1727.5,2.2062e-7
14,"R_Date","D11",,"posterior",1728.5,0.0000018753
14,"R_Date","D11",,"posterior",1729.5,0.000007832
14,"R_Date","D11",,"posterior",1730.5,0.000014892
14,"R_Date","D11",,"posterior",1731.5,0.0000497
14,"R_Date","D11",,"posterior",1732.5,0.00006536
14,"R_Date","D11",,"posterior",1733.5,0.00011053
14,"R_Date","D11",,"posterior",1734.5,0.00011053
14,"R_Date","D11",,"posterior",1735.5,0.00014798
14,"R_Date","D11",,"posterior",1736.5,0.00017826
14,"R_Date","D11",,"posterior",1737.5,0.00023061
14,"R_Date","D11",,"posterior",1738.5,0.0003213
14,"R_Date","D11",,"posterior",1739.5,0.0004494
14,"R_Date","D11",,"posterior",1740.5,0.0006745
14,"R_Date","D11",,"posterior",1741.5,0.0010246
14,"R_Date","D11",,"posterior",1742.5,0.0015002
14,"R_Date","D11",,"posterior",1743.5,0.0019777
14,"R_Date","D11",,"posterior",1744.5,0.002469
14,"R_Date","D11",,"posterior",1745.5,0.0025999
14,"R_Date","D11",,"posterior",1746.5,0.0026601
14,"R_Date","D11",,"posterior",1747.5,0.0027422
14,"R_Date","D11",,"posterior",1748.5,0.0025031
14,"R_Date","D11",,"posterior",1749.5,0.0024103
14,"R_Date","D11",,"posterior",1750.5,0.0021174
14,"R_Date","D11",,"posterior",1751.5,0.0017114
14,"R_Date","D11",,"posterior",1752.5,0.0012102
14,"R_Date","D11",,"posterior",1753.5,0.0008444
14,"R_Date","D11",,"posterior",1754.5,0.0005374
14,"R_Date","D11",,"posterior",1755.5,0.00027887
14,"R_Date","D11",,"posterior",1756.5,0.00020788
14,"R_Date","D11",,"posterior",1757.5,0.0001915
14,"R_Date","D11",,"posterior",1758.5,0.00017043
14,"R_Date","D11",,"posterior",1759.5,0.00019415
14,"R_Date","D11",,"posterior",1760.5,0.00030468
14,"R_Date","D11",,"posterior",1761.5,0.000572
14,"R_Date","D11",,"posterior",1762.5,0.0009089
14,"R_Date","D11",,"posterior",1763.5,0.001469
14,"R_Date","D11",,"posterior",1764.5,0.0022843
14,"R_Date","D11",,"posterior",1765.5,0.003272
14,"R_Date","D11",,"posterior",1766.5,0.004306
14,"R_Date","D11",,"posterior",1767.5,0.005893
14,"R_Date","D11",,"posterior",1768.5,0.007411
14,"R_Date","D11",,"posterior",1769.5,0.008379
14,"R_Date","D11",,"posterior",1770.5,0.008577
14,"R_Date","D11",,"posterior",1771.5,0.007444
14,"R_Date","D11",,"posterior",1772.5,0.006135
14,"R_Date","D11",,"posterior",1773.5,0.004652
14,"R_Date","D11",,"posterior",1774.5,0.00347
14,"R_Date","D11",,"posterior",1775.5,0.0031331
14,"R_Date","D11",,"posterior",1776.5,0.003214
14,"R_Date","D11",,"posterior",1777.5,0.0043
14,"R_Date","D11",,"posterior",1778.5,0.006203
14,"R_Date","D11",,"posterior",1779.5,0.010529
14,"R_Date","D11",,"posterior",1780.5,0.016817
14,"R_Date","D11",,"posterior",1781.5,0.025726
14,"R_Date","D11",,"posterior",1782.5,0.03544
14,"R_Date","D11",,"posterior",1783.5,0.04329
14,"R_Date","D11",,"posterior",1784.5,0.04959
14,"R_Date","D11",,"posterior",1785.5,0.05337
14,"R_Date","D11",,"posterior",1786.5,0.05449
14,"R_Date","D11",,"posterior",1787.5,0.05343
14,"R_Date","D11",,"posterior",1788.5,0.0509
14,"R_Date","D11",,"posterior",1789.5,0.04726
14,"R_Date","D11",,"posterior",1790.5,0.04609
14,"R_Date","D11",,"posterior",1791.5,0.04826
14,"R_Date","D11",,"posterior",1792.5,0.05105
14,"R_Date","D11",,"posterior",1793.5,0.05441
14,"R_Date","D11",,"posterior",1794.5,0.05516
14,"R_Date","D11",,"posterior",1795.5,0.04615
14,"R_Date","D11",,"posterior",1796.5,0.028869
14,"R_Date","D11",,"posterior",1797.5,0.012844
14,"R_Date","D11",,"posterior",1798.5,0.004192
14,"R_Date","D11",,"posterior",1799.5,0.0012626
14,"R_Date","D11",,"posterior",1800.5,0.0003767
14,"R_Date","D11",,"posterior",1801.5,0.00014158
14,"R_Date","D11",,"posterior",1802.5,0.00006012
14,"R_Date","D11",,"posterior",1803.5,0.000030777
14,"R_Date","D11",,"posterior",1804.5,0.000013017
14,"R_Date","D11",,"posterior",1805.5,0.000008549
14,"R_Date","D11",,"posterior",1806.5,0.0000028681
14,"R_Date","D11",,"posterior",1807.5,0.0000016547
14,"R_Date","D11",,"posterior",1808.5,2.2062e-7
14,"R_Date","D11",,"posterior",1809.5,0
14,"R_Date","D11",,"posterior",1810.5,0
14,"R_Date","D11",,"posterior",1811.5,0
15,"R_Date","C61",,"likelihood",1457.5,0
15,"R_Date","C61",,"likelihood",1458.5,0
15,"R_Date","C61",,"likelihood",1459.5,1.9169e-8
15,"R_Date","C61",,"likelihood",1460.5,3.834e-8
15,"R_Date","C61",,"likelihood",1461.5,3.834e-8
15,"R_Date","C61",,"likelihood",1462.5,5.751e-8
15,"R_Date","C61",,"likelihood",1463.5,3.834e-8
15,"R_Date","C61",,"likelihood",1464.5,3.834e-8
15,"R_Date","C61",,"likelihood",1465.5,1.9169e-8
15,"R_Date","C61",,"likelihood",1466.5,1.9169e-8
15,"R_Date","C61",,"likelihood",1467.5,1.9169e-8
15,"R_Date","C61",,"likelihood",1468.5,3.834e-8
15,"R_Date","C61",,"likelihood",1469.5,3.834e-8
15,"R_Date","C61",,"likelihood",1470.5,5.751e-8
15,"R_Date","C61",,"likelihood",1471.5,5.751e-8
15,"R_Date","C61",,"likelihood",1472.5,7.668e-8
15,"R_Date","C61",,"likelihood",1473.5,1.3418e-7
15,"R_Date","C61",,"likelihood",1474.5,2.3003e-7
15,"R_Date","C61",,"likelihood",1475.5,4.984e-7
15,"R_Date","C61",,"likelihood",1476.5,0.0000010351
15,"R_Date","C61",,"likelihood",1477.5,0.0000021278
15,"R_Date","C61",,"likelihood",1478.5,0.000003374
15,"R_Date","C61",,"likelihood",1479.5,0.00000531
15,"R_Date","C61",,"likelihood",1480.5,0.000008262
15,"R_Date","C61",,"likelihood",1481.5,0.000010256
15,"R_Date","C61",,"likelihood",1482.5,0.000008339
15,"R_Date","C61",,"likelihood",1483.5,0.000010428
15,"R_Date","C61",,"likelihood",1484.5,0.000010428
15,"R_Date","C61",,"likelihood",1485.5,0.000010428
15,"R_Date","C61",,"likelihood",1486.5,0.000010428
15,"R_Date","C61",,"likelihood",1487.5,0.000010428
15,"R_Date","C61",,"likelihood",1488.5,0.000019227
15,"R_Date","C61",,"likelihood",1489.5,0.000023559
15,"R_Date","C61",,"likelihood",1490.5,0.000028792
15,"R_Date","C61",,"likelihood",1491.5,0.00003508
15,"R_Date","C61",,"likelihood",1492.5,0.00004261
15,"R_Date","C61",,"likelihood",1493.5,0.0000623
15,"R_Date","C61",,"likelihood",1494.5,0.00007499
15,"R_Date","C61",,"likelihood",1495.5,0.00010764
15,"R_Date","C61",,"likelihood",1496.5,0.00012836
15,"R_Date","C61",,"likelihood",1497.5,0.00015263
15,"R_Date","C61",,"likelihood",1498.5,0.00015263
15,"R_Date","C61",,"likelihood",1499.5,0.0001809
15,"R_Date","C61",,"likelihood",1500.5,0.0001809
15,"R_Date","C61",,"likelihood",1501.5,0.0001809
15,"R_Date","C61",,"likelihood",1502.5,0.00021377
15,"R_Date","C61",,"likelihood",1503.5,0.00025186
15,"R_Date","C61",,"likelihood",1504.5,0.00029584
15,"R_Date","C61",,"likelihood",1505.5,0.0003464
15,"R_Date","C61",,"likelihood",1506.5,0.0004044
15,"R_Date","C61",,"likelihood",1507.5,0.0004707
15,"R_Date","C61",,"likelihood",1508.5,0.0005461
15,"R_Date","C61",,"likelihood",1509.5,0.0007285
15,"R_Date","C61",,"likelihood",1510.5,0.0008375
15,"R_Date","C61",,"likelihood",1511.5,0.001097
15,"R_Date","C61",,"likelihood",1512.5,0.0010897
15,"R_Date","C61",,"likelihood",1513.5,0.0012473
15,"R_Date","C61",,"likelihood",1514.5,0.0012473
15,"R_Date","C61",,"likelihood",1515.5,0.0014193
15,"R_Date","C61",,"likelihood",1516.5,0.0014193
15,"R_Date","C61",,"likelihood",1517.5,0.0014193
15,"R_Date","C61",,"likelihood",1518.5,0.001607
15,"R_Date","C61",,"likelihood",1519.5,0.001814
15,"R_Date","C61",,"likelihood",1520.5,0.0025616
15,"R_Date","C61",,"likelihood",1521.5,0.003175
15,"R_Date","C61",,"likelihood",1522.5,0.004283
15,"R_Date","C61",,"likelihood",1523.5,0.005619
15,"R_Date","C61",,"likelihood",1524.5,0.007172
15,"R_Date","C61",,"likelihood",1525.5,0.009401
15,"R_Date","C61",,"likelihood",1526.5,0.012044
15,"R_Date","C61",,"likelihood",1527.5,0.014647
15,"R_Date","C61",,"likelihood",1528.5,0.016908
15,"R_Date","C61",,"likelihood",1529.5,0.018195
15,"R_Date","C61",,"likelihood",1530.5,0.018466
15,"R_Date","C61",,"likelihood",1531.5,0.018693
15,"R_Date","C61",,"likelihood",1532.5,0.018692
15,"R_Date","C61",,"likelihood",1533.5,0.018605
15,"R_Date","C61",,"likelihood",1534.5,0.018605
15,"R_Date","C61",,"likelihood",1535.5,0.018692
15,"R_Date","C61",,"likelihood",1536.5,0.018721
15,"R_Date","C61",,"likelihood",1537.5,0.019169
15,"R_Date","C61",,"likelihood",1538.5,0.018269
15,"R_Date","C61",,"likelihood",1539.5,0.017717
15,"R_Date","C61",,"likelihood",1540.5,0.017383
15,"R_Date","C61",,"likelihood",1541.5,0.016534
15,"R_Date","C61",,"likelihood",1542.5,0.016392
15,"R_Date","C61",,"likelihood",1543.5,0.015549
15,"R_Date","C61",,"likelihood",1544.5,0.016059
15,"R_Date","C61",,"likelihood",1545.5,0.016534
15,"R_Date","C61",,"likelihood",1546.5,0.016972
15,"R_Date","C61",,"likelihood",1547.5,0.017367
15,"R_Date","C61",,"likelihood",1548.5,0.017367
15,"R_Date","C61",,"likelihood",1549.5,0.017367
15,"R_Date","C61",,"likelihood",1550.5,0.016534
15,"R_Date","C61",,"likelihood",1551.5,0.015549
15,"R_Date","C61",,"likelihood",1552.5,0.014444
15,"R_Date","C61",,"likelihood",1553.5,0.013254
15,"R_Date","C61",,"likelihood",1554.5,0.012638
15,"R_Date","C61",,"likelihood",1555.5,0.012014
15,"R_Date","C61",,"likelihood",1556.5,0.011385
15,"R_Date","C61",,"likelihood",1557.5,0.010131
15,"R_Date","C61",,"likelihood",1558.5,0.009513
15,"R_Date","C61",,"likelihood",1559.5,0.008311
15,"R_Date","C61",,"likelihood",1560.5,0.007172
15,"R_Date","C61",,"likelihood",1561.5,0.006632
15,"R_Date","C61",,"likelihood",1562.5,0.006114
15,"R_Date","C61",,"likelihood",1563.5,0.006632
15,"R_Date","C61",,"likelihood",1564.5,0.007172
15,"R_Date","C61",,"likelihood",1565.5,0.008311
15,"R_Date","C61",,"likelihood",1566.5,0.008905
15,"R_Date","C61",,"likelihood",1567.5,0.009513
15,"R_Date","C61",,"likelihood",1568.5,0.009401
15,"R_Date","C61",,"likelihood",1569.5,0.009513
15,"R_Date","C61",,"likelihood",1570.5,0.008311
15,"R_Date","C61",,"likelihood",1571.5,0.007733
15,"R_Date","C61",,"likelihood",1572.5,0.006632
15,"R_Date","C61",,"likelihood",1573.5,0.006114
15,"R_Date","C61",,"likelihood",1574.5,0.005149
15,"R_Date","C61",,"likelihood",1575.5,0.004703
15,"R_Date","C61",,"likelihood",1576.5,0.003888
15,"R_Date","C61",,"likelihood",1577.5,0.003519
15,"R_Date","C61",,"likelihood",1578.5,0.003175
15,"R_Date","C61",,"likelihood",1579.5,0.003175
15,"R_Date","C61",,"likelihood",1580.5,0.0028563
15,"R_Date","C61",,"likelihood",1581.5,0.0028563
15,"R_Date","C61",,"likelihood",1582.5,0.0028563
15,"R_Date","C61",,"likelihood",1583.5,0.0028563
15,"R_Date","C61",,"likelihood",1584.5,0.0028563
15,"R_Date","C61",,"likelihood",1585.5,0.003175
15,"R_Date","C61",,"likelihood",1586.5,0.003175
15,"R_Date","C61",,"likelihood",1587.5,0.0028563
15,"R_Date","C61",,"likelihood",1588.5,0.0025616
15,"R_Date","C61",,"likelihood",1589.5,0.0020414
15,"R_Date","C61",,"likelihood",1590.5,0.001607
15,"R_Date","C61",,"likelihood",1591.5,0.001097
15,"R_Date","C61",,"likelihood",1592.5,0.0008375
15,"R_Date","C61",,"likelihood",1593.5,0.0006317
15,"R_Date","C61",,"likelihood",1594.5,0.0004707
15,"R_Date","C61",,"likelihood",1595.5,0.0003464
15,"R_Date","C61",,"likelihood",1596.5,0.0003464
15,"R_Date","C61",,"likelihood",1597.5,0.00029584
15,"R_Date","C61",,"likelihood",1598.5,0.00025186
15,"R_Date","C61",,"likelihood",1599.5,0.00021377
15,"R_Date","C61",,"likelihood",1600.5,0.0001809
15,"R_Date","C61",,"likelihood",1601.5,0.00012836
15,"R_Date","C61",,"likelihood",1602.5,0.00007499
15,"R_Date","C61",,"likelihood",1603.5,0.00004261
15,"R_Date","C61",,"likelihood",1604.5,0.000028792
15,"R_Date","C61",,"likelihood",1605.5,0.000023559
15,"R_Date","C61",,"likelihood",1606.5,0.000023559
15,"R_Date","C61",,"likelihood",1607.5,0.00003508
15,"R_Date","C61",,"likelihood",1608.5,0.0000516
15,"R_Date","C61",,"likelihood",1609.5,0.00007499
15,"R_Date","C61",,"likelihood",1610.5,0.00010764
15,"R_Date","C61",,"likelihood",1611.5,0.00012836
15,"R_Date","C61",,"likelihood",1612.5,0.00012836
15,"R_Date","C61",,"likelihood",1613.5,0.00012836
15,"R_Date","C61",,"likelihood",1614.5,0.00012836
15,"R_Date","C61",,"likelihood",1615.5,0.00015263
15,"R_Date","C61",,"likelihood",1616.5,0.0001809
15,"R_Date","C61",,"likelihood",1617.5,0.00029584
15,"R_Date","C61",,"likelihood",1618.5,0.0005461
15,"R_Date","C61",,"likelihood",1619.5,0.0008375
15,"R_Date","C61",,"likelihood",1620.5,0.0014193
15,"R_Date","C61",,"likelihood",1621.5,0.0022902
15,"R_Date","C61",,"likelihood",1622.5,0.003519
15,"R_Date","C61",,"likelihood",1623.5,0.004283
15,"R_Date","C61",,"likelihood",1624.5,0.004703
15,"R_Date","C61",,"likelihood",1625.5,0.005149
15,"R_Date","C61",,"likelihood",1626.5,0.005149
15,"R_Date","C61",,"likelihood",1627.5,0.004703
15,"R_Date","C61",,"likelihood",1628.5,0.004703
15,"R_Date","C61",,"likelihood",1629.5,0.005619
15,"R_Date","C61",,"likelihood",1630.5,0.006632
15,"R_Date","C61",,"likelihood",1631.5,0.007733
15,"R_Date","C61",,"likelihood",1632.5,0.010131
15,"R_Date","C61",,"likelihood",1633.5,0.013254
15,"R_Date","C61",,"likelihood",1634.5,0.015549
15,"R_Date","C61",,"likelihood",1635.5,0.017717
15,"R_Date","C61",,"likelihood",1636.5,0.018608
15,"R_Date","C61",,"likelihood",1637.5,0.018605
15,"R_Date","C61",,"likelihood",1638.5,0.018011
15,"R_Date","C61",,"likelihood",1639.5,0.016521
15,"R_Date","C61",,"likelihood",1640.5,0.014425
15,"R_Date","C61",,"likelihood",1641.5,0.01136
15,"R_Date","C61",,"likelihood",1642.5,0.008877
15,"R_Date","C61",,"likelihood",1643.5,0.006602
15,"R_Date","C61",,"likelihood",1644.5,0.004673
15,"R_Date","C61",,"likelihood",1645.5,0.003492
15,"R_Date","C61",,"likelihood",1646.5,0.002537
15,"R_Date","C61",,"likelihood",1647.5,0.0017928
15,"R_Date","C61",,"likelihood",1648.5,0.0010806
15,"R_Date","C61",,"likelihood",1649.5,0.0007156
15,"R_Date","C61",,"likelihood",1650.5,0.0005353
15,"R_Date","C61",,"likelihood",1651.5,0.0003955
15,"R_Date","C61",,"likelihood",1652.5,0.00028861
15,"R_Date","C61",,"likelihood",1653.5,0.0002454
15,"R_Date","C61",,"likelihood",1654.5,0.00017578
15,"R_Date","C61",,"likelihood",1655.5,0.00014808
15,"R_Date","C61",,"likelihood",1656.5,0.00010411
15,"R_Date","C61",,"likelihood",1657.5,0.00005996
15,"R_Date","C61",,"likelihood",1658.5,0.00003358
15,"R_Date","C61",,"likelihood",1659.5,0.000018287
15,"R_Date","C61",,"likelihood",1660.5,0.000007783
15,"R_Date","C61",,"likelihood",1661.5,0.000003163
15,"R_Date","C61",,"likelihood",1662.5,0.0000012268
15,"R_Date","C61",,"likelihood",1663.5,4.409e-7
15,"R_Date","C61",,"likelihood",1664.5,2.1086e-7
15,"R_Date","C61",,"likelihood",1665.5,7.668e-8
15,"R_Date","C61",,"likelihood",1666.5,1.9169e-8
15,"R_Date","C61",,"likelihood",1667.5,0
15,"R_Date","C61",,"likelihood",1668.5,0
15,"R_Date","C61",,"likelihood",1669.5,0
15,"R_Date","C61",,"likelihood",1670.5,0
15,"R_Date","C61",,"likelihood",1671.5,0
15,"R_Date","C61",,"likelihood",1672.5,0
15,"R_Date","C61",,"likelihood",1673.5,0
15,"R_Date","C61",,"likelihood",1674.5,0
15,"R_Date","C61",,"likelihood",1675.5,0
15,"R_Date","C61",,"likelihood",1676.5,0
15,"R_Date","C61",,"likelihood",1677.5,0
15,"R_Date","C61",,"likelihood",1678.5,0
15,"R_Date","C61",,"likelihood",1679.5,0
15,"R_Date","C61",,"likelihood",1680.5,0
15,"R_Date","C61",,"likelihood",1681.5,0
15,"R_Date","C61",,"likelihood",1682.5,0
15,"R_Date","C61",,"likelihood",1683.5,0
15,"R_Date","C61",,"likelihood",1684.5,0
15,"R_Date","C61",,"likelihood",1685.5,0
15,"R_Date","C61",,"likelihood",1686.5,0
15,"R_Date","C61",,"likelihood",1687.5,0
15,"R_Date","C61",,"likelihood",1688.5,0
15,"R_Date","C61",,"likelihood",1689.5,0
15,"R_Date","C61",,"likelihood",1690.5,0
15,"R_Date","C61",,"likelihood",1691.5,0
15,"R_Date","C61",,"likelihood",1692.5,0
15,"R_Date","C61",,"likelihood",1693.5,0
15,"R_Date","C61",,"likelihood",1694.5,0
15,"R_Date","C61",,"likelihood",1695.5,0
15,"R_Date","C61",,"likelihood",1696.5,0
15,"R_Date","C61",,"likelihood",1697.5,0
15,"R_Date","C61",,"likelihood",1698.5,0
15,"R_Date","C61",,"likelihood",1699.5,0
15,"R_Date","C61",,"likelihood",1700.5,0
15,"R_Date","C61",,"likelihood",1701.5,0
15,"R_Date","C61",,"likelihood",1702.5,0
15,"R_Date","C61",,"likelihood",1703.5,0
15,"R_Date","C61",,"likelihood",1704.5,0
15,"R_Date","C61",,"likelihood",1705.5,0
15,"R_Date","C61",,"likelihood",1706.5,0
15,"R_Date","C61",,"likelihood",1707.5,0
15,"R_Date","C61",,"likelihood",1708.5,0
15,"R_Date","C61",,"likelihood",1709.5,0
15,"R_Date","C61",,"likelihood",1710.5,0
15,"R_Date","C61",,"likelihood",1711.5,0
15,"R_Date","C61",,"likelihood",1712.5,0
15,"R_Date","C61",,"likelihood",1713.5,0
15,"R_Date","C61",,"likelihood",1714.5,0
15,"R_Date","C61",,"likelihood",1715.5,0
15,"R_Date","C61",,"likelihood",1716.5,0
15,"R_Date","C61",,"likelihood",1717.5,0
15,"R_Date","C61",,"likelihood",1718.5,0
15,"R_Date","C61",,"likelihood",1719.5,0
15,"R_Date","C61",,"likelihood",1720.5,0
15,"R_Date","C61",,"likelihood",1721.5,0
15,"R_Date","C61",,"likelihood",1722.5,0
15,"R_Date","C61",,"likelihood",1723.5,0
15,"R_Date","C61",,"likelihood",1724.5,0
15,"R_Date","C61",,"likelihood",1725.5,0
15,"R_Date","C61",,"likelihood",1726.5,0
15,"R_Date","C61",,"likelihood",1727.5,0
15,"R_Date","C61",,"likelihood",1728.5,0
15,"R_Date","C61",,"likelihood",1729.5,0
15,"R_Date","C61",,"likelihood",1730.5,0
15,"R_Date","C61",,"likelihood",1731.5,0
15,"R_Date","C61",,"likelihood",1732.5,0
15,"R_Date","C61",,"likelihood",1733.5,0
15,"R_Date","C61",,"likelihood",1734.5,0
15,"R_Date","C61",,"likelihood",1735.5,0
15,"R_Date","C61",,"likelihood",1736.5,0
15,"R_Date","C61",,"likelihood",1737.5,0
15,"R_Date","C61",,"likelihood",1738.5,0
15,"R_Date","C61",,"likelihood",1739.5,0
15,"R_Date","C61",,"likelihood",1740.5,0
15,"R_Date","C61",,"likelihood",1741.5,0
15,"R_Date","C61",,"likelihood",1742.5,0
15,"R_Date","C61",,"likelihood",1743.5,0
15,"R_Date","C61",,"likelihood",1744.5,0
15,"R_Date","C61",,"likelihood",1745.5,0
15,"R_Date","C61",,"likelihood",1746.5,0
15,"R_Date","C61",,"likelihood",1747.5,0
15,"R_Date","C61",,"likelihood",1748.5,0
15,"R_Date","C61",,"likelihood",1749.5,0
15,"R_Date","C61",,"likelihood",1750.5,0
15,"R_Date","C61",,"likelihood",1751.5,0
15,"R_Date","C61",,"likelihood",1752.5,0
15,"R_Date","C61",,"likelihood",1753.5,0
15,"R_Date","C61",,"likelihood",1754.5,0
15,"R_Date","C61",,"likelihood",1755.5,0
15,"R_Date","C61",,"likelihood",1756.5,0
15,"R_Date","C61",,"likelihood",1757.5,0
15,"R_Date","C61",,"likelihood",1758.5,0
15,"R_Date","C61",,"likelihood",1759.5,0
15,"R_Date","C61",,"likelihood",1760.5,0
15,"R_Date","C61",,"likelihood",1761.5,0
15,"R_Date","C61",,"likelihood",1762.5,0
15,"R_Date","C61",,"likelihood",1763.5,0
15,"R_Date","C61",,"likelihood",1764.5,0
15,"R_Date","C61",,"likelihood",1765.5,0
15,"R_Date","C61",,"likelihood",1766.5,0
15,"R_Date","C61",,"likelihood",1767.5,0
15,"R_Date","C61",,"likelihood",1768.5,0
15,"R_Date","C61",,"likelihood",1769.5,0
15,"R_Date","C61",,"likelihood",1770.5,0
15,"R_Date","C61",,"likelihood",1771.5,0
15,"R_Date","C61",,"likelihood",1772.5,0
15,"R_Date","C61",,"likelihood",1773.5,0
15,"R_Date","C61",,"likelihood",1774.5,0
15,"R_Date","C61",,"likelihood",1775.5,0
15,"R_Date","C61",,"likelihood",1776.5,0
15,"R_Date","C61",,"likelihood",1777.5,0
15,"R_Date","C61",,"likelihood",1778.5,0
15,"R_Date","C61",,"likelihood",1779.5,0
15,"R_Date","C61",,"likelihood",1780.5,0
15,"R_Date","C61",,"likelihood",1781.5,0
15,"R_Date","C61",,"likelihood",1782.5,0
15,"R_Date","C61",,"likelihood",1783.5,1.9169e-8
15,"R_Date","C61",,"likelihood",1784.5,5.751e-8
15,"R_Date","C61",,"likelihood",1785.5,2.1086e-7
15,"R_Date","C61",,"likelihood",1786.5,5.751e-7
15,"R_Date","C61",,"likelihood",1787.5,0.0000012268
15,"R_Date","C61",,"likelihood",1788.5,0.000002492
15,"R_Date","C61",,"likelihood",1789.5,0.000004984
15,"R_Date","C61",,"likelihood",1790.5,0.000006249
15,"R_Date","C61",,"likelihood",1791.5,0.000004984
15,"R_Date","C61",,"likelihood",1792.5,0.000003163
15,"R_Date","C61",,"likelihood",1793.5,0.0000012268
15,"R_Date","C61",,"likelihood",1794.5,2.6837e-7
15,"R_Date","C61",,"likelihood",1795.5,3.834e-8
15,"R_Date","C61",,"likelihood",1796.5,0
15,"R_Date","C61",,"likelihood",1797.5,0
15,"R_Date","C61",,"likelihood",1798.5,0
15,"R_Date","C61",,"posterior",1645.5,0
15,"R_Date","C61",,"posterior",1646.5,0
15,"R_Date","C61",,"posterior",1647.5,0
15,"R_Date","C61",,"posterior",1648.5,0.000016998
15,"R_Date","C61",,"posterior",1649.5,0.00015428
15,"R_Date","C61",,"posterior",1650.5,0.0006343
15,"R_Date","C61",,"posterior",1651.5,0.001504
15,"R_Date","C61",,"posterior",1652.5,0.0028822
15,"R_Date","C61",,"posterior",1653.5,0.005455
15,"R_Date","C61",,"posterior",1654.5,0.007976
15,"R_Date","C61",,"posterior",1655.5,0.011856
15,"R_Date","C61",,"posterior",1656.5,0.014351
15,"R_Date","C61",,"posterior",1657.5,0.013857
15,"R_Date","C61",,"posterior",1658.5,0.012164
15,"R_Date","C61",,"posterior",1659.5,0.01052
15,"R_Date","C61",,"posterior",1660.5,0.007218
15,"R_Date","C61",,"posterior",1661.5,0.00472
15,"R_Date","C61",,"posterior",1662.5,0.003329
15,"R_Date","C61",,"posterior",1663.5,0.0021609
15,"R_Date","C61",,"posterior",1664.5,0.0016
15,"R_Date","C61",,"posterior",1665.5,0.000911
15,"R_Date","C61",,"posterior",1666.5,0.0003438
15,"R_Date","C61",,"posterior",1667.5,0
15,"R_Date","C61",,"posterior",1668.5,0
15,"R_Date","C61",,"posterior",1669.5,0
15,"R_Date","C61",,"posterior",1670.5,0
15,"R_Date","C61",,"posterior",1671.5,0
15,"R_Date","C61",,"posterior",1672.5,0
15,"R_Date","C61",,"posterior",1673.5,0
15,"R_Date","C61",,"posterior",1674.5,0
15,"R_Date","C61",,"posterior",1675.5,0
15,"R_Date","C61",,"posterior",1676.5,0
15,"R_Date","C61",,"posterior",1677.5,0
15,"R_Date","C61",,"posterior",1678.5,0
15,"R_Date","C61",,"posterior",1679.5,0
15,"R_Date","C61",,"posterior",1680.5,0
15,"R_Date","C61",,"posterior",1681.5,0
15,"R_Date","C61",,"posterior",1682.5,0
15,"R_Date","C61",,"posterior",1683.5,0
15,"R_Date","C61",,"posterior",1684.5,0
15,"R_Date","C61",,"posterior",1685.5,0
15,"R_Date","C61",,"posterior",1686.5,0
15,"R_Date","C61",,"posterior",1687.5,0
15,"R_Date","C61",,"posterior",1688.5,0
15,"R_Date","C61",,"posterior",1689.5,0
15,"R_Date","C61",,"posterior",1690.5,0
15,"R_Date","C61",,"posterior",1691.5,0
15,"R_Date","C61",,"posterior",1692.5,0
15,"R_Date","C61",,"posterior",1693.5,0
15,"R_Date","C61",,"posterior",1694.5,0
15,"R_Date","C61",,"posterior",1695.5,0
15,"R_Date","C61",,"posterior",1696.5,0
15,"R_Date","C61",,"posterior",1697.5,0
15,"R_Date","C61",,"posterior",1698.5,0
15,"R_Date","C61",,"posterior",1699.5,0
15,"R_Date","C61",,"posterior",1700.5,0
15,"R_Date","C61",,"posterior",1701.5,0
15,"R_Date","C61",,"posterior",1702.5,0
15,"R_Date","C61",,"posterior",1703.5,0
15,"R_Date","C61",,"posterior",1704.5,0
15,"R_Date","C61",,"posterior",1705.5,0
15,"R_Date","C61",,"posterior",1706.5,0
15,"R_Date","C61",,"posterior",1707.5,0
15,"R_Date","C61",,"posterior",1708.5,0
15,"R_Date","C61",,"posterior",1709.5,0
15,"R_Date","C61",,"posterior",1710.5,0
15,"R_Date","C61",,"posterior",1711.5,0
15,"R_Date","C61",,"posterior",1712.5,0
15,"R_Date","C61",,"posterior",1713.5,0
15,"R_Date","C61",,"posterior",1714.5,0
15,"R_Date","C61",,"posterior",1715.5,0
15,"R_Date","C61",,"posterior",1716.5,0
15,"R_Date","C61",,"posterior",1717.5,0
15,"R_Date","C61",,"posterior",1718.5,0
15,"R_Date","C61",,"posterior",1719.5,0
15,"R_Date","C61",,"posterior",1720.5,0
15,"R_Date","C61",,"posterior",1721.5,0
15,"R_Date","C61",,"posterior",1722.5,0
15,"R_Date","C61",,"posterior",1723.5,0
15,"R_Date","C61",,"posterior",1724.5,0
15,"R_Date","C61",,"posterior",1725.5,0
15,"R_Date","C61",,"posterior",1726.5,0
15,"R_Date","C61",,"posterior",1727.5,0
15,"R_Date","C61",,"posterior",1728.5,0
15,"R_Date","C61",,"posterior",1729.5,0
15,"R_Date","C61",,"posterior",1730.5,0
15,"R_Date","C61",,"posterior",1731.5,0
15,"R_Date","C61",,"posterior",1732.5,0
15,"R_Date","C61",,"posterior",1733.5,0
15,"R_Date","C61",,"posterior",1734.5,0
15,"R_Date","C61",,"posterior",1735.5,0
15,"R_Date","C61",,"posterior",1736.5,0
15,"R_Date","C61",,"posterior",1737.5,0
15,"R_Date","C61",,"posterior",1738.5,0
15,"R_Date","C61",,"posterior",1739.5,0
15,"R_Date","C61",,"posterior",1740.5,0
15,"R_Date","C61",,"posterior",1741.5,0
15,"R_Date","C61",,"posterior",1742.5,0
15,"R_Date","C61",,"posterior",1743.5,0
15,"R_Date","C61",,"posterior",1744.5,0
15,"R_Date","C61",,"posterior",1745.5,0
15,"R_Date","C61",,"posterior",1746.5,0
15,"R_Date","C61",,"posterior",1747.5,0
15,"R_Date","C61",,"posterior",1748.5,0
15,"R_Date","C61",,"posterior",1749.5,0
15,"R_Date","C61",,"posterior",1750.5,0
15,"R_Date","C61",,"posterior",1751.5,0
15,"R_Date","C61",,"posterior",1752.5,0
15,"R_Date","C61",,"posterior",1753.5,0
15,"R_Date","C61",,"posterior",1754.5,0
15,"R_Date","C61",,"posterior",1755.5,0
15,"R_Date","C61",,"posterior",1756.5,0
15,"R_Date","C61",,"posterior",1757.5,0
15,"R_Date","C61",,"posterior",1758.5,0
15,"R_Date","C61",,"posterior",1759.5,0
15,"R_Date","C61",,"posterior",1760.5,0
15,"R_Date","C61",,"posterior",1761.5,0
15,"R_Date","C61",,"posterior",1762.5,0
15,"R_Date","C61",,"posterior",1763.5,0
15,"R_Date","C61",,"posterior",1764.5,0
15,"R_Date","C61",,"posterior",1765.5,0
15,"R_Date","C61",,"posterior",1766.5,0
15,"R_Date","C61",,"posterior",1767.5,0
15,"R_Date","C61",,"posterior",1768.5,0
15,"R_Date","C61",,"posterior",1769.5,0
15,"R_Date","C61",,"posterior",1770.5,0
15,"R_Date","C61",,"posterior",1771.5,0
15,"R_Date","C61",,"posterior",1772.5,0
15,"R_Date","C61",,"posterior",1773.5,0
15,"R_Date","C61",,"posterior",1774.5,0
15,"R_Date","C61",,"posterior",1775.5,0
15,"R_Date","C61",,"posterior",1776.5,0
15,"R_Date","C61",,"posterior",1777.5,0
15,"R_Date","C61",,"posterior",1778.5,0
15,"R_Date","C61",,"posterior",1779.5,0
15,"R_Date","C61",,"posterior",1780.5,0
15,"R_Date","C61",,"posterior",1781.5,0
15,"R_Date","C61",,"posterior",1782.5,0
15,"R_Date","C61",,"posterior",1783.5,0.0003983
15,"R_Date","C61",,"posterior",1784.5,0.0024719
15,"R_Date","C61",,"posterior",1785.5,0.008147
15,"R_Date","C61",,"posterior",1786.5,0.021746
15,"R_Date","C61",,"posterior",1787.5,0.04558
15,"R_Date","C61",,"posterior",1788.5,0.09255
15,"R_Date","C61",,"posterior",1789.5,0.17197
15,"R_Date","C61",,"posterior",1790.5,0.21517
15,"R_Date","C61",,"posterior",1791.5,0.17688
15,"R_Date","C61",,"posterior",1792.5,0.10981
15,"R_Date","C61",,"posterior",1793.5,0.04278
15,"R_Date","C61",,"posterior",1794.5,0.009838
15,"R_Date","C61",,"posterior",1795.5,0.0010128
15,"R_Date","C61",,"posterior",1796.5,0
15,"R_Date","C61",,"posterior",1797.5,0
15,"R_Date","C61",,"posterior",1798.5,0
16,"R_Date","D13",,"likelihood",1642.5,0
16,"R_Date","D13",,"likelihood",1643.5,0
16,"R_Date","D13",,"likelihood",1644.5,1.0496e-8
16,"R_Date","D13",,"likelihood",1645.5,2.0992e-8
16,"R_Date","D13",,"likelihood",1646.5,5.248e-8
16,"R_Date","D13",,"likelihood",1647.5,1.2595e-7
16,"R_Date","D13",,"likelihood",1648.5,3.569e-7
16,"R_Date","D13",,"likelihood",1649.5,7.347e-7
16,"R_Date","D13",,"likelihood",1650.5,0.0000011861
16,"R_Date","D13",,"likelihood",1651.5,0.0000018998
16,"R_Date","D13",,"likelihood",1652.5,0.0000029809
16,"R_Date","D13",,"likelihood",1653.5,0.000003716
16,"R_Date","D13",,"likelihood",1654.5,0.000005741
16,"R_Date","D13",,"likelihood",1655.5,0.000007106
16,"R_Date","D13",,"likelihood",1656.5,0.00001078
16,"R_Date","D13",,"likelihood",1657.5,0.00001967
16,"R_Date","D13",,"likelihood",1658.5,0.00003493
16,"R_Date","D13",,"likelihood",1659.5,0.00006034
16,"R_Date","D13",,"likelihood",1660.5,0.00011986
16,"R_Date","D13",,"likelihood",1661.5,0.00022673
16,"R_Date","D13",,"likelihood",1662.5,0.0004084
16,"R_Date","D13",,"likelihood",1663.5,0.0007006
16,"R_Date","D13",,"likelihood",1664.5,0.001017
16,"R_Date","D13",,"likelihood",1665.5,0.0016014
16,"R_Date","D13",,"likelihood",1666.5,0.0024011
16,"R_Date","D13",,"likelihood",1667.5,0.003718
16,"R_Date","D13",,"likelihood",1668.5,0.005334
16,"R_Date","D13",,"likelihood",1669.5,0.006736
16,"R_Date","D13",,"likelihood",1670.5,0.008415
16,"R_Date","D13",,"likelihood",1671.5,0.009515
16,"R_Date","D13",,"likelihood",1672.5,0.010243
16,"R_Date","D13",,"likelihood",1673.5,0.010433
16,"R_Date","D13",,"likelihood",1674.5,0.01048
16,"R_Date","D13",,"likelihood",1675.5,0.01048
16,"R_Date","D13",,"likelihood",1676.5,0.01048
16,"R_Date","D13",,"likelihood",1677.5,0.01048
16,"R_Date","D13",,"likelihood",1678.5,0.010496
16,"R_Date","D13",,"likelihood",1679.5,0.010431
16,"R_Date","D13",,"likelihood",1680.5,0.010239
16,"R_Date","D13",,"likelihood",1681.5,0.009731
16,"R_Date","D13",,"likelihood",1682.5,0.009263
16,"R_Date","D13",,"likelihood",1683.5,0.008406
16,"R_Date","D13",,"likelihood",1684.5,0.007073
16,"R_Date","D13",,"likelihood",1685.5,0.006016
16,"R_Date","D13",,"likelihood",1686.5,0.004897
16,"R_Date","D13",,"likelihood",1687.5,0.003887
16,"R_Date","D13",,"likelihood",1688.5,0.0029954
16,"R_Date","D13",,"likelihood",1689.5,0.0022412
16,"R_Date","D13",,"likelihood",1690.5,0.001628
16,"R_Date","D13",,"likelihood",1691.5,0.0011481
16,"R_Date","D13",,"likelihood",1692.5,0.0007861
16,"R_Date","D13",,"likelihood",1693.5,0.0005225
16,"R_Date","D13",,"likelihood",1694.5,0.0003372
16,"R_Date","D13",,"likelihood",1695.5,0.00017953
16,"R_Date","D13",,"likelihood",1696.5,0.0001081
16,"R_Date","D13",,"likelihood",1697.5,0.00005248
16,"R_Date","D13",,"likelihood",1698.5,0.000029484
16,"R_Date","D13",,"likelihood",1699.5,0.00001608
16,"R_Date","D13",,"likelihood",1700.5,0.000010559
16,"R_Date","D13",,"likelihood",1701.5,0.000006844
16,"R_Date","D13",,"likelihood",1702.5,0.000005479
16,"R_Date","D13",,"likelihood",1703.5,0.000005479
16,"R_Date","D13",,"likelihood",1704.5,0.000006844
16,"R_Date","D13",,"likelihood",1705.5,0.000006844
16,"R_Date","D13",,"likelihood",1706.5,0.000006844
16,"R_Date","D13",,"likelihood",1707.5,0.000006844
16,"R_Date","D13",,"likelihood",1708.5,0.000005479
16,"R_Date","D13",,"likelihood",1709.5,0.000003485
16,"R_Date","D13",,"likelihood",1710.5,0.0000021832
16,"R_Date","D13",,"likelihood",1711.5,0.000001354
16,"R_Date","D13",,"likelihood",1712.5,8.292e-7
16,"R_Date","D13",,"likelihood",1713.5,6.403e-7
16,"R_Date","D13",,"likelihood",1714.5,4.933e-7
16,"R_Date","D13",,"likelihood",1715.5,3.884e-7
16,"R_Date","D13",,"likelihood",1716.5,3.884e-7
16,"R_Date","D13",,"likelihood",1717.5,4.933e-7
16,"R_Date","D13",,"likelihood",1718.5,0.0000010601
16,"R_Date","D13",,"likelihood",1719.5,0.0000021832
16,"R_Date","D13",,"likelihood",1720.5,0.000005479
16,"R_Date","D13",,"likelihood",1721.5,0.000013057
16,"R_Date","D13",,"likelihood",1722.5,0.000029484
16,"R_Date","D13",,"likelihood",1723.5,0.00006319
16,"R_Date","D13",,"likelihood",1724.5,0.00012844
16,"R_Date","D13",,"likelihood",1725.5,0.00030013
16,"R_Date","D13",,"likelihood",1726.5,0.0005297
16,"R_Date","D13",,"likelihood",1727.5,0.0008898
16,"R_Date","D13",,"likelihood",1728.5,0.0015871
16,"R_Date","D13",,"likelihood",1729.5,0.0026202
16,"R_Date","D13",,"likelihood",1730.5,0.003701
16,"R_Date","D13",,"likelihood",1731.5,0.005318
16,"R_Date","D13",,"likelihood",1732.5,0.006369
16,"R_Date","D13",,"likelihood",1733.5,0.007073
16,"R_Date","D13",,"likelihood",1734.5,0.007419
16,"R_Date","D13",,"likelihood",1735.5,0.007758
16,"R_Date","D13",,"likelihood",1736.5,0.008088
16,"R_Date","D13",,"likelihood",1737.5,0.008406
16,"R_Date","D13",,"likelihood",1738.5,0.008995
16,"R_Date","D13",,"likelihood",1739.5,0.009509
16,"R_Date","D13",,"likelihood",1740.5,0.010098
16,"R_Date","D13",,"likelihood",1741.5,0.010431
16,"R_Date","D13",,"likelihood",1742.5,0.01048
16,"R_Date","D13",,"likelihood",1743.5,0.010353
16,"R_Date","D13",,"likelihood",1744.5,0.010102
16,"R_Date","D13",,"likelihood",1745.5,0.010102
16,"R_Date","D13",,"likelihood",1746.5,0.010102
16,"R_Date","D13",,"likelihood",1747.5,0.010102
16,"R_Date","D13",,"likelihood",1748.5,0.010243
16,"R_Date","D13",,"likelihood",1749.5,0.010353
16,"R_Date","D13",,"likelihood",1750.5,0.010433
16,"R_Date","D13",,"likelihood",1751.5,0.010496
16,"R_Date","D13",,"likelihood",1752.5,0.010351
16,"R_Date","D13",,"likelihood",1753.5,0.009928
16,"R_Date","D13",,"likelihood",1754.5,0.009263
16,"R_Date","D13",,"likelihood",1755.5,0.008544
16,"R_Date","D13",,"likelihood",1756.5,0.007847
16,"R_Date","D13",,"likelihood",1757.5,0.007073
16,"R_Date","D13",,"likelihood",1758.5,0.006722
16,"R_Date","D13",,"likelihood",1759.5,0.007073
16,"R_Date","D13",,"likelihood",1760.5,0.007758
16,"R_Date","D13",,"likelihood",1761.5,0.008995
16,"R_Date","D13",,"likelihood",1762.5,0.009731
16,"R_Date","D13",,"likelihood",1763.5,0.010239
16,"R_Date","D13",,"likelihood",1764.5,0.01048
16,"R_Date","D13",,"likelihood",1765.5,0.010433
16,"R_Date","D13",,"likelihood",1766.5,0.010243
16,"R_Date","D13",,"likelihood",1767.5,0.009737
16,"R_Date","D13",,"likelihood",1768.5,0.00927
16,"R_Date","D13",,"likelihood",1769.5,0.009004
16,"R_Date","D13",,"likelihood",1770.5,0.009004
16,"R_Date","D13",,"likelihood",1771.5,0.009515
16,"R_Date","D13",,"likelihood",1772.5,0.009933
16,"R_Date","D13",,"likelihood",1773.5,0.010353
16,"R_Date","D13",,"likelihood",1774.5,0.010496
16,"R_Date","D13",,"likelihood",1775.5,0.01048
16,"R_Date","D13",,"likelihood",1776.5,0.01048
16,"R_Date","D13",,"likelihood",1777.5,0.01048
16,"R_Date","D13",,"likelihood",1778.5,0.010243
16,"R_Date","D13",,"likelihood",1779.5,0.00927
16,"R_Date","D13",,"likelihood",1780.5,0.00777
16,"R_Date","D13",,"likelihood",1781.5,0.00568
16,"R_Date","D13",,"likelihood",1782.5,0.004021
16,"R_Date","D13",,"likelihood",1783.5,0.0026367
16,"R_Date","D13",,"likelihood",1784.5,0.0017802
16,"R_Date","D13",,"likelihood",1785.5,0.001017
16,"R_Date","D13",,"likelihood",1786.5,0.000615
16,"R_Date","D13",,"likelihood",1787.5,0.0004084
16,"R_Date","D13",,"likelihood",1788.5,0.00026388
16,"R_Date","D13",,"likelihood",1789.5,0.00016586
16,"R_Date","D13",,"likelihood",1790.5,0.00014122
16,"R_Date","D13",,"likelihood",1791.5,0.00016586
16,"R_Date","D13",,"likelihood",1792.5,0.00022673
16,"R_Date","D13",,"likelihood",1793.5,0.0004084
16,"R_Date","D13",,"likelihood",1794.5,0.000901
16,"R_Date","D13",,"likelihood",1795.5,0.0021799
16,"R_Date","D13",,"likelihood",1796.5,0.00466
16,"R_Date","D13",,"likelihood",1797.5,0.00777
16,"R_Date","D13",,"likelihood",1798.5,0.010102
16,"R_Date","D13",,"likelihood",1799.5,0.010431
16,"R_Date","D13",,"likelihood",1800.5,0.009509
16,"R_Date","D13",,"likelihood",1801.5,0.008406
16,"R_Date","D13",,"likelihood",1802.5,0.007758
16,"R_Date","D13",,"likelihood",1803.5,0.007073
16,"R_Date","D13",,"likelihood",1804.5,0.006369
16,"R_Date","D13",,"likelihood",1805.5,0.006016
16,"R_Date","D13",,"likelihood",1806.5,0.004977
16,"R_Date","D13",,"likelihood",1807.5,0.004004
16,"R_Date","D13",,"likelihood",1808.5,0.0026202
16,"R_Date","D13",,"likelihood",1809.5,0.0014224
16,"R_Date","D13",,"likelihood",1810.5,0.0006908
16,"R_Date","D13",,"likelihood",1811.5,0.00030013
16,"R_Date","D13",,"likelihood",1812.5,0.00011662
16,"R_Date","D13",,"likelihood",1813.5,0.00005837
16,"R_Date","D13",,"likelihood",1814.5,0.000027804
16,"R_Date","D13",,"likelihood",1815.5,0.000015429
16,"R_Date","D13",,"likelihood",1816.5,0.000008323
16,"R_Date","D13",,"likelihood",1817.5,0.000006739
16,"R_Date","D13",,"likelihood",1818.5,0.000003485
16,"R_Date","D13",,"likelihood",1819.5,0.0000027605
16,"R_Date","D13",,"likelihood",1820.5,0.0000027605
16,"R_Date","D13",,"likelihood",1821.5,0.000003485
16,"R_Date","D13",,"likelihood",1822.5,0.0000027605
16,"R_Date","D13",,"likelihood",1823.5,0.0000027605
16,"R_Date","D13",,"likelihood",1824.5,0.0000017214
16,"R_Date","D13",,"likelihood",1825.5,0.0000010601
16,"R_Date","D13",,"likelihood",1826.5,6.403e-7
16,"R_Date","D13",,"likelihood",1827.5,3.884e-7
16,"R_Date","D13",,"likelihood",1828.5,6.823e-7
16,"R_Date","D13",,"likelihood",1829.5,6.823e-7
16,"R_Date","D13",,"likelihood",1830.5,6.403e-7
16,"R_Date","D13",,"likelihood",1831.5,0.0000010601
16,"R_Date","D13",,"likelihood",1832.5,0.0000027605
16,"R_Date","D13",,"likelihood",1833.5,0.000010255
16,"R_Date","D13",,"likelihood",1834.5,0.000022913
16,"R_Date","D13",,"likelihood",1835.5,0.00004345
16,"R_Date","D13",,"likelihood",1836.5,0.00011662
16,"R_Date","D13",,"likelihood",1837.5,0.0001521
16,"R_Date","D13",,"likelihood",1838.5,0.00030013
16,"R_Date","D13",,"likelihood",1839.5,0.0003475
16,"R_Date","D13",,"likelihood",1840.5,0.0004012
16,"R_Date","D13",,"likelihood",1841.5,0.0004012
16,"R_Date","D13",,"likelihood",1842.5,0.0003475
16,"R_Date","D13",,"likelihood",1843.5,0.00030013
16,"R_Date","D13",,"likelihood",1844.5,0.00025837
16,"R_Date","D13",,"likelihood",1845.5,0.00022174
16,"R_Date","D13",,"likelihood",1846.5,0.00018972
16,"R_Date","D13",,"likelihood",1847.5,0.00018972
16,"R_Date","D13",,"likelihood",1848.5,0.00016182
16,"R_Date","D13",,"likelihood",1849.5,0.00018972
16,"R_Date","D13",,"likelihood",1850.5,0.00018972
16,"R_Date","D13",,"likelihood",1851.5,0.00022174
16,"R_Date","D13",,"likelihood",1852.5,0.00025837
16,"R_Date","D13",,"likelihood",1853.5,0.00030013
16,"R_Date","D13",,"likelihood",1854.5,0.00030013
16,"R_Date","D13",,"likelihood",1855.5,0.00030013
16,"R_Date","D13",,"likelihood",1856.5,0.00025837
16,"R_Date","D13",,"likelihood",1857.5,0.00022174
16,"R_Date","D13",,"likelihood",1858.5,0.00022174
16,"R_Date","D13",,"likelihood",1859.5,0.00018972
16,"R_Date","D13",,"likelihood",1860.5,0.00017953
16,"R_Date","D13",,"likelihood",1861.5,0.0002112
16,"R_Date","D13",,"likelihood",1862.5,0.00024766
16,"R_Date","D13",,"likelihood",1863.5,0.00028944
16,"R_Date","D13",,"likelihood",1864.5,0.0003372
16,"R_Date","D13",,"likelihood",1865.5,0.00028944
16,"R_Date","D13",,"likelihood",1866.5,0.00024766
16,"R_Date","D13",,"likelihood",1867.5,0.00017953
16,"R_Date","D13",,"likelihood",1868.5,0.0001521
16,"R_Date","D13",,"likelihood",1869.5,0.00012844
16,"R_Date","D13",,"likelihood",1870.5,0.0001521
16,"R_Date","D13",,"likelihood",1871.5,0.00017953
16,"R_Date","D13",,"likelihood",1872.5,0.00024766
16,"R_Date","D13",,"likelihood",1873.5,0.0003372
16,"R_Date","D13",,"likelihood",1874.5,0.0003915
16,"R_Date","D13",,"likelihood",1875.5,0.0004617
16,"R_Date","D13",,"likelihood",1876.5,0.0004617
16,"R_Date","D13",,"likelihood",1877.5,0.0003475
16,"R_Date","D13",,"likelihood",1878.5,0.00022174
16,"R_Date","D13",,"likelihood",1879.5,0.00011662
16,"R_Date","D13",,"likelihood",1880.5,0.00006973
16,"R_Date","D13",,"likelihood",1881.5,0.00004872
16,"R_Date","D13",,"likelihood",1882.5,0.00003362
16,"R_Date","D13",,"likelihood",1883.5,0.00003362
16,"R_Date","D13",,"likelihood",1884.5,0.00004054
16,"R_Date","D13",,"likelihood",1885.5,0.00003586
16,"R_Date","D13",,"likelihood",1886.5,0.00005837
16,"R_Date","D13",,"likelihood",1887.5,0.00003586
16,"R_Date","D13",,"likelihood",1888.5,0.000029484
16,"R_Date","D13",,"likelihood",1889.5,0.000019743
16,"R_Date","D13",,"likelihood",1890.5,0.000010559
16,"R_Date","D13",,"likelihood",1891.5,0.000005479
16,"R_Date","D13",,"likelihood",1892.5,0.0000021832
16,"R_Date","D13",,"likelihood",1893.5,0.000001354
16,"R_Date","D13",,"likelihood",1894.5,0.0000014065
16,"R_Date","D13",,"likelihood",1895.5,8.292e-7
16,"R_Date","D13",,"likelihood",1896.5,6.403e-7
16,"R_Date","D13",,"likelihood",1897.5,0.0000014065
16,"R_Date","D13",,"likelihood",1898.5,0.0000011021
16,"R_Date","D13",,"likelihood",1899.5,8.712e-7
16,"R_Date","D13",,"likelihood",1900.5,6.823e-7
16,"R_Date","D13",,"likelihood",1901.5,5.353e-7
16,"R_Date","D13",,"likelihood",1902.5,5.353e-7
16,"R_Date","D13",,"likelihood",1903.5,6.823e-7
16,"R_Date","D13",,"likelihood",1904.5,0.0000014065
16,"R_Date","D13",,"likelihood",1905.5,0.0000017214
16,"R_Date","D13",,"likelihood",1906.5,0.000006739
16,"R_Date","D13",,"likelihood",1907.5,0.000015429
16,"R_Date","D13",,"likelihood",1908.5,0.000027804
16,"R_Date","D13",,"likelihood",1909.5,0.00004872
16,"R_Date","D13",,"likelihood",1910.5,0.00006973
16,"R_Date","D13",,"likelihood",1911.5,0.00008302
16,"R_Date","D13",,"likelihood",1912.5,0.00006319
16,"R_Date","D13",,"likelihood",1913.5,0.00009856
16,"R_Date","D13",,"likelihood",1914.5,0.00011662
16,"R_Date","D13",,"likelihood",1915.5,0.00016182
16,"R_Date","D13",,"likelihood",1916.5,0.00025837
16,"R_Date","D13",,"likelihood",1917.5,0.0004012
16,"R_Date","D13",,"likelihood",1918.5,0.0006059
16,"R_Date","D13",,"likelihood",1919.5,0.0008898
16,"R_Date","D13",,"likelihood",1920.5,0.001132
16,"R_Date","D13",,"likelihood",1921.5,0.0015871
16,"R_Date","D13",,"likelihood",1922.5,0.001628
16,"R_Date","D13",,"likelihood",1923.5,0.0021641
16,"R_Date","D13",,"likelihood",1924.5,0.0028699
16,"R_Date","D13",,"likelihood",1925.5,0.003701
16,"R_Date","D13",,"likelihood",1926.5,0.004977
16,"R_Date","D13",,"likelihood",1927.5,0.006016
16,"R_Date","D13",,"likelihood",1928.5,0.007419
16,"R_Date","D13",,"likelihood",1929.5,0.008088
16,"R_Date","D13",,"likelihood",1930.5,0.008406
16,"R_Date","D13",,"likelihood",1931.5,0.008709
16,"R_Date","D13",,"likelihood",1932.5,0.008406
16,"R_Date","D13",,"likelihood",1933.5,0.008088
16,"R_Date","D13",,"likelihood",1934.5,0.007758
16,"R_Date","D13",,"likelihood",1935.5,0.007419
16,"R_Date","D13",,"likelihood",1936.5,0.007419
16,"R_Date","D13",,"likelihood",1937.5,0.007658
16,"R_Date","D13",,"likelihood",1938.5,0.008256
16,"R_Date","D13",,"likelihood",1939.5,0.009045
16,"R_Date","D13",,"likelihood",1940.5,0.00981
16,"R_Date","D13",,"likelihood",1941.5,0.010158
16,"R_Date","D13",,"likelihood",1942.5,0.010043
16,"R_Date","D13",,"likelihood",1943.5,0.00966
16,"R_Date","D13",,"likelihood",1944.5,0.008808
16,"R_Date","D13",,"likelihood",1945.5,0.007974
16,"R_Date","D13",,"likelihood",1946.5,0.007355
16,"R_Date","D13",,"likelihood",1947.5,0.006376
16,"R_Date","D13",,"likelihood",1948.5,0.005714
16,"R_Date","D13",,"likelihood",1949.5,0.005062
16,"R_Date","D13",,"likelihood",1950.5,0.004433
16,"R_Date","D13",,"posterior",1653.5,0
16,"R_Date","D13",,"posterior",1654.5,0
16,"R_Date","D13",,"posterior",1655.5,0
16,"R_Date","D13",,"posterior",1656.5,4.39e-7
16,"R_Date","D13",,"posterior",1657.5,7.317e-7
16,"R_Date","D13",,"posterior",1658.5,0.0000016097
16,"R_Date","D13",,"posterior",1659.5,0.000003805
16,"R_Date","D13",,"posterior",1660.5,0.000011122
16,"R_Date","D13",,"posterior",1661.5,0.000023414
16,"R_Date","D13",,"posterior",1662.5,0.00005605
16,"R_Date","D13",,"posterior",1663.5,0.00011736
16,"R_Date","D13",,"posterior",1664.5,0.00020736
16,"R_Date","D13",,"posterior",1665.5,0.0003942
16,"R_Date","D13",,"posterior",1666.5,0.0006792
16,"R_Date","D13",,"posterior",1667.5,0.0011321
16,"R_Date","D13",,"posterior",1668.5,0.0017188
16,"R_Date","D13",,"posterior",1669.5,0.0022074
16,"R_Date","D13",,"posterior",1670.5,0.0028741
16,"R_Date","D13",,"posterior",1671.5,0.003375
16,"R_Date","D13",,"posterior",1672.5,0.003503
16,"R_Date","D13",,"posterior",1673.5,0.00361
16,"R_Date","D13",,"posterior",1674.5,0.003588
16,"R_Date","D13",,"posterior",1675.5,0.003615
16,"R_Date","D13",,"posterior",1676.5,0.003621
16,"R_Date","D13",,"posterior",1677.5,0.003551
16,"R_Date","D13",,"posterior",1678.5,0.003584
16,"R_Date","D13",,"posterior",1679.5,0.003548
16,"R_Date","D13",,"posterior",1680.5,0.003448
16,"R_Date","D13",,"posterior",1681.5,0.003214
16,"R_Date","D13",,"posterior",1682.5,0.0030673
16,"R_Date","D13",,"posterior",1683.5,0.0027285
16,"R_Date","D13",,"posterior",1684.5,0.0023204
16,"R_Date","D13",,"posterior",1685.5,0.0020353
16,"R_Date","D13",,"posterior",1686.5,0.0015635
16,"R_Date","D13",,"posterior",1687.5,0.0012632
16,"R_Date","D13",,"posterior",1688.5,0.0009423
16,"R_Date","D13",,"posterior",1689.5,0.0006638
16,"R_Date","D13",,"posterior",1690.5,0.0004894
16,"R_Date","D13",,"posterior",1691.5,0.0003426
16,"R_Date","D13",,"posterior",1692.5,0.00024307
16,"R_Date","D13",,"posterior",1693.5,0.00016127
16,"R_Date","D13",,"posterior",1694.5,0.00009541
16,"R_Date","D13",,"posterior",1695.5,0.00005444
16,"R_Date","D13",,"posterior",1696.5,0.00003293
16,"R_Date","D13",,"posterior",1697.5,0.000011414
16,"R_Date","D13",,"posterior",1698.5,0.000007171
16,"R_Date","D13",,"posterior",1699.5,0.000003805
16,"R_Date","D13",,"posterior",1700.5,0.000003366
16,"R_Date","D13",,"posterior",1701.5,0.0000014634
16,"R_Date","D13",,"posterior",1702.5,0.0000016097
16,"R_Date","D13",,"posterior",1703.5,0.0000016097
16,"R_Date","D13",,"posterior",1704.5,0.000003366
16,"R_Date","D13",,"posterior",1705.5,0.000004097
16,"R_Date","D13",,"posterior",1706.5,0.0000027804
16,"R_Date","D13",,"posterior",1707.5,0.0000023414
16,"R_Date","D13",,"posterior",1708.5,0.0000021951
16,"R_Date","D13",,"posterior",1709.5,2.9268e-7
16,"R_Date","D13",,"posterior",1710.5,4.39e-7
16,"R_Date","D13",,"posterior",1711.5,0
16,"R_Date","D13",,"posterior",1712.5,7.317e-7
16,"R_Date","D13",,"posterior",1713.5,7.317e-7
16,"R_Date","D13",,"posterior",1714.5,4.39e-7
16,"R_Date","D13",,"posterior",1715.5,0
16,"R_Date","D13",,"posterior",1716.5,0
16,"R_Date","D13",,"posterior",1717.5,0
16,"R_Date","D13",,"posterior",1718.5,4.39e-7
16,"R_Date","D13",,"posterior",1719.5,8.78e-7
16,"R_Date","D13",,"posterior",1720.5,8.78e-7
16,"R_Date","D13",,"posterior",1721.5,0.0000021951
16,"R_Date","D13",,"posterior",1722.5,0.000006439
16,"R_Date","D13",,"posterior",1723.5,0.000009219
16,"R_Date","D13",,"posterior",1724.5,0.000019463
16,"R_Date","D13",,"posterior",1725.5,0.00004595
16,"R_Date","D13",,"posterior",1726.5,0.00008575
16,"R_Date","D13",,"posterior",1727.5,0.00015834
16,"R_Date","D13",,"posterior",1728.5,0.00026107
16,"R_Date","D13",,"posterior",1729.5,0.0004117
16,"R_Date","D13",,"posterior",1730.5,0.0005916
16,"R_Date","D13",,"posterior",1731.5,0.0007689
16,"R_Date","D13",,"posterior",1732.5,0.0009573
16,"R_Date","D13",,"posterior",1733.5,0.0010055
16,"R_Date","D13",,"posterior",1734.5,0.0010443
16,"R_Date","D13",,"posterior",1735.5,0.001081
16,"R_Date","D13",,"posterior",1736.5,0.0011281
16,"R_Date","D13",,"posterior",1737.5,0.0010992
16,"R_Date","D13",,"posterior",1738.5,0.0011281
16,"R_Date","D13",,"posterior",1739.5,0.0011553
16,"R_Date","D13",,"posterior",1740.5,0.001224
16,"R_Date","D13",,"posterior",1741.5,0.0011752
16,"R_Date","D13",,"posterior",1742.5,0.0011911
16,"R_Date","D13",,"posterior",1743.5,0.0011432
16,"R_Date","D13",,"posterior",1744.5,0.0010756
16,"R_Date","D13",,"posterior",1745.5,0.0010545
16,"R_Date","D13",,"posterior",1746.5,0.0010343
16,"R_Date","D13",,"posterior",1747.5,0.0010317
16,"R_Date","D13",,"posterior",1748.5,0.0010497
16,"R_Date","D13",,"posterior",1749.5,0.0009603
16,"R_Date","D13",,"posterior",1750.5,0.0009825
16,"R_Date","D13",,"posterior",1751.5,0.0009274
16,"R_Date","D13",,"posterior",1752.5,0.0009079
16,"R_Date","D13",,"posterior",1753.5,0.0008284
16,"R_Date","D13",,"posterior",1754.5,0.0007462
16,"R_Date","D13",,"posterior",1755.5,0.0006884
16,"R_Date","D13",,"posterior",1756.5,0.0005949
16,"R_Date","D13",,"posterior",1757.5,0.0005223
16,"R_Date","D13",,"posterior",1758.5,0.0004607
16,"R_Date","D13",,"posterior",1759.5,0.0004913
16,"R_Date","D13",,"posterior",1760.5,0.0005024
16,"R_Date","D13",,"posterior",1761.5,0.0005571
16,"R_Date","D13",,"posterior",1762.5,0.0005434
16,"R_Date","D13",,"posterior",1763.5,0.0005602
16,"R_Date","D13",,"posterior",1764.5,0.0005584
16,"R_Date","D13",,"posterior",1765.5,0.0005158
16,"R_Date","D13",,"posterior",1766.5,0.0004974
16,"R_Date","D13",,"posterior",1767.5,0.0004228
16,"R_Date","D13",,"posterior",1768.5,0.0004342
16,"R_Date","D13",,"posterior",1769.5,0.0003645
16,"R_Date","D13",,"posterior",1770.5,0.0003268
16,"R_Date","D13",,"posterior",1771.5,0.0003404
16,"R_Date","D13",,"posterior",1772.5,0.0003568
16,"R_Date","D13",,"posterior",1773.5,0.0003322
16,"R_Date","D13",,"posterior",1774.5,0.0003258
16,"R_Date","D13",,"posterior",1775.5,0.0003353
16,"R_Date","D13",,"posterior",1776.5,0.00027029
16,"R_Date","D13",,"posterior",1777.5,0.00024936
16,"R_Date","D13",,"posterior",1778.5,0.00022375
16,"R_Date","D13",,"posterior",1779.5,0.00019741
16,"R_Date","D13",,"posterior",1780.5,0.00015146
16,"R_Date","D13",,"posterior",1781.5,0.00010873
16,"R_Date","D13",,"posterior",1782.5,0.00005971
16,"R_Date","D13",,"posterior",1783.5,0.00005561
16,"R_Date","D13",,"posterior",1784.5,0.00015761
16,"R_Date","D13",,"posterior",1785.5,0.0003871
16,"R_Date","D13",,"posterior",1786.5,0.0008952
16,"R_Date","D13",,"posterior",1787.5,0.0015636
16,"R_Date","D13",,"posterior",1788.5,0.0022431
16,"R_Date","D13",,"posterior",1789.5,0.0030914
16,"R_Date","D13",,"posterior",1790.5,0.00456
16,"R_Date","D13",,"posterior",1791.5,0.007119
16,"R_Date","D13",,"posterior",1792.5,0.010982
16,"R_Date","D13",,"posterior",1793.5,0.019235
16,"R_Date","D13",,"posterior",1794.5,0.03719
16,"R_Date","D13",,"posterior",1795.5,0.07225
16,"R_Date","D13",,"posterior",1796.5,0.11727
16,"R_Date","D13",,"posterior",1797.5,0.14634
16,"R_Date","D13",,"posterior",1798.5,0.13988
16,"R_Date","D13",,"posterior",1799.5,0.10822
16,"R_Date","D13",,"posterior",1800.5,0.07399
16,"R_Date","D13",,"posterior",1801.5,0.04957
16,"R_Date","D13",,"posterior",1802.5,0.03413
16,"R_Date","D13",,"posterior",1803.5,0.02292
16,"R_Date","D13",,"posterior",1804.5,0.015622
16,"R_Date","D13",,"posterior",1805.5,0.011202
16,"R_Date","D13",,"posterior",1806.5,0.007623
16,"R_Date","D13",,"posterior",1807.5,0.005305
16,"R_Date","D13",,"posterior",1808.5,0.0031458
16,"R_Date","D13",,"posterior",1809.5,0.0016547
16,"R_Date","D13",,"posterior",1810.5,0.0007699
16,"R_Date","D13",,"posterior",1811.5,0.0003402
16,"R_Date","D13",,"posterior",1812.5,0.00011985
16,"R_Date","D13",,"posterior",1813.5,0.00006058
16,"R_Date","D13",,"posterior",1814.5,0.00003366
16,"R_Date","D13",,"posterior",1815.5,0.000015366
16,"R_Date","D13",,"posterior",1816.5,0.000005854
16,"R_Date","D13",,"posterior",1817.5,0.000007171
16,"R_Date","D13",,"posterior",1818.5,0.000004244
16,"R_Date","D13",,"posterior",1819.5,0.0000019024
16,"R_Date","D13",,"posterior",1820.5,0.000003366
16,"R_Date","D13",,"posterior",1821.5,0.0000021951
16,"R_Date","D13",,"posterior",1822.5,0.0000023414
16,"R_Date","D13",,"posterior",1823.5,0.0000023414
16,"R_Date","D13",,"posterior",1824.5,8.78e-7
16,"R_Date","D13",,"posterior",1825.5,4.39e-7
16,"R_Date","D13",,"posterior",1826.5,7.317e-7
16,"R_Date","D13",,"posterior",1827.5,2.9268e-7
16,"R_Date","D13",,"posterior",1828.5,4.39e-7
16,"R_Date","D13",,"posterior",1829.5,0
16,"R_Date","D13",,"posterior",1830.5,4.39e-7
16,"R_Date","D13",,"posterior",1831.5,0
16,"R_Date","D13",,"posterior",1832.5,0.0000016097
16,"R_Date","D13",,"posterior",1833.5,0.000004244
16,"R_Date","D13",,"posterior",1834.5,0.000009512
16,"R_Date","D13",,"posterior",1835.5,0.000016097
16,"R_Date","D13",,"posterior",1836.5,0.00003761
16,"R_Date","D13",,"posterior",1837.5,0.00004376
16,"R_Date","D13",,"posterior",1838.5,0.00007741
16,"R_Date","D13",,"posterior",1839.5,0.00007317
16,"R_Date","D13",,"posterior",1840.5,0.00008283
16,"R_Date","D13",,"posterior",1841.5,0.00005634
16,"R_Date","D13",,"posterior",1842.5,0.00004976
16,"R_Date","D13",,"posterior",1843.5,0.0000341
16,"R_Date","D13",,"posterior",1844.5,0.000026048
16,"R_Date","D13",,"posterior",1845.5,0.000013902
16,"R_Date","D13",,"posterior",1846.5,0.00001917
16,"R_Date","D13",,"posterior",1847.5,0.000018292
16,"R_Date","D13",,"posterior",1848.5,0.00000878
16,"R_Date","D13",,"posterior",1849.5,0.000006878
16,"R_Date","D13",,"posterior",1850.5,0.000004244
16,"R_Date","D13",,"posterior",1851.5,0.000004976
16,"R_Date","D13",,"posterior",1852.5,0.000004537
16,"R_Date","D13",,"posterior",1853.5,0.000005854
16,"R_Date","D13",,"posterior",1854.5,0.0000011707
16,"R_Date","D13",,"posterior",1855.5,4.39e-7
16,"R_Date","D13",,"posterior",1856.5,0
17,"Calculate","Event 2",,"posterior",1659.5,0
17,"Calculate","Event 2",,"posterior",1660.5,1.8948e-7
17,"Calculate","Event 2",,"posterior",1661.5,0
17,"Calculate","Event 2",,"posterior",1662.5,9.474e-7
17,"Calculate","Event 2",,"posterior",1663.5,0.0000014211
17,"Calculate","Event 2",,"posterior",1664.5,0.00000379
17,"Calculate","Event 2",,"posterior",1665.5,0.000005211
17,"Calculate","Event 2",,"posterior",1666.5,0.000015822
17,"Calculate","Event 2",,"posterior",1667.5,0.00002577
17,"Calculate","Event 2",,"posterior",1668.5,0.0000433
17,"Calculate","Event 2",,"posterior",1669.5,0.00005846
17,"Calculate","Event 2",,"posterior",1670.5,0.00009493
17,"Calculate","Event 2",,"posterior",1671.5,0.00012686
17,"Calculate","Event 2",,"posterior",1672.5,0.00016097
17,"Calculate","Event 2",,"posterior",1673.5,0.00020455
17,"Calculate","Event 2",,"posterior",1674.5,0.00023865
17,"Calculate","Event 2",,"posterior",1675.5,0.00028129
17,"Calculate","Event 2",,"posterior",1676.5,0.0003265
17,"Calculate","Event 2",,"posterior",1677.5,0.0003594
17,"Calculate","Event 2",,"posterior",1678.5,0.0003731
17,"Calculate","Event 2",,"posterior",1679.5,0.0004254
17,"Calculate","Event 2",,"posterior",1680.5,0.0004709
17,"Calculate","Event 2",,"posterior",1681.5,0.0004887
17,"Calculate","Event 2",,"posterior",1682.5,0.0005216
17,"Calculate","Event 2",,"posterior",1683.5,0.0005592
17,"Calculate","Event 2",,"posterior",1684.5,0.0005727
17,"Calculate","Event 2",,"posterior",1685.5,0.0006127
17,"Calculate","Event 2",,"posterior",1686.5,0.0006423
17,"Calculate","Event 2",,"posterior",1687.5,0.0006261
17,"Calculate","Event 2",,"posterior",1688.5,0.0006323
17,"Calculate","Event 2",,"posterior",1689.5,0.0006629
17,"Calculate","Event 2",,"posterior",1690.5,0.0006773
17,"Calculate","Event 2",,"posterior",1691.5,0.0006891
17,"Calculate","Event 2",,"posterior",1692.5,0.0006828
17,"Calculate","Event 2",,"posterior",1693.5,0.0006963
17,"Calculate","Event 2",,"posterior",1694.5,0.0006906
17,"Calculate","Event 2",,"posterior",1695.5,0.0006963
17,"Calculate","Event 2",,"posterior",1696.5,0.0006858
17,"Calculate","Event 2",,"posterior",1697.5,0.0006837
17,"Calculate","Event 2",,"posterior",1698.5,0.000706
17,"Calculate","Event 2",,"posterior",1699.5,0.0006726
17,"Calculate","Event 2",,"posterior",1700.5,0.0006757
17,"Calculate","Event 2",,"posterior",1701.5,0.0006877
17,"Calculate","Event 2",,"posterior",1702.5,0.0006887
17,"Calculate","Event 2",,"posterior",1703.5,0.0007067
17,"Calculate","Event 2",,"posterior",1704.5,0.0006454
17,"Calculate","Event 2",,"posterior",1705.5,0.0007051
17,"Calculate","Event 2",,"posterior",1706.5,0.0006925
17,"Calculate","Event 2",,"posterior",1707.5,0.000691
17,"Calculate","Event 2",,"posterior",1708.5,0.000691
17,"Calculate","Event 2",,"posterior",1709.5,0.0006844
17,"Calculate","Event 2",,"posterior",1710.5,0.0006896
17,"Calculate","Event 2",,"posterior",1711.5,0.0006721
17,"Calculate","Event 2",,"posterior",1712.5,0.000689
17,"Calculate","Event 2",,"posterior",1713.5,0.000697
17,"Calculate","Event 2",,"posterior",1714.5,0.0007159
17,"Calculate","Event 2",,"posterior",1715.5,0.0006787
17,"Calculate","Event 2",,"posterior",1716.5,0.0007152
17,"Calculate","Event 2",,"posterior",1717.5,0.0006735
17,"Calculate","Event 2",,"posterior",1718.5,0.0006801
17,"Calculate","Event 2",,"posterior",1719.5,0.000689
17,"Calculate","Event 2",,"posterior",1720.5,0.0006811
17,"Calculate","Event 2",,"posterior",1721.5,0.0006814
17,"Calculate","Event 2",,"posterior",1722.5,0.0006899
17,"Calculate","Event 2",,"posterior",1723.5,0.0006882
17,"Calculate","Event 2",,"posterior",1724.5,0.000691
17,"Calculate","Event 2",,"posterior",1725.5,0.0007003
17,"Calculate","Event 2",,"posterior",1726.5,0.0006697
17,"Calculate","Event 2",,"posterior",1727.5,0.0006951
17,"Calculate","Event 2",,"posterior",1728.5,0.0007095
17,"Calculate","Event 2",,"posterior",1729.5,0.0007214
17,"Calculate","Event 2",,"posterior",1730.5,0.0007239
17,"Calculate","Event 2",,"posterior",1731.5,0.0007239
17,"Calculate","Event 2",,"posterior",1732.5,0.0007585
17,"Calculate","Event 2",,"posterior",1733.5,0.0007787
17,"Calculate","Event 2",,"posterior",1734.5,0.0008174
17,"Calculate","Event 2",,"posterior",1735.5,0.0008354
17,"Calculate","Event 2",,"posterior",1736.5,0.0008371
17,"Calculate","Event 2",,"posterior",1737.5,0.0008904
17,"Calculate","Event 2",,"posterior",1738.5,0.0009065
17,"Calculate","Event 2",,"posterior",1739.5,0.0009174
17,"Calculate","Event 2",,"posterior",1740.5,0.0009619
17,"Calculate","Event 2",,"posterior",1741.5,0.0009828
17,"Calculate","Event 2",,"posterior",1742.5,0.001018
17,"Calculate","Event 2",,"posterior",1743.5,0.0010455
17,"Calculate","Event 2",,"posterior",1744.5,0.0010857
17,"Calculate","Event 2",,"posterior",1745.5,0.0010521
17,"Calculate","Event 2",,"posterior",1746.5,0.0010641
17,"Calculate","Event 2",,"posterior",1747.5,0.0010957
17,"Calculate","Event 2",,"posterior",1748.5,0.0010821
17,"Calculate","Event 2",,"posterior",1749.5,0.0010928
17,"Calculate","Event 2",,"posterior",1750.5,0.0010995
17,"Calculate","Event 2",,"posterior",1751.5,0.0011033
17,"Calculate","Event 2",,"posterior",1752.5,0.0011395
17,"Calculate","Event 2",,"posterior",1753.5,0.001188
17,"Calculate","Event 2",,"posterior",1754.5,0.0011826
17,"Calculate","Event 2",,"posterior",1755.5,0.0011636
17,"Calculate","Event 2",,"posterior",1756.5,0.0012204
17,"Calculate","Event 2",,"posterior",1757.5,0.0012026
17,"Calculate","Event 2",,"posterior",1758.5,0.0012568
17,"Calculate","Event 2",,"posterior",1759.5,0.001245
17,"Calculate","Event 2",,"posterior",1760.5,0.0012434
17,"Calculate","Event 2",,"posterior",1761.5,0.001299
17,"Calculate","Event 2",,"posterior",1762.5,0.0013014
17,"Calculate","Event 2",,"posterior",1763.5,0.001296
17,"Calculate","Event 2",,"posterior",1764.5,0.0012926
17,"Calculate","Event 2",,"posterior",1765.5,0.001299
17,"Calculate","Event 2",,"posterior",1766.5,0.0012926
17,"Calculate","Event 2",,"posterior",1767.5,0.0012666
17,"Calculate","Event 2",,"posterior",1768.5,0.0012336
17,"Calculate","Event 2",,"posterior",1769.5,0.0012112
17,"Calculate","Event 2",,"posterior",1770.5,0.0012015
17,"Calculate","Event 2",,"posterior",1771.5,0.0011737
17,"Calculate","Event 2",,"posterior",1772.5,0.001147
17,"Calculate","Event 2",,"posterior",1773.5,0.0011451
17,"Calculate","Event 2",,"posterior",1774.5,0.0011354
17,"Calculate","Event 2",,"posterior",1775.5,0.0010926
17,"Calculate","Event 2",,"posterior",1776.5,0.0010802
17,"Calculate","Event 2",,"posterior",1777.5,0.0010651
17,"Calculate","Event 2",,"posterior",1778.5,0.0010753
17,"Calculate","Event 2",,"posterior",1779.5,0.0010112
17,"Calculate","Event 2",,"posterior",1780.5,0.0009365
17,"Calculate","Event 2",,"posterior",1781.5,0.0009157
17,"Calculate","Event 2",,"posterior",1782.5,0.0008378
17,"Calculate","Event 2",,"posterior",1783.5,0.0007896
17,"Calculate","Event 2",,"posterior",1784.5,0.00071
17,"Calculate","Event 2",,"posterior",1785.5,0.0006885
17,"Calculate","Event 2",,"posterior",1786.5,0.0006989
17,"Calculate","Event 2",,"posterior",1787.5,0.0007919
17,"Calculate","Event 2",,"posterior",1788.5,0.000982
17,"Calculate","Event 2",,"posterior",1789.5,0.0012827
17,"Calculate","Event 2",,"posterior",1790.5,0.0017542
17,"Calculate","Event 2",,"posterior",1791.5,0.0025547
17,"Calculate","Event 2",,"posterior",1792.5,0.004047
17,"Calculate","Event 2",,"posterior",1793.5,0.006677
17,"Calculate","Event 2",,"posterior",1794.5,0.012352
17,"Calculate","Event 2",,"posterior",1795.5,0.024476
17,"Calculate","Event 2",,"posterior",1796.5,0.04584
17,"Calculate","Event 2",,"posterior",1797.5,0.07116
17,"Calculate","Event 2",,"posterior",1798.5,0.08909
17,"Calculate","Event 2",,"posterior",1799.5,0.09474
17,"Calculate","Event 2",,"posterior",1800.5,0.09147
17,"Calculate","Event 2",,"posterior",1801.5,0.0838
17,"Calculate","Event 2",,"posterior",1802.5,0.07391
17,"Calculate","Event 2",,"posterior",1803.5,0.06132
17,"Calculate","Event 2",,"posterior",1804.5,0.04834
17,"Calculate","Event 2",,"posterior",1805.5,0.03502
17,"Calculate","Event 2",,"posterior",1806.5,0.022658
17,"Calculate","Event 2",,"posterior",1807.5,0.013033
17,"Calculate","Event 2",,"posterior",1808.5,0.007095
17,"Calculate","Event 2",,"posterior",1809.5,0.004407
17,"Calculate","Event 2",,"posterior",1810.5,0.003436
17,"Calculate","Event 2",,"posterior",1811.5,0.0030279
17,"Calculate","Event 2",,"posterior",1812.5,0.0029444
17,"Calculate","Event 2",,"posterior",1813.5,0.0029387
17,"Calculate","Event 2",,"posterior",1814.5,0.0029671
17,"Calculate","Event 2",,"posterior",1815.5,0.0029477
17,"Calculate","Event 2",,"posterior",1816.5,0.0029257
17,"Calculate","Event 2",,"posterior",1817.5,0.0029103
17,"Calculate","Event 2",,"posterior",1818.5,0.0029474
17,"Calculate","Event 2",,"posterior",1819.5,0.0029448
17,"Calculate","Event 2",,"posterior",1820.5,0.002938
17,"Calculate","Event 2",,"posterior",1821.5,0.0029469
17,"Calculate","Event 2",,"posterior",1822.5,0.0029338
17,"Calculate","Event 2",,"posterior",1823.5,0.0029756
17,"Calculate","Event 2",,"posterior",1824.5,0.0029025
17,"Calculate","Event 2",,"posterior",1825.5,0.0029417
17,"Calculate","Event 2",,"posterior",1826.5,0.0028774
17,"Calculate","Event 2",,"posterior",1827.5,0.0029167
17,"Calculate","Event 2",,"posterior",1828.5,0.0029498
17,"Calculate","Event 2",,"posterior",1829.5,0.0028523
17,"Calculate","Event 2",,"posterior",1830.5,0.0028812
17,"Calculate","Event 2",,"posterior",1831.5,0.0029614
17,"Calculate","Event 2",,"posterior",1832.5,0.0029254
17,"Calculate","Event 2",,"posterior",1833.5,0.0028992
17,"Calculate","Event 2",,"posterior",1834.5,0.0029131
17,"Calculate","Event 2",,"posterior",1835.5,0.0029159
17,"Calculate","Event 2",,"posterior",1836.5,0.0028942
17,"Calculate","Event 2",,"posterior",1837.5,0.002803
17,"Calculate","Event 2",,"posterior",1838.5,0.0027213
17,"Calculate","Event 2",,"posterior",1839.5,0.00257
17,"Calculate","Event 2",,"posterior",1840.5,0.0023598
17,"Calculate","Event 2",,"posterior",1841.5,0.0021101
17,"Calculate","Event 2",,"posterior",1842.5,0.0018539
17,"Calculate","Event 2",,"posterior",1843.5,0.0016601
17,"Calculate","Event 2",,"posterior",1844.5,0.0015232
17,"Calculate","Event 2",,"posterior",1845.5,0.0013991
17,"Calculate","Event 2",,"posterior",1846.5,0.0013151
17,"Calculate","Event 2",,"posterior",1847.5,0.001226
17,"Calculate","Event 2",,"posterior",1848.5,0.0011482
17,"Calculate","Event 2",,"posterior",1849.5,0.001057
17,"Calculate","Event 2",,"posterior",1850.5,0.0009449
17,"Calculate","Event 2",,"posterior",1851.5,0.0008729
17,"Calculate","Event 2",,"posterior",1852.5,0.0007168
17,"Calculate","Event 2",,"posterior",1853.5,0.0005738
17,"Calculate","Event 2",,"posterior",1854.5,0.0004042
17,"Calculate","Event 2",,"posterior",1855.5,0.00022586
17,"Calculate","Event 2",,"posterior",1856.5,0.00006746
17,"Calculate","Event 2",,"posterior",1857.5,0.0000020843
17,"Calculate","Event 2",,"posterior",1858.5,0
17,"Calculate","Event 2",,"posterior",1859.5,0
18,"R_Date","D3",,"likelihood",1637.5,0
18,"R_Date","D3",,"likelihood",1638.5,0
18,"R_Date","D3",,"likelihood",1639.5,1.6173e-8
18,"R_Date","D3",,"likelihood",1640.5,3.235e-8
18,"R_Date","D3",,"likelihood",1641.5,1.4555e-7
18,"R_Date","D3",,"likelihood",1642.5,4.205e-7
18,"R_Date","D3",,"likelihood",1643.5,0.0000011321
18,"R_Date","D3",,"likelihood",1644.5,0.0000029272
18,"R_Date","D3",,"likelihood",1645.5,0.000005725
18,"R_Date","D3",,"likelihood",1646.5,0.000010949
18,"R_Date","D3",,"likelihood",1647.5,0.000020361
18,"R_Date","D3",,"likelihood",1648.5,0.00004457
18,"R_Date","D3",,"likelihood",1649.5,0.00007773
18,"R_Date","D3",,"likelihood",1650.5,0.00011088
18,"R_Date","D3",,"likelihood",1651.5,0.00015628
18,"R_Date","D3",,"likelihood",1652.5,0.00021759
18,"R_Date","D3",,"likelihood",1653.5,0.00025556
18,"R_Date","D3",,"likelihood",1654.5,0.0003493
18,"R_Date","D3",,"likelihood",1655.5,0.0004066
18,"R_Date","D3",,"likelihood",1656.5,0.0005457
18,"R_Date","D3",,"likelihood",1657.5,0.0008293
18,"R_Date","D3",,"likelihood",1658.5,0.0012261
18,"R_Date","D3",,"likelihood",1659.5,0.0017635
18,"R_Date","D3",,"likelihood",1660.5,0.002743
18,"R_Date","D3",,"likelihood",1661.5,0.004063
18,"R_Date","D3",,"likelihood",1662.5,0.005729
18,"R_Date","D3",,"likelihood",1663.5,0.007693
18,"R_Date","D3",,"likelihood",1664.5,0.009292
18,"R_Date","D3",,"likelihood",1665.5,0.01145
18,"R_Date","D3",,"likelihood",1666.5,0.013433
18,"R_Date","D3",,"likelihood",1667.5,0.015305
18,"R_Date","D3",,"likelihood",1668.5,0.016148
18,"R_Date","D3",,"likelihood",1669.5,0.015948
18,"R_Date","D3",,"likelihood",1670.5,0.014651
18,"R_Date","D3",,"likelihood",1671.5,0.012951
18,"R_Date","D3",,"likelihood",1672.5,0.010898
18,"R_Date","D3",,"likelihood",1673.5,0.009813
18,"R_Date","D3",,"likelihood",1674.5,0.009269
18,"R_Date","D3",,"likelihood",1675.5,0.009269
18,"R_Date","D3",,"likelihood",1676.5,0.009269
18,"R_Date","D3",,"likelihood",1677.5,0.009269
18,"R_Date","D3",,"likelihood",1678.5,0.008728
18,"R_Date","D3",,"likelihood",1679.5,0.007668
18,"R_Date","D3",,"likelihood",1680.5,0.006654
18,"R_Date","D3",,"likelihood",1681.5,0.005256
18,"R_Date","D3",,"likelihood",1682.5,0.004422
18,"R_Date","D3",,"likelihood",1683.5,0.003334
18,"R_Date","D3",,"likelihood",1684.5,0.0021917
18,"R_Date","D3",,"likelihood",1685.5,0.0015488
18,"R_Date","D3",,"likelihood",1686.5,0.0009255
18,"R_Date","D3",,"likelihood",1687.5,0.0006032
18,"R_Date","D3",,"likelihood",1688.5,0.0003816
18,"R_Date","D3",,"likelihood",1689.5,0.00023436
18,"R_Date","D3",,"likelihood",1690.5,0.00013973
18,"R_Date","D3",,"likelihood",1691.5,0.00008086
18,"R_Date","D3",,"likelihood",1692.5,0.00004543
18,"R_Date","D3",,"likelihood",1693.5,0.000024776
18,"R_Date","D3",,"likelihood",1694.5,0.000013116
18,"R_Date","D3",,"likelihood",1695.5,0.000005369
18,"R_Date","D3",,"likelihood",1696.5,0.0000026523
18,"R_Date","D3",,"likelihood",1697.5,9.865e-7
18,"R_Date","D3",,"likelihood",1698.5,4.528e-7
18,"R_Date","D3",,"likelihood",1699.5,2.1024e-7
18,"R_Date","D3",,"likelihood",1700.5,1.1321e-7
18,"R_Date","D3",,"likelihood",1701.5,6.469e-8
18,"R_Date","D3",,"likelihood",1702.5,4.852e-8
18,"R_Date","D3",,"likelihood",1703.5,4.852e-8
18,"R_Date","D3",,"likelihood",1704.5,6.469e-8
18,"R_Date","D3",,"likelihood",1705.5,6.469e-8
18,"R_Date","D3",,"likelihood",1706.5,6.469e-8
18,"R_Date","D3",,"likelihood",1707.5,6.469e-8
18,"R_Date","D3",,"likelihood",1708.5,4.852e-8
18,"R_Date","D3",,"likelihood",1709.5,3.235e-8
18,"R_Date","D3",,"likelihood",1710.5,1.6173e-8
18,"R_Date","D3",,"likelihood",1711.5,1.6173e-8
18,"R_Date","D3",,"likelihood",1712.5,0
18,"R_Date","D3",,"likelihood",1713.5,0
18,"R_Date","D3",,"likelihood",1714.5,0
18,"R_Date","D3",,"likelihood",1715.5,0
18,"R_Date","D3",,"likelihood",1716.5,0
18,"R_Date","D3",,"likelihood",1717.5,0
18,"R_Date","D3",,"likelihood",1718.5,0
18,"R_Date","D3",,"likelihood",1719.5,1.6173e-8
18,"R_Date","D3",,"likelihood",1720.5,4.852e-8
18,"R_Date","D3",,"likelihood",1721.5,1.6173e-7
18,"R_Date","D3",,"likelihood",1722.5,4.528e-7
18,"R_Date","D3",,"likelihood",1723.5,0.0000012776
18,"R_Date","D3",,"likelihood",1724.5,0.000003364
18,"R_Date","D3",,"likelihood",1725.5,0.000012825
18,"R_Date","D3",,"likelihood",1726.5,0.000029014
18,"R_Date","D3",,"likelihood",1727.5,0.00006246
18,"R_Date","D3",,"likelihood",1728.5,0.00015186
18,"R_Date","D3",,"likelihood",1729.5,0.0003417
18,"R_Date","D3",,"likelihood",1730.5,0.0006182
18,"R_Date","D3",,"likelihood",1731.5,0.0012099
18,"R_Date","D3",,"likelihood",1732.5,0.0017442
18,"R_Date","D3",,"likelihood",1733.5,0.0021917
18,"R_Date","D3",,"likelihood",1734.5,0.0024454
18,"R_Date","D3",,"likelihood",1735.5,0.0027201
18,"R_Date","D3",,"likelihood",1736.5,0.0030163
18,"R_Date","D3",,"likelihood",1737.5,0.003334
18,"R_Date","D3",,"likelihood",1738.5,0.004037
18,"R_Date","D3",,"likelihood",1739.5,0.004828
18,"R_Date","D3",,"likelihood",1740.5,0.00617
18,"R_Date","D3",,"likelihood",1741.5,0.007668
18,"R_Date","D3",,"likelihood",1742.5,0.009269
18,"R_Date","D3",,"likelihood",1743.5,0.010357
18,"R_Date","D3",,"likelihood",1744.5,0.011431
18,"R_Date","D3",,"likelihood",1745.5,0.011431
18,"R_Date","D3",,"likelihood",1746.5,0.011431
18,"R_Date","D3",,"likelihood",1747.5,0.011431
18,"R_Date","D3",,"likelihood",1748.5,0.010898
18,"R_Date","D3",,"likelihood",1749.5,0.010357
18,"R_Date","D3",,"likelihood",1750.5,0.009813
18,"R_Date","D3",,"likelihood",1751.5,0.008728
18,"R_Date","D3",,"likelihood",1752.5,0.007154
18,"R_Date","D3",,"likelihood",1753.5,0.005703
18,"R_Date","D3",,"likelihood",1754.5,0.004422
18,"R_Date","D3",,"likelihood",1755.5,0.0031144
18,"R_Date","D3",,"likelihood",1756.5,0.0025085
18,"R_Date","D3",,"likelihood",1757.5,0.0021917
18,"R_Date","D3",,"likelihood",1758.5,0.0019582
18,"R_Date","D3",,"likelihood",1759.5,0.0021917
18,"R_Date","D3",,"likelihood",1760.5,0.0027201
18,"R_Date","D3",,"likelihood",1761.5,0.004037
18,"R_Date","D3",,"likelihood",1762.5,0.005256
18,"R_Date","D3",,"likelihood",1763.5,0.006654
18,"R_Date","D3",,"likelihood",1764.5,0.008194
18,"R_Date","D3",,"likelihood",1765.5,0.009813
18,"R_Date","D3",,"likelihood",1766.5,0.010898
18,"R_Date","D3",,"likelihood",1767.5,0.012462
18,"R_Date","D3",,"likelihood",1768.5,0.013419
18,"R_Date","D3",,"likelihood",1769.5,0.01386
18,"R_Date","D3",,"likelihood",1770.5,0.01386
18,"R_Date","D3",,"likelihood",1771.5,0.012951
18,"R_Date","D3",,"likelihood",1772.5,0.011954
18,"R_Date","D3",,"likelihood",1773.5,0.010357
18,"R_Date","D3",,"likelihood",1774.5,0.008728
18,"R_Date","D3",,"likelihood",1775.5,0.008194
18,"R_Date","D3",,"likelihood",1776.5,0.008194
18,"R_Date","D3",,"likelihood",1777.5,0.009269
18,"R_Date","D3",,"likelihood",1778.5,0.010898
18,"R_Date","D3",,"likelihood",1779.5,0.013419
18,"R_Date","D3",,"likelihood",1780.5,0.015297
18,"R_Date","D3",,"likelihood",1781.5,0.016173
18,"R_Date","D3",,"likelihood",1782.5,0.015566
18,"R_Date","D3",,"likelihood",1783.5,0.013873
18,"R_Date","D3",,"likelihood",1784.5,0.011971
18,"R_Date","D3",,"likelihood",1785.5,0.009292
18,"R_Date","D3",,"likelihood",1786.5,0.00718
18,"R_Date","D3",,"likelihood",1787.5,0.005729
18,"R_Date","D3",,"likelihood",1788.5,0.004448
18,"R_Date","D3",,"likelihood",1789.5,0.003359
18,"R_Date","D3",,"likelihood",1790.5,0.00304
18,"R_Date","D3",,"likelihood",1791.5,0.003359
18,"R_Date","D3",,"likelihood",1792.5,0.004063
18,"R_Date","D3",,"likelihood",1793.5,0.005729
18,"R_Date","D3",,"likelihood",1794.5,0.008752
18,"R_Date","D3",,"likelihood",1795.5,0.012966
18,"R_Date","D3",,"likelihood",1796.5,0.015952
18,"R_Date","D3",,"likelihood",1797.5,0.015297
18,"R_Date","D3",,"likelihood",1798.5,0.011431
18,"R_Date","D3",,"likelihood",1799.5,0.007668
18,"R_Date","D3",,"likelihood",1800.5,0.004828
18,"R_Date","D3",,"likelihood",1801.5,0.003334
18,"R_Date","D3",,"likelihood",1802.5,0.0027201
18,"R_Date","D3",,"likelihood",1803.5,0.0021917
18,"R_Date","D3",,"likelihood",1804.5,0.0017442
18,"R_Date","D3",,"likelihood",1805.5,0.0015488
18,"R_Date","D3",,"likelihood",1806.5,0.0010644
18,"R_Date","D3",,"likelihood",1807.5,0.0007114
18,"R_Date","D3",,"likelihood",1808.5,0.0003417
18,"R_Date","D3",,"likelihood",1809.5,0.00012793
18,"R_Date","D3",,"likelihood",1810.5,0.00004284
18,"R_Date","D3",,"likelihood",1811.5,0.000012825
18,"R_Date","D3",,"likelihood",1812.5,0.000003429
18,"R_Date","D3",,"likelihood",1813.5,0.0000013423
18,"R_Date","D3",,"likelihood",1814.5,5.014e-7
18,"R_Date","D3",,"likelihood",1815.5,2.2642e-7
18,"R_Date","D3",,"likelihood",1816.5,9.704e-8
18,"R_Date","D3",,"likelihood",1817.5,8.086e-8
18,"R_Date","D3",,"likelihood",1818.5,3.235e-8
18,"R_Date","D3",,"likelihood",1819.5,1.6173e-8
18,"R_Date","D3",,"likelihood",1820.5,1.6173e-8
18,"R_Date","D3",,"likelihood",1821.5,3.235e-8
18,"R_Date","D3",,"likelihood",1822.5,1.6173e-8
18,"R_Date","D3",,"likelihood",1823.5,1.6173e-8
18,"R_Date","D3",,"likelihood",1824.5,1.6173e-8
18,"R_Date","D3",,"likelihood",1825.5,0
18,"R_Date","D3",,"likelihood",1826.5,0
18,"R_Date","D3",,"likelihood",1827.5,0
18,"R_Date","D3",,"likelihood",1828.5,0
18,"R_Date","D3",,"likelihood",1829.5,0
18,"R_Date","D3",,"likelihood",1830.5,0
18,"R_Date","D3",,"likelihood",1831.5,0
18,"R_Date","D3",,"likelihood",1832.5,1.6173e-8
18,"R_Date","D3",,"likelihood",1833.5,1.2938e-7
18,"R_Date","D3",,"likelihood",1834.5,3.881e-7
18,"R_Date","D3",,"likelihood",1835.5,7.601e-7
18,"R_Date","D3",,"likelihood",1836.5,0.000003429
18,"R_Date","D3",,"likelihood",1837.5,0.000004253
18,"R_Date","D3",,"likelihood",1838.5,0.000012825
18,"R_Date","D3",,"likelihood",1839.5,0.000015801
18,"R_Date","D3",,"likelihood",1840.5,0.000019407
18,"R_Date","D3",,"likelihood",1841.5,0.000019407
18,"R_Date","D3",,"likelihood",1842.5,0.000015801
18,"R_Date","D3",,"likelihood",1843.5,0.000012825
18,"R_Date","D3",,"likelihood",1844.5,0.000010383
18,"R_Date","D3",,"likelihood",1845.5,0.000008377
18,"R_Date","D3",,"likelihood",1846.5,0.000006728
18,"R_Date","D3",,"likelihood",1847.5,0.000006728
18,"R_Date","D3",,"likelihood",1848.5,0.000005402
18,"R_Date","D3",,"likelihood",1849.5,0.000006728
18,"R_Date","D3",,"likelihood",1850.5,0.000006728
18,"R_Date","D3",,"likelihood",1851.5,0.000008377
18,"R_Date","D3",,"likelihood",1852.5,0.000010383
18,"R_Date","D3",,"likelihood",1853.5,0.000012825
18,"R_Date","D3",,"likelihood",1854.5,0.000012825
18,"R_Date","D3",,"likelihood",1855.5,0.000012825
18,"R_Date","D3",,"likelihood",1856.5,0.000010383
18,"R_Date","D3",,"likelihood",1857.5,0.000008377
18,"R_Date","D3",,"likelihood",1858.5,0.000008377
18,"R_Date","D3",,"likelihood",1859.5,0.000006728
18,"R_Date","D3",,"likelihood",1860.5,0.000005369
18,"R_Date","D3",,"likelihood",1861.5,0.000006744
18,"R_Date","D3",,"likelihood",1862.5,0.000008442
18,"R_Date","D3",,"likelihood",1863.5,0.000010545
18,"R_Date","D3",,"likelihood",1864.5,0.000013116
18,"R_Date","D3",,"likelihood",1865.5,0.000010545
18,"R_Date","D3",,"likelihood",1866.5,0.000008442
18,"R_Date","D3",,"likelihood",1867.5,0.000005369
18,"R_Date","D3",,"likelihood",1868.5,0.000004253
18,"R_Date","D3",,"likelihood",1869.5,0.000003364
18,"R_Date","D3",,"likelihood",1870.5,0.000004253
18,"R_Date","D3",,"likelihood",1871.5,0.000005369
18,"R_Date","D3",,"likelihood",1872.5,0.000008442
18,"R_Date","D3",,"likelihood",1873.5,0.000013116
18,"R_Date","D3",,"likelihood",1874.5,0.00001627
18,"R_Date","D3",,"likelihood",1875.5,0.000023774
18,"R_Date","D3",,"likelihood",1876.5,0.000023774
18,"R_Date","D3",,"likelihood",1877.5,0.000015801
18,"R_Date","D3",,"likelihood",1878.5,0.000008377
18,"R_Date","D3",,"likelihood",1879.5,0.000003429
18,"R_Date","D3",,"likelihood",1880.5,0.0000016981
18,"R_Date","D3",,"likelihood",1881.5,0.0000010512
18,"R_Date","D3",,"likelihood",1882.5,6.469e-7
18,"R_Date","D3",,"likelihood",1883.5,6.469e-7
18,"R_Date","D3",,"likelihood",1884.5,8.248e-7
18,"R_Date","D3",,"likelihood",1885.5,5.984e-7
18,"R_Date","D3",,"likelihood",1886.5,0.0000013423
18,"R_Date","D3",,"likelihood",1887.5,5.984e-7
18,"R_Date","D3",,"likelihood",1888.5,4.528e-7
18,"R_Date","D3",,"likelihood",1889.5,2.7493e-7
18,"R_Date","D3",,"likelihood",1890.5,1.1321e-7
18,"R_Date","D3",,"likelihood",1891.5,4.852e-8
18,"R_Date","D3",,"likelihood",1892.5,1.6173e-8
18,"R_Date","D3",,"likelihood",1893.5,1.6173e-8
18,"R_Date","D3",,"likelihood",1894.5,1.6173e-8
18,"R_Date","D3",,"likelihood",1895.5,0
18,"R_Date","D3",,"likelihood",1896.5,0
18,"R_Date","D3",,"likelihood",1897.5,1.6173e-8
18,"R_Date","D3",,"likelihood",1898.5,0
18,"R_Date","D3",,"likelihood",1899.5,0
18,"R_Date","D3",,"likelihood",1900.5,0
18,"R_Date","D3",,"likelihood",1901.5,0
18,"R_Date","D3",,"likelihood",1902.5,0
18,"R_Date","D3",,"likelihood",1903.5,0
18,"R_Date","D3",,"likelihood",1904.5,1.6173e-8
18,"R_Date","D3",,"likelihood",1905.5,1.6173e-8
18,"R_Date","D3",,"likelihood",1906.5,8.086e-8
18,"R_Date","D3",,"likelihood",1907.5,2.2642e-7
18,"R_Date","D3",,"likelihood",1908.5,5.014e-7
18,"R_Date","D3",,"likelihood",1909.5,0.0000010512
18,"R_Date","D3",,"likelihood",1910.5,0.0000016981
18,"R_Date","D3",,"likelihood",1911.5,0.0000021671
18,"R_Date","D3",,"likelihood",1912.5,0.0000012776
18,"R_Date","D3",,"likelihood",1913.5,0.0000027332
18,"R_Date","D3",,"likelihood",1914.5,0.000003429
18,"R_Date","D3",,"likelihood",1915.5,0.000005402
18,"R_Date","D3",,"likelihood",1916.5,0.000010383
18,"R_Date","D3",,"likelihood",1917.5,0.000019407
18,"R_Date","D3",,"likelihood",1918.5,0.0000353
18,"R_Date","D3",,"likelihood",1919.5,0.00006246
18,"R_Date","D3",,"likelihood",1920.5,0.00008994
18,"R_Date","D3",,"likelihood",1921.5,0.00015186
18,"R_Date","D3",,"likelihood",1922.5,0.00013973
18,"R_Date","D3",,"likelihood",1923.5,0.00024933
18,"R_Date","D3",,"likelihood",1924.5,0.0003981
18,"R_Date","D3",,"likelihood",1925.5,0.0006182
18,"R_Date","D3",,"likelihood",1926.5,0.0010644
18,"R_Date","D3",,"likelihood",1927.5,0.0015488
18,"R_Date","D3",,"likelihood",1928.5,0.0024454
18,"R_Date","D3",,"likelihood",1929.5,0.0030163
18,"R_Date","D3",,"likelihood",1930.5,0.003334
18,"R_Date","D3",,"likelihood",1931.5,0.003675
18,"R_Date","D3",,"likelihood",1932.5,0.003334
18,"R_Date","D3",,"likelihood",1933.5,0.0030163
18,"R_Date","D3",,"likelihood",1934.5,0.0027201
18,"R_Date","D3",,"likelihood",1935.5,0.0024454
18,"R_Date","D3",,"likelihood",1936.5,0.0024454
18,"R_Date","D3",,"likelihood",1937.5,0.0029385
18,"R_Date","D3",,"likelihood",1938.5,0.003558
18,"R_Date","D3",,"likelihood",1939.5,0.004637
18,"R_Date","D3",,"likelihood",1940.5,0.00634
18,"R_Date","D3",,"likelihood",1941.5,0.008276
18,"R_Date","D3",,"likelihood",1942.5,0.010313
18,"R_Date","D3",,"likelihood",1943.5,0.011799
18,"R_Date","D3",,"likelihood",1944.5,0.013558
18,"R_Date","D3",,"likelihood",1945.5,0.014598
18,"R_Date","D3",,"likelihood",1946.5,0.015115
18,"R_Date","D3",,"likelihood",1947.5,0.015582
18,"R_Date","D3",,"likelihood",1948.5,0.015674
18,"R_Date","D3",,"likelihood",1949.5,0.015585
18,"R_Date","D3",,"likelihood",1950.5,0.015319
18,"R_Date","D3",,"posterior",1666.5,0
18,"R_Date","D3",,"posterior",1667.5,0.0000014002
18,"R_Date","D3",,"posterior",1668.5,0.0000018944
18,"R_Date","D3",,"posterior",1669.5,0.0000016473
18,"R_Date","D3",,"posterior",1670.5,0.000004283
18,"R_Date","D3",,"posterior",1671.5,0.000003542
18,"R_Date","D3",,"posterior",1672.5,0.000010214
18,"R_Date","D3",,"posterior",1673.5,0.000005436
18,"R_Date","D3",,"posterior",1674.5,0.000013755
18,"R_Date","D3",,"posterior",1675.5,0.000018203
18,"R_Date","D3",,"posterior",1676.5,0.000021745
18,"R_Date","D3",,"posterior",1677.5,0.00001985
18,"R_Date","D3",,"posterior",1678.5,0.000024134
18,"R_Date","D3",,"posterior",1679.5,0.00003501
18,"R_Date","D3",,"posterior",1680.5,0.000030805
18,"R_Date","D3",,"posterior",1681.5,0.000029817
18,"R_Date","D3",,"posterior",1682.5,0.000018944
18,"R_Date","D3",,"posterior",1683.5,0.000021333
18,"R_Date","D3",,"posterior",1684.5,0.000025122
18,"R_Date","D3",,"posterior",1685.5,0.000012108
18,"R_Date","D3",,"posterior",1686.5,0.000006589
18,"R_Date","D3",,"posterior",1687.5,0.000008319
18,"R_Date","D3",,"posterior",1688.5,0.000010378
18,"R_Date","D3",,"posterior",1689.5,0.000004036
18,"R_Date","D3",,"posterior",1690.5,0.0000021415
18,"R_Date","D3",,"posterior",1691.5,7.413e-7
18,"R_Date","D3",,"posterior",1692.5,9.06e-7
18,"R_Date","D3",,"posterior",1693.5,4.942e-7
18,"R_Date","D3",,"posterior",1694.5,0
18,"R_Date","D3",,"posterior",1695.5,0
18,"R_Date","D3",,"posterior",1696.5,0
18,"R_Date","D3",,"posterior",1697.5,0
18,"R_Date","D3",,"posterior",1698.5,0
18,"R_Date","D3",,"posterior",1699.5,0
18,"R_Date","D3",,"posterior",1700.5,0
18,"R_Date","D3",,"posterior",1701.5,0
18,"R_Date","D3",,"posterior",1702.5,0
18,"R_Date","D3",,"posterior",1703.5,0
18,"R_Date","D3",,"posterior",1704.5,0
18,"R_Date","D3",,"posterior",1705.5,0
18,"R_Date","D3",,"posterior",1706.5,0
18,"R_Date","D3",,"posterior",1707.5,0
18,"R_Date","D3",,"posterior",1708.5,0
18,"R_Date","D3",,"posterior",1709.5,0
18,"R_Date","D3",,"posterior",1710.5,0
18,"R_Date","D3",,"posterior",1711.5,0
18,"R_Date","D3",,"posterior",1712.5,0
18,"R_Date","D3",,"posterior",1713.5,0
18,"R_Date","D3",,"posterior",1714.5,0
18,"R_Date","D3",,"posterior",1715.5,0
18,"R_Date","D3",,"posterior",1716.5,0
18,"R_Date","D3",,"posterior",1717.5,0
18,"R_Date","D3",,"posterior",1718.5,0
18,"R_Date","D3",,"posterior",1719.5,0
18,"R_Date","D3",,"posterior",1720.5,0
18,"R_Date","D3",,"posterior",1721.5,0
18,"R_Date","D3",,"posterior",1722.5,0
18,"R_Date","D3",,"posterior",1723.5,0
18,"R_Date","D3",,"posterior",1724.5,0
18,"R_Date","D3",,"posterior",1725.5,2.471e-7
18,"R_Date","D3",,"posterior",1726.5,0.0000014002
18,"R_Date","D3",,"posterior",1727.5,0.0000026358
18,"R_Date","D3",,"posterior",1728.5,0.000008072
18,"R_Date","D3",,"posterior",1729.5,0.000020098
18,"R_Date","D3",,"posterior",1730.5,0.0000369
18,"R_Date","D3",,"posterior",1731.5,0.00007743
18,"R_Date","D3",,"posterior",1732.5,0.0001219
18,"R_Date","D3",,"posterior",1733.5,0.00015172
18,"R_Date","D3",,"posterior",1734.5,0.00015156
18,"R_Date","D3",,"posterior",1735.5,0.00020221
18,"R_Date","D3",,"posterior",1736.5,0.00022635
18,"R_Date","D3",,"posterior",1737.5,0.00025402
18,"R_Date","D3",,"posterior",1738.5,0.00028408
18,"R_Date","D3",,"posterior",1739.5,0.0003679
18,"R_Date","D3",,"posterior",1740.5,0.0004659
18,"R_Date","D3",,"posterior",1741.5,0.0006144
18,"R_Date","D3",,"posterior",1742.5,0.0007131
18,"R_Date","D3",,"posterior",1743.5,0.0008333
18,"R_Date","D3",,"posterior",1744.5,0.0009841
18,"R_Date","D3",,"posterior",1745.5,0.0009984
18,"R_Date","D3",,"posterior",1746.5,0.0010152
18,"R_Date","D3",,"posterior",1747.5,0.0010751
18,"R_Date","D3",,"posterior",1748.5,0.0009811
18,"R_Date","D3",,"posterior",1749.5,0.0009453
18,"R_Date","D3",,"posterior",1750.5,0.0009396
18,"R_Date","D3",,"posterior",1751.5,0.0008395
18,"R_Date","D3",,"posterior",1752.5,0.0007057
18,"R_Date","D3",,"posterior",1753.5,0.000579
18,"R_Date","D3",,"posterior",1754.5,0.000465
18,"R_Date","D3",,"posterior",1755.5,0.0003819
18,"R_Date","D3",,"posterior",1756.5,0.0003163
18,"R_Date","D3",,"posterior",1757.5,0.00023911
18,"R_Date","D3",,"posterior",1758.5,0.00024455
18,"R_Date","D3",,"posterior",1759.5,0.00028079
18,"R_Date","D3",,"posterior",1760.5,0.0003828
18,"R_Date","D3",,"posterior",1761.5,0.0004991
18,"R_Date","D3",,"posterior",1762.5,0.0006953
18,"R_Date","D3",,"posterior",1763.5,0.0009209
18,"R_Date","D3",,"posterior",1764.5,0.0011718
18,"R_Date","D3",,"posterior",1765.5,0.0013362
18,"R_Date","D3",,"posterior",1766.5,0.0016186
18,"R_Date","D3",,"posterior",1767.5,0.0019039
18,"R_Date","D3",,"posterior",1768.5,0.0020923
18,"R_Date","D3",,"posterior",1769.5,0.0022339
18,"R_Date","D3",,"posterior",1770.5,0.0022164
18,"R_Date","D3",,"posterior",1771.5,0.0020798
18,"R_Date","D3",,"posterior",1772.5,0.001943
18,"R_Date","D3",,"posterior",1773.5,0.0017439
18,"R_Date","D3",,"posterior",1774.5,0.0015315
18,"R_Date","D3",,"posterior",1775.5,0.001487
18,"R_Date","D3",,"posterior",1776.5,0.001558
18,"R_Date","D3",,"posterior",1777.5,0.0017483
18,"R_Date","D3",,"posterior",1778.5,0.0021662
18,"R_Date","D3",,"posterior",1779.5,0.0026153
18,"R_Date","D3",,"posterior",1780.5,0.0031001
18,"R_Date","D3",,"posterior",1781.5,0.003325
18,"R_Date","D3",,"posterior",1782.5,0.003312
18,"R_Date","D3",,"posterior",1783.5,0.0031009
18,"R_Date","D3",,"posterior",1784.5,0.0027692
18,"R_Date","D3",,"posterior",1785.5,0.0021975
18,"R_Date","D3",,"posterior",1786.5,0.0017193
18,"R_Date","D3",,"posterior",1787.5,0.0013589
18,"R_Date","D3",,"posterior",1788.5,0.0011231
18,"R_Date","D3",,"posterior",1789.5,0.0008828
18,"R_Date","D3",,"posterior",1790.5,0.000879
18,"R_Date","D3",,"posterior",1791.5,0.000987
18,"R_Date","D3",,"posterior",1792.5,0.0013977
18,"R_Date","D3",,"posterior",1793.5,0.002227
18,"R_Date","D3",,"posterior",1794.5,0.004331
18,"R_Date","D3",,"posterior",1795.5,0.009201
18,"R_Date","D3",,"posterior",1796.5,0.019131
18,"R_Date","D3",,"posterior",1797.5,0.03535
18,"R_Date","D3",,"posterior",1798.5,0.05158
18,"R_Date","D3",,"posterior",1799.5,0.06048
18,"R_Date","D3",,"posterior",1800.5,0.06315
18,"R_Date","D3",,"posterior",1801.5,0.0649
18,"R_Date","D3",,"posterior",1802.5,0.07156
18,"R_Date","D3",,"posterior",1803.5,0.07604
18,"R_Date","D3",,"posterior",1804.5,0.07876
18,"R_Date","D3",,"posterior",1805.5,0.08237
18,"R_Date","D3",,"posterior",1806.5,0.0702
18,"R_Date","D3",,"posterior",1807.5,0.05355
18,"R_Date","D3",,"posterior",1808.5,0.030942
18,"R_Date","D3",,"posterior",1809.5,0.013963
18,"R_Date","D3",,"posterior",1810.5,0.005041
18,"R_Date","D3",,"posterior",1811.5,0.0017642
18,"R_Date","D3",,"posterior",1812.5,0.0005281
18,"R_Date","D3",,"posterior",1813.5,0.00020855
18,"R_Date","D3",,"posterior",1814.5,0.00009258
18,"R_Date","D3",,"posterior",1815.5,0.00004497
18,"R_Date","D3",,"posterior",1816.5,0.000016062
18,"R_Date","D3",,"posterior",1817.5,0.000015156
18,"R_Date","D3",,"posterior",1818.5,0.000008072
18,"R_Date","D3",,"posterior",1819.5,0.000005436
18,"R_Date","D3",,"posterior",1820.5,0.000005683
18,"R_Date","D3",,"posterior",1821.5,0.000009472
18,"R_Date","D3",,"posterior",1822.5,0.000006589
18,"R_Date","D3",,"posterior",1823.5,0.0000026358
18,"R_Date","D3",,"posterior",1824.5,0
18,"R_Date","D3",,"posterior",1825.5,0
18,"R_Date","D3",,"posterior",1826.5,0
18,"R_Date","D3",,"posterior",1827.5,0
18,"R_Date","D3",,"posterior",1828.5,0
18,"R_Date","D3",,"posterior",1829.5,0
18,"R_Date","D3",,"posterior",1830.5,0
18,"R_Date","D3",,"posterior",1831.5,0
18,"R_Date","D3",,"posterior",1832.5,0.000009472
18,"R_Date","D3",,"posterior",1833.5,0.00004736
18,"R_Date","D3",,"posterior",1834.5,0.00016268
18,"R_Date","D3",,"posterior",1835.5,0.0004075
18,"R_Date","D3",,"posterior",1836.5,0.0013738
18,"R_Date","D3",,"posterior",1837.5,0.0022936
18,"R_Date","D3",,"posterior",1838.5,0.005744
18,"R_Date","D3",,"posterior",1839.5,0.007872
18,"R_Date","D3",,"posterior",1840.5,0.009631
18,"R_Date","D3",,"posterior",1841.5,0.009918
18,"R_Date","D3",,"posterior",1842.5,0.008481
18,"R_Date","D3",,"posterior",1843.5,0.00701
18,"R_Date","D3",,"posterior",1844.5,0.005846
18,"R_Date","D3",,"posterior",1845.5,0.004913
18,"R_Date","D3",,"posterior",1846.5,0.004136
18,"R_Date","D3",,"posterior",1847.5,0.003914
18,"R_Date","D3",,"posterior",1848.5,0.003574
18,"R_Date","D3",,"posterior",1849.5,0.004149
18,"R_Date","D3",,"posterior",1850.5,0.004472
18,"R_Date","D3",,"posterior",1851.5,0.005592
18,"R_Date","D3",,"posterior",1852.5,0.006965
18,"R_Date","D3",,"posterior",1853.5,0.008457
18,"R_Date","D3",,"posterior",1854.5,0.008986
18,"R_Date","D3",,"posterior",1855.5,0.00907
18,"R_Date","D3",,"posterior",1856.5,0.006684
18,"R_Date","D3",,"posterior",1857.5,0.000848
18,"R_Date","D3",,"posterior",1858.5,0
18,"R_Date","D3",,"posterior",1859.5,0
19,"Boundary","Fort Tejon ",,"likelihood",1855,0
19,"Boundary","Fort Tejon ",,"likelihood",1856,0
19,"Boundary","Fort Tejon ",,"likelihood",1857,1
19,"Boundary","Fort Tejon ",,"likelihood",1858,0
19,"Boundary","Fort Tejon ",,"likelihood",1859,0
19,"Boundary","Fort Tejon ",,"posterior",1854,0
19,"Boundary","Fort Tejon ",,"posterior",1855,0
19,"Boundary","Fort Tejon ",,"posterior",1856,0
19,"Boundary","Fort Tejon ",,"posterior",1857,1
19,"Boundary","Fort Tejon ",,"posterior",1858,0
19,"Boundary","Fort Tejon ",,"posterior",1859,0
19,"Boundary","Fort Tejon ",,"posterior",1860,0
21,"R_Date","C109",,"likelihood",1639.5,0
21,"R_Date","C109",,"likelihood",1640.5,0
21,"R_Date","C109",,"likelihood",1641.5,1.2407e-8
21,"R_Date","C109",,"likelihood",1642.5,2.4814e-8
21,"R_Date","C109",,"likelihood",1643.5,6.203e-8
21,"R_Date","C109",,"likelihood",1644.5,1.9851e-7
21,"R_Date","C109",,"likelihood",1645.5,4.218e-7
21,"R_Date","C109",,"likelihood",1646.5,8.685e-7
21,"R_Date","C109",,"likelihood",1647.5,0.0000017742
21,"R_Date","C109",,"likelihood",1648.5,0.000004392
21,"R_Date","C109",,"likelihood",1649.5,0.000008399
21,"R_Date","C109",,"likelihood",1650.5,0.000012742
21,"R_Date","C109",,"likelihood",1651.5,0.000019082
21,"R_Date","C109",,"likelihood",1652.5,0.000028238
21,"R_Date","C109",,"likelihood",1653.5,0.00003419
21,"R_Date","C109",,"likelihood",1654.5,0.00004969
21,"R_Date","C109",,"likelihood",1655.5,0.00005963
21,"R_Date","C109",,"likelihood",1656.5,0.00008506
21,"R_Date","C109",,"likelihood",1657.5,0.00014167
21,"R_Date","C109",,"likelihood",1658.5,0.00022958
21,"R_Date","C109",,"likelihood",1659.5,0.0003619
21,"R_Date","C109",,"likelihood",1660.5,0.0006362
21,"R_Date","C109",,"likelihood",1661.5,0.001065
21,"R_Date","C109",,"likelihood",1662.5,0.0016976
21,"R_Date","C109",,"likelihood",1663.5,0.0025767
21,"R_Date","C109",,"likelihood",1664.5,0.003412
21,"R_Date","C109",,"likelihood",1665.5,0.004753
21,"R_Date","C109",,"likelihood",1666.5,0.006305
21,"R_Date","C109",,"likelihood",1667.5,0.008376
21,"R_Date","C109",,"likelihood",1668.5,0.010305
21,"R_Date","C109",,"likelihood",1669.5,0.011509
21,"R_Date","C109",,"likelihood",1670.5,0.012332
21,"R_Date","C109",,"likelihood",1671.5,0.01233
21,"R_Date","C109",,"likelihood",1672.5,0.011736
21,"R_Date","C109",,"likelihood",1673.5,0.01124
21,"R_Date","C109",,"likelihood",1674.5,0.010949
21,"R_Date","C109",,"likelihood",1675.5,0.010949
21,"R_Date","C109",,"likelihood",1676.5,0.010949
21,"R_Date","C109",,"likelihood",1677.5,0.010949
21,"R_Date","C109",,"likelihood",1678.5,0.010633
21,"R_Date","C109",,"likelihood",1679.5,0.009936
21,"R_Date","C109",,"likelihood",1680.5,0.00917
21,"R_Date","C109",,"likelihood",1681.5,0.007946
21,"R_Date","C109",,"likelihood",1682.5,0.007111
21,"R_Date","C109",,"likelihood",1683.5,0.005883
21,"R_Date","C109",,"likelihood",1684.5,0.004375
21,"R_Date","C109",,"likelihood",1685.5,0.003392
21,"R_Date","C109",,"likelihood",1686.5,0.0023893
21,"R_Date","C109",,"likelihood",1687.5,0.0017186
21,"R_Date","C109",,"likelihood",1688.5,0.0012001
21,"R_Date","C109",,"likelihood",1689.5,0.0008136
21,"R_Date","C109",,"likelihood",1690.5,0.0005355
21,"R_Date","C109",,"likelihood",1691.5,0.0003421
21,"R_Date","C109",,"likelihood",1692.5,0.00021221
21,"R_Date","C109",,"likelihood",1693.5,0.00012778
21,"R_Date","C109",,"likelihood",1694.5,0.00007469
21,"R_Date","C109",,"likelihood",1695.5,0.00003485
21,"R_Date","C109",,"likelihood",1696.5,0.000019007
21,"R_Date","C109",,"likelihood",1697.5,0.000008089
21,"R_Date","C109",,"likelihood",1698.5,0.000004119
21,"R_Date","C109",,"likelihood",1699.5,0.0000020347
21,"R_Date","C109",,"likelihood",1700.5,0.0000012531
21,"R_Date","C109",,"likelihood",1701.5,7.568e-7
21,"R_Date","C109",,"likelihood",1702.5,5.831e-7
21,"R_Date","C109",,"likelihood",1703.5,5.831e-7
21,"R_Date","C109",,"likelihood",1704.5,7.568e-7
21,"R_Date","C109",,"likelihood",1705.5,7.568e-7
21,"R_Date","C109",,"likelihood",1706.5,7.568e-7
21,"R_Date","C109",,"likelihood",1707.5,7.568e-7
21,"R_Date","C109",,"likelihood",1708.5,5.831e-7
21,"R_Date","C109",,"likelihood",1709.5,3.474e-7
21,"R_Date","C109",,"likelihood",1710.5,2.1092e-7
21,"R_Date","C109",,"likelihood",1711.5,1.2407e-7
21,"R_Date","C109",,"likelihood",1712.5,6.203e-8
21,"R_Date","C109",,"likelihood",1713.5,4.963e-8
21,"R_Date","C109",,"likelihood",1714.5,3.722e-8
21,"R_Date","C109",,"likelihood",1715.5,2.4814e-8
21,"R_Date","C109",,"likelihood",1716.5,2.4814e-8
21,"R_Date","C109",,"likelihood",1717.5,3.722e-8
21,"R_Date","C109",,"likelihood",1718.5,8.685e-8
21,"R_Date","C109",,"likelihood",1719.5,2.1092e-7
21,"R_Date","C109",,"likelihood",1720.5,5.831e-7
21,"R_Date","C109",,"likelihood",1721.5,0.0000016005
21,"R_Date","C109",,"likelihood",1722.5,0.000004119
21,"R_Date","C109",,"likelihood",1723.5,0.000010062
21,"R_Date","C109",,"likelihood",1724.5,0.000023337
21,"R_Date","C109",,"likelihood",1725.5,0.00006899
21,"R_Date","C109",,"likelihood",1726.5,0.00013785
21,"R_Date","C109",,"likelihood",1727.5,0.00026211
21,"R_Date","C109",,"likelihood",1728.5,0.0005458
21,"R_Date","C109",,"likelihood",1729.5,0.0010518
21,"R_Date","C109",,"likelihood",1730.5,0.0016813
21,"R_Date","C109",,"likelihood",1731.5,0.0028191
21,"R_Date","C109",,"likelihood",1732.5,0.003704
21,"R_Date","C109",,"likelihood",1733.5,0.004375
21,"R_Date","C109",,"likelihood",1734.5,0.004733
21,"R_Date","C109",,"likelihood",1735.5,0.005105
21,"R_Date","C109",,"likelihood",1736.5,0.005488
21,"R_Date","C109",,"likelihood",1737.5,0.005883
21,"R_Date","C109",,"likelihood",1738.5,0.006696
21,"R_Date","C109",,"likelihood",1739.5,0.007528
21,"R_Date","C109",,"likelihood",1740.5,0.008769
21,"R_Date","C109",,"likelihood",1741.5,0.009936
21,"R_Date","C109",,"likelihood",1742.5,0.010949
21,"R_Date","C109",,"likelihood",1743.5,0.011503
21,"R_Date","C109",,"likelihood",1744.5,0.011936
21,"R_Date","C109",,"likelihood",1745.5,0.011936
21,"R_Date","C109",,"likelihood",1746.5,0.011936
21,"R_Date","C109",,"likelihood",1747.5,0.011936
21,"R_Date","C109",,"likelihood",1748.5,0.011736
21,"R_Date","C109",,"likelihood",1749.5,0.011503
21,"R_Date","C109",,"likelihood",1750.5,0.01124
21,"R_Date","C109",,"likelihood",1751.5,0.010633
21,"R_Date","C109",,"likelihood",1752.5,0.00956
21,"R_Date","C109",,"likelihood",1753.5,0.00836
21,"R_Date","C109",,"likelihood",1754.5,0.007111
21,"R_Date","C109",,"likelihood",1755.5,0.005788
21,"R_Date","C109",,"likelihood",1756.5,0.004978
21,"R_Date","C109",,"likelihood",1757.5,0.004375
21,"R_Date","C109",,"likelihood",1758.5,0.004032
21,"R_Date","C109",,"likelihood",1759.5,0.004375
21,"R_Date","C109",,"likelihood",1760.5,0.005105
21,"R_Date","C109",,"likelihood",1761.5,0.006696
21,"R_Date","C109",,"likelihood",1762.5,0.007946
21,"R_Date","C109",,"likelihood",1763.5,0.00917
21,"R_Date","C109",,"likelihood",1764.5,0.010294
21,"R_Date","C109",,"likelihood",1765.5,0.01124
21,"R_Date","C109",,"likelihood",1766.5,0.011736
21,"R_Date","C109",,"likelihood",1767.5,0.012235
21,"R_Date","C109",,"likelihood",1768.5,0.012387
21,"R_Date","C109",,"likelihood",1769.5,0.012407
21,"R_Date","C109",,"likelihood",1770.5,0.012407
21,"R_Date","C109",,"likelihood",1771.5,0.01233
21,"R_Date","C109",,"likelihood",1772.5,0.012103
21,"R_Date","C109",,"likelihood",1773.5,0.011503
21,"R_Date","C109",,"likelihood",1774.5,0.010633
21,"R_Date","C109",,"likelihood",1775.5,0.010294
21,"R_Date","C109",,"likelihood",1776.5,0.010294
21,"R_Date","C109",,"likelihood",1777.5,0.010949
21,"R_Date","C109",,"likelihood",1778.5,0.011736
21,"R_Date","C109",,"likelihood",1779.5,0.012387
21,"R_Date","C109",,"likelihood",1780.5,0.012107
21,"R_Date","C109",,"likelihood",1781.5,0.010643
21,"R_Date","C109",,"likelihood",1782.5,0.008784
21,"R_Date","C109",,"likelihood",1783.5,0.006714
21,"R_Date","C109",,"likelihood",1784.5,0.005125
21,"R_Date","C109",,"likelihood",1785.5,0.003412
21,"R_Date","C109",,"likelihood",1786.5,0.0023321
21,"R_Date","C109",,"likelihood",1787.5,0.0016976
21,"R_Date","C109",,"likelihood",1788.5,0.0012022
21,"R_Date","C109",,"likelihood",1789.5,0.0008282
21,"R_Date","C109",,"likelihood",1790.5,0.000727
21,"R_Date","C109",,"likelihood",1791.5,0.0008282
21,"R_Date","C109",,"likelihood",1792.5,0.001065
21,"R_Date","C109",,"likelihood",1793.5,0.0016976
21,"R_Date","C109",,"likelihood",1794.5,0.0031167
21,"R_Date","C109",,"likelihood",1795.5,0.005902
21,"R_Date","C109",,"likelihood",1796.5,0.009573
21,"R_Date","C109",,"likelihood",1797.5,0.012107
21,"R_Date","C109",,"likelihood",1798.5,0.011936
21,"R_Date","C109",,"likelihood",1799.5,0.009936
21,"R_Date","C109",,"likelihood",1800.5,0.007528
21,"R_Date","C109",,"likelihood",1801.5,0.005883
21,"R_Date","C109",,"likelihood",1802.5,0.005105
21,"R_Date","C109",,"likelihood",1803.5,0.004375
21,"R_Date","C109",,"likelihood",1804.5,0.003704
21,"R_Date","C109",,"likelihood",1805.5,0.003392
21,"R_Date","C109",,"likelihood",1806.5,0.002558
21,"R_Date","C109",,"likelihood",1807.5,0.001876
21,"R_Date","C109",,"likelihood",1808.5,0.0010518
21,"R_Date","C109",,"likelihood",1809.5,0.0004742
21,"R_Date","C109",,"likelihood",1810.5,0.00019128
21,"R_Date","C109",,"likelihood",1811.5,0.00006899
21,"R_Date","C109",,"likelihood",1812.5,0.000022258
21,"R_Date","C109",,"likelihood",1813.5,0.000009839
21,"R_Date","C109",,"likelihood",1814.5,0.000004144
21,"R_Date","C109",,"likelihood",1815.5,0.0000020968
21,"R_Date","C109",,"likelihood",1816.5,0.0000010298
21,"R_Date","C109",,"likelihood",1817.5,8.064e-7
21,"R_Date","C109",,"likelihood",1818.5,3.474e-7
21,"R_Date","C109",,"likelihood",1819.5,2.7295e-7
21,"R_Date","C109",,"likelihood",1820.5,2.7295e-7
21,"R_Date","C109",,"likelihood",1821.5,3.474e-7
21,"R_Date","C109",,"likelihood",1822.5,2.7295e-7
21,"R_Date","C109",,"likelihood",1823.5,2.7295e-7
21,"R_Date","C109",,"likelihood",1824.5,1.6129e-7
21,"R_Date","C109",,"likelihood",1825.5,8.685e-8
21,"R_Date","C109",,"likelihood",1826.5,4.963e-8
21,"R_Date","C109",,"likelihood",1827.5,2.4814e-8
21,"R_Date","C109",,"likelihood",1828.5,6.203e-8
21,"R_Date","C109",,"likelihood",1829.5,6.203e-8
21,"R_Date","C109",,"likelihood",1830.5,4.963e-8
21,"R_Date","C109",,"likelihood",1831.5,8.685e-8
21,"R_Date","C109",,"likelihood",1832.5,2.7295e-7
21,"R_Date","C109",,"likelihood",1833.5,0.0000013027
21,"R_Date","C109",,"likelihood",1834.5,0.000003313
21,"R_Date","C109",,"likelihood",1835.5,0.000006476
21,"R_Date","C109",,"likelihood",1836.5,0.000022258
21,"R_Date","C109",,"likelihood",1837.5,0.000028573
21,"R_Date","C109",,"likelihood",1838.5,0.00006899
21,"R_Date","C109",,"likelihood",1839.5,0.00008242
21,"R_Date","C109",,"likelihood",1840.5,0.00009814
21,"R_Date","C109",,"likelihood",1841.5,0.00009814
21,"R_Date","C109",,"likelihood",1842.5,0.00008242
21,"R_Date","C109",,"likelihood",1843.5,0.00006899
21,"R_Date","C109",,"likelihood",1844.5,0.00005759
21,"R_Date","C109",,"likelihood",1845.5,0.00004792
21,"R_Date","C109",,"likelihood",1846.5,0.00003974
21,"R_Date","C109",,"likelihood",1847.5,0.00003974
21,"R_Date","C109",,"likelihood",1848.5,0.00003287
21,"R_Date","C109",,"likelihood",1849.5,0.00003974
21,"R_Date","C109",,"likelihood",1850.5,0.00003974
21,"R_Date","C109",,"likelihood",1851.5,0.00004792
21,"R_Date","C109",,"likelihood",1852.5,0.00005759
21,"R_Date","C109",,"likelihood",1853.5,0.00006899
21,"R_Date","C109",,"likelihood",1854.5,0.00006899
21,"R_Date","C109",,"likelihood",1855.5,0.00006899
21,"R_Date","C109",,"likelihood",1856.5,0.00005759
21,"R_Date","C109",,"likelihood",1857.5,0.00004792
21,"R_Date","C109",,"likelihood",1858.5,0.00004792
21,"R_Date","C109",,"likelihood",1859.5,0.00003974
21,"R_Date","C109",,"likelihood",1860.5,0.00003485
21,"R_Date","C109",,"likelihood",1861.5,0.00004238
21,"R_Date","C109",,"likelihood",1862.5,0.00005136
21,"R_Date","C109",,"likelihood",1863.5,0.00006203
21,"R_Date","C109",,"likelihood",1864.5,0.00007469
21,"R_Date","C109",,"likelihood",1865.5,0.00006203
21,"R_Date","C109",,"likelihood",1866.5,0.00005136
21,"R_Date","C109",,"likelihood",1867.5,0.00003485
21,"R_Date","C109",,"likelihood",1868.5,0.000028573
21,"R_Date","C109",,"likelihood",1869.5,0.000023337
21,"R_Date","C109",,"likelihood",1870.5,0.000028573
21,"R_Date","C109",,"likelihood",1871.5,0.00003485
21,"R_Date","C109",,"likelihood",1872.5,0.00005136
21,"R_Date","C109",,"likelihood",1873.5,0.00007469
21,"R_Date","C109",,"likelihood",1874.5,0.00008963
21,"R_Date","C109",,"likelihood",1875.5,0.0001165
21,"R_Date","C109",,"likelihood",1876.5,0.0001165
21,"R_Date","C109",,"likelihood",1877.5,0.00008242
21,"R_Date","C109",,"likelihood",1878.5,0.00004792
21,"R_Date","C109",,"likelihood",1879.5,0.000022258
21,"R_Date","C109",,"likelihood",1880.5,0.000012122
21,"R_Date","C109",,"likelihood",1881.5,0.000007965
21,"R_Date","C109",,"likelihood",1882.5,0.000005161
21,"R_Date","C109",,"likelihood",1883.5,0.000005161
21,"R_Date","C109",,"likelihood",1884.5,0.000006427
21,"R_Date","C109",,"likelihood",1885.5,0.000005174
21,"R_Date","C109",,"likelihood",1886.5,0.000009839
21,"R_Date","C109",,"likelihood",1887.5,0.000005174
21,"R_Date","C109",,"likelihood",1888.5,0.000004119
21,"R_Date","C109",,"likelihood",1889.5,0.0000025806
21,"R_Date","C109",,"likelihood",1890.5,0.0000012531
21,"R_Date","C109",,"likelihood",1891.5,5.831e-7
21,"R_Date","C109",,"likelihood",1892.5,2.1092e-7
21,"R_Date","C109",,"likelihood",1893.5,1.2407e-7
21,"R_Date","C109",,"likelihood",1894.5,1.3648e-7
21,"R_Date","C109",,"likelihood",1895.5,6.203e-8
21,"R_Date","C109",,"likelihood",1896.5,4.963e-8
21,"R_Date","C109",,"likelihood",1897.5,1.3648e-7
21,"R_Date","C109",,"likelihood",1898.5,9.926e-8
21,"R_Date","C109",,"likelihood",1899.5,7.444e-8
21,"R_Date","C109",,"likelihood",1900.5,6.203e-8
21,"R_Date","C109",,"likelihood",1901.5,4.963e-8
21,"R_Date","C109",,"likelihood",1902.5,4.963e-8
21,"R_Date","C109",,"likelihood",1903.5,6.203e-8
21,"R_Date","C109",,"likelihood",1904.5,1.3648e-7
21,"R_Date","C109",,"likelihood",1905.5,1.6129e-7
21,"R_Date","C109",,"likelihood",1906.5,8.064e-7
21,"R_Date","C109",,"likelihood",1907.5,0.0000020968
21,"R_Date","C109",,"likelihood",1908.5,0.000004144
21,"R_Date","C109",,"likelihood",1909.5,0.000007965
21,"R_Date","C109",,"likelihood",1910.5,0.000012122
21,"R_Date","C109",,"likelihood",1911.5,0.000014888
21,"R_Date","C109",,"likelihood",1912.5,0.000010062
21,"R_Date","C109",,"likelihood",1913.5,0.000018238
21,"R_Date","C109",,"likelihood",1914.5,0.000022258
21,"R_Date","C109",,"likelihood",1915.5,0.00003287
21,"R_Date","C109",,"likelihood",1916.5,0.00005759
21,"R_Date","C109",,"likelihood",1917.5,0.00009814
21,"R_Date","C109",,"likelihood",1918.5,0.00016264
21,"R_Date","C109",,"likelihood",1919.5,0.00026211
21,"R_Date","C109",,"likelihood",1920.5,0.0003548
21,"R_Date","C109",,"likelihood",1921.5,0.0005458
21,"R_Date","C109",,"likelihood",1922.5,0.0005355
21,"R_Date","C109",,"likelihood",1923.5,0.0008166
21,"R_Date","C109",,"likelihood",1924.5,0.0011881
21,"R_Date","C109",,"likelihood",1925.5,0.0016813
21,"R_Date","C109",,"likelihood",1926.5,0.002558
21,"R_Date","C109",,"likelihood",1927.5,0.003392
21,"R_Date","C109",,"likelihood",1928.5,0.004733
21,"R_Date","C109",,"likelihood",1929.5,0.005488
21,"R_Date","C109",,"likelihood",1930.5,0.005883
21,"R_Date","C109",,"likelihood",1931.5,0.006286
21,"R_Date","C109",,"likelihood",1932.5,0.005883
21,"R_Date","C109",,"likelihood",1933.5,0.005488
21,"R_Date","C109",,"likelihood",1934.5,0.005105
21,"R_Date","C109",,"likelihood",1935.5,0.004733
21,"R_Date","C109",,"likelihood",1936.5,0.004733
21,"R_Date","C109",,"likelihood",1937.5,0.005221
21,"R_Date","C109",,"likelihood",1938.5,0.005965
21,"R_Date","C109",,"likelihood",1939.5,0.007128
21,"R_Date","C109",,"likelihood",1940.5,0.00868
21,"R_Date","C109",,"likelihood",1941.5,0.01009
21,"R_Date","C109",,"likelihood",1942.5,0.011199
21,"R_Date","C109",,"likelihood",1943.5,0.011748
21,"R_Date","C109",,"likelihood",1944.5,0.012024
21,"R_Date","C109",,"likelihood",1945.5,0.011871
21,"R_Date","C109",,"likelihood",1946.5,0.0116
21,"R_Date","C109",,"likelihood",1947.5,0.010966
21,"R_Date","C109",,"likelihood",1948.5,0.010412
21,"R_Date","C109",,"likelihood",1949.5,0.009771
21,"R_Date","C109",,"likelihood",1950.5,0.009065
21,"R_Date","C109",,"posterior",1854,0
21,"R_Date","C109",,"posterior",1855,0
21,"R_Date","C109",,"posterior",1856,0
21,"R_Date","C109",,"posterior",1857,0.0009316
21,"R_Date","C109",,"posterior",1858,0.0016977
21,"R_Date","C109",,"posterior",1859,0.0015745
21,"R_Date","C109",,"posterior",1860,0.0013625
21,"R_Date","C109",,"posterior",1861,0.0013565
21,"R_Date","C109",,"posterior",1862,0.0015954
21,"R_Date","C109",,"posterior",1863,0.0019884
21,"R_Date","C109",,"posterior",1864,0.002334
21,"R_Date","C109",,"posterior",1865,0.0023113
21,"R_Date","C109",,"posterior",1866,0.0018568
21,"R_Date","C109",,"posterior",1867,0.0013528
21,"R_Date","C109",,"posterior",1868,0.0009913
21,"R_Date","C109",,"posterior",1869,0.000813
21,"R_Date","C109",,"posterior",1870,0.0008028
21,"R_Date","C109",,"posterior",1871,0.0009624
21,"R_Date","C109",,"posterior",1872,0.0013407
21,"R_Date","C109",,"posterior",1873,0.0018644
21,"R_Date","C109",,"posterior",1874,0.002429
21,"R_Date","C109",,"posterior",1875,0.0031264
21,"R_Date","C109",,"posterior",1876,0.003469
21,"R_Date","C109",,"posterior",1877,0.0028279
21,"R_Date","C109",,"posterior",1878,0.0018101
21,"R_Date","C109",,"posterior",1879,0.0009079
21,"R_Date","C109",,"posterior",1880,0.0004685
21,"R_Date","C109",,"posterior",1881,0.00027651
21,"R_Date","C109",,"posterior",1882,0.00019035
21,"R_Date","C109",,"posterior",1883,0.00013897
21,"R_Date","C109",,"posterior",1884,0.00014227
21,"R_Date","C109",,"posterior",1885,0.00014511
21,"R_Date","C109",,"posterior",1886,0.00019766
21,"R_Date","C109",,"posterior",1887,0.00017045
21,"R_Date","C109",,"posterior",1888,0.00010937
21,"R_Date","C109",,"posterior",1889,0.00007504
21,"R_Date","C109",,"posterior",1890,0.00004143
21,"R_Date","C109",,"posterior",1891,0.000026301
21,"R_Date","C109",,"posterior",1892,0.000009495
21,"R_Date","C109",,"posterior",1893,0.000005433
21,"R_Date","C109",,"posterior",1894,0.000004011
21,"R_Date","C109",,"posterior",1895,0.0000021325
21,"R_Date","C109",,"posterior",1896,9.647e-7
21,"R_Date","C109",,"posterior",1897,0.0000030972
21,"R_Date","C109",,"posterior",1898,0.0000028433
21,"R_Date","C109",,"posterior",1899,0.0000016755
21,"R_Date","C109",,"posterior",1900,0.0000016755
21,"R_Date","C109",,"posterior",1901,9.647e-7
21,"R_Date","C109",,"posterior",1902,0.0000014217
21,"R_Date","C109",,"posterior",1903,0.0000011678
21,"R_Date","C109",,"posterior",1904,0.0000011678
21,"R_Date","C109",,"posterior",1905,0.0000030972
21,"R_Date","C109",,"posterior",1906,0.000007362
21,"R_Date","C109",,"posterior",1907,0.000023915
21,"R_Date","C109",,"posterior",1908,0.00005585
21,"R_Date","C109",,"posterior",1909,0.00010439
21,"R_Date","C109",,"posterior",1910,0.00016314
21,"R_Date","C109",,"posterior",1911,0.00021518
21,"R_Date","C109",,"posterior",1912,0.00019888
21,"R_Date","C109",,"posterior",1913,0.00017471
21,"R_Date","C109",,"posterior",1914,0.00030871
21,"R_Date","C109",,"posterior",1915,0.0003897
21,"R_Date","C109",,"posterior",1916,0.000603
21,"R_Date","C109",,"posterior",1917,0.0010542
21,"R_Date","C109",,"posterior",1918,0.001786
21,"R_Date","C109",,"posterior",1919,0.0026409
21,"R_Date","C109",,"posterior",1920,0.00383
21,"R_Date","C109",,"posterior",1921,0.005515
21,"R_Date","C109",,"posterior",1922,0.006323
21,"R_Date","C109",,"posterior",1923,0.007383
21,"R_Date","C109",,"posterior",1924,0.010786
21,"R_Date","C109",,"posterior",1925,0.015286
21,"R_Date","C109",,"posterior",1926,0.021465
21,"R_Date","C109",,"posterior",1927,0.029242
21,"R_Date","C109",,"posterior",1928,0.03867
21,"R_Date","C109",,"posterior",1929,0.0463
21,"R_Date","C109",,"posterior",1930,0.04966
21,"R_Date","C109",,"posterior",1931,0.05077
21,"R_Date","C109",,"posterior",1932,0.04888
21,"R_Date","C109",,"posterior",1933,0.04338
21,"R_Date","C109",,"posterior",1934,0.0386
21,"R_Date","C109",,"posterior",1935,0.03379
21,"R_Date","C109",,"posterior",1936,0.031368
21,"R_Date","C109",,"posterior",1937,0.030485
21,"R_Date","C109",,"posterior",1938,0.03191
21,"R_Date","C109",,"posterior",1939,0.03548
21,"R_Date","C109",,"posterior",1940,0.03955
21,"R_Date","C109",,"posterior",1941,0.04391
21,"R_Date","C109",,"posterior",1942,0.04551
21,"R_Date","C109",,"posterior",1943,0.04531
21,"R_Date","C109",,"posterior",1944,0.04274
21,"R_Date","C109",,"posterior",1945,0.03779
21,"R_Date","C109",,"posterior",1946,0.03327
21,"R_Date","C109",,"posterior",1947,0.027726
21,"R_Date","C109",,"posterior",1948,0.021816
21,"R_Date","C109",,"posterior",1949,0.016777
21,"R_Date","C109",,"posterior",1950,0.012516
21,"R_Date","C109",,"posterior",1951,0.004514
21,"R_Date","C109",,"posterior",1952,0
21,"R_Date","C109",,"posterior",1953,0
21,"R_Date","C109",,"posterior",1954,0
21,"R_Date","C109",,"posterior",1955,0
22,"Calculate","Groundshaking Event ",,"posterior",1854,0
22,"Calculate","Groundshaking Event ",,"posterior",1855,0
22,"Calculate","Groundshaking Event ",,"posterior",1856,0
22,"Calculate","Groundshaking Event ",,"posterior",1857,0.000003538
22,"Calculate","Groundshaking Event ",,"posterior",1858,0.000018501
22,"Calculate","Groundshaking Event ",,"posterior",1859,0.00003361
22,"Calculate","Groundshaking Event ",,"posterior",1860,0.00005447
22,"Calculate","Groundshaking Event ",,"posterior",1861,0.00006133
22,"Calculate","Groundshaking Event ",,"posterior",1862,0.00008572
22,"Calculate","Groundshaking Event ",,"posterior",1863,0.00010179
22,"Calculate","Groundshaking Event ",,"posterior",1864,0.00012147
22,"Calculate","Groundshaking Event ",,"posterior",1865,0.00015413
22,"Calculate","Groundshaking Event ",,"posterior",1866,0.00017329
22,"Calculate","Groundshaking Event ",,"posterior",1867,0.00018774
22,"Calculate","Groundshaking Event ",,"posterior",1868,0.00020904
22,"Calculate","Groundshaking Event ",,"posterior",1869,0.00022423
22,"Calculate","Groundshaking Event ",,"posterior",1870,0.00022349
22,"Calculate","Groundshaking Event ",,"posterior",1871,0.0002299
22,"Calculate","Groundshaking Event ",,"posterior",1872,0.00024052
22,"Calculate","Groundshaking Event ",,"posterior",1873,0.00026661
22,"Calculate","Groundshaking Event ",,"posterior",1874,0.00028879
22,"Calculate","Groundshaking Event ",,"posterior",1875,0.0003362
22,"Calculate","Groundshaking Event ",,"posterior",1876,0.0003807
22,"Calculate","Groundshaking Event ",,"posterior",1877,0.0004339
22,"Calculate","Groundshaking Event ",,"posterior",1878,0.0004675
22,"Calculate","Groundshaking Event ",,"posterior",1879,0.0004657
22,"Calculate","Groundshaking Event ",,"posterior",1880,0.000481
22,"Calculate","Groundshaking Event ",,"posterior",1881,0.0004829
22,"Calculate","Groundshaking Event ",,"posterior",1882,0.0004865
22,"Calculate","Groundshaking Event ",,"posterior",1883,0.0004692
22,"Calculate","Groundshaking Event ",,"posterior",1884,0.0004915
22,"Calculate","Groundshaking Event ",,"posterior",1885,0.0004822
22,"Calculate","Groundshaking Event ",,"posterior",1886,0.0004945
22,"Calculate","Groundshaking Event ",,"posterior",1887,0.0004888
22,"Calculate","Groundshaking Event ",,"posterior",1888,0.000504
22,"Calculate","Groundshaking Event ",,"posterior",1889,0.0004843
22,"Calculate","Groundshaking Event ",,"posterior",1890,0.0005078
22,"Calculate","Groundshaking Event ",,"posterior",1891,0.000509
22,"Calculate","Groundshaking Event ",,"posterior",1892,0.0004976
22,"Calculate","Groundshaking Event ",,"posterior",1893,0.0005026
22,"Calculate","Groundshaking Event ",,"posterior",1894,0.0005028
22,"Calculate","Groundshaking Event ",,"posterior",1895,0.0005045
22,"Calculate","Groundshaking Event ",,"posterior",1896,0.0004988
22,"Calculate","Groundshaking Event ",,"posterior",1897,0.0005126
22,"Calculate","Groundshaking Event ",,"posterior",1898,0.000481
22,"Calculate","Groundshaking Event ",,"posterior",1899,0.0005069
22,"Calculate","Groundshaking Event ",,"posterior",1900,0.0005021
22,"Calculate","Groundshaking Event ",,"posterior",1901,0.0005014
22,"Calculate","Groundshaking Event ",,"posterior",1902,0.0005076
22,"Calculate","Groundshaking Event ",,"posterior",1903,0.0005078
22,"Calculate","Groundshaking Event ",,"posterior",1904,0.0005028
22,"Calculate","Groundshaking Event ",,"posterior",1905,0.0005144
22,"Calculate","Groundshaking Event ",,"posterior",1906,0.0005078
22,"Calculate","Groundshaking Event ",,"posterior",1907,0.0005003
22,"Calculate","Groundshaking Event ",,"posterior",1908,0.0005038
22,"Calculate","Groundshaking Event ",,"posterior",1909,0.0004822
22,"Calculate","Groundshaking Event ",,"posterior",1910,0.0005099
22,"Calculate","Groundshaking Event ",,"posterior",1911,0.0005156
22,"Calculate","Groundshaking Event ",,"posterior",1912,0.000554
22,"Calculate","Groundshaking Event ",,"posterior",1913,0.0005187
22,"Calculate","Groundshaking Event ",,"posterior",1914,0.0005078
22,"Calculate","Groundshaking Event ",,"posterior",1915,0.0005452
22,"Calculate","Groundshaking Event ",,"posterior",1916,0.0005568
22,"Calculate","Groundshaking Event ",,"posterior",1917,0.0005521
22,"Calculate","Groundshaking Event ",,"posterior",1918,0.0006115
22,"Calculate","Groundshaking Event ",,"posterior",1919,0.0006752
22,"Calculate","Groundshaking Event ",,"posterior",1920,0.0008045
22,"Calculate","Groundshaking Event ",,"posterior",1921,0.0008916
22,"Calculate","Groundshaking Event ",,"posterior",1922,0.0011084
22,"Calculate","Groundshaking Event ",,"posterior",1923,0.0013099
22,"Calculate","Groundshaking Event ",,"posterior",1924,0.0016162
22,"Calculate","Groundshaking Event ",,"posterior",1925,0.002067
22,"Calculate","Groundshaking Event ",,"posterior",1926,0.0027247
22,"Calculate","Groundshaking Event ",,"posterior",1927,0.0037
22,"Calculate","Groundshaking Event ",,"posterior",1928,0.00492
22,"Calculate","Groundshaking Event ",,"posterior",1929,0.00668
22,"Calculate","Groundshaking Event ",,"posterior",1930,0.008647
22,"Calculate","Groundshaking Event ",,"posterior",1931,0.010871
22,"Calculate","Groundshaking Event ",,"posterior",1932,0.013178
22,"Calculate","Groundshaking Event ",,"posterior",1933,0.015389
22,"Calculate","Groundshaking Event ",,"posterior",1934,0.017443
22,"Calculate","Groundshaking Event ",,"posterior",1935,0.019393
22,"Calculate","Groundshaking Event ",,"posterior",1936,0.021054
22,"Calculate","Groundshaking Event ",,"posterior",1937,0.023055
22,"Calculate","Groundshaking Event ",,"posterior",1938,0.0248
22,"Calculate","Groundshaking Event ",,"posterior",1939,0.027008
22,"Calculate","Groundshaking Event ",,"posterior",1940,0.029826
22,"Calculate","Groundshaking Event ",,"posterior",1941,0.033
22,"Calculate","Groundshaking Event ",,"posterior",1942,0.03668
22,"Calculate","Groundshaking Event ",,"posterior",1943,0.04099
22,"Calculate","Groundshaking Event ",,"posterior",1944,0.04536
22,"Calculate","Groundshaking Event ",,"posterior",1945,0.04962
22,"Calculate","Groundshaking Event ",,"posterior",1946,0.0542
22,"Calculate","Groundshaking Event ",,"posterior",1947,0.05859
22,"Calculate","Groundshaking Event ",,"posterior",1948,0.06252
22,"Calculate","Groundshaking Event ",,"posterior",1949,0.06659
22,"Calculate","Groundshaking Event ",,"posterior",1950,0.07018
22,"Calculate","Groundshaking Event ",,"posterior",1951,0.07318
22,"Calculate","Groundshaking Event ",,"posterior",1952,0.07371
22,"Calculate","Groundshaking Event ",,"posterior",1953,0.07365
22,"Calculate","Groundshaking Event ",,"posterior",1954,0
22,"Calculate","Groundshaking Event ",,"posterior",1955,0
