"index","op","name","z","type","value","probability"
2,"Boundary","base",NA,"posterior",1121,0
2,"Boundary","base",NA,"posterior",1122,1.0428e-05
2,"Boundary","base",NA,"posterior",1123,1.4586e-05
2,"Boundary","base",NA,"posterior",1124,1.0428e-05
2,"Boundary","base",NA,"posterior",1125,1.9799e-05
2,"Boundary","base",NA,"posterior",1126,1.5609e-05
2,"Boundary","base",NA,"posterior",1127,1.4586e-05
2,"Boundary","base",NA,"posterior",1128,2.2901e-05
2,"Boundary","base",NA,"posterior",1129,2.0822e-05
2,"Boundary","base",NA,"posterior",1130,2.2901e-05
2,"Boundary","base",NA,"posterior",1131,2.3957e-05
2,"Boundary","base",NA,"posterior",1132,2.0822e-05
2,"Boundary","base",NA,"posterior",1133,3.333e-05
2,"Boundary","base",NA,"posterior",1134,2.2901e-05
2,"Boundary","base",NA,"posterior",1135,4.376e-05
2,"Boundary","base",NA,"posterior",1136,2.0822e-05
2,"Boundary","base",NA,"posterior",1137,2.8115e-05
2,"Boundary","base",NA,"posterior",1138,2.8115e-05
2,"Boundary","base",NA,"posterior",1139,3.646e-05
2,"Boundary","base",NA,"posterior",1140,6.666e-05
2,"Boundary","base",NA,"posterior",1141,4.27e-05
2,"Boundary","base",NA,"posterior",1142,4.27e-05
2,"Boundary","base",NA,"posterior",1143,4.791e-05
2,"Boundary","base",NA,"posterior",1144,5.729e-05
2,"Boundary","base",NA,"posterior",1145,4.27e-05
2,"Boundary","base",NA,"posterior",1146,6.458e-05
2,"Boundary","base",NA,"posterior",1147,5.937e-05
2,"Boundary","base",NA,"posterior",1148,5.626e-05
2,"Boundary","base",NA,"posterior",1149,6.042e-05
2,"Boundary","base",NA,"posterior",1150,5.834e-05
2,"Boundary","base",NA,"posterior",1151,9.689e-05
2,"Boundary","base",NA,"posterior",1152,8.751e-05
2,"Boundary","base",NA,"posterior",1153,7.603e-05
2,"Boundary","base",NA,"posterior",1154,6.356e-05
2,"Boundary","base",NA,"posterior",1155,7.187e-05
2,"Boundary","base",NA,"posterior",1156,8.751e-05
2,"Boundary","base",NA,"posterior",1157,9.062e-05
2,"Boundary","base",NA,"posterior",1158,0.00012814
2,"Boundary","base",NA,"posterior",1159,0.00011147
2,"Boundary","base",NA,"posterior",1160,9.269e-05
2,"Boundary","base",NA,"posterior",1161,0.00010834
2,"Boundary","base",NA,"posterior",1162,9.269e-05
2,"Boundary","base",NA,"posterior",1163,0.00014061
2,"Boundary","base",NA,"posterior",1164,0.00015939
2,"Boundary","base",NA,"posterior",1165,0.00016562
2,"Boundary","base",NA,"posterior",1166,0.00013853
2,"Boundary","base",NA,"posterior",1167,0.00020311
2,"Boundary","base",NA,"posterior",1168,0.00019585
2,"Boundary","base",NA,"posterior",1169,0.00020938
2,"Boundary","base",NA,"posterior",1170,0.00017397
2,"Boundary","base",NA,"posterior",1171,0.00021146
2,"Boundary","base",NA,"posterior",1172,0.00024165
2,"Boundary","base",NA,"posterior",1173,0.00020938
2,"Boundary","base",NA,"posterior",1174,0.00029478
2,"Boundary","base",NA,"posterior",1175,0.00028646
2,"Boundary","base",NA,"posterior",1176,0.00029062
2,"Boundary","base",NA,"posterior",1177,0.00027604
2,"Boundary","base",NA,"posterior",1178,0.00035
2,"Boundary","base",NA,"posterior",1179,0.00028231
2,"Boundary","base",NA,"posterior",1180,0.000351
2,"Boundary","base",NA,"posterior",1181,0.0003833
2,"Boundary","base",NA,"posterior",1182,0.0003479
2,"Boundary","base",NA,"posterior",1183,0.0004271
2,"Boundary","base",NA,"posterior",1184,0.0004292
2,"Boundary","base",NA,"posterior",1185,0.0004458
2,"Boundary","base",NA,"posterior",1186,0.0005229
2,"Boundary","base",NA,"posterior",1187,0.0005531
2,"Boundary","base",NA,"posterior",1188,0.0004729
2,"Boundary","base",NA,"posterior",1189,0.0006125
2,"Boundary","base",NA,"posterior",1190,0.0005604
2,"Boundary","base",NA,"posterior",1191,0.0007271
2,"Boundary","base",NA,"posterior",1192,0.0006229
2,"Boundary","base",NA,"posterior",1193,0.0007813
2,"Boundary","base",NA,"posterior",1194,0.0007615
2,"Boundary","base",NA,"posterior",1195,0.0008615
2,"Boundary","base",NA,"posterior",1196,0.0008739
2,"Boundary","base",NA,"posterior",1197,0.0009281
2,"Boundary","base",NA,"posterior",1198,0.0010104
2,"Boundary","base",NA,"posterior",1199,0.0010323
2,"Boundary","base",NA,"posterior",1200,0.0011104
2,"Boundary","base",NA,"posterior",1201,0.0010729
2,"Boundary","base",NA,"posterior",1202,0.0013927
2,"Boundary","base",NA,"posterior",1203,0.0012948
2,"Boundary","base",NA,"posterior",1204,0.0013604
2,"Boundary","base",NA,"posterior",1205,0.0014469
2,"Boundary","base",NA,"posterior",1206,0.0015833
2,"Boundary","base",NA,"posterior",1207,0.0016406
2,"Boundary","base",NA,"posterior",1208,0.0017052
2,"Boundary","base",NA,"posterior",1209,0.0020781
2,"Boundary","base",NA,"posterior",1210,0.002076
2,"Boundary","base",NA,"posterior",1211,0.0020031
2,"Boundary","base",NA,"posterior",1212,0.0021729
2,"Boundary","base",NA,"posterior",1213,0.0023271
2,"Boundary","base",NA,"posterior",1214,0.0027698
2,"Boundary","base",NA,"posterior",1215,0.0026021
2,"Boundary","base",NA,"posterior",1216,0.002775
2,"Boundary","base",NA,"posterior",1217,0.003026
2,"Boundary","base",NA,"posterior",1218,0.003222
2,"Boundary","base",NA,"posterior",1219,0.003342
2,"Boundary","base",NA,"posterior",1220,0.003677
2,"Boundary","base",NA,"posterior",1221,0.003891
2,"Boundary","base",NA,"posterior",1222,0.004283
2,"Boundary","base",NA,"posterior",1223,0.004122
2,"Boundary","base",NA,"posterior",1224,0.004594
2,"Boundary","base",NA,"posterior",1225,0.004833
2,"Boundary","base",NA,"posterior",1226,0.005402
2,"Boundary","base",NA,"posterior",1227,0.005327
2,"Boundary","base",NA,"posterior",1228,0.0056
2,"Boundary","base",NA,"posterior",1229,0.006115
2,"Boundary","base",NA,"posterior",1230,0.006503
2,"Boundary","base",NA,"posterior",1231,0.006846
2,"Boundary","base",NA,"posterior",1232,0.006758
2,"Boundary","base",NA,"posterior",1233,0.007628
2,"Boundary","base",NA,"posterior",1234,0.007891
2,"Boundary","base",NA,"posterior",1235,0.008174
2,"Boundary","base",NA,"posterior",1236,0.008667
2,"Boundary","base",NA,"posterior",1237,0.008719
2,"Boundary","base",NA,"posterior",1238,0.009039
2,"Boundary","base",NA,"posterior",1239,0.009604
2,"Boundary","base",NA,"posterior",1240,0.009895
2,"Boundary","base",NA,"posterior",1241,0.010478
2,"Boundary","base",NA,"posterior",1242,0.011232
2,"Boundary","base",NA,"posterior",1243,0.01126
2,"Boundary","base",NA,"posterior",1244,0.012217
2,"Boundary","base",NA,"posterior",1245,0.01265
2,"Boundary","base",NA,"posterior",1246,0.013563
2,"Boundary","base",NA,"posterior",1247,0.01424
2,"Boundary","base",NA,"posterior",1248,0.014928
2,"Boundary","base",NA,"posterior",1249,0.015916
2,"Boundary","base",NA,"posterior",1250,0.016893
2,"Boundary","base",NA,"posterior",1251,0.018276
2,"Boundary","base",NA,"posterior",1252,0.01902
2,"Boundary","base",NA,"posterior",1253,0.019111
2,"Boundary","base",NA,"posterior",1254,0.019257
2,"Boundary","base",NA,"posterior",1255,0.02092
2,"Boundary","base",NA,"posterior",1256,0.023323
2,"Boundary","base",NA,"posterior",1257,0.023527
2,"Boundary","base",NA,"posterior",1258,0.025105
2,"Boundary","base",NA,"posterior",1259,0.025849
2,"Boundary","base",NA,"posterior",1260,0.028258
2,"Boundary","base",NA,"posterior",1261,0.02941
2,"Boundary","base",NA,"posterior",1262,0.03076
2,"Boundary","base",NA,"posterior",1263,0.031045
2,"Boundary","base",NA,"posterior",1264,0.03281
2,"Boundary","base",NA,"posterior",1265,0.03216
2,"Boundary","base",NA,"posterior",1266,0.033
2,"Boundary","base",NA,"posterior",1267,0.03254
2,"Boundary","base",NA,"posterior",1268,0.033
2,"Boundary","base",NA,"posterior",1269,0.030621
2,"Boundary","base",NA,"posterior",1270,0.02994
2,"Boundary","base",NA,"posterior",1271,0.028658
2,"Boundary","base",NA,"posterior",1272,0.024625
2,"Boundary","base",NA,"posterior",1273,0.020458
2,"Boundary","base",NA,"posterior",1274,0.017267
2,"Boundary","base",NA,"posterior",1275,0.01336
2,"Boundary","base",NA,"posterior",1276,0.009628
2,"Boundary","base",NA,"posterior",1277,0.005764
2,"Boundary","base",NA,"posterior",1278,0.0031531
2,"Boundary","base",NA,"posterior",1279,0.0018104
2,"Boundary","base",NA,"posterior",1280,0.0006271
2,"Boundary","base",NA,"posterior",1281,0.0003438
2,"Boundary","base",NA,"posterior",1282,7.293e-05
2,"Boundary","base",NA,"posterior",1283,1.6664e-05
2,"Boundary","base",NA,"posterior",1284,1.6664e-05
2,"Boundary","base",NA,"posterior",1285,0
2,"Boundary","base",NA,"posterior",1286,9.583e-05
2,"Boundary","base",NA,"posterior",1287,0
2,"Boundary","base",NA,"posterior",1288,0
2,"Boundary","base",NA,"posterior",1289,0
2,"Boundary","base",NA,"posterior",1290,0
2,"Boundary","base",NA,"posterior",1291,0
2,"Boundary","base",NA,"posterior",1292,0
2,"Boundary","base",NA,"posterior",1293,0
2,"Boundary","base",NA,"posterior",1294,0
2,"Boundary","base",NA,"posterior",1295,0
2,"Boundary","base",NA,"posterior",1296,0
2,"Boundary","base",NA,"posterior",1297,0
2,"Boundary","base",NA,"posterior",1298,2.9171e-05
2,"Boundary","base",NA,"posterior",1299,0
2,"Boundary","base",NA,"posterior",1300,0
2,"Boundary","base",NA,"posterior",1301,0
2,"Boundary","base",NA,"posterior",1302,0
2,"Boundary","base",NA,"posterior",1303,3.1349e-06
2,"Boundary","base",NA,"posterior",1304,0
2,"Boundary","base",NA,"posterior",1305,6.458e-05
2,"Boundary","base",NA,"posterior",1306,0
2,"Boundary","base",NA,"posterior",1307,0
2,"Boundary","base",NA,"posterior",1308,0
2,"Boundary","base",NA,"posterior",1309,0
2,"Boundary","base",NA,"posterior",1310,0
2,"Boundary","base",NA,"posterior",1311,1.1451e-05
2,"Boundary","base",NA,"posterior",1312,1.6664e-05
2,"Boundary","base",NA,"posterior",1313,3.1349e-06
2,"Boundary","base",NA,"posterior",1314,0
2,"Boundary","base",NA,"posterior",1315,0
2,"Boundary","base",NA,"posterior",1316,7.293e-06
2,"Boundary","base",NA,"posterior",1317,0
2,"Boundary","base",NA,"posterior",1318,0
2,"Boundary","base",NA,"posterior",1319,2.9171e-05
2,"Boundary","base",NA,"posterior",1320,6.237e-06
2,"Boundary","base",NA,"posterior",1321,6.237e-06
2,"Boundary","base",NA,"posterior",1322,1.056e-06
2,"Boundary","base",NA,"posterior",1323,2.2901e-05
2,"Boundary","base",NA,"posterior",1324,4.168e-05
2,"Boundary","base",NA,"posterior",1325,0
2,"Boundary","base",NA,"posterior",1326,3.438e-05
2,"Boundary","base",NA,"posterior",1327,2.6036e-05
2,"Boundary","base",NA,"posterior",1328,2.7092e-05
2,"Boundary","base",NA,"posterior",1329,2.0789e-06
2,"Boundary","base",NA,"posterior",1330,3.1349e-06
2,"Boundary","base",NA,"posterior",1331,9.372e-06
2,"Boundary","base",NA,"posterior",1332,1.1451e-05
2,"Boundary","base",NA,"posterior",1333,4.062e-05
2,"Boundary","base",NA,"posterior",1334,9.896e-05
2,"Boundary","base",NA,"posterior",1335,2.3957e-05
2,"Boundary","base",NA,"posterior",1336,3.0194e-05
2,"Boundary","base",NA,"posterior",1337,2.0789e-06
2,"Boundary","base",NA,"posterior",1338,7.293e-06
2,"Boundary","base",NA,"posterior",1339,0.00011665
2,"Boundary","base",NA,"posterior",1340,9.375e-05
2,"Boundary","base",NA,"posterior",1341,5.105e-05
2,"Boundary","base",NA,"posterior",1342,2.2901e-05
2,"Boundary","base",NA,"posterior",1343,3.125e-05
2,"Boundary","base",NA,"posterior",1344,4.478e-05
2,"Boundary","base",NA,"posterior",1345,0
2,"Boundary","base",NA,"posterior",1346,1.4586e-05
2,"Boundary","base",NA,"posterior",1347,1.6664e-05
2,"Boundary","base",NA,"posterior",1348,1.9799e-05
2,"Boundary","base",NA,"posterior",1349,1.9799e-05
2,"Boundary","base",NA,"posterior",1350,0.00013021
2,"Boundary","base",NA,"posterior",1351,3.854e-05
2,"Boundary","base",NA,"posterior",1352,3.96e-05
2,"Boundary","base",NA,"posterior",1353,4.168e-05
2,"Boundary","base",NA,"posterior",1354,0.00013229
2,"Boundary","base",NA,"posterior",1355,0.00018229
2,"Boundary","base",NA,"posterior",1356,9.791e-05
2,"Boundary","base",NA,"posterior",1357,0.0005094
2,"Boundary","base",NA,"posterior",1358,0.00020209
2,"Boundary","base",NA,"posterior",1359,4.999e-05
2,"Boundary","base",NA,"posterior",1360,0.00020311
2,"Boundary","base",NA,"posterior",1361,0.00016562
2,"Boundary","base",NA,"posterior",1362,0.00012292
2,"Boundary","base",NA,"posterior",1363,0.00030834
2,"Boundary","base",NA,"posterior",1364,2.2901e-05
2,"Boundary","base",NA,"posterior",1365,6.356e-05
2,"Boundary","base",NA,"posterior",1366,0.00030313
2,"Boundary","base",NA,"posterior",1367,0.00026459
2,"Boundary","base",NA,"posterior",1368,0.00014896
2,"Boundary","base",NA,"posterior",1369,0.0005948
2,"Boundary","base",NA,"posterior",1370,0.00024792
2,"Boundary","base",NA,"posterior",1371,9.062e-05
2,"Boundary","base",NA,"posterior",1372,0.0003552
2,"Boundary","base",NA,"posterior",1373,0.0002729
2,"Boundary","base",NA,"posterior",1374,0
2,"Boundary","base",NA,"posterior",1375,0
2,"Boundary","base",NA,"posterior",1376,0
3,"R_Date","07BDT11‐152",NA,"likelihood",1162.5,0
3,"R_Date","07BDT11‐152",NA,"likelihood",1163.5,4.724e-08
3,"R_Date","07BDT11‐152",NA,"likelihood",1164.5,4.724e-08
3,"R_Date","07BDT11‐152",NA,"likelihood",1165.5,9.447e-08
3,"R_Date","07BDT11‐152",NA,"likelihood",1166.5,1.4171e-07
3,"R_Date","07BDT11‐152",NA,"likelihood",1167.5,3.307e-07
3,"R_Date","07BDT11‐152",NA,"likelihood",1168.5,4.724e-07
3,"R_Date","07BDT11‐152",NA,"likelihood",1169.5,4.724e-07
3,"R_Date","07BDT11‐152",NA,"likelihood",1170.5,4.724e-07
3,"R_Date","07BDT11‐152",NA,"likelihood",1171.5,3.779e-07
3,"R_Date","07BDT11‐152",NA,"likelihood",1172.5,3.779e-07
3,"R_Date","07BDT11‐152",NA,"likelihood",1173.5,3.779e-07
3,"R_Date","07BDT11‐152",NA,"likelihood",1174.5,3.779e-07
3,"R_Date","07BDT11‐152",NA,"likelihood",1175.5,5.668e-07
3,"R_Date","07BDT11‐152",NA,"likelihood",1176.5,7.558e-07
3,"R_Date","07BDT11‐152",NA,"likelihood",1177.5,1.0865e-06
3,"R_Date","07BDT11‐152",NA,"likelihood",1178.5,1.7478e-06
3,"R_Date","07BDT11‐152",NA,"likelihood",1179.5,2.8815e-06
3,"R_Date","07BDT11‐152",NA,"likelihood",1180.5,4.582e-06
3,"R_Date","07BDT11‐152",NA,"likelihood",1181.5,6.283e-06
3,"R_Date","07BDT11‐152",NA,"likelihood",1182.5,8.503e-06
3,"R_Date","07BDT11‐152",NA,"likelihood",1183.5,9.873e-06
3,"R_Date","07BDT11‐152",NA,"likelihood",1184.5,9.873e-06
3,"R_Date","07BDT11‐152",NA,"likelihood",1185.5,8.503e-06
3,"R_Date","07BDT11‐152",NA,"likelihood",1186.5,7.275e-06
3,"R_Date","07BDT11‐152",NA,"likelihood",1187.5,5.385e-06
3,"R_Date","07BDT11‐152",NA,"likelihood",1188.5,4.582e-06
3,"R_Date","07BDT11‐152",NA,"likelihood",1189.5,3.921e-06
3,"R_Date","07BDT11‐152",NA,"likelihood",1190.5,3.354e-06
3,"R_Date","07BDT11‐152",NA,"likelihood",1191.5,2.4563e-06
3,"R_Date","07BDT11‐152",NA,"likelihood",1192.5,1.7478e-06
3,"R_Date","07BDT11‐152",NA,"likelihood",1193.5,1.2754e-06
3,"R_Date","07BDT11‐152",NA,"likelihood",1194.5,7.558e-07
3,"R_Date","07BDT11‐152",NA,"likelihood",1195.5,5.668e-07
3,"R_Date","07BDT11‐152",NA,"likelihood",1196.5,4.724e-07
3,"R_Date","07BDT11‐152",NA,"likelihood",1197.5,3.779e-07
3,"R_Date","07BDT11‐152",NA,"likelihood",1198.5,4.724e-07
3,"R_Date","07BDT11‐152",NA,"likelihood",1199.5,5.668e-07
3,"R_Date","07BDT11‐152",NA,"likelihood",1200.5,7.558e-07
3,"R_Date","07BDT11‐152",NA,"likelihood",1201.5,1.2754e-06
3,"R_Date","07BDT11‐152",NA,"likelihood",1202.5,1.7478e-06
3,"R_Date","07BDT11‐152",NA,"likelihood",1203.5,2.4563e-06
3,"R_Date","07BDT11‐152",NA,"likelihood",1204.5,2.8815e-06
3,"R_Date","07BDT11‐152",NA,"likelihood",1205.5,2.8815e-06
3,"R_Date","07BDT11‐152",NA,"likelihood",1206.5,2.8815e-06
3,"R_Date","07BDT11‐152",NA,"likelihood",1207.5,2.8815e-06
3,"R_Date","07BDT11‐152",NA,"likelihood",1208.5,3.354e-06
3,"R_Date","07BDT11‐152",NA,"likelihood",1209.5,3.921e-06
3,"R_Date","07BDT11‐152",NA,"likelihood",1210.5,4.582e-06
3,"R_Date","07BDT11‐152",NA,"likelihood",1211.5,4.204e-06
3,"R_Date","07BDT11‐152",NA,"likelihood",1212.5,4.913e-06
3,"R_Date","07BDT11‐152",NA,"likelihood",1213.5,6.755e-06
3,"R_Date","07BDT11‐152",NA,"likelihood",1214.5,9.164e-06
3,"R_Date","07BDT11‐152",NA,"likelihood",1215.5,1.2376e-05
3,"R_Date","07BDT11‐152",NA,"likelihood",1216.5,1.9273e-05
3,"R_Date","07BDT11‐152",NA,"likelihood",1217.5,3.415e-05
3,"R_Date","07BDT11‐152",NA,"likelihood",1218.5,7.993e-05
3,"R_Date","07BDT11‐152",NA,"likelihood",1219.5,0.00014691
3,"R_Date","07BDT11‐152",NA,"likelihood",1220.5,0.0003864
3,"R_Date","07BDT11‐152",NA,"likelihood",1221.5,0.0006685
3,"R_Date","07BDT11‐152",NA,"likelihood",1222.5,0.0011267
3,"R_Date","07BDT11‐152",NA,"likelihood",1223.5,0.001836
3,"R_Date","07BDT11‐152",NA,"likelihood",1224.5,0.0026481
3,"R_Date","07BDT11‐152",NA,"likelihood",1225.5,0.003436
3,"R_Date","07BDT11‐152",NA,"likelihood",1226.5,0.004641
3,"R_Date","07BDT11‐152",NA,"likelihood",1227.5,0.005016
3,"R_Date","07BDT11‐152",NA,"likelihood",1228.5,0.005838
3,"R_Date","07BDT11‐152",NA,"likelihood",1229.5,0.006285
3,"R_Date","07BDT11‐152",NA,"likelihood",1230.5,0.007257
3,"R_Date","07BDT11‐152",NA,"likelihood",1231.5,0.007782
3,"R_Date","07BDT11‐152",NA,"likelihood",1232.5,0.008914
3,"R_Date","07BDT11‐152",NA,"likelihood",1233.5,0.009521
3,"R_Date","07BDT11‐152",NA,"likelihood",1234.5,0.01082
3,"R_Date","07BDT11‐152",NA,"likelihood",1235.5,0.01082
3,"R_Date","07BDT11‐152",NA,"likelihood",1236.5,0.01082
3,"R_Date","07BDT11‐152",NA,"likelihood",1237.5,0.01082
3,"R_Date","07BDT11‐152",NA,"likelihood",1238.5,0.010157
3,"R_Date","07BDT11‐152",NA,"likelihood",1239.5,0.009521
3,"R_Date","07BDT11‐152",NA,"likelihood",1240.5,0.008914
3,"R_Date","07BDT11‐152",NA,"likelihood",1241.5,0.008334
3,"R_Date","07BDT11‐152",NA,"likelihood",1242.5,0.007782
3,"R_Date","07BDT11‐152",NA,"likelihood",1243.5,0.007257
3,"R_Date","07BDT11‐152",NA,"likelihood",1244.5,0.006758
3,"R_Date","07BDT11‐152",NA,"likelihood",1245.5,0.006285
3,"R_Date","07BDT11‐152",NA,"likelihood",1246.5,0.005838
3,"R_Date","07BDT11‐152",NA,"likelihood",1247.5,0.005415
3,"R_Date","07BDT11‐152",NA,"likelihood",1248.5,0.005016
3,"R_Date","07BDT11‐152",NA,"likelihood",1249.5,0.005016
3,"R_Date","07BDT11‐152",NA,"likelihood",1250.5,0.004641
3,"R_Date","07BDT11‐152",NA,"likelihood",1251.5,0.004641
3,"R_Date","07BDT11‐152",NA,"likelihood",1252.5,0.005016
3,"R_Date","07BDT11‐152",NA,"likelihood",1253.5,0.005415
3,"R_Date","07BDT11‐152",NA,"likelihood",1254.5,0.005838
3,"R_Date","07BDT11‐152",NA,"likelihood",1255.5,0.006285
3,"R_Date","07BDT11‐152",NA,"likelihood",1256.5,0.006285
3,"R_Date","07BDT11‐152",NA,"likelihood",1257.5,0.006758
3,"R_Date","07BDT11‐152",NA,"likelihood",1258.5,0.007257
3,"R_Date","07BDT11‐152",NA,"likelihood",1259.5,0.007782
3,"R_Date","07BDT11‐152",NA,"likelihood",1260.5,0.008914
3,"R_Date","07BDT11‐152",NA,"likelihood",1261.5,0.01082
3,"R_Date","07BDT11‐152",NA,"likelihood",1262.5,0.012231
3,"R_Date","07BDT11‐152",NA,"likelihood",1263.5,0.014554
3,"R_Date","07BDT11‐152",NA,"likelihood",1264.5,0.018015
3,"R_Date","07BDT11‐152",NA,"likelihood",1265.5,0.020848
3,"R_Date","07BDT11‐152",NA,"likelihood",1266.5,0.024863
3,"R_Date","07BDT11‐152",NA,"likelihood",1267.5,0.027981
3,"R_Date","07BDT11‐152",NA,"likelihood",1268.5,0.03215
3,"R_Date","07BDT11‐152",NA,"likelihood",1269.5,0.03518
3,"R_Date","07BDT11‐152",NA,"likelihood",1270.5,0.03894
3,"R_Date","07BDT11‐152",NA,"likelihood",1271.5,0.04144
3,"R_Date","07BDT11‐152",NA,"likelihood",1272.5,0.04357
3,"R_Date","07BDT11‐152",NA,"likelihood",1273.5,0.04526
3,"R_Date","07BDT11‐152",NA,"likelihood",1274.5,0.04674
3,"R_Date","07BDT11‐152",NA,"likelihood",1275.5,0.04724
3,"R_Date","07BDT11‐152",NA,"likelihood",1276.5,0.04645
3,"R_Date","07BDT11‐152",NA,"likelihood",1277.5,0.04354
3,"R_Date","07BDT11‐152",NA,"likelihood",1278.5,0.03799
3,"R_Date","07BDT11‐152",NA,"likelihood",1279.5,0.031028
3,"R_Date","07BDT11‐152",NA,"likelihood",1280.5,0.023721
3,"R_Date","07BDT11‐152",NA,"likelihood",1281.5,0.017877
3,"R_Date","07BDT11‐152",NA,"likelihood",1282.5,0.013607
3,"R_Date","07BDT11‐152",NA,"likelihood",1283.5,0.010674
3,"R_Date","07BDT11‐152",NA,"likelihood",1284.5,0.008194
3,"R_Date","07BDT11‐152",NA,"likelihood",1285.5,0.006625
3,"R_Date","07BDT11‐152",NA,"likelihood",1286.5,0.00571
3,"R_Date","07BDT11‐152",NA,"likelihood",1287.5,0.004895
3,"R_Date","07BDT11‐152",NA,"likelihood",1288.5,0.003847
3,"R_Date","07BDT11‐152",NA,"likelihood",1289.5,0.00354
3,"R_Date","07BDT11‐152",NA,"likelihood",1290.5,0.0029856
3,"R_Date","07BDT11‐152",NA,"likelihood",1291.5,0.0025044
3,"R_Date","07BDT11‐152",NA,"likelihood",1292.5,0.0022891
3,"R_Date","07BDT11‐152",NA,"likelihood",1293.5,0.0019045
3,"R_Date","07BDT11‐152",NA,"likelihood",1294.5,0.0017336
3,"R_Date","07BDT11‐152",NA,"likelihood",1295.5,0.0014307
3,"R_Date","07BDT11‐152",NA,"likelihood",1296.5,0.0010616
3,"R_Date","07BDT11‐152",NA,"likelihood",1297.5,0.0007781
3,"R_Date","07BDT11‐152",NA,"likelihood",1298.5,0.0005044
3,"R_Date","07BDT11‐152",NA,"likelihood",1299.5,0.00028456
3,"R_Date","07BDT11‐152",NA,"likelihood",1300.5,0.00017563
3,"R_Date","07BDT11‐152",NA,"likelihood",1301.5,7.86e-05
3,"R_Date","07BDT11‐152",NA,"likelihood",1302.5,4.544e-05
3,"R_Date","07BDT11‐152",NA,"likelihood",1303.5,2.7256e-05
3,"R_Date","07BDT11‐152",NA,"likelihood",1304.5,1.5258e-05
3,"R_Date","07BDT11‐152",NA,"likelihood",1305.5,8.361e-06
3,"R_Date","07BDT11‐152",NA,"likelihood",1306.5,4.44e-06
3,"R_Date","07BDT11‐152",NA,"likelihood",1307.5,2.7398e-06
3,"R_Date","07BDT11‐152",NA,"likelihood",1308.5,1.984e-06
3,"R_Date","07BDT11‐152",NA,"likelihood",1309.5,1.6533e-06
3,"R_Date","07BDT11‐152",NA,"likelihood",1310.5,1.4171e-06
3,"R_Date","07BDT11‐152",NA,"likelihood",1311.5,1.1809e-06
3,"R_Date","07BDT11‐152",NA,"likelihood",1312.5,1.1809e-06
3,"R_Date","07BDT11‐152",NA,"likelihood",1313.5,8.975e-07
3,"R_Date","07BDT11‐152",NA,"likelihood",1314.5,8.975e-07
3,"R_Date","07BDT11‐152",NA,"likelihood",1315.5,8.975e-07
3,"R_Date","07BDT11‐152",NA,"likelihood",1316.5,8.975e-07
3,"R_Date","07BDT11‐152",NA,"likelihood",1317.5,8.975e-07
3,"R_Date","07BDT11‐152",NA,"likelihood",1318.5,6.141e-07
3,"R_Date","07BDT11‐152",NA,"likelihood",1319.5,4.251e-07
3,"R_Date","07BDT11‐152",NA,"likelihood",1320.5,2.3619e-07
3,"R_Date","07BDT11‐152",NA,"likelihood",1321.5,9.447e-08
3,"R_Date","07BDT11‐152",NA,"likelihood",1322.5,4.724e-08
3,"R_Date","07BDT11‐152",NA,"likelihood",1323.5,4.724e-08
3,"R_Date","07BDT11‐152",NA,"likelihood",1324.5,0
3,"R_Date","07BDT11‐152",NA,"likelihood",1325.5,0
3,"R_Date","07BDT11‐152",NA,"likelihood",1326.5,0
3,"R_Date","07BDT11‐152",NA,"likelihood",1327.5,0
3,"R_Date","07BDT11‐152",NA,"likelihood",1328.5,0
3,"R_Date","07BDT11‐152",NA,"likelihood",1329.5,0
3,"R_Date","07BDT11‐152",NA,"likelihood",1330.5,0
3,"R_Date","07BDT11‐152",NA,"likelihood",1331.5,0
3,"R_Date","07BDT11‐152",NA,"likelihood",1332.5,0
3,"R_Date","07BDT11‐152",NA,"likelihood",1333.5,0
3,"R_Date","07BDT11‐152",NA,"likelihood",1334.5,0
3,"R_Date","07BDT11‐152",NA,"likelihood",1335.5,0
3,"R_Date","07BDT11‐152",NA,"likelihood",1336.5,0
3,"R_Date","07BDT11‐152",NA,"likelihood",1337.5,0
3,"R_Date","07BDT11‐152",NA,"likelihood",1338.5,0
3,"R_Date","07BDT11‐152",NA,"likelihood",1339.5,0
3,"R_Date","07BDT11‐152",NA,"likelihood",1340.5,0
3,"R_Date","07BDT11‐152",NA,"likelihood",1341.5,0
3,"R_Date","07BDT11‐152",NA,"likelihood",1342.5,0
3,"R_Date","07BDT11‐152",NA,"likelihood",1343.5,0
3,"R_Date","07BDT11‐152",NA,"likelihood",1344.5,0
3,"R_Date","07BDT11‐152",NA,"likelihood",1345.5,0
3,"R_Date","07BDT11‐152",NA,"likelihood",1346.5,0
3,"R_Date","07BDT11‐152",NA,"likelihood",1347.5,0
3,"R_Date","07BDT11‐152",NA,"likelihood",1348.5,0
3,"R_Date","07BDT11‐152",NA,"likelihood",1349.5,0
3,"R_Date","07BDT11‐152",NA,"likelihood",1350.5,0
3,"R_Date","07BDT11‐152",NA,"likelihood",1351.5,0
3,"R_Date","07BDT11‐152",NA,"likelihood",1352.5,0
3,"R_Date","07BDT11‐152",NA,"likelihood",1353.5,0
3,"R_Date","07BDT11‐152",NA,"likelihood",1354.5,0
3,"R_Date","07BDT11‐152",NA,"likelihood",1355.5,0
3,"R_Date","07BDT11‐152",NA,"likelihood",1356.5,4.724e-08
3,"R_Date","07BDT11‐152",NA,"likelihood",1357.5,9.447e-08
3,"R_Date","07BDT11‐152",NA,"likelihood",1358.5,2.3619e-07
3,"R_Date","07BDT11‐152",NA,"likelihood",1359.5,4.251e-07
3,"R_Date","07BDT11‐152",NA,"likelihood",1360.5,8.503e-07
3,"R_Date","07BDT11‐152",NA,"likelihood",1361.5,1.4171e-06
3,"R_Date","07BDT11‐152",NA,"likelihood",1362.5,1.984e-06
3,"R_Date","07BDT11‐152",NA,"likelihood",1363.5,3.212e-06
3,"R_Date","07BDT11‐152",NA,"likelihood",1364.5,6.094e-06
3,"R_Date","07BDT11‐152",NA,"likelihood",1365.5,9.731e-06
3,"R_Date","07BDT11‐152",NA,"likelihood",1366.5,1.7667e-05
3,"R_Date","07BDT11‐152",NA,"likelihood",1367.5,2.7256e-05
3,"R_Date","07BDT11‐152",NA,"likelihood",1368.5,4.771e-05
3,"R_Date","07BDT11‐152",NA,"likelihood",1369.5,8.172e-05
3,"R_Date","07BDT11‐152",NA,"likelihood",1370.5,0.00012055
3,"R_Date","07BDT11‐152",NA,"likelihood",1371.5,0.00019854
3,"R_Date","07BDT11‐152",NA,"likelihood",1372.5,0.00025272
3,"R_Date","07BDT11‐152",NA,"likelihood",1373.5,0.00032
3,"R_Date","07BDT11‐152",NA,"likelihood",1374.5,0.0003593
3,"R_Date","07BDT11‐152",NA,"likelihood",1375.5,0.0003593
3,"R_Date","07BDT11‐152",NA,"likelihood",1376.5,0.00024833
3,"R_Date","07BDT11‐152",NA,"likelihood",1377.5,0.00015106
3,"R_Date","07BDT11‐152",NA,"likelihood",1378.5,8.984e-05
3,"R_Date","07BDT11‐152",NA,"likelihood",1379.5,5.224e-05
3,"R_Date","07BDT11‐152",NA,"likelihood",1380.5,2.5697e-05
3,"R_Date","07BDT11‐152",NA,"likelihood",1381.5,1.6486e-05
3,"R_Date","07BDT11‐152",NA,"likelihood",1382.5,1.0439e-05
3,"R_Date","07BDT11‐152",NA,"likelihood",1383.5,6.566e-06
3,"R_Date","07BDT11‐152",NA,"likelihood",1384.5,4.771e-06
3,"R_Date","07BDT11‐152",NA,"likelihood",1385.5,3.448e-06
3,"R_Date","07BDT11‐152",NA,"likelihood",1386.5,2.4563e-06
3,"R_Date","07BDT11‐152",NA,"likelihood",1387.5,1.4644e-06
3,"R_Date","07BDT11‐152",NA,"likelihood",1388.5,7.558e-07
3,"R_Date","07BDT11‐152",NA,"likelihood",1389.5,3.779e-07
3,"R_Date","07BDT11‐152",NA,"likelihood",1390.5,1.4171e-07
3,"R_Date","07BDT11‐152",NA,"likelihood",1391.5,4.724e-08
3,"R_Date","07BDT11‐152",NA,"likelihood",1392.5,0
3,"R_Date","07BDT11‐152",NA,"likelihood",1393.5,0
3,"R_Date","07BDT11‐152",NA,"likelihood",1394.5,0
3,"R_Date","07BDT11‐152",NA,"posterior",1213.5,0
3,"R_Date","07BDT11‐152",NA,"posterior",1214.5,2.1038e-06
3,"R_Date","07BDT11‐152",NA,"posterior",1215.5,0
3,"R_Date","07BDT11‐152",NA,"posterior",1216.5,2.1038e-06
3,"R_Date","07BDT11‐152",NA,"posterior",1217.5,1.0519e-06
3,"R_Date","07BDT11‐152",NA,"posterior",1218.5,8.334e-06
3,"R_Date","07BDT11‐152",NA,"posterior",1219.5,1.149e-05
3,"R_Date","07BDT11‐152",NA,"posterior",1220.5,2.6055e-05
3,"R_Date","07BDT11‐152",NA,"posterior",1221.5,7.291e-05
3,"R_Date","07BDT11‐152",NA,"posterior",1222.5,0.00010106
3,"R_Date","07BDT11‐152",NA,"posterior",1223.5,0.0001552
3,"R_Date","07BDT11‐152",NA,"posterior",1224.5,0.00027083
3,"R_Date","07BDT11‐152",NA,"posterior",1225.5,0.0004239
3,"R_Date","07BDT11‐152",NA,"posterior",1226.5,0.0005188
3,"R_Date","07BDT11‐152",NA,"posterior",1227.5,0.0006573
3,"R_Date","07BDT11‐152",NA,"posterior",1228.5,0.0007385
3,"R_Date","07BDT11‐152",NA,"posterior",1229.5,0.0010094
3,"R_Date","07BDT11‐152",NA,"posterior",1230.5,0.0010844
3,"R_Date","07BDT11‐152",NA,"posterior",1231.5,0.0013271
3,"R_Date","07BDT11‐152",NA,"posterior",1232.5,0.0015833
3,"R_Date","07BDT11‐152",NA,"posterior",1233.5,0.0017677
3,"R_Date","07BDT11‐152",NA,"posterior",1234.5,0.0022021
3,"R_Date","07BDT11‐152",NA,"posterior",1235.5,0.0023198
3,"R_Date","07BDT11‐152",NA,"posterior",1236.5,0.0022687
3,"R_Date","07BDT11‐152",NA,"posterior",1237.5,0.0025073
3,"R_Date","07BDT11‐152",NA,"posterior",1238.5,0.0025938
3,"R_Date","07BDT11‐152",NA,"posterior",1239.5,0.0026073
3,"R_Date","07BDT11‐152",NA,"posterior",1240.5,0.0025448
3,"R_Date","07BDT11‐152",NA,"posterior",1241.5,0.0025156
3,"R_Date","07BDT11‐152",NA,"posterior",1242.5,0.0023636
3,"R_Date","07BDT11‐152",NA,"posterior",1243.5,0.0024438
3,"R_Date","07BDT11‐152",NA,"posterior",1244.5,0.0024729
3,"R_Date","07BDT11‐152",NA,"posterior",1245.5,0.0024271
3,"R_Date","07BDT11‐152",NA,"posterior",1246.5,0.0024094
3,"R_Date","07BDT11‐152",NA,"posterior",1247.5,0.002375
3,"R_Date","07BDT11‐152",NA,"posterior",1248.5,0.0024125
3,"R_Date","07BDT11‐152",NA,"posterior",1249.5,0.0025125
3,"R_Date","07BDT11‐152",NA,"posterior",1250.5,0.0024979
3,"R_Date","07BDT11‐152",NA,"posterior",1251.5,0.0025906
3,"R_Date","07BDT11‐152",NA,"posterior",1252.5,0.0030844
3,"R_Date","07BDT11‐152",NA,"posterior",1253.5,0.003467
3,"R_Date","07BDT11‐152",NA,"posterior",1254.5,0.003935
3,"R_Date","07BDT11‐152",NA,"posterior",1255.5,0.004559
3,"R_Date","07BDT11‐152",NA,"posterior",1256.5,0.004916
3,"R_Date","07BDT11‐152",NA,"posterior",1257.5,0.005518
3,"R_Date","07BDT11‐152",NA,"posterior",1258.5,0.006066
3,"R_Date","07BDT11‐152",NA,"posterior",1259.5,0.007227
3,"R_Date","07BDT11‐152",NA,"posterior",1260.5,0.008731
3,"R_Date","07BDT11‐152",NA,"posterior",1261.5,0.011279
3,"R_Date","07BDT11‐152",NA,"posterior",1262.5,0.013715
3,"R_Date","07BDT11‐152",NA,"posterior",1263.5,0.017341
3,"R_Date","07BDT11‐152",NA,"posterior",1264.5,0.022195
3,"R_Date","07BDT11‐152",NA,"posterior",1265.5,0.027753
3,"R_Date","07BDT11‐152",NA,"posterior",1266.5,0.03559
3,"R_Date","07BDT11‐152",NA,"posterior",1267.5,0.04203
3,"R_Date","07BDT11‐152",NA,"posterior",1268.5,0.05003
3,"R_Date","07BDT11‐152",NA,"posterior",1269.5,0.05792
3,"R_Date","07BDT11‐152",NA,"posterior",1270.5,0.06641
3,"R_Date","07BDT11‐152",NA,"posterior",1271.5,0.07277
3,"R_Date","07BDT11‐152",NA,"posterior",1272.5,0.0782
3,"R_Date","07BDT11‐152",NA,"posterior",1273.5,0.08092
3,"R_Date","07BDT11‐152",NA,"posterior",1274.5,0.07927
3,"R_Date","07BDT11‐152",NA,"posterior",1275.5,0.07395
3,"R_Date","07BDT11‐152",NA,"posterior",1276.5,0.06271
3,"R_Date","07BDT11‐152",NA,"posterior",1277.5,0.04702
3,"R_Date","07BDT11‐152",NA,"posterior",1278.5,0.029256
3,"R_Date","07BDT11‐152",NA,"posterior",1279.5,0.014731
3,"R_Date","07BDT11‐152",NA,"posterior",1280.5,0.006143
3,"R_Date","07BDT11‐152",NA,"posterior",1281.5,0.0023698
3,"R_Date","07BDT11‐152",NA,"posterior",1282.5,0.0008907
3,"R_Date","07BDT11‐152",NA,"posterior",1283.5,0.0003219
3,"R_Date","07BDT11‐152",NA,"posterior",1284.5,0.0001344
3,"R_Date","07BDT11‐152",NA,"posterior",1285.5,6.562e-05
3,"R_Date","07BDT11‐152",NA,"posterior",1286.5,4.895e-05
3,"R_Date","07BDT11‐152",NA,"posterior",1287.5,2.2899e-05
3,"R_Date","07BDT11‐152",NA,"posterior",1288.5,8.334e-06
3,"R_Date","07BDT11‐152",NA,"posterior",1289.5,6.231e-06
3,"R_Date","07BDT11‐152",NA,"posterior",1290.5,0
3,"R_Date","07BDT11‐152",NA,"posterior",1291.5,0
3,"R_Date","07BDT11‐152",NA,"posterior",1292.5,0
3,"R_Date","07BDT11‐152",NA,"posterior",1293.5,0
3,"R_Date","07BDT11‐152",NA,"posterior",1294.5,0
3,"R_Date","07BDT11‐152",NA,"posterior",1295.5,0
3,"R_Date","07BDT11‐152",NA,"posterior",1296.5,0
3,"R_Date","07BDT11‐152",NA,"posterior",1297.5,0
3,"R_Date","07BDT11‐152",NA,"posterior",1298.5,0
3,"R_Date","07BDT11‐152",NA,"posterior",1299.5,0
3,"R_Date","07BDT11‐152",NA,"posterior",1300.5,1.6669e-05
3,"R_Date","07BDT11‐152",NA,"posterior",1301.5,0
3,"R_Date","07BDT11‐152",NA,"posterior",1302.5,0
3,"R_Date","07BDT11‐152",NA,"posterior",1303.5,0
3,"R_Date","07BDT11‐152",NA,"posterior",1304.5,0
3,"R_Date","07BDT11‐152",NA,"posterior",1305.5,0
3,"R_Date","07BDT11‐152",NA,"posterior",1306.5,1.7721e-05
3,"R_Date","07BDT11‐152",NA,"posterior",1307.5,2.1038e-06
3,"R_Date","07BDT11‐152",NA,"posterior",1308.5,0
3,"R_Date","07BDT11‐152",NA,"posterior",1309.5,5.179e-06
3,"R_Date","07BDT11‐152",NA,"posterior",1310.5,0
3,"R_Date","07BDT11‐152",NA,"posterior",1311.5,0
3,"R_Date","07BDT11‐152",NA,"posterior",1312.5,0
3,"R_Date","07BDT11‐152",NA,"posterior",1313.5,0
3,"R_Date","07BDT11‐152",NA,"posterior",1314.5,0
3,"R_Date","07BDT11‐152",NA,"posterior",1315.5,0
3,"R_Date","07BDT11‐152",NA,"posterior",1316.5,0
3,"R_Date","07BDT11‐152",NA,"posterior",1317.5,0
3,"R_Date","07BDT11‐152",NA,"posterior",1318.5,0
3,"R_Date","07BDT11‐152",NA,"posterior",1319.5,0
3,"R_Date","07BDT11‐152",NA,"posterior",1320.5,0
3,"R_Date","07BDT11‐152",NA,"posterior",1321.5,0
3,"R_Date","07BDT11‐152",NA,"posterior",1322.5,0
3,"R_Date","07BDT11‐152",NA,"posterior",1323.5,0
3,"R_Date","07BDT11‐152",NA,"posterior",1324.5,0
3,"R_Date","07BDT11‐152",NA,"posterior",1325.5,0
3,"R_Date","07BDT11‐152",NA,"posterior",1326.5,0
3,"R_Date","07BDT11‐152",NA,"posterior",1327.5,0
3,"R_Date","07BDT11‐152",NA,"posterior",1328.5,0
3,"R_Date","07BDT11‐152",NA,"posterior",1329.5,0
3,"R_Date","07BDT11‐152",NA,"posterior",1330.5,0
3,"R_Date","07BDT11‐152",NA,"posterior",1331.5,0
3,"R_Date","07BDT11‐152",NA,"posterior",1332.5,0
3,"R_Date","07BDT11‐152",NA,"posterior",1333.5,0
3,"R_Date","07BDT11‐152",NA,"posterior",1334.5,0
3,"R_Date","07BDT11‐152",NA,"posterior",1335.5,0
3,"R_Date","07BDT11‐152",NA,"posterior",1336.5,0
3,"R_Date","07BDT11‐152",NA,"posterior",1337.5,0
3,"R_Date","07BDT11‐152",NA,"posterior",1338.5,0
3,"R_Date","07BDT11‐152",NA,"posterior",1339.5,0
3,"R_Date","07BDT11‐152",NA,"posterior",1340.5,0
3,"R_Date","07BDT11‐152",NA,"posterior",1341.5,0
3,"R_Date","07BDT11‐152",NA,"posterior",1342.5,0
3,"R_Date","07BDT11‐152",NA,"posterior",1343.5,0
3,"R_Date","07BDT11‐152",NA,"posterior",1344.5,0
3,"R_Date","07BDT11‐152",NA,"posterior",1345.5,0
3,"R_Date","07BDT11‐152",NA,"posterior",1346.5,0
3,"R_Date","07BDT11‐152",NA,"posterior",1347.5,0
3,"R_Date","07BDT11‐152",NA,"posterior",1348.5,0
3,"R_Date","07BDT11‐152",NA,"posterior",1349.5,0
3,"R_Date","07BDT11‐152",NA,"posterior",1350.5,0
3,"R_Date","07BDT11‐152",NA,"posterior",1351.5,0
3,"R_Date","07BDT11‐152",NA,"posterior",1352.5,0
3,"R_Date","07BDT11‐152",NA,"posterior",1353.5,0
3,"R_Date","07BDT11‐152",NA,"posterior",1354.5,0
3,"R_Date","07BDT11‐152",NA,"posterior",1355.5,0
3,"R_Date","07BDT11‐152",NA,"posterior",1356.5,0
3,"R_Date","07BDT11‐152",NA,"posterior",1357.5,0
3,"R_Date","07BDT11‐152",NA,"posterior",1358.5,0
3,"R_Date","07BDT11‐152",NA,"posterior",1359.5,0
3,"R_Date","07BDT11‐152",NA,"posterior",1360.5,3.1558e-06
3,"R_Date","07BDT11‐152",NA,"posterior",1361.5,1.2461e-05
3,"R_Date","07BDT11‐152",NA,"posterior",1362.5,1.149e-05
3,"R_Date","07BDT11‐152",NA,"posterior",1363.5,2.0796e-05
3,"R_Date","07BDT11‐152",NA,"posterior",1364.5,2.6055e-05
3,"R_Date","07BDT11‐152",NA,"posterior",1365.5,7.914e-05
3,"R_Date","07BDT11‐152",NA,"posterior",1366.5,0.00013335
3,"R_Date","07BDT11‐152",NA,"posterior",1367.5,0.00014686
3,"R_Date","07BDT11‐152",NA,"posterior",1368.5,0.0003333
3,"R_Date","07BDT11‐152",NA,"posterior",1369.5,0.0007167
3,"R_Date","07BDT11‐152",NA,"posterior",1370.5,0.0008104
3,"R_Date","07BDT11‐152",NA,"posterior",1371.5,0.0011042
3,"R_Date","07BDT11‐152",NA,"posterior",1372.5,0.0011271
3,"R_Date","07BDT11‐152",NA,"posterior",1373.5,0.0007177
3,"R_Date","07BDT11‐152",NA,"posterior",1374.5,0.00025837
3,"R_Date","07BDT11‐152",NA,"posterior",1375.5,4.167e-05
3,"R_Date","07BDT11‐152",NA,"posterior",1376.5,0
3,"R_Date","07BDT11‐152",NA,"posterior",1377.5,0
3,"R_Date","07BDT11‐152",NA,"posterior",1378.5,0
5,"R_Date","07BDT11‐170",NA,"likelihood",1219.5,0
5,"R_Date","07BDT11‐170",NA,"likelihood",1220.5,0
5,"R_Date","07BDT11‐170",NA,"likelihood",1221.5,0
5,"R_Date","07BDT11‐170",NA,"likelihood",1222.5,1.0905e-07
5,"R_Date","07BDT11‐170",NA,"likelihood",1223.5,6.543e-07
5,"R_Date","07BDT11‐170",NA,"likelihood",1224.5,1.7448e-06
5,"R_Date","07BDT11‐170",NA,"likelihood",1225.5,3.817e-06
5,"R_Date","07BDT11‐170",NA,"likelihood",1226.5,1.374e-05
5,"R_Date","07BDT11‐170",NA,"likelihood",1227.5,1.7121e-05
5,"R_Date","07BDT11‐170",NA,"likelihood",1228.5,2.6717e-05
5,"R_Date","07BDT11‐170",NA,"likelihood",1229.5,3.326e-05
5,"R_Date","07BDT11‐170",NA,"likelihood",1230.5,5.082e-05
5,"R_Date","07BDT11‐170",NA,"likelihood",1231.5,6.259e-05
5,"R_Date","07BDT11‐170",NA,"likelihood",1232.5,9.422e-05
5,"R_Date","07BDT11‐170",NA,"likelihood",1233.5,0.00011515
5,"R_Date","07BDT11‐170",NA,"likelihood",1234.5,0.00017033
5,"R_Date","07BDT11‐170",NA,"likelihood",1235.5,0.00017033
5,"R_Date","07BDT11‐170",NA,"likelihood",1236.5,0.00017033
5,"R_Date","07BDT11‐170",NA,"likelihood",1237.5,0.00017033
5,"R_Date","07BDT11‐170",NA,"likelihood",1238.5,0.00014024
5,"R_Date","07BDT11‐170",NA,"likelihood",1239.5,0.00011515
5,"R_Date","07BDT11‐170",NA,"likelihood",1240.5,9.422e-05
5,"R_Date","07BDT11‐170",NA,"likelihood",1241.5,7.699e-05
5,"R_Date","07BDT11‐170",NA,"likelihood",1242.5,6.259e-05
5,"R_Date","07BDT11‐170",NA,"likelihood",1243.5,5.082e-05
5,"R_Date","07BDT11‐170",NA,"likelihood",1244.5,4.111e-05
5,"R_Date","07BDT11‐170",NA,"likelihood",1245.5,3.326e-05
5,"R_Date","07BDT11‐170",NA,"likelihood",1246.5,2.6717e-05
5,"R_Date","07BDT11‐170",NA,"likelihood",1247.5,2.1482e-05
5,"R_Date","07BDT11‐170",NA,"likelihood",1248.5,1.7121e-05
5,"R_Date","07BDT11‐170",NA,"likelihood",1249.5,1.7121e-05
5,"R_Date","07BDT11‐170",NA,"likelihood",1250.5,1.374e-05
5,"R_Date","07BDT11‐170",NA,"likelihood",1251.5,1.374e-05
5,"R_Date","07BDT11‐170",NA,"likelihood",1252.5,1.7121e-05
5,"R_Date","07BDT11‐170",NA,"likelihood",1253.5,2.1482e-05
5,"R_Date","07BDT11‐170",NA,"likelihood",1254.5,2.6717e-05
5,"R_Date","07BDT11‐170",NA,"likelihood",1255.5,3.326e-05
5,"R_Date","07BDT11‐170",NA,"likelihood",1256.5,3.326e-05
5,"R_Date","07BDT11‐170",NA,"likelihood",1257.5,4.111e-05
5,"R_Date","07BDT11‐170",NA,"likelihood",1258.5,5.082e-05
5,"R_Date","07BDT11‐170",NA,"likelihood",1259.5,6.259e-05
5,"R_Date","07BDT11‐170",NA,"likelihood",1260.5,9.422e-05
5,"R_Date","07BDT11‐170",NA,"likelihood",1261.5,0.00017033
5,"R_Date","07BDT11‐170",NA,"likelihood",1262.5,0.00024907
5,"R_Date","07BDT11‐170",NA,"likelihood",1263.5,0.000431
5,"R_Date","07BDT11‐170",NA,"likelihood",1264.5,0.0008602
5,"R_Date","07BDT11‐170",NA,"likelihood",1265.5,0.0014015
5,"R_Date","07BDT11‐170",NA,"likelihood",1266.5,0.0025812
5,"R_Date","07BDT11‐170",NA,"likelihood",1267.5,0.003959
5,"R_Date","07BDT11‐170",NA,"likelihood",1268.5,0.006728
5,"R_Date","07BDT11‐170",NA,"likelihood",1269.5,0.009716
5,"R_Date","07BDT11‐170",NA,"likelihood",1270.5,0.015234
5,"R_Date","07BDT11‐170",NA,"likelihood",1271.5,0.020709
5,"R_Date","07BDT11‐170",NA,"likelihood",1272.5,0.027432
5,"R_Date","07BDT11‐170",NA,"likelihood",1273.5,0.03541
5,"R_Date","07BDT11‐170",NA,"likelihood",1274.5,0.04779
5,"R_Date","07BDT11‐170",NA,"likelihood",1275.5,0.06161
5,"R_Date","07BDT11‐170",NA,"likelihood",1276.5,0.07929
5,"R_Date","07BDT11‐170",NA,"likelihood",1277.5,0.0976
5,"R_Date","07BDT11‐170",NA,"likelihood",1278.5,0.10905
5,"R_Date","07BDT11‐170",NA,"likelihood",1279.5,0.10576
5,"R_Date","07BDT11‐170",NA,"likelihood",1280.5,0.08901
5,"R_Date","07BDT11‐170",NA,"likelihood",1281.5,0.06859
5,"R_Date","07BDT11‐170",NA,"likelihood",1282.5,0.05098
5,"R_Date","07BDT11‐170",NA,"likelihood",1283.5,0.03816
5,"R_Date","07BDT11‐170",NA,"likelihood",1284.5,0.02727
5,"R_Date","07BDT11‐170",NA,"likelihood",1285.5,0.02056
5,"R_Date","07BDT11‐170",NA,"likelihood",1286.5,0.016786
5,"R_Date","07BDT11‐170",NA,"likelihood",1287.5,0.013547
5,"R_Date","07BDT11‐170",NA,"likelihood",1288.5,0.00961
5,"R_Date","07BDT11‐170",NA,"likelihood",1289.5,0.008521
5,"R_Date","07BDT11‐170",NA,"likelihood",1290.5,0.006641
5,"R_Date","07BDT11‐170",NA,"likelihood",1291.5,0.005116
5,"R_Date","07BDT11‐170",NA,"likelihood",1292.5,0.004471
5,"R_Date","07BDT11‐170",NA,"likelihood",1293.5,0.003385
5,"R_Date","07BDT11‐170",NA,"likelihood",1294.5,0.0029325
5,"R_Date","07BDT11‐170",NA,"likelihood",1295.5,0.0021818
5,"R_Date","07BDT11‐170",NA,"likelihood",1296.5,0.00137
5,"R_Date","07BDT11‐170",NA,"likelihood",1297.5,0.0008379
5,"R_Date","07BDT11‐170",NA,"likelihood",1298.5,0.0004178
5,"R_Date","07BDT11‐170",NA,"likelihood",1299.5,0.0001639
5,"R_Date","07BDT11‐170",NA,"likelihood",1300.5,7.361e-05
5,"R_Date","07BDT11‐170",NA,"likelihood",1301.5,1.5158e-05
5,"R_Date","07BDT11‐170",NA,"likelihood",1302.5,5.78e-06
5,"R_Date","07BDT11‐170",NA,"likelihood",1303.5,3.0533e-06
5,"R_Date","07BDT11‐170",NA,"likelihood",1304.5,1.0905e-06
5,"R_Date","07BDT11‐170",NA,"likelihood",1305.5,4.362e-07
5,"R_Date","07BDT11‐170",NA,"likelihood",1306.5,1.0905e-07
5,"R_Date","07BDT11‐170",NA,"likelihood",1307.5,1.0905e-07
5,"R_Date","07BDT11‐170",NA,"likelihood",1308.5,0
5,"R_Date","07BDT11‐170",NA,"likelihood",1309.5,0
5,"R_Date","07BDT11‐170",NA,"likelihood",1310.5,0
5,"R_Date","07BDT11‐170",NA,"likelihood",1311.5,0
5,"R_Date","07BDT11‐170",NA,"likelihood",1312.5,0
5,"R_Date","07BDT11‐170",NA,"likelihood",1313.5,0
5,"R_Date","07BDT11‐170",NA,"likelihood",1314.5,0
5,"R_Date","07BDT11‐170",NA,"likelihood",1315.5,0
5,"R_Date","07BDT11‐170",NA,"likelihood",1316.5,0
5,"R_Date","07BDT11‐170",NA,"likelihood",1317.5,0
5,"R_Date","07BDT11‐170",NA,"likelihood",1318.5,0
5,"R_Date","07BDT11‐170",NA,"likelihood",1319.5,0
5,"R_Date","07BDT11‐170",NA,"likelihood",1320.5,0
5,"R_Date","07BDT11‐170",NA,"likelihood",1321.5,0
5,"R_Date","07BDT11‐170",NA,"likelihood",1322.5,0
5,"R_Date","07BDT11‐170",NA,"likelihood",1323.5,0
5,"R_Date","07BDT11‐170",NA,"likelihood",1324.5,0
5,"R_Date","07BDT11‐170",NA,"likelihood",1325.5,0
5,"R_Date","07BDT11‐170",NA,"likelihood",1326.5,0
5,"R_Date","07BDT11‐170",NA,"likelihood",1327.5,0
5,"R_Date","07BDT11‐170",NA,"likelihood",1328.5,0
5,"R_Date","07BDT11‐170",NA,"likelihood",1329.5,0
5,"R_Date","07BDT11‐170",NA,"likelihood",1330.5,0
5,"R_Date","07BDT11‐170",NA,"likelihood",1331.5,0
5,"R_Date","07BDT11‐170",NA,"likelihood",1332.5,0
5,"R_Date","07BDT11‐170",NA,"likelihood",1333.5,0
5,"R_Date","07BDT11‐170",NA,"likelihood",1334.5,0
5,"R_Date","07BDT11‐170",NA,"likelihood",1335.5,0
5,"R_Date","07BDT11‐170",NA,"likelihood",1336.5,0
5,"R_Date","07BDT11‐170",NA,"likelihood",1337.5,0
5,"R_Date","07BDT11‐170",NA,"likelihood",1338.5,0
5,"R_Date","07BDT11‐170",NA,"likelihood",1339.5,0
5,"R_Date","07BDT11‐170",NA,"likelihood",1340.5,0
5,"R_Date","07BDT11‐170",NA,"likelihood",1341.5,0
5,"R_Date","07BDT11‐170",NA,"likelihood",1342.5,0
5,"R_Date","07BDT11‐170",NA,"likelihood",1343.5,0
5,"R_Date","07BDT11‐170",NA,"likelihood",1344.5,0
5,"R_Date","07BDT11‐170",NA,"likelihood",1345.5,0
5,"R_Date","07BDT11‐170",NA,"likelihood",1346.5,0
5,"R_Date","07BDT11‐170",NA,"likelihood",1347.5,0
5,"R_Date","07BDT11‐170",NA,"likelihood",1348.5,0
5,"R_Date","07BDT11‐170",NA,"likelihood",1349.5,0
5,"R_Date","07BDT11‐170",NA,"likelihood",1350.5,0
5,"R_Date","07BDT11‐170",NA,"likelihood",1351.5,0
5,"R_Date","07BDT11‐170",NA,"likelihood",1352.5,0
5,"R_Date","07BDT11‐170",NA,"likelihood",1353.5,0
5,"R_Date","07BDT11‐170",NA,"likelihood",1354.5,0
5,"R_Date","07BDT11‐170",NA,"likelihood",1355.5,0
5,"R_Date","07BDT11‐170",NA,"likelihood",1356.5,0
5,"R_Date","07BDT11‐170",NA,"likelihood",1357.5,0
5,"R_Date","07BDT11‐170",NA,"likelihood",1358.5,0
5,"R_Date","07BDT11‐170",NA,"likelihood",1359.5,0
5,"R_Date","07BDT11‐170",NA,"likelihood",1360.5,0
5,"R_Date","07BDT11‐170",NA,"likelihood",1361.5,0
5,"R_Date","07BDT11‐170",NA,"likelihood",1362.5,0
5,"R_Date","07BDT11‐170",NA,"likelihood",1363.5,1.0905e-07
5,"R_Date","07BDT11‐170",NA,"likelihood",1364.5,2.181e-07
5,"R_Date","07BDT11‐170",NA,"likelihood",1365.5,5.452e-07
5,"R_Date","07BDT11‐170",NA,"likelihood",1366.5,1.4176e-06
5,"R_Date","07BDT11‐170",NA,"likelihood",1367.5,3.0533e-06
5,"R_Date","07BDT11‐170",NA,"likelihood",1368.5,8.07e-06
5,"R_Date","07BDT11‐170",NA,"likelihood",1369.5,2.0283e-05
5,"R_Date","07BDT11‐170",NA,"likelihood",1370.5,3.915e-05
5,"R_Date","07BDT11‐170",NA,"likelihood",1371.5,9.029e-05
5,"R_Date","07BDT11‐170",NA,"likelihood",1372.5,0.00013478
5,"R_Date","07BDT11‐170",NA,"likelihood",1373.5,0.00019879
5,"R_Date","07BDT11‐170",NA,"likelihood",1374.5,0.00024034
5,"R_Date","07BDT11‐170",NA,"likelihood",1375.5,0.00024034
5,"R_Date","07BDT11‐170",NA,"likelihood",1376.5,0.00011057
5,"R_Date","07BDT11‐170",NA,"likelihood",1377.5,4.711e-05
5,"R_Date","07BDT11‐170",NA,"likelihood",1378.5,1.9083e-05
5,"R_Date","07BDT11‐170",NA,"likelihood",1379.5,7.306e-06
5,"R_Date","07BDT11‐170",NA,"likelihood",1380.5,2.0719e-06
5,"R_Date","07BDT11‐170",NA,"likelihood",1381.5,9.814e-07
5,"R_Date","07BDT11‐170",NA,"likelihood",1382.5,4.362e-07
5,"R_Date","07BDT11‐170",NA,"likelihood",1383.5,2.181e-07
5,"R_Date","07BDT11‐170",NA,"likelihood",1384.5,1.0905e-07
5,"R_Date","07BDT11‐170",NA,"likelihood",1385.5,0
5,"R_Date","07BDT11‐170",NA,"likelihood",1386.5,0
5,"R_Date","07BDT11‐170",NA,"posterior",1232.5,0
5,"R_Date","07BDT11‐170",NA,"posterior",1233.5,0
5,"R_Date","07BDT11‐170",NA,"posterior",1234.5,9.868e-07
5,"R_Date","07BDT11‐170",NA,"posterior",1235.5,3.1015e-06
5,"R_Date","07BDT11‐170",NA,"posterior",1236.5,0
5,"R_Date","07BDT11‐170",NA,"posterior",1237.5,9.868e-07
5,"R_Date","07BDT11‐170",NA,"posterior",1238.5,0
5,"R_Date","07BDT11‐170",NA,"posterior",1239.5,9.868e-07
5,"R_Date","07BDT11‐170",NA,"posterior",1240.5,0
5,"R_Date","07BDT11‐170",NA,"posterior",1241.5,3.1015e-06
5,"R_Date","07BDT11‐170",NA,"posterior",1242.5,0
5,"R_Date","07BDT11‐170",NA,"posterior",1243.5,4.229e-06
5,"R_Date","07BDT11‐170",NA,"posterior",1244.5,0
5,"R_Date","07BDT11‐170",NA,"posterior",1245.5,0
5,"R_Date","07BDT11‐170",NA,"posterior",1246.5,9.868e-07
5,"R_Date","07BDT11‐170",NA,"posterior",1247.5,2.1147e-06
5,"R_Date","07BDT11‐170",NA,"posterior",1248.5,0
5,"R_Date","07BDT11‐170",NA,"posterior",1249.5,0
5,"R_Date","07BDT11‐170",NA,"posterior",1250.5,9.868e-07
5,"R_Date","07BDT11‐170",NA,"posterior",1251.5,2.1147e-06
5,"R_Date","07BDT11‐170",NA,"posterior",1252.5,0
5,"R_Date","07BDT11‐170",NA,"posterior",1253.5,9.868e-07
5,"R_Date","07BDT11‐170",NA,"posterior",1254.5,9.868e-07
5,"R_Date","07BDT11‐170",NA,"posterior",1255.5,4.229e-06
5,"R_Date","07BDT11‐170",NA,"posterior",1256.5,9.868e-07
5,"R_Date","07BDT11‐170",NA,"posterior",1257.5,2.1147e-06
5,"R_Date","07BDT11‐170",NA,"posterior",1258.5,5.216e-06
5,"R_Date","07BDT11‐170",NA,"posterior",1259.5,9.305e-06
5,"R_Date","07BDT11‐170",NA,"posterior",1260.5,7.331e-06
5,"R_Date","07BDT11‐170",NA,"posterior",1261.5,2.1852e-05
5,"R_Date","07BDT11‐170",NA,"posterior",1262.5,3.327e-05
5,"R_Date","07BDT11‐170",NA,"posterior",1263.5,7.5e-05
5,"R_Date","07BDT11‐170",NA,"posterior",1264.5,0.00017495
5,"R_Date","07BDT11‐170",NA,"posterior",1265.5,0.00031354
5,"R_Date","07BDT11‐170",NA,"posterior",1266.5,0.0006708
5,"R_Date","07BDT11‐170",NA,"posterior",1267.5,0.0011646
5,"R_Date","07BDT11‐170",NA,"posterior",1268.5,0.002499
5,"R_Date","07BDT11‐170",NA,"posterior",1269.5,0.004324
5,"R_Date","07BDT11‐170",NA,"posterior",1270.5,0.007807
5,"R_Date","07BDT11‐170",NA,"posterior",1271.5,0.012447
5,"R_Date","07BDT11‐170",NA,"posterior",1272.5,0.019332
5,"R_Date","07BDT11‐170",NA,"posterior",1273.5,0.028846
5,"R_Date","07BDT11‐170",NA,"posterior",1274.5,0.04373
5,"R_Date","07BDT11‐170",NA,"posterior",1275.5,0.06446
5,"R_Date","07BDT11‐170",NA,"posterior",1276.5,0.09218
5,"R_Date","07BDT11‐170",NA,"posterior",1277.5,0.12101
5,"R_Date","07BDT11‐170",NA,"posterior",1278.5,0.14098
5,"R_Date","07BDT11‐170",NA,"posterior",1279.5,0.13669
5,"R_Date","07BDT11‐170",NA,"posterior",1280.5,0.11095
5,"R_Date","07BDT11‐170",NA,"posterior",1281.5,0.07785
5,"R_Date","07BDT11‐170",NA,"posterior",1282.5,0.04995
5,"R_Date","07BDT11‐170",NA,"posterior",1283.5,0.03171
5,"R_Date","07BDT11‐170",NA,"posterior",1284.5,0.018672
5,"R_Date","07BDT11‐170",NA,"posterior",1285.5,0.011391
5,"R_Date","07BDT11‐170",NA,"posterior",1286.5,0.00708
5,"R_Date","07BDT11‐170",NA,"posterior",1287.5,0.004275
5,"R_Date","07BDT11‐170",NA,"posterior",1288.5,0.0023782
5,"R_Date","07BDT11‐170",NA,"posterior",1289.5,0.0015135
5,"R_Date","07BDT11‐170",NA,"posterior",1290.5,0.0008459
5,"R_Date","07BDT11‐170",NA,"posterior",1291.5,0.000473
5,"R_Date","07BDT11‐170",NA,"posterior",1292.5,0.00025306
5,"R_Date","07BDT11‐170",NA,"posterior",1293.5,0.00013224
5,"R_Date","07BDT11‐170",NA,"posterior",1294.5,7.289e-05
5,"R_Date","07BDT11‐170",NA,"posterior",1295.5,3.75e-05
5,"R_Date","07BDT11‐170",NA,"posterior",1296.5,1.1419e-05
5,"R_Date","07BDT11‐170",NA,"posterior",1297.5,8.318e-06
5,"R_Date","07BDT11‐170",NA,"posterior",1298.5,2.1147e-06
5,"R_Date","07BDT11‐170",NA,"posterior",1299.5,0
5,"R_Date","07BDT11‐170",NA,"posterior",1300.5,0
5,"R_Date","07BDT11‐170",NA,"posterior",1301.5,0
5,"R_Date","07BDT11‐170",NA,"posterior",1302.5,0
5,"R_Date","07BDT11‐170",NA,"posterior",1303.5,0
5,"R_Date","07BDT11‐170",NA,"posterior",1304.5,0
5,"R_Date","07BDT11‐170",NA,"posterior",1305.5,0
5,"R_Date","07BDT11‐170",NA,"posterior",1306.5,0
5,"R_Date","07BDT11‐170",NA,"posterior",1307.5,0
5,"R_Date","07BDT11‐170",NA,"posterior",1308.5,0
5,"R_Date","07BDT11‐170",NA,"posterior",1309.5,0
5,"R_Date","07BDT11‐170",NA,"posterior",1310.5,0
5,"R_Date","07BDT11‐170",NA,"posterior",1311.5,0
5,"R_Date","07BDT11‐170",NA,"posterior",1312.5,0
5,"R_Date","07BDT11‐170",NA,"posterior",1313.5,0
5,"R_Date","07BDT11‐170",NA,"posterior",1314.5,0
5,"R_Date","07BDT11‐170",NA,"posterior",1315.5,0
5,"R_Date","07BDT11‐170",NA,"posterior",1316.5,0
5,"R_Date","07BDT11‐170",NA,"posterior",1317.5,0
5,"R_Date","07BDT11‐170",NA,"posterior",1318.5,0
5,"R_Date","07BDT11‐170",NA,"posterior",1319.5,0
5,"R_Date","07BDT11‐170",NA,"posterior",1320.5,0
5,"R_Date","07BDT11‐170",NA,"posterior",1321.5,0
5,"R_Date","07BDT11‐170",NA,"posterior",1322.5,0
5,"R_Date","07BDT11‐170",NA,"posterior",1323.5,0
5,"R_Date","07BDT11‐170",NA,"posterior",1324.5,0
5,"R_Date","07BDT11‐170",NA,"posterior",1325.5,0
5,"R_Date","07BDT11‐170",NA,"posterior",1326.5,0
5,"R_Date","07BDT11‐170",NA,"posterior",1327.5,0
5,"R_Date","07BDT11‐170",NA,"posterior",1328.5,0
5,"R_Date","07BDT11‐170",NA,"posterior",1329.5,0
5,"R_Date","07BDT11‐170",NA,"posterior",1330.5,0
5,"R_Date","07BDT11‐170",NA,"posterior",1331.5,0
5,"R_Date","07BDT11‐170",NA,"posterior",1332.5,0
5,"R_Date","07BDT11‐170",NA,"posterior",1333.5,0
5,"R_Date","07BDT11‐170",NA,"posterior",1334.5,0
5,"R_Date","07BDT11‐170",NA,"posterior",1335.5,0
5,"R_Date","07BDT11‐170",NA,"posterior",1336.5,0
5,"R_Date","07BDT11‐170",NA,"posterior",1337.5,0
5,"R_Date","07BDT11‐170",NA,"posterior",1338.5,0
5,"R_Date","07BDT11‐170",NA,"posterior",1339.5,0
5,"R_Date","07BDT11‐170",NA,"posterior",1340.5,0
5,"R_Date","07BDT11‐170",NA,"posterior",1341.5,0
5,"R_Date","07BDT11‐170",NA,"posterior",1342.5,0
5,"R_Date","07BDT11‐170",NA,"posterior",1343.5,0
5,"R_Date","07BDT11‐170",NA,"posterior",1344.5,0
5,"R_Date","07BDT11‐170",NA,"posterior",1345.5,0
5,"R_Date","07BDT11‐170",NA,"posterior",1346.5,0
5,"R_Date","07BDT11‐170",NA,"posterior",1347.5,0
5,"R_Date","07BDT11‐170",NA,"posterior",1348.5,0
5,"R_Date","07BDT11‐170",NA,"posterior",1349.5,0
5,"R_Date","07BDT11‐170",NA,"posterior",1350.5,0
5,"R_Date","07BDT11‐170",NA,"posterior",1351.5,0
5,"R_Date","07BDT11‐170",NA,"posterior",1352.5,0
5,"R_Date","07BDT11‐170",NA,"posterior",1353.5,0
5,"R_Date","07BDT11‐170",NA,"posterior",1354.5,0
5,"R_Date","07BDT11‐170",NA,"posterior",1355.5,0
5,"R_Date","07BDT11‐170",NA,"posterior",1356.5,0
5,"R_Date","07BDT11‐170",NA,"posterior",1357.5,0
5,"R_Date","07BDT11‐170",NA,"posterior",1358.5,0
5,"R_Date","07BDT11‐170",NA,"posterior",1359.5,0
5,"R_Date","07BDT11‐170",NA,"posterior",1360.5,0
5,"R_Date","07BDT11‐170",NA,"posterior",1361.5,0
5,"R_Date","07BDT11‐170",NA,"posterior",1362.5,0
5,"R_Date","07BDT11‐170",NA,"posterior",1363.5,0
5,"R_Date","07BDT11‐170",NA,"posterior",1364.5,0
5,"R_Date","07BDT11‐170",NA,"posterior",1365.5,0
5,"R_Date","07BDT11‐170",NA,"posterior",1366.5,0
5,"R_Date","07BDT11‐170",NA,"posterior",1367.5,4.229e-06
5,"R_Date","07BDT11‐170",NA,"posterior",1368.5,2.1852e-05
5,"R_Date","07BDT11‐170",NA,"posterior",1369.5,4.793e-05
5,"R_Date","07BDT11‐170",NA,"posterior",1370.5,0.00017185
5,"R_Date","07BDT11‐170",NA,"posterior",1371.5,0.0005156
5,"R_Date","07BDT11‐170",NA,"posterior",1372.5,0.0010229
5,"R_Date","07BDT11‐170",NA,"posterior",1373.5,0.0014063
5,"R_Date","07BDT11‐170",NA,"posterior",1374.5,0.0014782
5,"R_Date","07BDT11‐170",NA,"posterior",1375.5,0.0007688
5,"R_Date","07BDT11‐170",NA,"posterior",1376.5,0.00013224
5,"R_Date","07BDT11‐170",NA,"posterior",1377.5,1.1419e-05
5,"R_Date","07BDT11‐170",NA,"posterior",1378.5,3.1015e-06
5,"R_Date","07BDT11‐170",NA,"posterior",1379.5,0
5,"R_Date","07BDT11‐170",NA,"posterior",1380.5,0
5,"R_Date","07BDT11‐170",NA,"posterior",1381.5,0
6,"R_Date","07BDT11‐173",NA,"likelihood",1220.5,0
6,"R_Date","07BDT11‐173",NA,"likelihood",1221.5,0
6,"R_Date","07BDT11‐173",NA,"likelihood",1222.5,0
6,"R_Date","07BDT11‐173",NA,"likelihood",1223.5,1.0638e-07
6,"R_Date","07BDT11‐173",NA,"likelihood",1224.5,4.255e-07
6,"R_Date","07BDT11‐173",NA,"likelihood",1225.5,1.0639e-06
6,"R_Date","07BDT11‐173",NA,"likelihood",1226.5,4.149e-06
6,"R_Date","07BDT11‐173",NA,"likelihood",1227.5,5.213e-06
6,"R_Date","07BDT11‐173",NA,"likelihood",1228.5,8.404e-06
6,"R_Date","07BDT11‐173",NA,"likelihood",1229.5,1.0532e-05
6,"R_Date","07BDT11‐173",NA,"likelihood",1230.5,1.6596e-05
6,"R_Date","07BDT11‐173",NA,"likelihood",1231.5,2.0851e-05
6,"R_Date","07BDT11‐173",NA,"likelihood",1232.5,3.223e-05
6,"R_Date","07BDT11‐173",NA,"likelihood",1233.5,3.989e-05
6,"R_Date","07BDT11‐173",NA,"likelihood",1234.5,6.075e-05
6,"R_Date","07BDT11‐173",NA,"likelihood",1235.5,6.075e-05
6,"R_Date","07BDT11‐173",NA,"likelihood",1236.5,6.075e-05
6,"R_Date","07BDT11‐173",NA,"likelihood",1237.5,6.075e-05
6,"R_Date","07BDT11‐173",NA,"likelihood",1238.5,4.936e-05
6,"R_Date","07BDT11‐173",NA,"likelihood",1239.5,3.989e-05
6,"R_Date","07BDT11‐173",NA,"likelihood",1240.5,3.223e-05
6,"R_Date","07BDT11‐173",NA,"likelihood",1241.5,2.5958e-05
6,"R_Date","07BDT11‐173",NA,"likelihood",1242.5,2.0851e-05
6,"R_Date","07BDT11‐173",NA,"likelihood",1243.5,1.6596e-05
6,"R_Date","07BDT11‐173",NA,"likelihood",1244.5,1.3298e-05
6,"R_Date","07BDT11‐173",NA,"likelihood",1245.5,1.0532e-05
6,"R_Date","07BDT11‐173",NA,"likelihood",1246.5,8.404e-06
6,"R_Date","07BDT11‐173",NA,"likelihood",1247.5,6.596e-06
6,"R_Date","07BDT11‐173",NA,"likelihood",1248.5,5.213e-06
6,"R_Date","07BDT11‐173",NA,"likelihood",1249.5,5.213e-06
6,"R_Date","07BDT11‐173",NA,"likelihood",1250.5,4.149e-06
6,"R_Date","07BDT11‐173",NA,"likelihood",1251.5,4.149e-06
6,"R_Date","07BDT11‐173",NA,"likelihood",1252.5,5.213e-06
6,"R_Date","07BDT11‐173",NA,"likelihood",1253.5,6.596e-06
6,"R_Date","07BDT11‐173",NA,"likelihood",1254.5,8.404e-06
6,"R_Date","07BDT11‐173",NA,"likelihood",1255.5,1.0532e-05
6,"R_Date","07BDT11‐173",NA,"likelihood",1256.5,1.0532e-05
6,"R_Date","07BDT11‐173",NA,"likelihood",1257.5,1.3298e-05
6,"R_Date","07BDT11‐173",NA,"likelihood",1258.5,1.6596e-05
6,"R_Date","07BDT11‐173",NA,"likelihood",1259.5,2.0851e-05
6,"R_Date","07BDT11‐173",NA,"likelihood",1260.5,3.223e-05
6,"R_Date","07BDT11‐173",NA,"likelihood",1261.5,6.075e-05
6,"R_Date","07BDT11‐173",NA,"likelihood",1262.5,9.138e-05
6,"R_Date","07BDT11‐173",NA,"likelihood",1263.5,0.00016522
6,"R_Date","07BDT11‐173",NA,"likelihood",1264.5,0.0003492
6,"R_Date","07BDT11‐173",NA,"likelihood",1265.5,0.0005941
6,"R_Date","07BDT11‐173",NA,"likelihood",1266.5,0.0011586
6,"R_Date","07BDT11‐173",NA,"likelihood",1267.5,0.0018557
6,"R_Date","07BDT11‐173",NA,"likelihood",1268.5,0.00334
6,"R_Date","07BDT11‐173",NA,"likelihood",1269.5,0.005036
6,"R_Date","07BDT11‐173",NA,"likelihood",1270.5,0.008363
6,"R_Date","07BDT11‐173",NA,"likelihood",1271.5,0.01187
6,"R_Date","07BDT11‐173",NA,"likelihood",1272.5,0.016417
6,"R_Date","07BDT11‐173",NA,"likelihood",1273.5,0.022126
6,"R_Date","07BDT11‐173",NA,"likelihood",1274.5,0.03164
6,"R_Date","07BDT11‐173",NA,"likelihood",1275.5,0.0432
6,"R_Date","07BDT11‐173",NA,"likelihood",1276.5,0.05976
6,"R_Date","07BDT11‐173",NA,"likelihood",1277.5,0.0802
6,"R_Date","07BDT11‐173",NA,"likelihood",1278.5,0.09914
6,"R_Date","07BDT11‐173",NA,"likelihood",1279.5,0.10639
6,"R_Date","07BDT11‐173",NA,"likelihood",1280.5,0.09908
6,"R_Date","07BDT11‐173",NA,"likelihood",1281.5,0.08328
6,"R_Date","07BDT11‐173",NA,"likelihood",1282.5,0.06654
6,"R_Date","07BDT11‐173",NA,"likelihood",1283.5,0.05278
6,"R_Date","07BDT11‐173",NA,"likelihood",1284.5,0.03997
6,"R_Date","07BDT11‐173",NA,"likelihood",1285.5,0.031474
6,"R_Date","07BDT11‐173",NA,"likelihood",1286.5,0.026453
6,"R_Date","07BDT11‐173",NA,"likelihood",1287.5,0.021977
6,"R_Date","07BDT11‐173",NA,"likelihood",1288.5,0.016284
6,"R_Date","07BDT11‐173",NA,"likelihood",1289.5,0.014649
6,"R_Date","07BDT11‐173",NA,"likelihood",1290.5,0.011754
6,"R_Date","07BDT11‐173",NA,"likelihood",1291.5,0.009322
6,"R_Date","07BDT11‐173",NA,"likelihood",1292.5,0.008266
6,"R_Date","07BDT11‐173",NA,"likelihood",1293.5,0.006442
6,"R_Date","07BDT11‐173",NA,"likelihood",1294.5,0.005663
6,"R_Date","07BDT11‐173",NA,"likelihood",1295.5,0.004337
6,"R_Date","07BDT11‐173",NA,"likelihood",1296.5,0.0028446
6,"R_Date","07BDT11‐173",NA,"likelihood",1297.5,0.0018176
6,"R_Date","07BDT11‐173",NA,"likelihood",1298.5,0.0009603
6,"R_Date","07BDT11‐173",NA,"likelihood",1299.5,0.0004052
6,"R_Date","07BDT11‐173",NA,"likelihood",1300.5,0.00019277
6,"R_Date","07BDT11‐173",NA,"likelihood",1301.5,4.564e-05
6,"R_Date","07BDT11‐173",NA,"likelihood",1302.5,1.8511e-05
6,"R_Date","07BDT11‐173",NA,"likelihood",1303.5,9.894e-06
6,"R_Date","07BDT11‐173",NA,"likelihood",1304.5,3.83e-06
6,"R_Date","07BDT11‐173",NA,"likelihood",1305.5,1.383e-06
6,"R_Date","07BDT11‐173",NA,"likelihood",1306.5,5.319e-07
6,"R_Date","07BDT11‐173",NA,"likelihood",1307.5,2.1277e-07
6,"R_Date","07BDT11‐173",NA,"likelihood",1308.5,1.0638e-07
6,"R_Date","07BDT11‐173",NA,"likelihood",1309.5,1.0638e-07
6,"R_Date","07BDT11‐173",NA,"likelihood",1310.5,1.0638e-07
6,"R_Date","07BDT11‐173",NA,"likelihood",1311.5,1.0638e-07
6,"R_Date","07BDT11‐173",NA,"likelihood",1312.5,1.0638e-07
6,"R_Date","07BDT11‐173",NA,"likelihood",1313.5,0
6,"R_Date","07BDT11‐173",NA,"likelihood",1314.5,0
6,"R_Date","07BDT11‐173",NA,"likelihood",1315.5,0
6,"R_Date","07BDT11‐173",NA,"likelihood",1316.5,0
6,"R_Date","07BDT11‐173",NA,"likelihood",1317.5,0
6,"R_Date","07BDT11‐173",NA,"likelihood",1318.5,0
6,"R_Date","07BDT11‐173",NA,"likelihood",1319.5,0
6,"R_Date","07BDT11‐173",NA,"likelihood",1320.5,0
6,"R_Date","07BDT11‐173",NA,"likelihood",1321.5,0
6,"R_Date","07BDT11‐173",NA,"likelihood",1322.5,0
6,"R_Date","07BDT11‐173",NA,"likelihood",1323.5,0
6,"R_Date","07BDT11‐173",NA,"likelihood",1324.5,0
6,"R_Date","07BDT11‐173",NA,"likelihood",1325.5,0
6,"R_Date","07BDT11‐173",NA,"likelihood",1326.5,0
6,"R_Date","07BDT11‐173",NA,"likelihood",1327.5,0
6,"R_Date","07BDT11‐173",NA,"likelihood",1328.5,0
6,"R_Date","07BDT11‐173",NA,"likelihood",1329.5,0
6,"R_Date","07BDT11‐173",NA,"likelihood",1330.5,0
6,"R_Date","07BDT11‐173",NA,"likelihood",1331.5,0
6,"R_Date","07BDT11‐173",NA,"likelihood",1332.5,0
6,"R_Date","07BDT11‐173",NA,"likelihood",1333.5,0
6,"R_Date","07BDT11‐173",NA,"likelihood",1334.5,0
6,"R_Date","07BDT11‐173",NA,"likelihood",1335.5,0
6,"R_Date","07BDT11‐173",NA,"likelihood",1336.5,0
6,"R_Date","07BDT11‐173",NA,"likelihood",1337.5,0
6,"R_Date","07BDT11‐173",NA,"likelihood",1338.5,0
6,"R_Date","07BDT11‐173",NA,"likelihood",1339.5,0
6,"R_Date","07BDT11‐173",NA,"likelihood",1340.5,0
6,"R_Date","07BDT11‐173",NA,"likelihood",1341.5,0
6,"R_Date","07BDT11‐173",NA,"likelihood",1342.5,0
6,"R_Date","07BDT11‐173",NA,"likelihood",1343.5,0
6,"R_Date","07BDT11‐173",NA,"likelihood",1344.5,0
6,"R_Date","07BDT11‐173",NA,"likelihood",1345.5,0
6,"R_Date","07BDT11‐173",NA,"likelihood",1346.5,0
6,"R_Date","07BDT11‐173",NA,"likelihood",1347.5,0
6,"R_Date","07BDT11‐173",NA,"likelihood",1348.5,0
6,"R_Date","07BDT11‐173",NA,"likelihood",1349.5,0
6,"R_Date","07BDT11‐173",NA,"likelihood",1350.5,0
6,"R_Date","07BDT11‐173",NA,"likelihood",1351.5,0
6,"R_Date","07BDT11‐173",NA,"likelihood",1352.5,0
6,"R_Date","07BDT11‐173",NA,"likelihood",1353.5,0
6,"R_Date","07BDT11‐173",NA,"likelihood",1354.5,0
6,"R_Date","07BDT11‐173",NA,"likelihood",1355.5,0
6,"R_Date","07BDT11‐173",NA,"likelihood",1356.5,0
6,"R_Date","07BDT11‐173",NA,"likelihood",1357.5,0
6,"R_Date","07BDT11‐173",NA,"likelihood",1358.5,0
6,"R_Date","07BDT11‐173",NA,"likelihood",1359.5,0
6,"R_Date","07BDT11‐173",NA,"likelihood",1360.5,0
6,"R_Date","07BDT11‐173",NA,"likelihood",1361.5,1.0638e-07
6,"R_Date","07BDT11‐173",NA,"likelihood",1362.5,1.0638e-07
6,"R_Date","07BDT11‐173",NA,"likelihood",1363.5,3.192e-07
6,"R_Date","07BDT11‐173",NA,"likelihood",1364.5,8.511e-07
6,"R_Date","07BDT11‐173",NA,"likelihood",1365.5,1.8085e-06
6,"R_Date","07BDT11‐173",NA,"likelihood",1366.5,4.894e-06
6,"R_Date","07BDT11‐173",NA,"likelihood",1367.5,9.894e-06
6,"R_Date","07BDT11‐173",NA,"likelihood",1368.5,2.4575e-05
6,"R_Date","07BDT11‐173",NA,"likelihood",1369.5,5.798e-05
6,"R_Date","07BDT11‐173",NA,"likelihood",1370.5,0.00010713
6,"R_Date","07BDT11‐173",NA,"likelihood",1371.5,0.0002332
6,"R_Date","07BDT11‐173",NA,"likelihood",1372.5,0.000338
6,"R_Date","07BDT11‐173",NA,"likelihood",1373.5,0.0004844
6,"R_Date","07BDT11‐173",NA,"likelihood",1374.5,0.0005772
6,"R_Date","07BDT11‐173",NA,"likelihood",1375.5,0.0005772
6,"R_Date","07BDT11‐173",NA,"likelihood",1376.5,0.00029075
6,"R_Date","07BDT11‐173",NA,"likelihood",1377.5,0.00013181
6,"R_Date","07BDT11‐173",NA,"likelihood",1378.5,5.681e-05
6,"R_Date","07BDT11‐173",NA,"likelihood",1379.5,2.3298e-05
6,"R_Date","07BDT11‐173",NA,"likelihood",1380.5,7.128e-06
6,"R_Date","07BDT11‐173",NA,"likelihood",1381.5,3.404e-06
6,"R_Date","07BDT11‐173",NA,"likelihood",1382.5,1.5958e-06
6,"R_Date","07BDT11‐173",NA,"likelihood",1383.5,7.447e-07
6,"R_Date","07BDT11‐173",NA,"likelihood",1384.5,4.255e-07
6,"R_Date","07BDT11‐173",NA,"likelihood",1385.5,2.1277e-07
6,"R_Date","07BDT11‐173",NA,"likelihood",1386.5,1.0638e-07
6,"R_Date","07BDT11‐173",NA,"likelihood",1387.5,0
6,"R_Date","07BDT11‐173",NA,"likelihood",1388.5,0
6,"R_Date","07BDT11‐173",NA,"likelihood",1389.5,0
6,"R_Date","07BDT11‐173",NA,"posterior",1260.5,0
6,"R_Date","07BDT11‐173",NA,"posterior",1261.5,6.189e-06
6,"R_Date","07BDT11‐173",NA,"posterior",1262.5,1.9861e-05
6,"R_Date","07BDT11‐173",NA,"posterior",1263.5,3.756e-05
6,"R_Date","07BDT11‐173",NA,"posterior",1264.5,6.145e-05
6,"R_Date","07BDT11‐173",NA,"posterior",1265.5,0.0001563
6,"R_Date","07BDT11‐173",NA,"posterior",1266.5,0.0003697
6,"R_Date","07BDT11‐173",NA,"posterior",1267.5,0.0006583
6,"R_Date","07BDT11‐173",NA,"posterior",1268.5,0.0013677
6,"R_Date","07BDT11‐173",NA,"posterior",1269.5,0.0025615
6,"R_Date","07BDT11‐173",NA,"posterior",1270.5,0.004756
6,"R_Date","07BDT11‐173",NA,"posterior",1271.5,0.008154
6,"R_Date","07BDT11‐173",NA,"posterior",1272.5,0.012999
6,"R_Date","07BDT11‐173",NA,"posterior",1273.5,0.020387
6,"R_Date","07BDT11‐173",NA,"posterior",1274.5,0.03313
6,"R_Date","07BDT11‐173",NA,"posterior",1275.5,0.05046
6,"R_Date","07BDT11‐173",NA,"posterior",1276.5,0.07585
6,"R_Date","07BDT11‐173",NA,"posterior",1277.5,0.10686
6,"R_Date","07BDT11‐173",NA,"posterior",1278.5,0.13594
6,"R_Date","07BDT11‐173",NA,"posterior",1279.5,0.14392
6,"R_Date","07BDT11‐173",NA,"posterior",1280.5,0.12536
6,"R_Date","07BDT11‐173",NA,"posterior",1281.5,0.09455
6,"R_Date","07BDT11‐173",NA,"posterior",1282.5,0.06507
6,"R_Date","07BDT11‐173",NA,"posterior",1283.5,0.0427
6,"R_Date","07BDT11‐173",NA,"posterior",1284.5,0.026265
6,"R_Date","07BDT11‐173",NA,"posterior",1285.5,0.01654
6,"R_Date","07BDT11‐173",NA,"posterior",1286.5,0.010524
6,"R_Date","07BDT11‐173",NA,"posterior",1287.5,0.006455
6,"R_Date","07BDT11‐173",NA,"posterior",1288.5,0.003876
6,"R_Date","07BDT11‐173",NA,"posterior",1289.5,0.0023948
6,"R_Date","07BDT11‐173",NA,"posterior",1290.5,0.0013374
6,"R_Date","07BDT11‐173",NA,"posterior",1291.5,0.0007416
6,"R_Date","07BDT11‐173",NA,"posterior",1292.5,0.0004354
6,"R_Date","07BDT11‐173",NA,"posterior",1293.5,0.00023229
6,"R_Date","07BDT11‐173",NA,"posterior",1294.5,0.0001219
6,"R_Date","07BDT11‐173",NA,"posterior",1295.5,7.081e-05
6,"R_Date","07BDT11‐173",NA,"posterior",1296.5,2.3891e-05
6,"R_Date","07BDT11‐173",NA,"posterior",1297.5,1.1514e-05
6,"R_Date","07BDT11‐173",NA,"posterior",1298.5,2.0149e-06
6,"R_Date","07BDT11‐173",NA,"posterior",1299.5,2.0149e-06
6,"R_Date","07BDT11‐173",NA,"posterior",1300.5,0
6,"R_Date","07BDT11‐173",NA,"posterior",1301.5,0
6,"R_Date","07BDT11‐173",NA,"posterior",1302.5,0
6,"R_Date","07BDT11‐173",NA,"posterior",1303.5,0
6,"R_Date","07BDT11‐173",NA,"posterior",1304.5,0
6,"R_Date","07BDT11‐173",NA,"posterior",1305.5,0
6,"R_Date","07BDT11‐173",NA,"posterior",1306.5,0
6,"R_Date","07BDT11‐173",NA,"posterior",1307.5,0
6,"R_Date","07BDT11‐173",NA,"posterior",1308.5,0
6,"R_Date","07BDT11‐173",NA,"posterior",1309.5,0
6,"R_Date","07BDT11‐173",NA,"posterior",1310.5,0
6,"R_Date","07BDT11‐173",NA,"posterior",1311.5,0
6,"R_Date","07BDT11‐173",NA,"posterior",1312.5,0
6,"R_Date","07BDT11‐173",NA,"posterior",1313.5,0
6,"R_Date","07BDT11‐173",NA,"posterior",1314.5,0
6,"R_Date","07BDT11‐173",NA,"posterior",1315.5,0
6,"R_Date","07BDT11‐173",NA,"posterior",1316.5,0
6,"R_Date","07BDT11‐173",NA,"posterior",1317.5,0
6,"R_Date","07BDT11‐173",NA,"posterior",1318.5,0
6,"R_Date","07BDT11‐173",NA,"posterior",1319.5,0
6,"R_Date","07BDT11‐173",NA,"posterior",1320.5,0
6,"R_Date","07BDT11‐173",NA,"posterior",1321.5,0
6,"R_Date","07BDT11‐173",NA,"posterior",1322.5,0
6,"R_Date","07BDT11‐173",NA,"posterior",1323.5,0
6,"R_Date","07BDT11‐173",NA,"posterior",1324.5,0
6,"R_Date","07BDT11‐173",NA,"posterior",1325.5,0
6,"R_Date","07BDT11‐173",NA,"posterior",1326.5,0
6,"R_Date","07BDT11‐173",NA,"posterior",1327.5,0
6,"R_Date","07BDT11‐173",NA,"posterior",1328.5,0
6,"R_Date","07BDT11‐173",NA,"posterior",1329.5,0
6,"R_Date","07BDT11‐173",NA,"posterior",1330.5,0
6,"R_Date","07BDT11‐173",NA,"posterior",1331.5,0
6,"R_Date","07BDT11‐173",NA,"posterior",1332.5,0
6,"R_Date","07BDT11‐173",NA,"posterior",1333.5,0
6,"R_Date","07BDT11‐173",NA,"posterior",1334.5,0
6,"R_Date","07BDT11‐173",NA,"posterior",1335.5,0
6,"R_Date","07BDT11‐173",NA,"posterior",1336.5,0
6,"R_Date","07BDT11‐173",NA,"posterior",1337.5,0
6,"R_Date","07BDT11‐173",NA,"posterior",1338.5,0
6,"R_Date","07BDT11‐173",NA,"posterior",1339.5,0
6,"R_Date","07BDT11‐173",NA,"posterior",1340.5,0
6,"R_Date","07BDT11‐173",NA,"posterior",1341.5,0
6,"R_Date","07BDT11‐173",NA,"posterior",1342.5,0
6,"R_Date","07BDT11‐173",NA,"posterior",1343.5,0
6,"R_Date","07BDT11‐173",NA,"posterior",1344.5,0
6,"R_Date","07BDT11‐173",NA,"posterior",1345.5,0
6,"R_Date","07BDT11‐173",NA,"posterior",1346.5,0
6,"R_Date","07BDT11‐173",NA,"posterior",1347.5,0
6,"R_Date","07BDT11‐173",NA,"posterior",1348.5,0
6,"R_Date","07BDT11‐173",NA,"posterior",1349.5,0
6,"R_Date","07BDT11‐173",NA,"posterior",1350.5,0
6,"R_Date","07BDT11‐173",NA,"posterior",1351.5,0
6,"R_Date","07BDT11‐173",NA,"posterior",1352.5,0
6,"R_Date","07BDT11‐173",NA,"posterior",1353.5,0
6,"R_Date","07BDT11‐173",NA,"posterior",1354.5,0
6,"R_Date","07BDT11‐173",NA,"posterior",1355.5,0
6,"R_Date","07BDT11‐173",NA,"posterior",1356.5,0
6,"R_Date","07BDT11‐173",NA,"posterior",1357.5,0
6,"R_Date","07BDT11‐173",NA,"posterior",1358.5,0
6,"R_Date","07BDT11‐173",NA,"posterior",1359.5,0
6,"R_Date","07BDT11‐173",NA,"posterior",1360.5,0
6,"R_Date","07BDT11‐173",NA,"posterior",1361.5,0
6,"R_Date","07BDT11‐173",NA,"posterior",1362.5,0
6,"R_Date","07BDT11‐173",NA,"posterior",1363.5,0
6,"R_Date","07BDT11‐173",NA,"posterior",1364.5,0
6,"R_Date","07BDT11‐173",NA,"posterior",1365.5,0
6,"R_Date","07BDT11‐173",NA,"posterior",1366.5,2.0149e-06
6,"R_Date","07BDT11‐173",NA,"posterior",1367.5,9.355e-06
6,"R_Date","07BDT11‐173",NA,"posterior",1368.5,9.355e-06
6,"R_Date","07BDT11‐173",NA,"posterior",1369.5,8.75e-05
6,"R_Date","07BDT11‐173",NA,"posterior",1370.5,0.00019472
6,"R_Date","07BDT11‐173",NA,"posterior",1371.5,0.000527
6,"R_Date","07BDT11‐173",NA,"posterior",1372.5,0.0009323
6,"R_Date","07BDT11‐173",NA,"posterior",1373.5,0.0014323
6,"R_Date","07BDT11‐173",NA,"posterior",1374.5,0.0014468
6,"R_Date","07BDT11‐173",NA,"posterior",1375.5,0.0007959
6,"R_Date","07BDT11‐173",NA,"posterior",1376.5,0.00013327
6,"R_Date","07BDT11‐173",NA,"posterior",1377.5,1.5687e-05
6,"R_Date","07BDT11‐173",NA,"posterior",1378.5,0
6,"R_Date","07BDT11‐173",NA,"posterior",1379.5,0
6,"R_Date","07BDT11‐173",NA,"posterior",1380.5,0
8,"R_Date","05BDT5‐36",NA,"likelihood",1217.5,0
8,"R_Date","05BDT5‐36",NA,"likelihood",1218.5,0
8,"R_Date","05BDT5‐36",NA,"likelihood",1219.5,1.3242e-08
8,"R_Date","05BDT5‐36",NA,"likelihood",1220.5,2.6483e-08
8,"R_Date","05BDT5‐36",NA,"likelihood",1221.5,5.297e-08
8,"R_Date","05BDT5‐36",NA,"likelihood",1222.5,9.269e-08
8,"R_Date","05BDT5‐36",NA,"likelihood",1223.5,1.7214e-07
8,"R_Date","05BDT5‐36",NA,"likelihood",1224.5,2.9132e-07
8,"R_Date","05BDT5‐36",NA,"likelihood",1225.5,4.237e-07
8,"R_Date","05BDT5‐36",NA,"likelihood",1226.5,7.15e-07
8,"R_Date","05BDT5‐36",NA,"likelihood",1227.5,8.077e-07
8,"R_Date","05BDT5‐36",NA,"likelihood",1228.5,1.0196e-06
8,"R_Date","05BDT5‐36",NA,"likelihood",1229.5,1.1388e-06
8,"R_Date","05BDT5‐36",NA,"likelihood",1230.5,1.4301e-06
8,"R_Date","05BDT5‐36",NA,"likelihood",1231.5,1.6022e-06
8,"R_Date","05BDT5‐36",NA,"likelihood",1232.5,2.0127e-06
8,"R_Date","05BDT5‐36",NA,"likelihood",1233.5,2.2511e-06
8,"R_Date","05BDT5‐36",NA,"likelihood",1234.5,2.8205e-06
8,"R_Date","05BDT5‐36",NA,"likelihood",1235.5,2.8205e-06
8,"R_Date","05BDT5‐36",NA,"likelihood",1236.5,2.8205e-06
8,"R_Date","05BDT5‐36",NA,"likelihood",1237.5,2.8205e-06
8,"R_Date","05BDT5‐36",NA,"likelihood",1238.5,2.5159e-06
8,"R_Date","05BDT5‐36",NA,"likelihood",1239.5,2.2511e-06
8,"R_Date","05BDT5‐36",NA,"likelihood",1240.5,2.0127e-06
8,"R_Date","05BDT5‐36",NA,"likelihood",1241.5,1.8009e-06
8,"R_Date","05BDT5‐36",NA,"likelihood",1242.5,1.6022e-06
8,"R_Date","05BDT5‐36",NA,"likelihood",1243.5,1.4301e-06
8,"R_Date","05BDT5‐36",NA,"likelihood",1244.5,1.2844e-06
8,"R_Date","05BDT5‐36",NA,"likelihood",1245.5,1.1388e-06
8,"R_Date","05BDT5‐36",NA,"likelihood",1246.5,1.0196e-06
8,"R_Date","05BDT5‐36",NA,"likelihood",1247.5,9.004e-07
8,"R_Date","05BDT5‐36",NA,"likelihood",1248.5,8.077e-07
8,"R_Date","05BDT5‐36",NA,"likelihood",1249.5,8.077e-07
8,"R_Date","05BDT5‐36",NA,"likelihood",1250.5,7.15e-07
8,"R_Date","05BDT5‐36",NA,"likelihood",1251.5,7.15e-07
8,"R_Date","05BDT5‐36",NA,"likelihood",1252.5,8.077e-07
8,"R_Date","05BDT5‐36",NA,"likelihood",1253.5,9.004e-07
8,"R_Date","05BDT5‐36",NA,"likelihood",1254.5,1.0196e-06
8,"R_Date","05BDT5‐36",NA,"likelihood",1255.5,1.1388e-06
8,"R_Date","05BDT5‐36",NA,"likelihood",1256.5,1.1388e-06
8,"R_Date","05BDT5‐36",NA,"likelihood",1257.5,1.2844e-06
8,"R_Date","05BDT5‐36",NA,"likelihood",1258.5,1.4301e-06
8,"R_Date","05BDT5‐36",NA,"likelihood",1259.5,1.6022e-06
8,"R_Date","05BDT5‐36",NA,"likelihood",1260.5,2.0127e-06
8,"R_Date","05BDT5‐36",NA,"likelihood",1261.5,2.8205e-06
8,"R_Date","05BDT5‐36",NA,"likelihood",1262.5,3.509e-06
8,"R_Date","05BDT5‐36",NA,"likelihood",1263.5,4.846e-06
8,"R_Date","05BDT5‐36",NA,"likelihood",1264.5,7.389e-06
8,"R_Date","05BDT5‐36",NA,"likelihood",1265.5,1.005e-05
8,"R_Date","05BDT5‐36",NA,"likelihood",1266.5,1.5016e-05
8,"R_Date","05BDT5‐36",NA,"likelihood",1267.5,2.014e-05
8,"R_Date","05BDT5‐36",NA,"likelihood",1268.5,2.9502e-05
8,"R_Date","05BDT5‐36",NA,"likelihood",1269.5,3.898e-05
8,"R_Date","05BDT5‐36",NA,"likelihood",1270.5,5.596e-05
8,"R_Date","05BDT5‐36",NA,"likelihood",1271.5,7.283e-05
8,"R_Date","05BDT5‐36",NA,"likelihood",1272.5,9.419e-05
8,"R_Date","05BDT5‐36",NA,"likelihood",1273.5,0.00012103
8,"R_Date","05BDT5‐36",NA,"likelihood",1274.5,0.00016739
8,"R_Date","05BDT5‐36",NA,"likelihood",1275.5,0.00022884
8,"R_Date","05BDT5‐36",NA,"likelihood",1276.5,0.0003329
8,"R_Date","05BDT5‐36",NA,"likelihood",1277.5,0.0005097
8,"R_Date","05BDT5‐36",NA,"likelihood",1278.5,0.0008106
8,"R_Date","05BDT5‐36",NA,"likelihood",1279.5,0.0012445
8,"R_Date","05BDT5‐36",NA,"likelihood",1280.5,0.0018438
8,"R_Date","05BDT5‐36",NA,"likelihood",1281.5,0.0025104
8,"R_Date","05BDT5‐36",NA,"likelihood",1282.5,0.003182
8,"R_Date","05BDT5‐36",NA,"likelihood",1283.5,0.003797
8,"R_Date","05BDT5‐36",NA,"likelihood",1284.5,0.004478
8,"R_Date","05BDT5‐36",NA,"likelihood",1285.5,0.005029
8,"R_Date","05BDT5‐36",NA,"likelihood",1286.5,0.005414
8,"R_Date","05BDT5‐36",NA,"likelihood",1287.5,0.005811
8,"R_Date","05BDT5‐36",NA,"likelihood",1288.5,0.006426
8,"R_Date","05BDT5‐36",NA,"likelihood",1289.5,0.006636
8,"R_Date","05BDT5‐36",NA,"likelihood",1290.5,0.00706
8,"R_Date","05BDT5‐36",NA,"likelihood",1291.5,0.00749
8,"R_Date","05BDT5‐36",NA,"likelihood",1292.5,0.007706
8,"R_Date","05BDT5‐36",NA,"likelihood",1293.5,0.008139
8,"R_Date","05BDT5‐36",NA,"likelihood",1294.5,0.008355
8,"R_Date","05BDT5‐36",NA,"likelihood",1295.5,0.008785
8,"R_Date","05BDT5‐36",NA,"likelihood",1296.5,0.009421
8,"R_Date","05BDT5‐36",NA,"likelihood",1297.5,0.010035
8,"R_Date","05BDT5‐36",NA,"likelihood",1298.5,0.010806
8,"R_Date","05BDT5‐36",NA,"likelihood",1299.5,0.011657
8,"R_Date","05BDT5‐36",NA,"likelihood",1300.5,0.012223
8,"R_Date","05BDT5‐36",NA,"likelihood",1301.5,0.012849
8,"R_Date","05BDT5‐36",NA,"likelihood",1302.5,0.013123
8,"R_Date","05BDT5‐36",NA,"likelihood",1303.5,0.013143
8,"R_Date","05BDT5‐36",NA,"likelihood",1304.5,0.013064
8,"R_Date","05BDT5‐36",NA,"likelihood",1305.5,0.012833
8,"R_Date","05BDT5‐36",NA,"likelihood",1306.5,0.012456
8,"R_Date","05BDT5‐36",NA,"likelihood",1307.5,0.012085
8,"R_Date","05BDT5‐36",NA,"likelihood",1308.5,0.0118
8,"R_Date","05BDT5‐36",NA,"likelihood",1309.5,0.011647
8,"R_Date","05BDT5‐36",NA,"likelihood",1310.5,0.011488
8,"R_Date","05BDT5‐36",NA,"likelihood",1311.5,0.011322
8,"R_Date","05BDT5‐36",NA,"likelihood",1312.5,0.011322
8,"R_Date","05BDT5‐36",NA,"likelihood",1313.5,0.011385
8,"R_Date","05BDT5‐36",NA,"likelihood",1314.5,0.011385
8,"R_Date","05BDT5‐36",NA,"likelihood",1315.5,0.011385
8,"R_Date","05BDT5‐36",NA,"likelihood",1316.5,0.011385
8,"R_Date","05BDT5‐36",NA,"likelihood",1317.5,0.011385
8,"R_Date","05BDT5‐36",NA,"likelihood",1318.5,0.011028
8,"R_Date","05BDT5‐36",NA,"likelihood",1319.5,0.01065
8,"R_Date","05BDT5‐36",NA,"likelihood",1320.5,0.01005
8,"R_Date","05BDT5‐36",NA,"likelihood",1321.5,0.009204
8,"R_Date","05BDT5‐36",NA,"likelihood",1322.5,0.008326
8,"R_Date","05BDT5‐36",NA,"likelihood",1323.5,0.007441
8,"R_Date","05BDT5‐36",NA,"likelihood",1324.5,0.006356
8,"R_Date","05BDT5‐36",NA,"likelihood",1325.5,0.005526
8,"R_Date","05BDT5‐36",NA,"likelihood",1326.5,0.00456
8,"R_Date","05BDT5‐36",NA,"likelihood",1327.5,0.003856
8,"R_Date","05BDT5‐36",NA,"likelihood",1328.5,0.003222
8,"R_Date","05BDT5‐36",NA,"likelihood",1329.5,0.0029312
8,"R_Date","05BDT5‐36",NA,"likelihood",1330.5,0.0026586
8,"R_Date","05BDT5‐36",NA,"likelihood",1331.5,0.0026586
8,"R_Date","05BDT5‐36",NA,"likelihood",1332.5,0.0026586
8,"R_Date","05BDT5‐36",NA,"likelihood",1333.5,0.0027926
8,"R_Date","05BDT5‐36",NA,"likelihood",1334.5,0.0029312
8,"R_Date","05BDT5‐36",NA,"likelihood",1335.5,0.0030742
8,"R_Date","05BDT5‐36",NA,"likelihood",1336.5,0.003374
8,"R_Date","05BDT5‐36",NA,"likelihood",1337.5,0.00353
8,"R_Date","05BDT5‐36",NA,"likelihood",1338.5,0.003691
8,"R_Date","05BDT5‐36",NA,"likelihood",1339.5,0.003691
8,"R_Date","05BDT5‐36",NA,"likelihood",1340.5,0.003691
8,"R_Date","05BDT5‐36",NA,"likelihood",1341.5,0.003691
8,"R_Date","05BDT5‐36",NA,"likelihood",1342.5,0.003691
8,"R_Date","05BDT5‐36",NA,"likelihood",1343.5,0.003691
8,"R_Date","05BDT5‐36",NA,"likelihood",1344.5,0.003691
8,"R_Date","05BDT5‐36",NA,"likelihood",1345.5,0.003856
8,"R_Date","05BDT5‐36",NA,"likelihood",1346.5,0.004026
8,"R_Date","05BDT5‐36",NA,"likelihood",1347.5,0.004026
8,"R_Date","05BDT5‐36",NA,"likelihood",1348.5,0.0042
8,"R_Date","05BDT5‐36",NA,"likelihood",1349.5,0.0042
8,"R_Date","05BDT5‐36",NA,"likelihood",1350.5,0.0042
8,"R_Date","05BDT5‐36",NA,"likelihood",1351.5,0.004378
8,"R_Date","05BDT5‐36",NA,"likelihood",1352.5,0.00456
8,"R_Date","05BDT5‐36",NA,"likelihood",1353.5,0.005129
8,"R_Date","05BDT5‐36",NA,"likelihood",1354.5,0.005935
8,"R_Date","05BDT5‐36",NA,"likelihood",1355.5,0.006785
8,"R_Date","05BDT5‐36",NA,"likelihood",1356.5,0.007662
8,"R_Date","05BDT5‐36",NA,"likelihood",1357.5,0.008755
8,"R_Date","05BDT5‐36",NA,"likelihood",1358.5,0.009604
8,"R_Date","05BDT5‐36",NA,"likelihood",1359.5,0.010214
8,"R_Date","05BDT5‐36",NA,"likelihood",1360.5,0.010973
8,"R_Date","05BDT5‐36",NA,"likelihood",1361.5,0.011488
8,"R_Date","05BDT5‐36",NA,"likelihood",1362.5,0.0118
8,"R_Date","05BDT5‐36",NA,"likelihood",1363.5,0.012217
8,"R_Date","05BDT5‐36",NA,"likelihood",1364.5,0.012662
8,"R_Date","05BDT5‐36",NA,"likelihood",1365.5,0.012904
8,"R_Date","05BDT5‐36",NA,"likelihood",1366.5,0.013098
8,"R_Date","05BDT5‐36",NA,"likelihood",1367.5,0.013143
8,"R_Date","05BDT5‐36",NA,"likelihood",1368.5,0.013065
8,"R_Date","05BDT5‐36",NA,"likelihood",1369.5,0.012835
8,"R_Date","05BDT5‐36",NA,"likelihood",1370.5,0.012567
8,"R_Date","05BDT5‐36",NA,"likelihood",1371.5,0.012092
8,"R_Date","05BDT5‐36",NA,"likelihood",1372.5,0.011809
8,"R_Date","05BDT5‐36",NA,"likelihood",1373.5,0.011499
8,"R_Date","05BDT5‐36",NA,"likelihood",1374.5,0.011334
8,"R_Date","05BDT5‐36",NA,"likelihood",1375.5,0.011334
8,"R_Date","05BDT5‐36",NA,"likelihood",1376.5,0.011727
8,"R_Date","05BDT5‐36",NA,"likelihood",1377.5,0.012305
8,"R_Date","05BDT5‐36",NA,"likelihood",1378.5,0.012758
8,"R_Date","05BDT5‐36",NA,"likelihood",1379.5,0.013069
8,"R_Date","05BDT5‐36",NA,"likelihood",1380.5,0.013242
8,"R_Date","05BDT5‐36",NA,"likelihood",1381.5,0.013226
8,"R_Date","05BDT5‐36",NA,"likelihood",1382.5,0.013121
8,"R_Date","05BDT5‐36",NA,"likelihood",1383.5,0.012929
8,"R_Date","05BDT5‐36",NA,"likelihood",1384.5,0.012754
8,"R_Date","05BDT5‐36",NA,"likelihood",1385.5,0.012544
8,"R_Date","05BDT5‐36",NA,"likelihood",1386.5,0.012299
8,"R_Date","05BDT5‐36",NA,"likelihood",1387.5,0.011874
8,"R_Date","05BDT5‐36",NA,"likelihood",1388.5,0.011209
8,"R_Date","05BDT5‐36",NA,"likelihood",1389.5,0.010454
8,"R_Date","05BDT5‐36",NA,"likelihood",1390.5,0.009419
8,"R_Date","05BDT5‐36",NA,"likelihood",1391.5,0.008326
8,"R_Date","05BDT5‐36",NA,"likelihood",1392.5,0.007221
8,"R_Date","05BDT5‐36",NA,"likelihood",1393.5,0.005935
8,"R_Date","05BDT5‐36",NA,"likelihood",1394.5,0.004935
8,"R_Date","05BDT5‐36",NA,"likelihood",1395.5,0.004026
8,"R_Date","05BDT5‐36",NA,"likelihood",1396.5,0.0030742
8,"R_Date","05BDT5‐36",NA,"likelihood",1397.5,0.0024039
8,"R_Date","05BDT5‐36",NA,"likelihood",1398.5,0.0019474
8,"R_Date","05BDT5‐36",NA,"likelihood",1399.5,0.0015581
8,"R_Date","05BDT5‐36",NA,"likelihood",1400.5,0.0013873
8,"R_Date","05BDT5‐36",NA,"likelihood",1401.5,0.0012314
8,"R_Date","05BDT5‐36",NA,"likelihood",1402.5,0.0010896
8,"R_Date","05BDT5‐36",NA,"likelihood",1403.5,0.0009017
8,"R_Date","05BDT5‐36",NA,"likelihood",1404.5,0.0007411
8,"R_Date","05BDT5‐36",NA,"likelihood",1405.5,0.0006048
8,"R_Date","05BDT5‐36",NA,"likelihood",1406.5,0.0004562
8,"R_Date","05BDT5‐36",NA,"likelihood",1407.5,0.00031519
8,"R_Date","05BDT5‐36",NA,"likelihood",1408.5,0.00023121
8,"R_Date","05BDT5‐36",NA,"likelihood",1409.5,0.00016751
8,"R_Date","05BDT5‐36",NA,"likelihood",1410.5,0.00011984
8,"R_Date","05BDT5‐36",NA,"likelihood",1411.5,9.247e-05
8,"R_Date","05BDT5‐36",NA,"likelihood",1412.5,7.749e-05
8,"R_Date","05BDT5‐36",NA,"likelihood",1413.5,6.472e-05
8,"R_Date","05BDT5‐36",NA,"likelihood",1414.5,5.908e-05
8,"R_Date","05BDT5‐36",NA,"likelihood",1415.5,5.908e-05
8,"R_Date","05BDT5‐36",NA,"likelihood",1416.5,5.908e-05
8,"R_Date","05BDT5‐36",NA,"likelihood",1417.5,5.908e-05
8,"R_Date","05BDT5‐36",NA,"likelihood",1418.5,5.389e-05
8,"R_Date","05BDT5‐36",NA,"likelihood",1419.5,4.913e-05
8,"R_Date","05BDT5‐36",NA,"likelihood",1420.5,4.072e-05
8,"R_Date","05BDT5‐36",NA,"likelihood",1421.5,2.7701e-05
8,"R_Date","05BDT5‐36",NA,"likelihood",1422.5,1.8618e-05
8,"R_Date","05BDT5‐36",NA,"likelihood",1423.5,1.1136e-05
8,"R_Date","05BDT5‐36",NA,"likelihood",1424.5,6.528e-06
8,"R_Date","05BDT5‐36",NA,"likelihood",1425.5,4.198e-06
8,"R_Date","05BDT5‐36",NA,"likelihood",1426.5,2.6616e-06
8,"R_Date","05BDT5‐36",NA,"likelihood",1427.5,1.8803e-06
8,"R_Date","05BDT5‐36",NA,"likelihood",1428.5,1.4831e-06
8,"R_Date","05BDT5‐36",NA,"likelihood",1429.5,1.3109e-06
8,"R_Date","05BDT5‐36",NA,"likelihood",1430.5,1.1653e-06
8,"R_Date","05BDT5‐36",NA,"likelihood",1431.5,1.0328e-06
8,"R_Date","05BDT5‐36",NA,"likelihood",1432.5,8.077e-07
8,"R_Date","05BDT5‐36",NA,"likelihood",1433.5,6.356e-07
8,"R_Date","05BDT5‐36",NA,"likelihood",1434.5,4.899e-07
8,"R_Date","05BDT5‐36",NA,"likelihood",1435.5,2.9132e-07
8,"R_Date","05BDT5‐36",NA,"likelihood",1436.5,1.9862e-07
8,"R_Date","05BDT5‐36",NA,"likelihood",1437.5,1.1917e-07
8,"R_Date","05BDT5‐36",NA,"likelihood",1438.5,7.945e-08
8,"R_Date","05BDT5‐36",NA,"likelihood",1439.5,5.297e-08
8,"R_Date","05BDT5‐36",NA,"likelihood",1440.5,3.972e-08
8,"R_Date","05BDT5‐36",NA,"likelihood",1441.5,2.6483e-08
8,"R_Date","05BDT5‐36",NA,"likelihood",1442.5,1.3242e-08
8,"R_Date","05BDT5‐36",NA,"likelihood",1443.5,1.3242e-08
8,"R_Date","05BDT5‐36",NA,"likelihood",1444.5,0
8,"R_Date","05BDT5‐36",NA,"likelihood",1445.5,0
8,"R_Date","05BDT5‐36",NA,"posterior",1271.5,0
8,"R_Date","05BDT5‐36",NA,"posterior",1272.5,0
8,"R_Date","05BDT5‐36",NA,"posterior",1273.5,1.0487e-06
8,"R_Date","05BDT5‐36",NA,"posterior",1274.5,7.297e-06
8,"R_Date","05BDT5‐36",NA,"posterior",1275.5,1.6669e-05
8,"R_Date","05BDT5‐36",NA,"posterior",1276.5,3.229e-05
8,"R_Date","05BDT5‐36",NA,"posterior",1277.5,9.167e-05
8,"R_Date","05BDT5‐36",NA,"posterior",1278.5,0.00027708
8,"R_Date","05BDT5‐36",NA,"posterior",1279.5,0.0007479
8,"R_Date","05BDT5‐36",NA,"posterior",1280.5,0.0015771
8,"R_Date","05BDT5‐36",NA,"posterior",1281.5,0.0028136
8,"R_Date","05BDT5‐36",NA,"posterior",1282.5,0.004127
8,"R_Date","05BDT5‐36",NA,"posterior",1283.5,0.005484
8,"R_Date","05BDT5‐36",NA,"posterior",1284.5,0.006886
8,"R_Date","05BDT5‐36",NA,"posterior",1285.5,0.00774
8,"R_Date","05BDT5‐36",NA,"posterior",1286.5,0.008806
8,"R_Date","05BDT5‐36",NA,"posterior",1287.5,0.009485
8,"R_Date","05BDT5‐36",NA,"posterior",1288.5,0.010518
8,"R_Date","05BDT5‐36",NA,"posterior",1289.5,0.010878
8,"R_Date","05BDT5‐36",NA,"posterior",1290.5,0.011885
8,"R_Date","05BDT5‐36",NA,"posterior",1291.5,0.012511
8,"R_Date","05BDT5‐36",NA,"posterior",1292.5,0.012974
8,"R_Date","05BDT5‐36",NA,"posterior",1293.5,0.013386
8,"R_Date","05BDT5‐36",NA,"posterior",1294.5,0.013885
8,"R_Date","05BDT5‐36",NA,"posterior",1295.5,0.014611
8,"R_Date","05BDT5‐36",NA,"posterior",1296.5,0.015594
8,"R_Date","05BDT5‐36",NA,"posterior",1297.5,0.016761
8,"R_Date","05BDT5‐36",NA,"posterior",1298.5,0.017944
8,"R_Date","05BDT5‐36",NA,"posterior",1299.5,0.019298
8,"R_Date","05BDT5‐36",NA,"posterior",1300.5,0.020166
8,"R_Date","05BDT5‐36",NA,"posterior",1301.5,0.02128
8,"R_Date","05BDT5‐36",NA,"posterior",1302.5,0.021713
8,"R_Date","05BDT5‐36",NA,"posterior",1303.5,0.021627
8,"R_Date","05BDT5‐36",NA,"posterior",1304.5,0.021847
8,"R_Date","05BDT5‐36",NA,"posterior",1305.5,0.02144
8,"R_Date","05BDT5‐36",NA,"posterior",1306.5,0.020338
8,"R_Date","05BDT5‐36",NA,"posterior",1307.5,0.019711
8,"R_Date","05BDT5‐36",NA,"posterior",1308.5,0.019322
8,"R_Date","05BDT5‐36",NA,"posterior",1309.5,0.01863
8,"R_Date","05BDT5‐36",NA,"posterior",1310.5,0.018324
8,"R_Date","05BDT5‐36",NA,"posterior",1311.5,0.017675
8,"R_Date","05BDT5‐36",NA,"posterior",1312.5,0.017841
8,"R_Date","05BDT5‐36",NA,"posterior",1313.5,0.017242
8,"R_Date","05BDT5‐36",NA,"posterior",1314.5,0.017285
8,"R_Date","05BDT5‐36",NA,"posterior",1315.5,0.01743
8,"R_Date","05BDT5‐36",NA,"posterior",1316.5,0.016909
8,"R_Date","05BDT5‐36",NA,"posterior",1317.5,0.016767
8,"R_Date","05BDT5‐36",NA,"posterior",1318.5,0.015974
8,"R_Date","05BDT5‐36",NA,"posterior",1319.5,0.015542
8,"R_Date","05BDT5‐36",NA,"posterior",1320.5,0.014125
8,"R_Date","05BDT5‐36",NA,"posterior",1321.5,0.012792
8,"R_Date","05BDT5‐36",NA,"posterior",1322.5,0.011423
8,"R_Date","05BDT5‐36",NA,"posterior",1323.5,0.010209
8,"R_Date","05BDT5‐36",NA,"posterior",1324.5,0.00855
8,"R_Date","05BDT5‐36",NA,"posterior",1325.5,0.007119
8,"R_Date","05BDT5‐36",NA,"posterior",1326.5,0.005694
8,"R_Date","05BDT5‐36",NA,"posterior",1327.5,0.00478
8,"R_Date","05BDT5‐36",NA,"posterior",1328.5,0.00397
8,"R_Date","05BDT5‐36",NA,"posterior",1329.5,0.003465
8,"R_Date","05BDT5‐36",NA,"posterior",1330.5,0.0031281
8,"R_Date","05BDT5‐36",NA,"posterior",1331.5,0.0030031
8,"R_Date","05BDT5‐36",NA,"posterior",1332.5,0.0028979
8,"R_Date","05BDT5‐36",NA,"posterior",1333.5,0.0030667
8,"R_Date","05BDT5‐36",NA,"posterior",1334.5,0.0030531
8,"R_Date","05BDT5‐36",NA,"posterior",1335.5,0.003191
8,"R_Date","05BDT5‐36",NA,"posterior",1336.5,0.003406
8,"R_Date","05BDT5‐36",NA,"posterior",1337.5,0.00355
8,"R_Date","05BDT5‐36",NA,"posterior",1338.5,0.003582
8,"R_Date","05BDT5‐36",NA,"posterior",1339.5,0.003456
8,"R_Date","05BDT5‐36",NA,"posterior",1340.5,0.003396
8,"R_Date","05BDT5‐36",NA,"posterior",1341.5,0.00334
8,"R_Date","05BDT5‐36",NA,"posterior",1342.5,0.003234
8,"R_Date","05BDT5‐36",NA,"posterior",1343.5,0.003252
8,"R_Date","05BDT5‐36",NA,"posterior",1344.5,0.00315
8,"R_Date","05BDT5‐36",NA,"posterior",1345.5,0.0031094
8,"R_Date","05BDT5‐36",NA,"posterior",1346.5,0.003263
8,"R_Date","05BDT5‐36",NA,"posterior",1347.5,0.003165
8,"R_Date","05BDT5‐36",NA,"posterior",1348.5,0.003294
8,"R_Date","05BDT5‐36",NA,"posterior",1349.5,0.003171
8,"R_Date","05BDT5‐36",NA,"posterior",1350.5,0.003226
8,"R_Date","05BDT5‐36",NA,"posterior",1351.5,0.003293
8,"R_Date","05BDT5‐36",NA,"posterior",1352.5,0.003372
8,"R_Date","05BDT5‐36",NA,"posterior",1353.5,0.003669
8,"R_Date","05BDT5‐36",NA,"posterior",1354.5,0.004025
8,"R_Date","05BDT5‐36",NA,"posterior",1355.5,0.004609
8,"R_Date","05BDT5‐36",NA,"posterior",1356.5,0.005102
8,"R_Date","05BDT5‐36",NA,"posterior",1357.5,0.005665
8,"R_Date","05BDT5‐36",NA,"posterior",1358.5,0.006193
8,"R_Date","05BDT5‐36",NA,"posterior",1359.5,0.006596
8,"R_Date","05BDT5‐36",NA,"posterior",1360.5,0.007148
8,"R_Date","05BDT5‐36",NA,"posterior",1361.5,0.007109
8,"R_Date","05BDT5‐36",NA,"posterior",1362.5,0.007135
8,"R_Date","05BDT5‐36",NA,"posterior",1363.5,0.007348
8,"R_Date","05BDT5‐36",NA,"posterior",1364.5,0.007546
8,"R_Date","05BDT5‐36",NA,"posterior",1365.5,0.007661
8,"R_Date","05BDT5‐36",NA,"posterior",1366.5,0.008
8,"R_Date","05BDT5‐36",NA,"posterior",1367.5,0.007829
8,"R_Date","05BDT5‐36",NA,"posterior",1368.5,0.007617
8,"R_Date","05BDT5‐36",NA,"posterior",1369.5,0.00742
8,"R_Date","05BDT5‐36",NA,"posterior",1370.5,0.007149
8,"R_Date","05BDT5‐36",NA,"posterior",1371.5,0.006836
8,"R_Date","05BDT5‐36",NA,"posterior",1372.5,0.006598
8,"R_Date","05BDT5‐36",NA,"posterior",1373.5,0.006605
8,"R_Date","05BDT5‐36",NA,"posterior",1374.5,0.006677
8,"R_Date","05BDT5‐36",NA,"posterior",1375.5,0.006686
8,"R_Date","05BDT5‐36",NA,"posterior",1376.5,0.00694
8,"R_Date","05BDT5‐36",NA,"posterior",1377.5,0.007098
8,"R_Date","05BDT5‐36",NA,"posterior",1378.5,0.007419
8,"R_Date","05BDT5‐36",NA,"posterior",1379.5,0.007348
8,"R_Date","05BDT5‐36",NA,"posterior",1380.5,0.007143
8,"R_Date","05BDT5‐36",NA,"posterior",1381.5,0.007314
8,"R_Date","05BDT5‐36",NA,"posterior",1382.5,0.006853
8,"R_Date","05BDT5‐36",NA,"posterior",1383.5,0.006344
8,"R_Date","05BDT5‐36",NA,"posterior",1384.5,0.006266
8,"R_Date","05BDT5‐36",NA,"posterior",1385.5,0.005786
8,"R_Date","05BDT5‐36",NA,"posterior",1386.5,0.005456
8,"R_Date","05BDT5‐36",NA,"posterior",1387.5,0.004705
8,"R_Date","05BDT5‐36",NA,"posterior",1388.5,0.004346
8,"R_Date","05BDT5‐36",NA,"posterior",1389.5,0.003629
8,"R_Date","05BDT5‐36",NA,"posterior",1390.5,0.0028188
8,"R_Date","05BDT5‐36",NA,"posterior",1391.5,0.0022396
8,"R_Date","05BDT5‐36",NA,"posterior",1392.5,0.0017323
8,"R_Date","05BDT5‐36",NA,"posterior",1393.5,0.0010979
8,"R_Date","05BDT5‐36",NA,"posterior",1394.5,0.0007979
8,"R_Date","05BDT5‐36",NA,"posterior",1395.5,0.0004927
8,"R_Date","05BDT5‐36",NA,"posterior",1396.5,0.0003271
8,"R_Date","05BDT5‐36",NA,"posterior",1397.5,0.00019064
8,"R_Date","05BDT5‐36",NA,"posterior",1398.5,9.999e-05
8,"R_Date","05BDT5‐36",NA,"posterior",1399.5,7.188e-05
8,"R_Date","05BDT5‐36",NA,"posterior",1400.5,3.646e-05
8,"R_Date","05BDT5‐36",NA,"posterior",1401.5,3.1241e-05
8,"R_Date","05BDT5‐36",NA,"posterior",1402.5,2.4993e-05
8,"R_Date","05BDT5‐36",NA,"posterior",1403.5,1.4594e-05
8,"R_Date","05BDT5‐36",NA,"posterior",1404.5,1.5621e-05
8,"R_Date","05BDT5‐36",NA,"posterior",1405.5,5.2e-06
8,"R_Date","05BDT5‐36",NA,"posterior",1406.5,3.1241e-06
8,"R_Date","05BDT5‐36",NA,"posterior",1407.5,2.0755e-06
8,"R_Date","05BDT5‐36",NA,"posterior",1408.5,2.0755e-06
8,"R_Date","05BDT5‐36",NA,"posterior",1409.5,0
9,"R_Date","05BDT5‐79",NA,"likelihood",1230.5,0
9,"R_Date","05BDT5‐79",NA,"likelihood",1231.5,1.8922e-08
9,"R_Date","05BDT5‐79",NA,"likelihood",1232.5,1.8922e-08
9,"R_Date","05BDT5‐79",NA,"likelihood",1233.5,1.8922e-08
9,"R_Date","05BDT5‐79",NA,"likelihood",1234.5,3.784e-08
9,"R_Date","05BDT5‐79",NA,"likelihood",1235.5,3.784e-08
9,"R_Date","05BDT5‐79",NA,"likelihood",1236.5,3.784e-08
9,"R_Date","05BDT5‐79",NA,"likelihood",1237.5,3.784e-08
9,"R_Date","05BDT5‐79",NA,"likelihood",1238.5,1.8922e-08
9,"R_Date","05BDT5‐79",NA,"likelihood",1239.5,1.8922e-08
9,"R_Date","05BDT5‐79",NA,"likelihood",1240.5,1.8922e-08
9,"R_Date","05BDT5‐79",NA,"likelihood",1241.5,1.8922e-08
9,"R_Date","05BDT5‐79",NA,"likelihood",1242.5,1.8922e-08
9,"R_Date","05BDT5‐79",NA,"likelihood",1243.5,0
9,"R_Date","05BDT5‐79",NA,"likelihood",1244.5,0
9,"R_Date","05BDT5‐79",NA,"likelihood",1245.5,0
9,"R_Date","05BDT5‐79",NA,"likelihood",1246.5,0
9,"R_Date","05BDT5‐79",NA,"likelihood",1247.5,0
9,"R_Date","05BDT5‐79",NA,"likelihood",1248.5,0
9,"R_Date","05BDT5‐79",NA,"likelihood",1249.5,0
9,"R_Date","05BDT5‐79",NA,"likelihood",1250.5,0
9,"R_Date","05BDT5‐79",NA,"likelihood",1251.5,0
9,"R_Date","05BDT5‐79",NA,"likelihood",1252.5,0
9,"R_Date","05BDT5‐79",NA,"likelihood",1253.5,0
9,"R_Date","05BDT5‐79",NA,"likelihood",1254.5,0
9,"R_Date","05BDT5‐79",NA,"likelihood",1255.5,0
9,"R_Date","05BDT5‐79",NA,"likelihood",1256.5,0
9,"R_Date","05BDT5‐79",NA,"likelihood",1257.5,0
9,"R_Date","05BDT5‐79",NA,"likelihood",1258.5,0
9,"R_Date","05BDT5‐79",NA,"likelihood",1259.5,1.8922e-08
9,"R_Date","05BDT5‐79",NA,"likelihood",1260.5,1.8922e-08
9,"R_Date","05BDT5‐79",NA,"likelihood",1261.5,3.784e-08
9,"R_Date","05BDT5‐79",NA,"likelihood",1262.5,3.784e-08
9,"R_Date","05BDT5‐79",NA,"likelihood",1263.5,7.569e-08
9,"R_Date","05BDT5‐79",NA,"likelihood",1264.5,1.5138e-07
9,"R_Date","05BDT5‐79",NA,"likelihood",1265.5,2.4599e-07
9,"R_Date","05BDT5‐79",NA,"likelihood",1266.5,4.92e-07
9,"R_Date","05BDT5‐79",NA,"likelihood",1267.5,8.137e-07
9,"R_Date","05BDT5‐79",NA,"likelihood",1268.5,1.5516e-06
9,"R_Date","05BDT5‐79",NA,"likelihood",1269.5,2.4788e-06
9,"R_Date","05BDT5‐79",NA,"likelihood",1270.5,4.522e-06
9,"R_Date","05BDT5‐79",NA,"likelihood",1271.5,7.001e-06
9,"R_Date","05BDT5‐79",NA,"likelihood",1272.5,1.0729e-05
9,"R_Date","05BDT5‐79",NA,"likelihood",1273.5,1.6236e-05
9,"R_Date","05BDT5‐79",NA,"likelihood",1274.5,2.7703e-05
9,"R_Date","05BDT5‐79",NA,"likelihood",1275.5,4.63e-05
9,"R_Date","05BDT5‐79",NA,"likelihood",1276.5,8.544e-05
9,"R_Date","05BDT5‐79",NA,"likelihood",1277.5,0.00017066
9,"R_Date","05BDT5‐79",NA,"likelihood",1278.5,0.0003604
9,"R_Date","05BDT5‐79",NA,"likelihood",1279.5,0.0007136
9,"R_Date","05BDT5‐79",NA,"likelihood",1280.5,0.0013248
9,"R_Date","05BDT5‐79",NA,"likelihood",1281.5,0.0021384
9,"R_Date","05BDT5‐79",NA,"likelihood",1282.5,0.0030732
9,"R_Date","05BDT5‐79",NA,"likelihood",1283.5,0.004011
9,"R_Date","05BDT5‐79",NA,"likelihood",1284.5,0.005125
9,"R_Date","05BDT5‐79",NA,"likelihood",1285.5,0.006075
9,"R_Date","05BDT5‐79",NA,"likelihood",1286.5,0.006758
9,"R_Date","05BDT5‐79",NA,"likelihood",1287.5,0.007479
9,"R_Date","05BDT5‐79",NA,"likelihood",1288.5,0.008621
9,"R_Date","05BDT5‐79",NA,"likelihood",1289.5,0.009015
9,"R_Date","05BDT5‐79",NA,"likelihood",1290.5,0.009819
9,"R_Date","05BDT5‐79",NA,"likelihood",1291.5,0.010637
9,"R_Date","05BDT5‐79",NA,"likelihood",1292.5,0.01105
9,"R_Date","05BDT5‐79",NA,"likelihood",1293.5,0.011876
9,"R_Date","05BDT5‐79",NA,"likelihood",1294.5,0.012287
9,"R_Date","05BDT5‐79",NA,"likelihood",1295.5,0.013101
9,"R_Date","05BDT5‐79",NA,"likelihood",1296.5,0.01428
9,"R_Date","05BDT5‐79",NA,"likelihood",1297.5,0.015379
9,"R_Date","05BDT5‐79",NA,"likelihood",1298.5,0.016663
9,"R_Date","05BDT5‐79",NA,"likelihood",1299.5,0.017874
9,"R_Date","05BDT5‐79",NA,"likelihood",1300.5,0.018457
9,"R_Date","05BDT5‐79",NA,"likelihood",1301.5,0.018909
9,"R_Date","05BDT5‐79",NA,"likelihood",1302.5,0.018597
9,"R_Date","05BDT5‐79",NA,"likelihood",1303.5,0.01744
9,"R_Date","05BDT5‐79",NA,"likelihood",1304.5,0.016351
9,"R_Date","05BDT5‐79",NA,"likelihood",1305.5,0.015003
9,"R_Date","05BDT5‐79",NA,"likelihood",1306.5,0.013472
9,"R_Date","05BDT5‐79",NA,"likelihood",1307.5,0.012253
9,"R_Date","05BDT5‐79",NA,"likelihood",1308.5,0.011425
9,"R_Date","05BDT5‐79",NA,"likelihood",1309.5,0.01101
9,"R_Date","05BDT5‐79",NA,"likelihood",1310.5,0.010596
9,"R_Date","05BDT5‐79",NA,"likelihood",1311.5,0.010183
9,"R_Date","05BDT5‐79",NA,"likelihood",1312.5,0.010183
9,"R_Date","05BDT5‐79",NA,"likelihood",1313.5,0.01015
9,"R_Date","05BDT5‐79",NA,"likelihood",1314.5,0.01015
9,"R_Date","05BDT5‐79",NA,"likelihood",1315.5,0.01015
9,"R_Date","05BDT5‐79",NA,"likelihood",1316.5,0.01015
9,"R_Date","05BDT5‐79",NA,"likelihood",1317.5,0.01015
9,"R_Date","05BDT5‐79",NA,"likelihood",1318.5,0.009314
9,"R_Date","05BDT5‐79",NA,"likelihood",1319.5,0.0085
9,"R_Date","05BDT5‐79",NA,"likelihood",1320.5,0.007333
9,"R_Date","05BDT5‐79",NA,"likelihood",1321.5,0.005906
9,"R_Date","05BDT5‐79",NA,"likelihood",1322.5,0.004652
9,"R_Date","05BDT5‐79",NA,"likelihood",1323.5,0.003583
9,"R_Date","05BDT5‐79",NA,"likelihood",1324.5,0.0025057
9,"R_Date","05BDT5‐79",NA,"likelihood",1325.5,0.0018353
9,"R_Date","05BDT5‐79",NA,"likelihood",1326.5,0.001205
9,"R_Date","05BDT5‐79",NA,"likelihood",1327.5,0.0008391
9,"R_Date","05BDT5‐79",NA,"likelihood",1328.5,0.0005714
9,"R_Date","05BDT5‐79",NA,"likelihood",1329.5,0.0004675
9,"R_Date","05BDT5‐79",NA,"likelihood",1330.5,0.0003804
9,"R_Date","05BDT5‐79",NA,"likelihood",1331.5,0.0003804
9,"R_Date","05BDT5‐79",NA,"likelihood",1332.5,0.0003804
9,"R_Date","05BDT5‐79",NA,"likelihood",1333.5,0.000422
9,"R_Date","05BDT5‐79",NA,"likelihood",1334.5,0.0004675
9,"R_Date","05BDT5‐79",NA,"likelihood",1335.5,0.0005172
9,"R_Date","05BDT5‐79",NA,"likelihood",1336.5,0.0006303
9,"R_Date","05BDT5‐79",NA,"likelihood",1337.5,0.0006944
9,"R_Date","05BDT5‐79",NA,"likelihood",1338.5,0.0007639
9,"R_Date","05BDT5‐79",NA,"likelihood",1339.5,0.0007639
9,"R_Date","05BDT5‐79",NA,"likelihood",1340.5,0.0007639
9,"R_Date","05BDT5‐79",NA,"likelihood",1341.5,0.0007639
9,"R_Date","05BDT5‐79",NA,"likelihood",1342.5,0.0007639
9,"R_Date","05BDT5‐79",NA,"likelihood",1343.5,0.0007639
9,"R_Date","05BDT5‐79",NA,"likelihood",1344.5,0.0007639
9,"R_Date","05BDT5‐79",NA,"likelihood",1345.5,0.0008391
9,"R_Date","05BDT5‐79",NA,"likelihood",1346.5,0.0009205
9,"R_Date","05BDT5‐79",NA,"likelihood",1347.5,0.0009205
9,"R_Date","05BDT5‐79",NA,"likelihood",1348.5,0.0010084
9,"R_Date","05BDT5‐79",NA,"likelihood",1349.5,0.0010084
9,"R_Date","05BDT5‐79",NA,"likelihood",1350.5,0.0010084
9,"R_Date","05BDT5‐79",NA,"likelihood",1351.5,0.0011031
9,"R_Date","05BDT5‐79",NA,"likelihood",1352.5,0.001205
9,"R_Date","05BDT5‐79",NA,"likelihood",1353.5,0.0015575
9,"R_Date","05BDT5‐79",NA,"likelihood",1354.5,0.0021505
9,"R_Date","05BDT5‐79",NA,"likelihood",1355.5,0.0029034
9,"R_Date","05BDT5‐79",NA,"likelihood",1356.5,0.003833
9,"R_Date","05BDT5‐79",NA,"likelihood",1357.5,0.005373
9,"R_Date","05BDT5‐79",NA,"likelihood",1358.5,0.006703
9,"R_Date","05BDT5‐79",NA,"likelihood",1359.5,0.0078
9,"R_Date","05BDT5‐79",NA,"likelihood",1360.5,0.009368
9,"R_Date","05BDT5‐79",NA,"likelihood",1361.5,0.010596
9,"R_Date","05BDT5‐79",NA,"likelihood",1362.5,0.011425
9,"R_Date","05BDT5‐79",NA,"likelihood",1363.5,0.012664
9,"R_Date","05BDT5‐79",NA,"likelihood",1364.5,0.014255
9,"R_Date","05BDT5‐79",NA,"likelihood",1365.5,0.01536
9,"R_Date","05BDT5‐79",NA,"likelihood",1366.5,0.01665
9,"R_Date","05BDT5‐79",NA,"likelihood",1367.5,0.01744
9,"R_Date","05BDT5‐79",NA,"likelihood",1368.5,0.018207
9,"R_Date","05BDT5‐79",NA,"likelihood",1369.5,0.018604
9,"R_Date","05BDT5‐79",NA,"likelihood",1370.5,0.018642
9,"R_Date","05BDT5‐79",NA,"likelihood",1371.5,0.018346
9,"R_Date","05BDT5‐79",NA,"likelihood",1372.5,0.018054
9,"R_Date","05BDT5‐79",NA,"likelihood",1373.5,0.017672
9,"R_Date","05BDT5‐79",NA,"likelihood",1374.5,0.017449
9,"R_Date","05BDT5‐79",NA,"likelihood",1375.5,0.017449
9,"R_Date","05BDT5‐79",NA,"likelihood",1376.5,0.018109
9,"R_Date","05BDT5‐79",NA,"likelihood",1377.5,0.018716
9,"R_Date","05BDT5‐79",NA,"likelihood",1378.5,0.018923
9,"R_Date","05BDT5‐79",NA,"likelihood",1379.5,0.018713
9,"R_Date","05BDT5‐79",NA,"likelihood",1380.5,0.017891
9,"R_Date","05BDT5‐79",NA,"likelihood",1381.5,0.017128
9,"R_Date","05BDT5‐79",NA,"likelihood",1382.5,0.016195
9,"R_Date","05BDT5‐79",NA,"likelihood",1383.5,0.015123
9,"R_Date","05BDT5‐79",NA,"likelihood",1384.5,0.014349
9,"R_Date","05BDT5‐79",NA,"likelihood",1385.5,0.013538
9,"R_Date","05BDT5‐79",NA,"likelihood",1386.5,0.012703
9,"R_Date","05BDT5‐79",NA,"likelihood",1387.5,0.011426
9,"R_Date","05BDT5‐79",NA,"likelihood",1388.5,0.00973
9,"R_Date","05BDT5‐79",NA,"likelihood",1389.5,0.008103
9,"R_Date","05BDT5‐79",NA,"likelihood",1390.5,0.006248
9,"R_Date","05BDT5‐79",NA,"likelihood",1391.5,0.004652
9,"R_Date","05BDT5‐79",NA,"likelihood",1392.5,0.003345
9,"R_Date","05BDT5‐79",NA,"likelihood",1393.5,0.0021505
9,"R_Date","05BDT5‐79",NA,"likelihood",1394.5,0.0014318
9,"R_Date","05BDT5‐79",NA,"likelihood",1395.5,0.0009205
9,"R_Date","05BDT5‐79",NA,"likelihood",1396.5,0.0005172
9,"R_Date","05BDT5‐79",NA,"likelihood",1397.5,0.00030777
9,"R_Date","05BDT5‐79",NA,"likelihood",1398.5,0.0001981
9,"R_Date","05BDT5‐79",NA,"likelihood",1399.5,0.00012466
9,"R_Date","05BDT5‐79",NA,"likelihood",1400.5,9.806e-05
9,"R_Date","05BDT5‐79",NA,"likelihood",1401.5,7.669e-05
9,"R_Date","05BDT5‐79",NA,"likelihood",1402.5,5.966e-05
9,"R_Date","05BDT5‐79",NA,"likelihood",1403.5,4.049e-05
9,"R_Date","05BDT5‐79",NA,"likelihood",1404.5,2.7135e-05
9,"R_Date","05BDT5‐79",NA,"likelihood",1405.5,1.7957e-05
9,"R_Date","05BDT5‐79",NA,"likelihood",1406.5,1.0142e-05
9,"R_Date","05BDT5‐79",NA,"likelihood",1407.5,4.806e-06
9,"R_Date","05BDT5‐79",NA,"likelihood",1408.5,2.5924e-06
9,"R_Date","05BDT5‐79",NA,"likelihood",1409.5,1.3624e-06
9,"R_Date","05BDT5‐79",NA,"likelihood",1410.5,7.001e-07
9,"R_Date","05BDT5‐79",NA,"likelihood",1411.5,4.163e-07
9,"R_Date","05BDT5‐79",NA,"likelihood",1412.5,2.8384e-07
9,"R_Date","05BDT5‐79",NA,"likelihood",1413.5,2.0815e-07
9,"R_Date","05BDT5‐79",NA,"likelihood",1414.5,1.703e-07
9,"R_Date","05BDT5‐79",NA,"likelihood",1415.5,1.703e-07
9,"R_Date","05BDT5‐79",NA,"likelihood",1416.5,1.703e-07
9,"R_Date","05BDT5‐79",NA,"likelihood",1417.5,1.703e-07
9,"R_Date","05BDT5‐79",NA,"likelihood",1418.5,1.5138e-07
9,"R_Date","05BDT5‐79",NA,"likelihood",1419.5,1.1353e-07
9,"R_Date","05BDT5‐79",NA,"likelihood",1420.5,7.569e-08
9,"R_Date","05BDT5‐79",NA,"likelihood",1421.5,3.784e-08
9,"R_Date","05BDT5‐79",NA,"likelihood",1422.5,1.8922e-08
9,"R_Date","05BDT5‐79",NA,"likelihood",1423.5,0
9,"R_Date","05BDT5‐79",NA,"likelihood",1424.5,0
9,"R_Date","05BDT5‐79",NA,"posterior",1274.5,0
9,"R_Date","05BDT5‐79",NA,"posterior",1275.5,3.1134e-06
9,"R_Date","05BDT5‐79",NA,"posterior",1276.5,7.305e-06
9,"R_Date","05BDT5‐79",NA,"posterior",1277.5,2.6045e-05
9,"R_Date","05BDT5‐79",NA,"posterior",1278.5,0.00013334
9,"R_Date","05BDT5‐79",NA,"posterior",1279.5,0.000425
9,"R_Date","05BDT5‐79",NA,"posterior",1280.5,0.0011531
9,"R_Date","05BDT5‐79",NA,"posterior",1281.5,0.0022854
9,"R_Date","05BDT5‐79",NA,"posterior",1282.5,0.003741
9,"R_Date","05BDT5‐79",NA,"posterior",1283.5,0.005573
9,"R_Date","05BDT5‐79",NA,"posterior",1284.5,0.007346
9,"R_Date","05BDT5‐79",NA,"posterior",1285.5,0.008983
9,"R_Date","05BDT5‐79",NA,"posterior",1286.5,0.01036
9,"R_Date","05BDT5‐79",NA,"posterior",1287.5,0.012003
9,"R_Date","05BDT5‐79",NA,"posterior",1288.5,0.013461
9,"R_Date","05BDT5‐79",NA,"posterior",1289.5,0.01418
9,"R_Date","05BDT5‐79",NA,"posterior",1290.5,0.015261
9,"R_Date","05BDT5‐79",NA,"posterior",1291.5,0.016403
9,"R_Date","05BDT5‐79",NA,"posterior",1292.5,0.017559
9,"R_Date","05BDT5‐79",NA,"posterior",1293.5,0.018854
9,"R_Date","05BDT5‐79",NA,"posterior",1294.5,0.019361
9,"R_Date","05BDT5‐79",NA,"posterior",1295.5,0.020788
9,"R_Date","05BDT5‐79",NA,"posterior",1296.5,0.022574
9,"R_Date","05BDT5‐79",NA,"posterior",1297.5,0.023957
9,"R_Date","05BDT5‐79",NA,"posterior",1298.5,0.025899
9,"R_Date","05BDT5‐79",NA,"posterior",1299.5,0.028117
9,"R_Date","05BDT5‐79",NA,"posterior",1300.5,0.028816
9,"R_Date","05BDT5‐79",NA,"posterior",1301.5,0.029937
9,"R_Date","05BDT5‐79",NA,"posterior",1302.5,0.029222
9,"R_Date","05BDT5‐79",NA,"posterior",1303.5,0.027906
9,"R_Date","05BDT5‐79",NA,"posterior",1304.5,0.02564
9,"R_Date","05BDT5‐79",NA,"posterior",1305.5,0.023483
9,"R_Date","05BDT5‐79",NA,"posterior",1306.5,0.020841
9,"R_Date","05BDT5‐79",NA,"posterior",1307.5,0.019266
9,"R_Date","05BDT5‐79",NA,"posterior",1308.5,0.017518
9,"R_Date","05BDT5‐79",NA,"posterior",1309.5,0.016765
9,"R_Date","05BDT5‐79",NA,"posterior",1310.5,0.016167
9,"R_Date","05BDT5‐79",NA,"posterior",1311.5,0.015436
9,"R_Date","05BDT5‐79",NA,"posterior",1312.5,0.01519
9,"R_Date","05BDT5‐79",NA,"posterior",1313.5,0.014969
9,"R_Date","05BDT5‐79",NA,"posterior",1314.5,0.014982
9,"R_Date","05BDT5‐79",NA,"posterior",1315.5,0.015093
9,"R_Date","05BDT5‐79",NA,"posterior",1316.5,0.014971
9,"R_Date","05BDT5‐79",NA,"posterior",1317.5,0.014523
9,"R_Date","05BDT5‐79",NA,"posterior",1318.5,0.013111
9,"R_Date","05BDT5‐79",NA,"posterior",1319.5,0.011982
9,"R_Date","05BDT5‐79",NA,"posterior",1320.5,0.010029
9,"R_Date","05BDT5‐79",NA,"posterior",1321.5,0.008057
9,"R_Date","05BDT5‐79",NA,"posterior",1322.5,0.006296
9,"R_Date","05BDT5‐79",NA,"posterior",1323.5,0.004618
9,"R_Date","05BDT5‐79",NA,"posterior",1324.5,0.003333
9,"R_Date","05BDT5‐79",NA,"posterior",1325.5,0.002349
9,"R_Date","05BDT5‐79",NA,"posterior",1326.5,0.0015281
9,"R_Date","05BDT5‐79",NA,"posterior",1327.5,0.0010688
9,"R_Date","05BDT5‐79",NA,"posterior",1328.5,0.0007042
9,"R_Date","05BDT5‐79",NA,"posterior",1329.5,0.0005542
9,"R_Date","05BDT5‐79",NA,"posterior",1330.5,0.0004958
9,"R_Date","05BDT5‐79",NA,"posterior",1331.5,0.0004229
9,"R_Date","05BDT5‐79",NA,"posterior",1332.5,0.0004146
9,"R_Date","05BDT5‐79",NA,"posterior",1333.5,0.0004594
9,"R_Date","05BDT5‐79",NA,"posterior",1334.5,0.0005031
9,"R_Date","05BDT5‐79",NA,"posterior",1335.5,0.0005479
9,"R_Date","05BDT5‐79",NA,"posterior",1336.5,0.0006427
9,"R_Date","05BDT5‐79",NA,"posterior",1337.5,0.0006792
9,"R_Date","05BDT5‐79",NA,"posterior",1338.5,0.0007302
9,"R_Date","05BDT5‐79",NA,"posterior",1339.5,0.000724
9,"R_Date","05BDT5‐79",NA,"posterior",1340.5,0.0007156
9,"R_Date","05BDT5‐79",NA,"posterior",1341.5,0.0006781
9,"R_Date","05BDT5‐79",NA,"posterior",1342.5,0.0006906
9,"R_Date","05BDT5‐79",NA,"posterior",1343.5,0.0006385
9,"R_Date","05BDT5‐79",NA,"posterior",1344.5,0.0006531
9,"R_Date","05BDT5‐79",NA,"posterior",1345.5,0.0006854
9,"R_Date","05BDT5‐79",NA,"posterior",1346.5,0.000699
9,"R_Date","05BDT5‐79",NA,"posterior",1347.5,0.0007281
9,"R_Date","05BDT5‐79",NA,"posterior",1348.5,0.0007573
9,"R_Date","05BDT5‐79",NA,"posterior",1349.5,0.0007385
9,"R_Date","05BDT5‐79",NA,"posterior",1350.5,0.000851
9,"R_Date","05BDT5‐79",NA,"posterior",1351.5,0.0008365
9,"R_Date","05BDT5‐79",NA,"posterior",1352.5,0.0008958
9,"R_Date","05BDT5‐79",NA,"posterior",1353.5,0.0010771
9,"R_Date","05BDT5‐79",NA,"posterior",1354.5,0.0014844
9,"R_Date","05BDT5‐79",NA,"posterior",1355.5,0.0019406
9,"R_Date","05BDT5‐79",NA,"posterior",1356.5,0.0027437
9,"R_Date","05BDT5‐79",NA,"posterior",1357.5,0.003589
9,"R_Date","05BDT5‐79",NA,"posterior",1358.5,0.003971
9,"R_Date","05BDT5‐79",NA,"posterior",1359.5,0.004941
9,"R_Date","05BDT5‐79",NA,"posterior",1360.5,0.005524
9,"R_Date","05BDT5‐79",NA,"posterior",1361.5,0.006586
9,"R_Date","05BDT5‐79",NA,"posterior",1362.5,0.006917
9,"R_Date","05BDT5‐79",NA,"posterior",1363.5,0.00772
9,"R_Date","05BDT5‐79",NA,"posterior",1364.5,0.008268
9,"R_Date","05BDT5‐79",NA,"posterior",1365.5,0.008796
9,"R_Date","05BDT5‐79",NA,"posterior",1366.5,0.009411
9,"R_Date","05BDT5‐79",NA,"posterior",1367.5,0.009922
9,"R_Date","05BDT5‐79",NA,"posterior",1368.5,0.010213
9,"R_Date","05BDT5‐79",NA,"posterior",1369.5,0.010278
9,"R_Date","05BDT5‐79",NA,"posterior",1370.5,0.010369
9,"R_Date","05BDT5‐79",NA,"posterior",1371.5,0.009904
9,"R_Date","05BDT5‐79",NA,"posterior",1372.5,0.009913
9,"R_Date","05BDT5‐79",NA,"posterior",1373.5,0.009786
9,"R_Date","05BDT5‐79",NA,"posterior",1374.5,0.009682
9,"R_Date","05BDT5‐79",NA,"posterior",1375.5,0.009818
9,"R_Date","05BDT5‐79",NA,"posterior",1376.5,0.010197
9,"R_Date","05BDT5‐79",NA,"posterior",1377.5,0.010035
9,"R_Date","05BDT5‐79",NA,"posterior",1378.5,0.010776
9,"R_Date","05BDT5‐79",NA,"posterior",1379.5,0.009822
9,"R_Date","05BDT5‐79",NA,"posterior",1380.5,0.009973
9,"R_Date","05BDT5‐79",NA,"posterior",1381.5,0.009001
9,"R_Date","05BDT5‐79",NA,"posterior",1382.5,0.008399
9,"R_Date","05BDT5‐79",NA,"posterior",1383.5,0.007457
9,"R_Date","05BDT5‐79",NA,"posterior",1384.5,0.006779
9,"R_Date","05BDT5‐79",NA,"posterior",1385.5,0.005935
9,"R_Date","05BDT5‐79",NA,"posterior",1386.5,0.005296
9,"R_Date","05BDT5‐79",NA,"posterior",1387.5,0.004484
9,"R_Date","05BDT5‐79",NA,"posterior",1388.5,0.003685
9,"R_Date","05BDT5‐79",NA,"posterior",1389.5,0.0026604
9,"R_Date","05BDT5‐79",NA,"posterior",1390.5,0.0018302
9,"R_Date","05BDT5‐79",NA,"posterior",1391.5,0.0012292
9,"R_Date","05BDT5‐79",NA,"posterior",1392.5,0.0007135
9,"R_Date","05BDT5‐79",NA,"posterior",1393.5,0.0003865
9,"R_Date","05BDT5‐79",NA,"posterior",1394.5,0.00027084
9,"R_Date","05BDT5‐79",NA,"posterior",1395.5,0.00011561
9,"R_Date","05BDT5‐79",NA,"posterior",1396.5,5.314e-05
9,"R_Date","05BDT5‐79",NA,"posterior",1397.5,2.6045e-05
9,"R_Date","05BDT5‐79",NA,"posterior",1398.5,1.0418e-05
9,"R_Date","05BDT5‐79",NA,"posterior",1399.5,9.37e-06
9,"R_Date","05BDT5‐79",NA,"posterior",1400.5,3.1134e-06
9,"R_Date","05BDT5‐79",NA,"posterior",1401.5,0
9,"R_Date","05BDT5‐79",NA,"posterior",1402.5,2.0956e-06
9,"R_Date","05BDT5‐79",NA,"posterior",1403.5,1.0478e-06
10,"R_Date","07BDT11‐162",NA,"likelihood",1263.5,0
10,"R_Date","07BDT11‐162",NA,"likelihood",1264.5,0
10,"R_Date","07BDT11‐162",NA,"likelihood",1265.5,4.539e-08
10,"R_Date","07BDT11‐162",NA,"likelihood",1266.5,9.078e-08
10,"R_Date","07BDT11‐162",NA,"likelihood",1267.5,1.8156e-07
10,"R_Date","07BDT11‐162",NA,"likelihood",1268.5,4.993e-07
10,"R_Date","07BDT11‐162",NA,"likelihood",1269.5,1.0894e-06
10,"R_Date","07BDT11‐162",NA,"likelihood",1270.5,2.8142e-06
10,"R_Date","07BDT11‐162",NA,"likelihood",1271.5,5.674e-06
10,"R_Date","07BDT11‐162",NA,"likelihood",1272.5,1.1075e-05
10,"R_Date","07BDT11‐162",NA,"likelihood",1273.5,2.1061e-05
10,"R_Date","07BDT11‐162",NA,"likelihood",1274.5,4.771e-05
10,"R_Date","07BDT11‐162",NA,"likelihood",1275.5,0.00010322
10,"R_Date","07BDT11‐162",NA,"likelihood",1276.5,0.00025378
10,"R_Date","07BDT11‐162",NA,"likelihood",1277.5,0.0006796
10,"R_Date","07BDT11‐162",NA,"likelihood",1278.5,0.0018817
10,"R_Date","07BDT11‐162",NA,"likelihood",1279.5,0.004526
10,"R_Date","07BDT11‐162",NA,"likelihood",1280.5,0.009453
10,"R_Date","07BDT11‐162",NA,"likelihood",1281.5,0.015887
10,"R_Date","07BDT11‐162",NA,"likelihood",1282.5,0.022619
10,"R_Date","07BDT11‐162",NA,"likelihood",1283.5,0.028491
10,"R_Date","07BDT11‐162",NA,"likelihood",1284.5,0.03427
10,"R_Date","07BDT11‐162",NA,"likelihood",1285.5,0.03818
10,"R_Date","07BDT11‐162",NA,"likelihood",1286.5,0.04045
10,"R_Date","07BDT11‐162",NA,"likelihood",1287.5,0.04236
10,"R_Date","07BDT11‐162",NA,"likelihood",1288.5,0.04442
10,"R_Date","07BDT11‐162",NA,"likelihood",1289.5,0.04487
10,"R_Date","07BDT11‐162",NA,"likelihood",1290.5,0.04539
10,"R_Date","07BDT11‐162",NA,"likelihood",1291.5,0.04539
10,"R_Date","07BDT11‐162",NA,"likelihood",1292.5,0.04519
10,"R_Date","07BDT11‐162",NA,"likelihood",1293.5,0.04441
10,"R_Date","07BDT11‐162",NA,"likelihood",1294.5,0.04383
10,"R_Date","07BDT11‐162",NA,"likelihood",1295.5,0.04233
10,"R_Date","07BDT11‐162",NA,"likelihood",1296.5,0.03932
10,"R_Date","07BDT11‐162",NA,"likelihood",1297.5,0.03558
10,"R_Date","07BDT11‐162",NA,"likelihood",1298.5,0.029906
10,"R_Date","07BDT11‐162",NA,"likelihood",1299.5,0.02255
10,"R_Date","07BDT11‐162",NA,"likelihood",1300.5,0.017077
10,"R_Date","07BDT11‐162",NA,"likelihood",1301.5,0.010656
10,"R_Date","07BDT11‐162",NA,"likelihood",1302.5,0.007091
10,"R_Date","07BDT11‐162",NA,"likelihood",1303.5,0.004479
10,"R_Date","07BDT11‐162",NA,"likelihood",1304.5,0.0027525
10,"R_Date","07BDT11‐162",NA,"likelihood",1305.5,0.0016148
10,"R_Date","07BDT11‐162",NA,"likelihood",1306.5,0.0009043
10,"R_Date","07BDT11‐162",NA,"likelihood",1307.5,0.0005678
10,"R_Date","07BDT11‐162",NA,"likelihood",1308.5,0.0004103
10,"R_Date","07BDT11‐162",NA,"likelihood",1309.5,0.0003473
10,"R_Date","07BDT11‐162",NA,"likelihood",1310.5,0.00029308
10,"R_Date","07BDT11‐162",NA,"likelihood",1311.5,0.00024665
10,"R_Date","07BDT11‐162",NA,"likelihood",1312.5,0.00024665
10,"R_Date","07BDT11‐162",NA,"likelihood",1313.5,0.00018111
10,"R_Date","07BDT11‐162",NA,"likelihood",1314.5,0.00018111
10,"R_Date","07BDT11‐162",NA,"likelihood",1315.5,0.00018111
10,"R_Date","07BDT11‐162",NA,"likelihood",1316.5,0.00018111
10,"R_Date","07BDT11‐162",NA,"likelihood",1317.5,0.00018111
10,"R_Date","07BDT11‐162",NA,"likelihood",1318.5,0.00012423
10,"R_Date","07BDT11‐162",NA,"likelihood",1319.5,8.415e-05
10,"R_Date","07BDT11‐162",NA,"likelihood",1320.5,4.584e-05
10,"R_Date","07BDT11‐162",NA,"likelihood",1321.5,1.9518e-05
10,"R_Date","07BDT11‐162",NA,"likelihood",1322.5,7.898e-06
10,"R_Date","07BDT11‐162",NA,"likelihood",1323.5,3.0411e-06
10,"R_Date","07BDT11‐162",NA,"likelihood",1324.5,8.624e-07
10,"R_Date","07BDT11‐162",NA,"likelihood",1325.5,3.177e-07
10,"R_Date","07BDT11‐162",NA,"likelihood",1326.5,9.078e-08
10,"R_Date","07BDT11‐162",NA,"likelihood",1327.5,0
10,"R_Date","07BDT11‐162",NA,"likelihood",1328.5,0
10,"R_Date","07BDT11‐162",NA,"likelihood",1329.5,0
10,"R_Date","07BDT11‐162",NA,"likelihood",1330.5,0
10,"R_Date","07BDT11‐162",NA,"likelihood",1331.5,0
10,"R_Date","07BDT11‐162",NA,"likelihood",1332.5,0
10,"R_Date","07BDT11‐162",NA,"likelihood",1333.5,0
10,"R_Date","07BDT11‐162",NA,"likelihood",1334.5,0
10,"R_Date","07BDT11‐162",NA,"likelihood",1335.5,0
10,"R_Date","07BDT11‐162",NA,"likelihood",1336.5,0
10,"R_Date","07BDT11‐162",NA,"likelihood",1337.5,0
10,"R_Date","07BDT11‐162",NA,"likelihood",1338.5,0
10,"R_Date","07BDT11‐162",NA,"likelihood",1339.5,0
10,"R_Date","07BDT11‐162",NA,"likelihood",1340.5,0
10,"R_Date","07BDT11‐162",NA,"likelihood",1341.5,0
10,"R_Date","07BDT11‐162",NA,"likelihood",1342.5,0
10,"R_Date","07BDT11‐162",NA,"likelihood",1343.5,0
10,"R_Date","07BDT11‐162",NA,"likelihood",1344.5,0
10,"R_Date","07BDT11‐162",NA,"likelihood",1345.5,0
10,"R_Date","07BDT11‐162",NA,"likelihood",1346.5,4.539e-08
10,"R_Date","07BDT11‐162",NA,"likelihood",1347.5,4.539e-08
10,"R_Date","07BDT11‐162",NA,"likelihood",1348.5,4.539e-08
10,"R_Date","07BDT11‐162",NA,"likelihood",1349.5,4.539e-08
10,"R_Date","07BDT11‐162",NA,"likelihood",1350.5,4.539e-08
10,"R_Date","07BDT11‐162",NA,"likelihood",1351.5,4.539e-08
10,"R_Date","07BDT11‐162",NA,"likelihood",1352.5,9.078e-08
10,"R_Date","07BDT11‐162",NA,"likelihood",1353.5,1.8156e-07
10,"R_Date","07BDT11‐162",NA,"likelihood",1354.5,4.993e-07
10,"R_Date","07BDT11‐162",NA,"likelihood",1355.5,1.4525e-06
10,"R_Date","07BDT11‐162",NA,"likelihood",1356.5,3.904e-06
10,"R_Date","07BDT11‐162",NA,"likelihood",1357.5,2.0062e-05
10,"R_Date","07BDT11‐162",NA,"likelihood",1358.5,4.58e-05
10,"R_Date","07BDT11‐162",NA,"likelihood",1359.5,8.238e-05
10,"R_Date","07BDT11‐162",NA,"likelihood",1360.5,0.00017312
10,"R_Date","07BDT11‐162",NA,"likelihood",1361.5,0.00029308
10,"R_Date","07BDT11‐162",NA,"likelihood",1362.5,0.0004103
10,"R_Date","07BDT11‐162",NA,"likelihood",1363.5,0.000665
10,"R_Date","07BDT11‐162",NA,"likelihood",1364.5,0.0012154
10,"R_Date","07BDT11‐162",NA,"likelihood",1365.5,0.0018531
10,"R_Date","07BDT11‐162",NA,"likelihood",1366.5,0.0031223
10,"R_Date","07BDT11‐162",NA,"likelihood",1367.5,0.004479
10,"R_Date","07BDT11‐162",NA,"likelihood",1368.5,0.006957
10,"R_Date","07BDT11‐162",NA,"likelihood",1369.5,0.010317
10,"R_Date","07BDT11‐162",NA,"likelihood",1370.5,0.013448
10,"R_Date","07BDT11‐162",NA,"likelihood",1371.5,0.018386
10,"R_Date","07BDT11‐162",NA,"likelihood",1372.5,0.021128
10,"R_Date","07BDT11‐162",NA,"likelihood",1373.5,0.023999
10,"R_Date","07BDT11‐162",NA,"likelihood",1374.5,0.025466
10,"R_Date","07BDT11‐162",NA,"likelihood",1375.5,0.025466
10,"R_Date","07BDT11‐162",NA,"likelihood",1376.5,0.022237
10,"R_Date","07BDT11‐162",NA,"likelihood",1377.5,0.016539
10,"R_Date","07BDT11‐162",NA,"likelihood",1378.5,0.011708
10,"R_Date","07BDT11‐162",NA,"likelihood",1379.5,0.007888
10,"R_Date","07BDT11‐162",NA,"likelihood",1380.5,0.004491
10,"R_Date","07BDT11‐162",NA,"likelihood",1381.5,0.0030867
10,"R_Date","07BDT11‐162",NA,"likelihood",1382.5,0.0020631
10,"R_Date","07BDT11‐162",NA,"likelihood",1383.5,0.001341
10,"R_Date","07BDT11‐162",NA,"likelihood",1384.5,0.0009908
10,"R_Date","07BDT11‐162",NA,"likelihood",1385.5,0.000723
10,"R_Date","07BDT11‐162",NA,"likelihood",1386.5,0.0005211
10,"R_Date","07BDT11‐162",NA,"likelihood",1387.5,0.00031156
10,"R_Date","07BDT11‐162",NA,"likelihood",1388.5,0.00015024
10,"R_Date","07BDT11‐162",NA,"likelihood",1389.5,6.895e-05
10,"R_Date","07BDT11‐162",NA,"likelihood",1390.5,2.4284e-05
10,"R_Date","07BDT11‐162",NA,"likelihood",1391.5,7.898e-06
10,"R_Date","07BDT11‐162",NA,"likelihood",1392.5,2.4057e-06
10,"R_Date","07BDT11‐162",NA,"likelihood",1393.5,4.993e-07
10,"R_Date","07BDT11‐162",NA,"likelihood",1394.5,1.3617e-07
10,"R_Date","07BDT11‐162",NA,"likelihood",1395.5,4.539e-08
10,"R_Date","07BDT11‐162",NA,"likelihood",1396.5,0
10,"R_Date","07BDT11‐162",NA,"likelihood",1397.5,0
10,"R_Date","07BDT11‐162",NA,"posterior",1273.5,0
10,"R_Date","07BDT11‐162",NA,"posterior",1274.5,1.0664e-06
10,"R_Date","07BDT11‐162",NA,"posterior",1275.5,5.225e-06
10,"R_Date","07BDT11‐162",NA,"posterior",1276.5,1.6689e-05
10,"R_Date","07BDT11‐162",NA,"posterior",1277.5,9.896e-05
10,"R_Date","07BDT11‐162",NA,"posterior",1278.5,0.0005396
10,"R_Date","07BDT11‐162",NA,"posterior",1279.5,0.0017927
10,"R_Date","07BDT11‐162",NA,"posterior",1280.5,0.005827
10,"R_Date","07BDT11‐162",NA,"posterior",1281.5,0.012241
10,"R_Date","07BDT11‐162",NA,"posterior",1282.5,0.020578
10,"R_Date","07BDT11‐162",NA,"posterior",1283.5,0.027728
10,"R_Date","07BDT11‐162",NA,"posterior",1284.5,0.0364
10,"R_Date","07BDT11‐162",NA,"posterior",1285.5,0.04183
10,"R_Date","07BDT11‐162",NA,"posterior",1286.5,0.04577
10,"R_Date","07BDT11‐162",NA,"posterior",1287.5,0.04916
10,"R_Date","07BDT11‐162",NA,"posterior",1288.5,0.0523
10,"R_Date","07BDT11‐162",NA,"posterior",1289.5,0.05328
10,"R_Date","07BDT11‐162",NA,"posterior",1290.5,0.05312
10,"R_Date","07BDT11‐162",NA,"posterior",1291.5,0.05331
10,"R_Date","07BDT11‐162",NA,"posterior",1292.5,0.05332
10,"R_Date","07BDT11‐162",NA,"posterior",1293.5,0.05308
10,"R_Date","07BDT11‐162",NA,"posterior",1294.5,0.05132
10,"R_Date","07BDT11‐162",NA,"posterior",1295.5,0.05019
10,"R_Date","07BDT11‐162",NA,"posterior",1296.5,0.04733
10,"R_Date","07BDT11‐162",NA,"posterior",1297.5,0.04209
10,"R_Date","07BDT11‐162",NA,"posterior",1298.5,0.03538
10,"R_Date","07BDT11‐162",NA,"posterior",1299.5,0.027278
10,"R_Date","07BDT11‐162",NA,"posterior",1300.5,0.019862
10,"R_Date","07BDT11‐162",NA,"posterior",1301.5,0.012686
10,"R_Date","07BDT11‐162",NA,"posterior",1302.5,0.00865
10,"R_Date","07BDT11‐162",NA,"posterior",1303.5,0.005402
10,"R_Date","07BDT11‐162",NA,"posterior",1304.5,0.003403
10,"R_Date","07BDT11‐162",NA,"posterior",1305.5,0.0019021
10,"R_Date","07BDT11‐162",NA,"posterior",1306.5,0.0011781
10,"R_Date","07BDT11‐162",NA,"posterior",1307.5,0.0007406
10,"R_Date","07BDT11‐162",NA,"posterior",1308.5,0.000525
10,"R_Date","07BDT11‐162",NA,"posterior",1309.5,0.0003885
10,"R_Date","07BDT11‐162",NA,"posterior",1310.5,0.0003698
10,"R_Date","07BDT11‐162",NA,"posterior",1311.5,0.0003219
10,"R_Date","07BDT11‐162",NA,"posterior",1312.5,0.0002625
10,"R_Date","07BDT11‐162",NA,"posterior",1313.5,0.00020209
10,"R_Date","07BDT11‐162",NA,"posterior",1314.5,0.00020624
10,"R_Date","07BDT11‐162",NA,"posterior",1315.5,0.0001823
10,"R_Date","07BDT11‐162",NA,"posterior",1316.5,0.00020624
10,"R_Date","07BDT11‐162",NA,"posterior",1317.5,0.00019062
10,"R_Date","07BDT11‐162",NA,"posterior",1318.5,0.00013437
10,"R_Date","07BDT11‐162",NA,"posterior",1319.5,8.334e-05
10,"R_Date","07BDT11‐162",NA,"posterior",1320.5,5.209e-05
10,"R_Date","07BDT11‐162",NA,"posterior",1321.5,1.6689e-05
10,"R_Date","07BDT11‐162",NA,"posterior",1322.5,9.384e-06
10,"R_Date","07BDT11‐162",NA,"posterior",1323.5,3.1459e-06
10,"R_Date","07BDT11‐162",NA,"posterior",1324.5,0
10,"R_Date","07BDT11‐162",NA,"posterior",1325.5,0
10,"R_Date","07BDT11‐162",NA,"posterior",1326.5,0
10,"R_Date","07BDT11‐162",NA,"posterior",1327.5,0
10,"R_Date","07BDT11‐162",NA,"posterior",1328.5,0
10,"R_Date","07BDT11‐162",NA,"posterior",1329.5,0
10,"R_Date","07BDT11‐162",NA,"posterior",1330.5,0
10,"R_Date","07BDT11‐162",NA,"posterior",1331.5,0
10,"R_Date","07BDT11‐162",NA,"posterior",1332.5,0
10,"R_Date","07BDT11‐162",NA,"posterior",1333.5,0
10,"R_Date","07BDT11‐162",NA,"posterior",1334.5,0
10,"R_Date","07BDT11‐162",NA,"posterior",1335.5,0
10,"R_Date","07BDT11‐162",NA,"posterior",1336.5,0
10,"R_Date","07BDT11‐162",NA,"posterior",1337.5,0
10,"R_Date","07BDT11‐162",NA,"posterior",1338.5,0
10,"R_Date","07BDT11‐162",NA,"posterior",1339.5,0
10,"R_Date","07BDT11‐162",NA,"posterior",1340.5,0
10,"R_Date","07BDT11‐162",NA,"posterior",1341.5,0
10,"R_Date","07BDT11‐162",NA,"posterior",1342.5,0
10,"R_Date","07BDT11‐162",NA,"posterior",1343.5,0
10,"R_Date","07BDT11‐162",NA,"posterior",1344.5,0
10,"R_Date","07BDT11‐162",NA,"posterior",1345.5,0
10,"R_Date","07BDT11‐162",NA,"posterior",1346.5,0
10,"R_Date","07BDT11‐162",NA,"posterior",1347.5,0
10,"R_Date","07BDT11‐162",NA,"posterior",1348.5,0
10,"R_Date","07BDT11‐162",NA,"posterior",1349.5,0
10,"R_Date","07BDT11‐162",NA,"posterior",1350.5,0
10,"R_Date","07BDT11‐162",NA,"posterior",1351.5,0
10,"R_Date","07BDT11‐162",NA,"posterior",1352.5,0
10,"R_Date","07BDT11‐162",NA,"posterior",1353.5,0
10,"R_Date","07BDT11‐162",NA,"posterior",1354.5,0
10,"R_Date","07BDT11‐162",NA,"posterior",1355.5,0
10,"R_Date","07BDT11‐162",NA,"posterior",1356.5,1.0664e-06
10,"R_Date","07BDT11‐162",NA,"posterior",1357.5,9.384e-06
10,"R_Date","07BDT11‐162",NA,"posterior",1358.5,3.1246e-05
10,"R_Date","07BDT11‐162",NA,"posterior",1359.5,6.249e-05
10,"R_Date","07BDT11‐162",NA,"posterior",1360.5,8.334e-05
10,"R_Date","07BDT11‐162",NA,"posterior",1361.5,0.00017292
10,"R_Date","07BDT11‐162",NA,"posterior",1362.5,0.00026458
10,"R_Date","07BDT11‐162",NA,"posterior",1363.5,0.0003552
10,"R_Date","07BDT11‐162",NA,"posterior",1364.5,0.0006458
10,"R_Date","07BDT11‐162",NA,"posterior",1365.5,0.0011219
10,"R_Date","07BDT11‐162",NA,"posterior",1366.5,0.0016875
10,"R_Date","07BDT11‐162",NA,"posterior",1367.5,0.0025219
10,"R_Date","07BDT11‐162",NA,"posterior",1368.5,0.004086
10,"R_Date","07BDT11‐162",NA,"posterior",1369.5,0.00553
10,"R_Date","07BDT11‐162",NA,"posterior",1370.5,0.007454
10,"R_Date","07BDT11‐162",NA,"posterior",1371.5,0.00995
10,"R_Date","07BDT11‐162",NA,"posterior",1372.5,0.011845
10,"R_Date","07BDT11‐162",NA,"posterior",1373.5,0.013323
10,"R_Date","07BDT11‐162",NA,"posterior",1374.5,0.014382
10,"R_Date","07BDT11‐162",NA,"posterior",1375.5,0.014259
10,"R_Date","07BDT11‐162",NA,"posterior",1376.5,0.012944
10,"R_Date","07BDT11‐162",NA,"posterior",1377.5,0.009667
10,"R_Date","07BDT11‐162",NA,"posterior",1378.5,0.006644
10,"R_Date","07BDT11‐162",NA,"posterior",1379.5,0.004332
10,"R_Date","07BDT11‐162",NA,"posterior",1380.5,0.0028916
10,"R_Date","07BDT11‐162",NA,"posterior",1381.5,0.0016729
10,"R_Date","07BDT11‐162",NA,"posterior",1382.5,0.0011563
10,"R_Date","07BDT11‐162",NA,"posterior",1383.5,0.000725
10,"R_Date","07BDT11‐162",NA,"posterior",1384.5,0.0004791
10,"R_Date","07BDT11‐162",NA,"posterior",1385.5,0.0003198
10,"R_Date","07BDT11‐162",NA,"posterior",1386.5,0.0002448
10,"R_Date","07BDT11‐162",NA,"posterior",1387.5,0.0001156
10,"R_Date","07BDT11‐162",NA,"posterior",1388.5,4.586e-05
10,"R_Date","07BDT11‐162",NA,"posterior",1389.5,1.461e-05
10,"R_Date","07BDT11‐162",NA,"posterior",1390.5,8.318e-06
10,"R_Date","07BDT11‐162",NA,"posterior",1391.5,0
10,"R_Date","07BDT11‐162",NA,"posterior",1392.5,1.0664e-06
10,"R_Date","07BDT11‐162",NA,"posterior",1393.5,0
11,"R_Date","07BDT11‐180",NA,"likelihood",1223.5,0
11,"R_Date","07BDT11‐180",NA,"likelihood",1224.5,0
11,"R_Date","07BDT11‐180",NA,"likelihood",1225.5,8.919e-08
11,"R_Date","07BDT11‐180",NA,"likelihood",1226.5,2.6756e-07
11,"R_Date","07BDT11‐180",NA,"likelihood",1227.5,3.567e-07
11,"R_Date","07BDT11‐180",NA,"likelihood",1228.5,6.243e-07
11,"R_Date","07BDT11‐180",NA,"likelihood",1229.5,8.027e-07
11,"R_Date","07BDT11‐180",NA,"likelihood",1230.5,1.3378e-06
11,"R_Date","07BDT11‐180",NA,"likelihood",1231.5,1.6946e-06
11,"R_Date","07BDT11‐180",NA,"likelihood",1232.5,2.7648e-06
11,"R_Date","07BDT11‐180",NA,"likelihood",1233.5,3.478e-06
11,"R_Date","07BDT11‐180",NA,"likelihood",1234.5,5.619e-06
11,"R_Date","07BDT11‐180",NA,"likelihood",1235.5,5.619e-06
11,"R_Date","07BDT11‐180",NA,"likelihood",1236.5,5.619e-06
11,"R_Date","07BDT11‐180",NA,"likelihood",1237.5,5.619e-06
11,"R_Date","07BDT11‐180",NA,"likelihood",1238.5,4.459e-06
11,"R_Date","07BDT11‐180",NA,"likelihood",1239.5,3.478e-06
11,"R_Date","07BDT11‐180",NA,"likelihood",1240.5,2.7648e-06
11,"R_Date","07BDT11‐180",NA,"likelihood",1241.5,2.1405e-06
11,"R_Date","07BDT11‐180",NA,"likelihood",1242.5,1.6946e-06
11,"R_Date","07BDT11‐180",NA,"likelihood",1243.5,1.3378e-06
11,"R_Date","07BDT11‐180",NA,"likelihood",1244.5,9.811e-07
11,"R_Date","07BDT11‐180",NA,"likelihood",1245.5,8.027e-07
11,"R_Date","07BDT11‐180",NA,"likelihood",1246.5,6.243e-07
11,"R_Date","07BDT11‐180",NA,"likelihood",1247.5,4.459e-07
11,"R_Date","07BDT11‐180",NA,"likelihood",1248.5,3.567e-07
11,"R_Date","07BDT11‐180",NA,"likelihood",1249.5,3.567e-07
11,"R_Date","07BDT11‐180",NA,"likelihood",1250.5,2.6756e-07
11,"R_Date","07BDT11‐180",NA,"likelihood",1251.5,2.6756e-07
11,"R_Date","07BDT11‐180",NA,"likelihood",1252.5,3.567e-07
11,"R_Date","07BDT11‐180",NA,"likelihood",1253.5,4.459e-07
11,"R_Date","07BDT11‐180",NA,"likelihood",1254.5,6.243e-07
11,"R_Date","07BDT11‐180",NA,"likelihood",1255.5,8.027e-07
11,"R_Date","07BDT11‐180",NA,"likelihood",1256.5,8.027e-07
11,"R_Date","07BDT11‐180",NA,"likelihood",1257.5,9.811e-07
11,"R_Date","07BDT11‐180",NA,"likelihood",1258.5,1.3378e-06
11,"R_Date","07BDT11‐180",NA,"likelihood",1259.5,1.6946e-06
11,"R_Date","07BDT11‐180",NA,"likelihood",1260.5,2.7648e-06
11,"R_Date","07BDT11‐180",NA,"likelihood",1261.5,5.619e-06
11,"R_Date","07BDT11‐180",NA,"likelihood",1262.5,9.008e-06
11,"R_Date","07BDT11‐180",NA,"likelihood",1263.5,1.7659e-05
11,"R_Date","07BDT11‐180",NA,"likelihood",1264.5,4.192e-05
11,"R_Date","07BDT11‐180",NA,"likelihood",1265.5,7.768e-05
11,"R_Date","07BDT11‐180",NA,"likelihood",1266.5,0.0001699
11,"R_Date","07BDT11‐180",NA,"likelihood",1267.5,0.00029655
11,"R_Date","07BDT11‐180",NA,"likelihood",1268.5,0.0005987
11,"R_Date","07BDT11‐180",NA,"likelihood",1269.5,0.0009839
11,"R_Date","07BDT11‐180",NA,"likelihood",1270.5,0.0018331
11,"R_Date","07BDT11‐180",NA,"likelihood",1271.5,0.0028362
11,"R_Date","07BDT11‐180",NA,"likelihood",1272.5,0.004276
11,"R_Date","07BDT11‐180",NA,"likelihood",1273.5,0.006283
11,"R_Date","07BDT11‐180",NA,"likelihood",1274.5,0.01008
11,"R_Date","07BDT11‐180",NA,"likelihood",1275.5,0.015444
11,"R_Date","07BDT11‐180",NA,"likelihood",1276.5,0.024675
11,"R_Date","07BDT11‐180",NA,"likelihood",1277.5,0.03937
11,"R_Date","07BDT11‐180",NA,"likelihood",1278.5,0.05956
11,"R_Date","07BDT11‐180",NA,"likelihood",1279.5,0.07822
11,"R_Date","07BDT11‐180",NA,"likelihood",1280.5,0.08919
11,"R_Date","07BDT11‐180",NA,"likelihood",1281.5,0.08916
11,"R_Date","07BDT11‐180",NA,"likelihood",1282.5,0.08233
11,"R_Date","07BDT11‐180",NA,"likelihood",1283.5,0.07332
11,"R_Date","07BDT11‐180",NA,"likelihood",1284.5,0.06235
11,"R_Date","07BDT11‐180",NA,"likelihood",1285.5,0.05356
11,"R_Date","07BDT11‐180",NA,"likelihood",1286.5,0.0477
11,"R_Date","07BDT11‐180",NA,"likelihood",1287.5,0.04199
11,"R_Date","07BDT11‐180",NA,"likelihood",1288.5,0.03394
11,"R_Date","07BDT11‐180",NA,"likelihood",1289.5,0.031434
11,"R_Date","07BDT11‐180",NA,"likelihood",1290.5,0.026728
11,"R_Date","07BDT11‐180",NA,"likelihood",1291.5,0.022464
11,"R_Date","07BDT11‐180",NA,"likelihood",1292.5,0.020505
11,"R_Date","07BDT11‐180",NA,"likelihood",1293.5,0.016937
11,"R_Date","07BDT11‐180",NA,"likelihood",1294.5,0.015326
11,"R_Date","07BDT11‐180",NA,"likelihood",1295.5,0.01244
11,"R_Date","07BDT11‐180",NA,"likelihood",1296.5,0.008902
11,"R_Date","07BDT11‐180",NA,"likelihood",1297.5,0.006206
11,"R_Date","07BDT11‐180",NA,"likelihood",1298.5,0.003683
11,"R_Date","07BDT11‐180",NA,"likelihood",1299.5,0.0017973
11,"R_Date","07BDT11‐180",NA,"likelihood",1300.5,0.0009607
11,"R_Date","07BDT11‐180",NA,"likelihood",1301.5,0.0002986
11,"R_Date","07BDT11‐180",NA,"likelihood",1302.5,0.00013699
11,"R_Date","07BDT11‐180",NA,"likelihood",1303.5,7.438e-05
11,"R_Date","07BDT11‐180",NA,"likelihood",1304.5,3.22e-05
11,"R_Date","07BDT11‐180",NA,"likelihood",1305.5,1.3378e-05
11,"R_Date","07BDT11‐180",NA,"likelihood",1306.5,5.262e-06
11,"R_Date","07BDT11‐180",NA,"likelihood",1307.5,2.5864e-06
11,"R_Date","07BDT11‐180",NA,"likelihood",1308.5,1.5162e-06
11,"R_Date","07BDT11‐180",NA,"likelihood",1309.5,1.1594e-06
11,"R_Date","07BDT11‐180",NA,"likelihood",1310.5,8.919e-07
11,"R_Date","07BDT11‐180",NA,"likelihood",1311.5,7.135e-07
11,"R_Date","07BDT11‐180",NA,"likelihood",1312.5,7.135e-07
11,"R_Date","07BDT11‐180",NA,"likelihood",1313.5,3.567e-07
11,"R_Date","07BDT11‐180",NA,"likelihood",1314.5,3.567e-07
11,"R_Date","07BDT11‐180",NA,"likelihood",1315.5,3.567e-07
11,"R_Date","07BDT11‐180",NA,"likelihood",1316.5,3.567e-07
11,"R_Date","07BDT11‐180",NA,"likelihood",1317.5,3.567e-07
11,"R_Date","07BDT11‐180",NA,"likelihood",1318.5,1.7837e-07
11,"R_Date","07BDT11‐180",NA,"likelihood",1319.5,8.919e-08
11,"R_Date","07BDT11‐180",NA,"likelihood",1320.5,8.919e-08
11,"R_Date","07BDT11‐180",NA,"likelihood",1321.5,0
11,"R_Date","07BDT11‐180",NA,"likelihood",1322.5,0
11,"R_Date","07BDT11‐180",NA,"likelihood",1323.5,0
11,"R_Date","07BDT11‐180",NA,"likelihood",1324.5,0
11,"R_Date","07BDT11‐180",NA,"likelihood",1325.5,0
11,"R_Date","07BDT11‐180",NA,"likelihood",1326.5,0
11,"R_Date","07BDT11‐180",NA,"likelihood",1327.5,0
11,"R_Date","07BDT11‐180",NA,"likelihood",1328.5,0
11,"R_Date","07BDT11‐180",NA,"likelihood",1329.5,0
11,"R_Date","07BDT11‐180",NA,"likelihood",1330.5,0
11,"R_Date","07BDT11‐180",NA,"likelihood",1331.5,0
11,"R_Date","07BDT11‐180",NA,"likelihood",1332.5,0
11,"R_Date","07BDT11‐180",NA,"likelihood",1333.5,0
11,"R_Date","07BDT11‐180",NA,"likelihood",1334.5,0
11,"R_Date","07BDT11‐180",NA,"likelihood",1335.5,0
11,"R_Date","07BDT11‐180",NA,"likelihood",1336.5,0
11,"R_Date","07BDT11‐180",NA,"likelihood",1337.5,0
11,"R_Date","07BDT11‐180",NA,"likelihood",1338.5,0
11,"R_Date","07BDT11‐180",NA,"likelihood",1339.5,0
11,"R_Date","07BDT11‐180",NA,"likelihood",1340.5,0
11,"R_Date","07BDT11‐180",NA,"likelihood",1341.5,0
11,"R_Date","07BDT11‐180",NA,"likelihood",1342.5,0
11,"R_Date","07BDT11‐180",NA,"likelihood",1343.5,0
11,"R_Date","07BDT11‐180",NA,"likelihood",1344.5,0
11,"R_Date","07BDT11‐180",NA,"likelihood",1345.5,0
11,"R_Date","07BDT11‐180",NA,"likelihood",1346.5,0
11,"R_Date","07BDT11‐180",NA,"likelihood",1347.5,0
11,"R_Date","07BDT11‐180",NA,"likelihood",1348.5,0
11,"R_Date","07BDT11‐180",NA,"likelihood",1349.5,0
11,"R_Date","07BDT11‐180",NA,"likelihood",1350.5,0
11,"R_Date","07BDT11‐180",NA,"likelihood",1351.5,0
11,"R_Date","07BDT11‐180",NA,"likelihood",1352.5,0
11,"R_Date","07BDT11‐180",NA,"likelihood",1353.5,0
11,"R_Date","07BDT11‐180",NA,"likelihood",1354.5,0
11,"R_Date","07BDT11‐180",NA,"likelihood",1355.5,0
11,"R_Date","07BDT11‐180",NA,"likelihood",1356.5,0
11,"R_Date","07BDT11‐180",NA,"likelihood",1357.5,0
11,"R_Date","07BDT11‐180",NA,"likelihood",1358.5,8.919e-08
11,"R_Date","07BDT11‐180",NA,"likelihood",1359.5,1.7837e-07
11,"R_Date","07BDT11‐180",NA,"likelihood",1360.5,4.459e-07
11,"R_Date","07BDT11‐180",NA,"likelihood",1361.5,8.919e-07
11,"R_Date","07BDT11‐180",NA,"likelihood",1362.5,1.5162e-06
11,"R_Date","07BDT11‐180",NA,"likelihood",1363.5,3.211e-06
11,"R_Date","07BDT11‐180",NA,"likelihood",1364.5,8.473e-06
11,"R_Date","07BDT11‐180",NA,"likelihood",1365.5,1.6678e-05
11,"R_Date","07BDT11‐180",NA,"likelihood",1366.5,3.987e-05
11,"R_Date","07BDT11‐180",NA,"likelihood",1367.5,7.438e-05
11,"R_Date","07BDT11‐180",NA,"likelihood",1368.5,0.00016375
11,"R_Date","07BDT11‐180",NA,"likelihood",1369.5,0.0003441
11,"R_Date","07BDT11‐180",NA,"likelihood",1370.5,0.0005826
11,"R_Date","07BDT11‐180",NA,"likelihood",1371.5,0.0011285
11,"R_Date","07BDT11‐180",NA,"likelihood",1372.5,0.0015435
11,"R_Date","07BDT11‐180",NA,"likelihood",1373.5,0.0020867
11,"R_Date","07BDT11‐180",NA,"likelihood",1374.5,0.0024157
11,"R_Date","07BDT11‐180",NA,"likelihood",1375.5,0.0024157
11,"R_Date","07BDT11‐180",NA,"likelihood",1376.5,0.0014371
11,"R_Date","07BDT11‐180",NA,"likelihood",1377.5,0.0007373
11,"R_Date","07BDT11‐180",NA,"likelihood",1378.5,0.00036
11,"R_Date","07BDT11‐180",NA,"likelihood",1379.5,0.00016723
11,"R_Date","07BDT11‐180",NA,"likelihood",1380.5,5.984e-05
11,"R_Date","07BDT11‐180",NA,"likelihood",1381.5,3.1126e-05
11,"R_Date","07BDT11‐180",NA,"likelihood",1382.5,1.5697e-05
11,"R_Date","07BDT11‐180",NA,"likelihood",1383.5,7.759e-06
11,"R_Date","07BDT11‐180",NA,"likelihood",1384.5,4.727e-06
11,"R_Date","07BDT11‐180",NA,"likelihood",1385.5,2.854e-06
11,"R_Date","07BDT11‐180",NA,"likelihood",1386.5,1.6946e-06
11,"R_Date","07BDT11‐180",NA,"likelihood",1387.5,8.027e-07
11,"R_Date","07BDT11‐180",NA,"likelihood",1388.5,2.6756e-07
11,"R_Date","07BDT11‐180",NA,"likelihood",1389.5,8.919e-08
11,"R_Date","07BDT11‐180",NA,"likelihood",1390.5,0
11,"R_Date","07BDT11‐180",NA,"likelihood",1391.5,0
11,"R_Date","07BDT11‐180",NA,"posterior",1270.5,0
11,"R_Date","07BDT11‐180",NA,"posterior",1271.5,0
11,"R_Date","07BDT11‐180",NA,"posterior",1272.5,2.0863e-05
11,"R_Date","07BDT11‐180",NA,"posterior",1273.5,4.894e-05
11,"R_Date","07BDT11‐180",NA,"posterior",1274.5,0.00012086
11,"R_Date","07BDT11‐180",NA,"posterior",1275.5,0.0004614
11,"R_Date","07BDT11‐180",NA,"posterior",1276.5,0.0016833
11,"R_Date","07BDT11‐180",NA,"posterior",1277.5,0.005043
11,"R_Date","07BDT11‐180",NA,"posterior",1278.5,0.013981
11,"R_Date","07BDT11‐180",NA,"posterior",1279.5,0.03296
11,"R_Date","07BDT11‐180",NA,"posterior",1280.5,0.05486
11,"R_Date","07BDT11‐180",NA,"posterior",1281.5,0.07446
11,"R_Date","07BDT11‐180",NA,"posterior",1282.5,0.08702
11,"R_Date","07BDT11‐180",NA,"posterior",1283.5,0.08803
11,"R_Date","07BDT11‐180",NA,"posterior",1284.5,0.08262
11,"R_Date","07BDT11‐180",NA,"posterior",1285.5,0.07617
11,"R_Date","07BDT11‐180",NA,"posterior",1286.5,0.07162
11,"R_Date","07BDT11‐180",NA,"posterior",1287.5,0.06445
11,"R_Date","07BDT11‐180",NA,"posterior",1288.5,0.05321
11,"R_Date","07BDT11‐180",NA,"posterior",1289.5,0.04981
11,"R_Date","07BDT11‐180",NA,"posterior",1290.5,0.04389
11,"R_Date","07BDT11‐180",NA,"posterior",1291.5,0.03635
11,"R_Date","07BDT11‐180",NA,"posterior",1292.5,0.03293
11,"R_Date","07BDT11‐180",NA,"posterior",1293.5,0.027855
11,"R_Date","07BDT11‐180",NA,"posterior",1294.5,0.024958
11,"R_Date","07BDT11‐180",NA,"posterior",1295.5,0.020826
11,"R_Date","07BDT11‐180",NA,"posterior",1296.5,0.015549
11,"R_Date","07BDT11‐180",NA,"posterior",1297.5,0.010506
11,"R_Date","07BDT11‐180",NA,"posterior",1298.5,0.006348
11,"R_Date","07BDT11‐180",NA,"posterior",1299.5,0.003374
11,"R_Date","07BDT11‐180",NA,"posterior",1300.5,0.0016188
11,"R_Date","07BDT11‐180",NA,"posterior",1301.5,0.0006313
11,"R_Date","07BDT11‐180",NA,"posterior",1302.5,0.00026462
11,"R_Date","07BDT11‐180",NA,"posterior",1303.5,0.00013231
11,"R_Date","07BDT11‐180",NA,"posterior",1304.5,6.664e-05
11,"R_Date","07BDT11‐180",NA,"posterior",1305.5,4.164e-05
11,"R_Date","07BDT11‐180",NA,"posterior",1306.5,1.3556e-05
11,"R_Date","07BDT11‐180",NA,"posterior",1307.5,1.1444e-05
11,"R_Date","07BDT11‐180",NA,"posterior",1308.5,1.0564e-06
11,"R_Date","07BDT11‐180",NA,"posterior",1309.5,3.081e-06
11,"R_Date","07BDT11‐180",NA,"posterior",1310.5,3.081e-06
11,"R_Date","07BDT11‐180",NA,"posterior",1311.5,0
11,"R_Date","07BDT11‐180",NA,"posterior",1312.5,0
11,"R_Date","07BDT11‐180",NA,"posterior",1313.5,0
11,"R_Date","07BDT11‐180",NA,"posterior",1314.5,0
11,"R_Date","07BDT11‐180",NA,"posterior",1315.5,3.081e-06
11,"R_Date","07BDT11‐180",NA,"posterior",1316.5,0
11,"R_Date","07BDT11‐180",NA,"posterior",1317.5,0
11,"R_Date","07BDT11‐180",NA,"posterior",1318.5,0
11,"R_Date","07BDT11‐180",NA,"posterior",1319.5,0
11,"R_Date","07BDT11‐180",NA,"posterior",1320.5,0
11,"R_Date","07BDT11‐180",NA,"posterior",1321.5,0
11,"R_Date","07BDT11‐180",NA,"posterior",1322.5,0
11,"R_Date","07BDT11‐180",NA,"posterior",1323.5,0
11,"R_Date","07BDT11‐180",NA,"posterior",1324.5,0
11,"R_Date","07BDT11‐180",NA,"posterior",1325.5,0
11,"R_Date","07BDT11‐180",NA,"posterior",1326.5,0
11,"R_Date","07BDT11‐180",NA,"posterior",1327.5,0
11,"R_Date","07BDT11‐180",NA,"posterior",1328.5,0
11,"R_Date","07BDT11‐180",NA,"posterior",1329.5,0
11,"R_Date","07BDT11‐180",NA,"posterior",1330.5,0
11,"R_Date","07BDT11‐180",NA,"posterior",1331.5,0
11,"R_Date","07BDT11‐180",NA,"posterior",1332.5,0
11,"R_Date","07BDT11‐180",NA,"posterior",1333.5,0
11,"R_Date","07BDT11‐180",NA,"posterior",1334.5,0
11,"R_Date","07BDT11‐180",NA,"posterior",1335.5,0
11,"R_Date","07BDT11‐180",NA,"posterior",1336.5,0
11,"R_Date","07BDT11‐180",NA,"posterior",1337.5,0
11,"R_Date","07BDT11‐180",NA,"posterior",1338.5,0
11,"R_Date","07BDT11‐180",NA,"posterior",1339.5,0
11,"R_Date","07BDT11‐180",NA,"posterior",1340.5,0
11,"R_Date","07BDT11‐180",NA,"posterior",1341.5,0
11,"R_Date","07BDT11‐180",NA,"posterior",1342.5,0
11,"R_Date","07BDT11‐180",NA,"posterior",1343.5,0
11,"R_Date","07BDT11‐180",NA,"posterior",1344.5,0
11,"R_Date","07BDT11‐180",NA,"posterior",1345.5,0
11,"R_Date","07BDT11‐180",NA,"posterior",1346.5,0
11,"R_Date","07BDT11‐180",NA,"posterior",1347.5,0
11,"R_Date","07BDT11‐180",NA,"posterior",1348.5,0
11,"R_Date","07BDT11‐180",NA,"posterior",1349.5,0
11,"R_Date","07BDT11‐180",NA,"posterior",1350.5,0
11,"R_Date","07BDT11‐180",NA,"posterior",1351.5,0
11,"R_Date","07BDT11‐180",NA,"posterior",1352.5,0
11,"R_Date","07BDT11‐180",NA,"posterior",1353.5,0
11,"R_Date","07BDT11‐180",NA,"posterior",1354.5,0
11,"R_Date","07BDT11‐180",NA,"posterior",1355.5,0
11,"R_Date","07BDT11‐180",NA,"posterior",1356.5,0
11,"R_Date","07BDT11‐180",NA,"posterior",1357.5,0
11,"R_Date","07BDT11‐180",NA,"posterior",1358.5,0
11,"R_Date","07BDT11‐180",NA,"posterior",1359.5,0
11,"R_Date","07BDT11‐180",NA,"posterior",1360.5,0
11,"R_Date","07BDT11‐180",NA,"posterior",1361.5,0
11,"R_Date","07BDT11‐180",NA,"posterior",1362.5,0
11,"R_Date","07BDT11‐180",NA,"posterior",1363.5,2.1127e-06
11,"R_Date","07BDT11‐180",NA,"posterior",1364.5,4.137e-06
11,"R_Date","07BDT11‐180",NA,"posterior",1365.5,1.3556e-05
11,"R_Date","07BDT11‐180",NA,"posterior",1366.5,4.269e-05
11,"R_Date","07BDT11‐180",NA,"posterior",1367.5,9.481e-05
11,"R_Date","07BDT11‐180",NA,"posterior",1368.5,0.00021981
11,"R_Date","07BDT11‐180",NA,"posterior",1369.5,0.0003636
11,"R_Date","07BDT11‐180",NA,"posterior",1370.5,0.0005136
11,"R_Date","07BDT11‐180",NA,"posterior",1371.5,0.0010948
11,"R_Date","07BDT11‐180",NA,"posterior",1372.5,0.0014083
11,"R_Date","07BDT11‐180",NA,"posterior",1373.5,0.0023573
11,"R_Date","07BDT11‐180",NA,"posterior",1374.5,0.0029385
11,"R_Date","07BDT11‐180",NA,"posterior",1375.5,0.003707
11,"R_Date","07BDT11‐180",NA,"posterior",1376.5,0.0025677
11,"R_Date","07BDT11‐180",NA,"posterior",1377.5,0.0014458
11,"R_Date","07BDT11‐180",NA,"posterior",1378.5,0.0007416
11,"R_Date","07BDT11‐180",NA,"posterior",1379.5,0.0003386
11,"R_Date","07BDT11‐180",NA,"posterior",1380.5,0.00010731
11,"R_Date","07BDT11‐180",NA,"posterior",1381.5,4.164e-05
11,"R_Date","07BDT11‐180",NA,"posterior",1382.5,3.125e-05
11,"R_Date","07BDT11‐180",NA,"posterior",1383.5,8.363e-06
11,"R_Date","07BDT11‐180",NA,"posterior",1384.5,1.0387e-05
11,"R_Date","07BDT11‐180",NA,"posterior",1385.5,5.194e-06
11,"R_Date","07BDT11‐180",NA,"posterior",1386.5,8.363e-06
11,"R_Date","07BDT11‐180",NA,"posterior",1387.5,0
11,"R_Date","07BDT11‐180",NA,"posterior",1388.5,1.0564e-06
11,"R_Date","07BDT11‐180",NA,"posterior",1389.5,0
11,"R_Date","07BDT11‐180",NA,"posterior",1390.5,0
11,"R_Date","07BDT11‐180",NA,"posterior",1391.5,0
12,"R_Date","07BDT11‐205",NA,"likelihood",1259.5,0
12,"R_Date","07BDT11‐205",NA,"likelihood",1260.5,0
12,"R_Date","07BDT11‐205",NA,"likelihood",1261.5,3.0365e-08
12,"R_Date","07BDT11‐205",NA,"likelihood",1262.5,3.0365e-08
12,"R_Date","07BDT11‐205",NA,"likelihood",1263.5,6.073e-08
12,"R_Date","07BDT11‐205",NA,"likelihood",1264.5,1.5182e-07
12,"R_Date","07BDT11‐205",NA,"likelihood",1265.5,3.0365e-07
12,"R_Date","07BDT11‐205",NA,"likelihood",1266.5,6.68e-07
12,"R_Date","07BDT11‐205",NA,"likelihood",1267.5,1.245e-06
12,"R_Date","07BDT11‐205",NA,"likelihood",1268.5,2.6721e-06
12,"R_Date","07BDT11‐205",NA,"likelihood",1269.5,4.646e-06
12,"R_Date","07BDT11‐205",NA,"likelihood",1270.5,9.504e-06
12,"R_Date","07BDT11‐205",NA,"likelihood",1271.5,1.5911e-05
12,"R_Date","07BDT11‐205",NA,"likelihood",1272.5,2.6205e-05
12,"R_Date","07BDT11‐205",NA,"likelihood",1273.5,4.248e-05
12,"R_Date","07BDT11‐205",NA,"likelihood",1274.5,7.867e-05
12,"R_Date","07BDT11‐205",NA,"likelihood",1275.5,0.00014144
12,"R_Date","07BDT11‐205",NA,"likelihood",1276.5,0.00028218
12,"R_Date","07BDT11‐205",NA,"likelihood",1277.5,0.0006071
12,"R_Date","07BDT11‐205",NA,"likelihood",1278.5,0.0013617
12,"R_Date","07BDT11‐205",NA,"likelihood",1279.5,0.0027829
12,"R_Date","07BDT11‐205",NA,"likelihood",1280.5,0.005182
12,"R_Date","07BDT11‐205",NA,"likelihood",1281.5,0.008197
12,"R_Date","07BDT11‐205",NA,"likelihood",1282.5,0.0114
12,"R_Date","07BDT11‐205",NA,"likelihood",1283.5,0.014341
12,"R_Date","07BDT11‐205",NA,"likelihood",1284.5,0.017498
12,"R_Date","07BDT11‐205",NA,"likelihood",1285.5,0.019911
12,"R_Date","07BDT11‐205",NA,"likelihood",1286.5,0.021495
12,"R_Date","07BDT11‐205",NA,"likelihood",1287.5,0.023029
12,"R_Date","07BDT11‐205",NA,"likelihood",1288.5,0.025173
12,"R_Date","07BDT11‐205",NA,"likelihood",1289.5,0.025832
12,"R_Date","07BDT11‐205",NA,"likelihood",1290.5,0.027047
12,"R_Date","07BDT11‐205",NA,"likelihood",1291.5,0.028102
12,"R_Date","07BDT11‐205",NA,"likelihood",1292.5,0.028563
12,"R_Date","07BDT11‐205",NA,"likelihood",1293.5,0.029339
12,"R_Date","07BDT11‐205",NA,"likelihood",1294.5,0.029649
12,"R_Date","07BDT11‐205",NA,"likelihood",1295.5,0.030106
12,"R_Date","07BDT11‐205",NA,"likelihood",1296.5,0.030365
12,"R_Date","07BDT11‐205",NA,"likelihood",1297.5,0.030101
12,"R_Date","07BDT11‐205",NA,"likelihood",1298.5,0.028963
12,"R_Date","07BDT11‐205",NA,"likelihood",1299.5,0.026433
12,"R_Date","07BDT11‐205",NA,"likelihood",1300.5,0.023733
12,"R_Date","07BDT11‐205",NA,"likelihood",1301.5,0.019918
12,"R_Date","07BDT11‐205",NA,"likelihood",1302.5,0.016561
12,"R_Date","07BDT11‐205",NA,"likelihood",1303.5,0.012768
12,"R_Date","07BDT11‐205",NA,"likelihood",1304.5,0.009978
12,"R_Date","07BDT11‐205",NA,"likelihood",1305.5,0.00756
12,"R_Date","07BDT11‐205",NA,"likelihood",1306.5,0.005554
12,"R_Date","07BDT11‐205",NA,"likelihood",1307.5,0.004318
12,"R_Date","07BDT11‐205",NA,"likelihood",1308.5,0.003616
12,"R_Date","07BDT11‐205",NA,"likelihood",1309.5,0.003299
12,"R_Date","07BDT11‐205",NA,"likelihood",1310.5,0.0030045
12,"R_Date","07BDT11‐205",NA,"likelihood",1311.5,0.0027308
12,"R_Date","07BDT11‐205",NA,"likelihood",1312.5,0.0027308
12,"R_Date","07BDT11‐205",NA,"likelihood",1313.5,0.0025175
12,"R_Date","07BDT11‐205",NA,"likelihood",1314.5,0.0025175
12,"R_Date","07BDT11‐205",NA,"likelihood",1315.5,0.0025175
12,"R_Date","07BDT11‐205",NA,"likelihood",1316.5,0.0025175
12,"R_Date","07BDT11‐205",NA,"likelihood",1317.5,0.0025175
12,"R_Date","07BDT11‐205",NA,"likelihood",1318.5,0.0020504
12,"R_Date","07BDT11‐205",NA,"likelihood",1319.5,0.0016566
12,"R_Date","07BDT11‐205",NA,"likelihood",1320.5,0.0011848
12,"R_Date","07BDT11‐205",NA,"likelihood",1321.5,0.0007367
12,"R_Date","07BDT11‐205",NA,"likelihood",1322.5,0.0004434
12,"R_Date","07BDT11‐205",NA,"likelihood",1323.5,0.00025837
12,"R_Date","07BDT11‐205",NA,"likelihood",1324.5,0.00012565
12,"R_Date","07BDT11‐205",NA,"likelihood",1325.5,6.805e-05
12,"R_Date","07BDT11‐205",NA,"likelihood",1326.5,3.0213e-05
12,"R_Date","07BDT11‐205",NA,"likelihood",1327.5,1.5213e-05
12,"R_Date","07BDT11‐205",NA,"likelihood",1328.5,7.409e-06
12,"R_Date","07BDT11‐205",NA,"likelihood",1329.5,5.101e-06
12,"R_Date","07BDT11‐205",NA,"likelihood",1330.5,3.492e-06
12,"R_Date","07BDT11‐205",NA,"likelihood",1331.5,3.492e-06
12,"R_Date","07BDT11‐205",NA,"likelihood",1332.5,3.492e-06
12,"R_Date","07BDT11‐205",NA,"likelihood",1333.5,4.221e-06
12,"R_Date","07BDT11‐205",NA,"likelihood",1334.5,5.101e-06
12,"R_Date","07BDT11‐205",NA,"likelihood",1335.5,6.164e-06
12,"R_Date","07BDT11‐205",NA,"likelihood",1336.5,8.897e-06
12,"R_Date","07BDT11‐205",NA,"likelihood",1337.5,1.0658e-05
12,"R_Date","07BDT11‐205",NA,"likelihood",1338.5,1.2723e-05
12,"R_Date","07BDT11‐205",NA,"likelihood",1339.5,1.2723e-05
12,"R_Date","07BDT11‐205",NA,"likelihood",1340.5,1.2723e-05
12,"R_Date","07BDT11‐205",NA,"likelihood",1341.5,1.2723e-05
12,"R_Date","07BDT11‐205",NA,"likelihood",1342.5,1.2723e-05
12,"R_Date","07BDT11‐205",NA,"likelihood",1343.5,1.2723e-05
12,"R_Date","07BDT11‐205",NA,"likelihood",1344.5,1.2723e-05
12,"R_Date","07BDT11‐205",NA,"likelihood",1345.5,1.5213e-05
12,"R_Date","07BDT11‐205",NA,"likelihood",1346.5,1.8097e-05
12,"R_Date","07BDT11‐205",NA,"likelihood",1347.5,1.8097e-05
12,"R_Date","07BDT11‐205",NA,"likelihood",1348.5,2.1498e-05
12,"R_Date","07BDT11‐205",NA,"likelihood",1349.5,2.1498e-05
12,"R_Date","07BDT11‐205",NA,"likelihood",1350.5,2.1498e-05
12,"R_Date","07BDT11‐205",NA,"likelihood",1351.5,2.5506e-05
12,"R_Date","07BDT11‐205",NA,"likelihood",1352.5,3.0213e-05
12,"R_Date","07BDT11‐205",NA,"likelihood",1353.5,4.946e-05
12,"R_Date","07BDT11‐205",NA,"likelihood",1354.5,9.286e-05
12,"R_Date","07BDT11‐205",NA,"likelihood",1355.5,0.00016868
12,"R_Date","07BDT11‐205",NA,"likelihood",1356.5,0.0002966
12,"R_Date","07BDT11‐205",NA,"likelihood",1357.5,0.0006613
12,"R_Date","07BDT11‐205",NA,"likelihood",1358.5,0.0010595
12,"R_Date","07BDT11‐205",NA,"likelihood",1359.5,0.0014782
12,"R_Date","07BDT11‐205",NA,"likelihood",1360.5,0.0022429
12,"R_Date","07BDT11‐205",NA,"likelihood",1361.5,0.0030045
12,"R_Date","07BDT11‐205",NA,"likelihood",1362.5,0.003616
12,"R_Date","07BDT11‐205",NA,"likelihood",1363.5,0.004705
12,"R_Date","07BDT11‐205",NA,"likelihood",1364.5,0.006505
12,"R_Date","07BDT11‐205",NA,"likelihood",1365.5,0.008127
12,"R_Date","07BDT11‐205",NA,"likelihood",1366.5,0.010643
12,"R_Date","07BDT11‐205",NA,"likelihood",1367.5,0.012768
12,"R_Date","07BDT11‐205",NA,"likelihood",1368.5,0.015842
12,"R_Date","07BDT11‐205",NA,"likelihood",1369.5,0.019058
12,"R_Date","07BDT11‐205",NA,"likelihood",1370.5,0.021453
12,"R_Date","07BDT11‐205",NA,"likelihood",1371.5,0.024452
12,"R_Date","07BDT11‐205",NA,"likelihood",1372.5,0.025805
12,"R_Date","07BDT11‐205",NA,"likelihood",1373.5,0.027025
12,"R_Date","07BDT11‐205",NA,"likelihood",1374.5,0.027576
12,"R_Date","07BDT11‐205",NA,"likelihood",1375.5,0.027576
12,"R_Date","07BDT11‐205",NA,"likelihood",1376.5,0.026827
12,"R_Date","07BDT11‐205",NA,"likelihood",1377.5,0.023978
12,"R_Date","07BDT11‐205",NA,"likelihood",1378.5,0.020754
12,"R_Date","07BDT11‐205",NA,"likelihood",1379.5,0.017396
12,"R_Date","07BDT11‐205",NA,"likelihood",1380.5,0.013334
12,"R_Date","07BDT11‐205",NA,"likelihood",1381.5,0.011096
12,"R_Date","07BDT11‐205",NA,"likelihood",1382.5,0.009068
12,"R_Date","07BDT11‐205",NA,"likelihood",1383.5,0.007278
12,"R_Date","07BDT11‐205",NA,"likelihood",1384.5,0.006222
12,"R_Date","07BDT11‐205",NA,"likelihood",1385.5,0.005277
12,"R_Date","07BDT11‐205",NA,"likelihood",1386.5,0.004439
12,"R_Date","07BDT11‐205",NA,"likelihood",1387.5,0.003373
12,"R_Date","07BDT11‐205",NA,"likelihood",1388.5,0.0022743
12,"R_Date","07BDT11‐205",NA,"likelihood",1389.5,0.0014845
12,"R_Date","07BDT11‐205",NA,"likelihood",1390.5,0.0008321
12,"R_Date","07BDT11‐205",NA,"likelihood",1391.5,0.0004434
12,"R_Date","07BDT11‐205",NA,"likelihood",1392.5,0.00022458
12,"R_Date","07BDT11‐205",NA,"likelihood",1393.5,9.286e-05
12,"R_Date","07BDT11‐205",NA,"likelihood",1394.5,4.206e-05
12,"R_Date","07BDT11‐205",NA,"likelihood",1395.5,1.8097e-05
12,"R_Date","07BDT11‐205",NA,"likelihood",1396.5,6.164e-06
12,"R_Date","07BDT11‐205",NA,"likelihood",1397.5,2.3684e-06
12,"R_Date","07BDT11‐205",NA,"likelihood",1398.5,1.0628e-06
12,"R_Date","07BDT11‐205",NA,"likelihood",1399.5,4.555e-07
12,"R_Date","07BDT11‐205",NA,"likelihood",1400.5,3.0365e-07
12,"R_Date","07BDT11‐205",NA,"likelihood",1401.5,1.8219e-07
12,"R_Date","07BDT11‐205",NA,"likelihood",1402.5,1.2146e-07
12,"R_Date","07BDT11‐205",NA,"likelihood",1403.5,6.073e-08
12,"R_Date","07BDT11‐205",NA,"likelihood",1404.5,3.0365e-08
12,"R_Date","07BDT11‐205",NA,"likelihood",1405.5,0
12,"R_Date","07BDT11‐205",NA,"likelihood",1406.5,0
12,"R_Date","07BDT11‐205",NA,"likelihood",1407.5,0
12,"R_Date","07BDT11‐205",NA,"posterior",1273.5,0
12,"R_Date","07BDT11‐205",NA,"posterior",1274.5,1.0368e-06
12,"R_Date","07BDT11‐205",NA,"posterior",1275.5,5.226e-06
12,"R_Date","07BDT11‐205",NA,"posterior",1276.5,1.2483e-05
12,"R_Date","07BDT11‐205",NA,"posterior",1277.5,0.00010418
12,"R_Date","07BDT11‐205",NA,"posterior",1278.5,0.0004146
12,"R_Date","07BDT11‐205",NA,"posterior",1279.5,0.0013062
12,"R_Date","07BDT11‐205",NA,"posterior",1280.5,0.003694
12,"R_Date","07BDT11‐205",NA,"posterior",1281.5,0.007106
12,"R_Date","07BDT11‐205",NA,"posterior",1282.5,0.011878
12,"R_Date","07BDT11‐205",NA,"posterior",1283.5,0.016315
12,"R_Date","07BDT11‐205",NA,"posterior",1284.5,0.021317
12,"R_Date","07BDT11‐205",NA,"posterior",1285.5,0.025026
12,"R_Date","07BDT11‐205",NA,"posterior",1286.5,0.027457
12,"R_Date","07BDT11‐205",NA,"posterior",1287.5,0.031164
12,"R_Date","07BDT11‐205",NA,"posterior",1288.5,0.03301
12,"R_Date","07BDT11‐205",NA,"posterior",1289.5,0.03524
12,"R_Date","07BDT11‐205",NA,"posterior",1290.5,0.03593
12,"R_Date","07BDT11‐205",NA,"posterior",1291.5,0.03787
12,"R_Date","07BDT11‐205",NA,"posterior",1292.5,0.03852
12,"R_Date","07BDT11‐205",NA,"posterior",1293.5,0.03911
12,"R_Date","07BDT11‐205",NA,"posterior",1294.5,0.0401
12,"R_Date","07BDT11‐205",NA,"posterior",1295.5,0.04044
12,"R_Date","07BDT11‐205",NA,"posterior",1296.5,0.04147
12,"R_Date","07BDT11‐205",NA,"posterior",1297.5,0.04049
12,"R_Date","07BDT11‐205",NA,"posterior",1298.5,0.03888
12,"R_Date","07BDT11‐205",NA,"posterior",1299.5,0.03632
12,"R_Date","07BDT11‐205",NA,"posterior",1300.5,0.03227
12,"R_Date","07BDT11‐205",NA,"posterior",1301.5,0.027166
12,"R_Date","07BDT11‐205",NA,"posterior",1302.5,0.022371
12,"R_Date","07BDT11‐205",NA,"posterior",1303.5,0.017617
12,"R_Date","07BDT11‐205",NA,"posterior",1304.5,0.013699
12,"R_Date","07BDT11‐205",NA,"posterior",1305.5,0.009912
12,"R_Date","07BDT11‐205",NA,"posterior",1306.5,0.007577
12,"R_Date","07BDT11‐205",NA,"posterior",1307.5,0.005904
12,"R_Date","07BDT11‐205",NA,"posterior",1308.5,0.004874
12,"R_Date","07BDT11‐205",NA,"posterior",1309.5,0.004377
12,"R_Date","07BDT11‐205",NA,"posterior",1310.5,0.003921
12,"R_Date","07BDT11‐205",NA,"posterior",1311.5,0.003634
12,"R_Date","07BDT11‐205",NA,"posterior",1312.5,0.003617
12,"R_Date","07BDT11‐205",NA,"posterior",1313.5,0.00318
12,"R_Date","07BDT11‐205",NA,"posterior",1314.5,0.003264
12,"R_Date","07BDT11‐205",NA,"posterior",1315.5,0.00322
12,"R_Date","07BDT11‐205",NA,"posterior",1316.5,0.003196
12,"R_Date","07BDT11‐205",NA,"posterior",1317.5,0.0030198
12,"R_Date","07BDT11‐205",NA,"posterior",1318.5,0.0025021
12,"R_Date","07BDT11‐205",NA,"posterior",1319.5,0.0020615
12,"R_Date","07BDT11‐205",NA,"posterior",1320.5,0.0014063
12,"R_Date","07BDT11‐205",NA,"posterior",1321.5,0.0009114
12,"R_Date","07BDT11‐205",NA,"posterior",1322.5,0.0005187
12,"R_Date","07BDT11‐205",NA,"posterior",1323.5,0.0003302
12,"R_Date","07BDT11‐205",NA,"posterior",1324.5,0.00014478
12,"R_Date","07BDT11‐205",NA,"posterior",1325.5,8.125e-05
12,"R_Date","07BDT11‐205",NA,"posterior",1326.5,3.1271e-05
12,"R_Date","07BDT11‐205",NA,"posterior",1327.5,1.4598e-05
12,"R_Date","07BDT11‐205",NA,"posterior",1328.5,4.147e-06
12,"R_Date","07BDT11‐205",NA,"posterior",1329.5,7.299e-06
12,"R_Date","07BDT11‐205",NA,"posterior",1330.5,5.226e-06
12,"R_Date","07BDT11‐205",NA,"posterior",1331.5,3.1105e-06
12,"R_Date","07BDT11‐205",NA,"posterior",1332.5,3.1105e-06
12,"R_Date","07BDT11‐205",NA,"posterior",1333.5,8.336e-06
12,"R_Date","07BDT11‐205",NA,"posterior",1334.5,1.0368e-06
12,"R_Date","07BDT11‐205",NA,"posterior",1335.5,7.299e-06
12,"R_Date","07BDT11‐205",NA,"posterior",1336.5,8.336e-06
12,"R_Date","07BDT11‐205",NA,"posterior",1337.5,8.336e-06
12,"R_Date","07BDT11‐205",NA,"posterior",1338.5,1.7709e-05
12,"R_Date","07BDT11‐205",NA,"posterior",1339.5,1.2483e-05
12,"R_Date","07BDT11‐205",NA,"posterior",1340.5,1.7709e-05
12,"R_Date","07BDT11‐205",NA,"posterior",1341.5,7.299e-06
12,"R_Date","07BDT11‐205",NA,"posterior",1342.5,1.1447e-05
12,"R_Date","07BDT11‐205",NA,"posterior",1343.5,3.1105e-06
12,"R_Date","07BDT11‐205",NA,"posterior",1344.5,1.041e-05
12,"R_Date","07BDT11‐205",NA,"posterior",1345.5,1.3562e-05
12,"R_Date","07BDT11‐205",NA,"posterior",1346.5,8.336e-06
12,"R_Date","07BDT11‐205",NA,"posterior",1347.5,1.8746e-05
12,"R_Date","07BDT11‐205",NA,"posterior",1348.5,1.5635e-05
12,"R_Date","07BDT11‐205",NA,"posterior",1349.5,1.4598e-05
12,"R_Date","07BDT11‐205",NA,"posterior",1350.5,1.4598e-05
12,"R_Date","07BDT11‐205",NA,"posterior",1351.5,1.7709e-05
12,"R_Date","07BDT11‐205",NA,"posterior",1352.5,2.1856e-05
12,"R_Date","07BDT11‐205",NA,"posterior",1353.5,4.064e-05
12,"R_Date","07BDT11‐205",NA,"posterior",1354.5,6.25e-05
12,"R_Date","07BDT11‐205",NA,"posterior",1355.5,0.00012085
12,"R_Date","07BDT11‐205",NA,"posterior",1356.5,0.00019376
12,"R_Date","07BDT11‐205",NA,"posterior",1357.5,0.0004063
12,"R_Date","07BDT11‐205",NA,"posterior",1358.5,0.0007125
12,"R_Date","07BDT11‐205",NA,"posterior",1359.5,0.0008802
12,"R_Date","07BDT11‐205",NA,"posterior",1360.5,0.0012854
12,"R_Date","07BDT11‐205",NA,"posterior",1361.5,0.0017396
12,"R_Date","07BDT11‐205",NA,"posterior",1362.5,0.0022323
12,"R_Date","07BDT11‐205",NA,"posterior",1363.5,0.002725
12,"R_Date","07BDT11‐205",NA,"posterior",1364.5,0.003758
12,"R_Date","07BDT11‐205",NA,"posterior",1365.5,0.004553
12,"R_Date","07BDT11‐205",NA,"posterior",1366.5,0.005821
12,"R_Date","07BDT11‐205",NA,"posterior",1367.5,0.00728
12,"R_Date","07BDT11‐205",NA,"posterior",1368.5,0.008777
12,"R_Date","07BDT11‐205",NA,"posterior",1369.5,0.010709
12,"R_Date","07BDT11‐205",NA,"posterior",1370.5,0.011477
12,"R_Date","07BDT11‐205",NA,"posterior",1371.5,0.012908
12,"R_Date","07BDT11‐205",NA,"posterior",1372.5,0.013893
12,"R_Date","07BDT11‐205",NA,"posterior",1373.5,0.014499
12,"R_Date","07BDT11‐205",NA,"posterior",1374.5,0.015671
12,"R_Date","07BDT11‐205",NA,"posterior",1375.5,0.015139
12,"R_Date","07BDT11‐205",NA,"posterior",1376.5,0.015009
12,"R_Date","07BDT11‐205",NA,"posterior",1377.5,0.01349
12,"R_Date","07BDT11‐205",NA,"posterior",1378.5,0.011291
12,"R_Date","07BDT11‐205",NA,"posterior",1379.5,0.009194
12,"R_Date","07BDT11‐205",NA,"posterior",1380.5,0.007375
12,"R_Date","07BDT11‐205",NA,"posterior",1381.5,0.00588
12,"R_Date","07BDT11‐205",NA,"posterior",1382.5,0.004575
12,"R_Date","07BDT11‐205",NA,"posterior",1383.5,0.003638
12,"R_Date","07BDT11‐205",NA,"posterior",1384.5,0.0030594
12,"R_Date","07BDT11‐205",NA,"posterior",1385.5,0.002374
12,"R_Date","07BDT11‐205",NA,"posterior",1386.5,0.001876
12,"R_Date","07BDT11‐205",NA,"posterior",1387.5,0.0013135
12,"R_Date","07BDT11‐205",NA,"posterior",1388.5,0.0008698
12,"R_Date","07BDT11‐205",NA,"posterior",1389.5,0.0004708
12,"R_Date","07BDT11‐205",NA,"posterior",1390.5,0.00023959
12,"R_Date","07BDT11‐205",NA,"posterior",1391.5,0.00010729
12,"R_Date","07BDT11‐205",NA,"posterior",1392.5,5.939e-05
12,"R_Date","07BDT11‐205",NA,"posterior",1393.5,1.3562e-05
12,"R_Date","07BDT11‐205",NA,"posterior",1394.5,1.041e-05
12,"R_Date","07BDT11‐205",NA,"posterior",1395.5,2.0736e-06
12,"R_Date","07BDT11‐205",NA,"posterior",1396.5,0
12,"R_Date","07BDT11‐205",NA,"posterior",1397.5,0
14,"R_Date","05BDT5‐31",NA,"likelihood",1277.5,0
14,"R_Date","05BDT5‐31",NA,"likelihood",1278.5,0
14,"R_Date","05BDT5‐31",NA,"likelihood",1279.5,0
14,"R_Date","05BDT5‐31",NA,"likelihood",1280.5,2.2431e-08
14,"R_Date","05BDT5‐31",NA,"likelihood",1281.5,6.729e-08
14,"R_Date","05BDT5‐31",NA,"likelihood",1282.5,1.5702e-07
14,"R_Date","05BDT5‐31",NA,"likelihood",1283.5,2.6917e-07
14,"R_Date","05BDT5‐31",NA,"likelihood",1284.5,4.935e-07
14,"R_Date","05BDT5‐31",NA,"likelihood",1285.5,7.627e-07
14,"R_Date","05BDT5‐31",NA,"likelihood",1286.5,9.87e-07
14,"R_Date","05BDT5‐31",NA,"likelihood",1287.5,1.301e-06
14,"R_Date","05BDT5‐31",NA,"likelihood",1288.5,1.9515e-06
14,"R_Date","05BDT5‐31",NA,"likelihood",1289.5,2.2431e-06
14,"R_Date","05BDT5‐31",NA,"likelihood",1290.5,2.916e-06
14,"R_Date","05BDT5‐31",NA,"likelihood",1291.5,3.768e-06
14,"R_Date","05BDT5‐31",NA,"likelihood",1292.5,4.284e-06
14,"R_Date","05BDT5‐31",NA,"likelihood",1293.5,5.54e-06
14,"R_Date","05BDT5‐31",NA,"likelihood",1294.5,6.281e-06
14,"R_Date","05BDT5‐31",NA,"likelihood",1295.5,8.03e-06
14,"R_Date","05BDT5‐31",NA,"likelihood",1296.5,1.1574e-05
14,"R_Date","05BDT5‐31",NA,"likelihood",1297.5,1.6532e-05
14,"R_Date","05BDT5‐31",NA,"likelihood",1298.5,2.6244e-05
14,"R_Date","05BDT5‐31",NA,"likelihood",1299.5,4.578e-05
14,"R_Date","05BDT5‐31",NA,"likelihood",1300.5,7.021e-05
14,"R_Date","05BDT5‐31",NA,"likelihood",1301.5,0.00010646
14,"R_Date","05BDT5‐31",NA,"likelihood",1302.5,0.0001591
14,"R_Date","05BDT5‐31",NA,"likelihood",1303.5,0.00027859
14,"R_Date","05BDT5‐31",NA,"likelihood",1304.5,0.0003991
14,"R_Date","05BDT5‐31",NA,"likelihood",1305.5,0.0005631
14,"R_Date","05BDT5‐31",NA,"likelihood",1306.5,0.0007824
14,"R_Date","05BDT5‐31",NA,"likelihood",1307.5,0.0009913
14,"R_Date","05BDT5‐31",NA,"likelihood",1308.5,0.0011552
14,"R_Date","05BDT5‐31",NA,"likelihood",1309.5,0.0012452
14,"R_Date","05BDT5‐31",NA,"likelihood",1310.5,0.001341
14,"R_Date","05BDT5‐31",NA,"likelihood",1311.5,0.0014428
14,"R_Date","05BDT5‐31",NA,"likelihood",1312.5,0.0014428
14,"R_Date","05BDT5‐31",NA,"likelihood",1313.5,0.0013776
14,"R_Date","05BDT5‐31",NA,"likelihood",1314.5,0.0013776
14,"R_Date","05BDT5‐31",NA,"likelihood",1315.5,0.0013776
14,"R_Date","05BDT5‐31",NA,"likelihood",1316.5,0.0013776
14,"R_Date","05BDT5‐31",NA,"likelihood",1317.5,0.0013776
14,"R_Date","05BDT5‐31",NA,"likelihood",1318.5,0.0015946
14,"R_Date","05BDT5‐31",NA,"likelihood",1319.5,0.0018388
14,"R_Date","05BDT5‐31",NA,"likelihood",1320.5,0.0022601
14,"R_Date","05BDT5‐31",NA,"likelihood",1321.5,0.0029351
14,"R_Date","05BDT5‐31",NA,"likelihood",1322.5,0.003752
14,"R_Date","05BDT5‐31",NA,"likelihood",1323.5,0.004723
14,"R_Date","05BDT5‐31",NA,"likelihood",1324.5,0.006157
14,"R_Date","05BDT5‐31",NA,"likelihood",1325.5,0.00748
14,"R_Date","05BDT5‐31",NA,"likelihood",1326.5,0.009329
14,"R_Date","05BDT5‐31",NA,"likelihood",1327.5,0.010937
14,"R_Date","05BDT5‐31",NA,"likelihood",1328.5,0.01262
14,"R_Date","05BDT5‐31",NA,"likelihood",1329.5,0.013477
14,"R_Date","05BDT5‐31",NA,"likelihood",1330.5,0.014334
14,"R_Date","05BDT5‐31",NA,"likelihood",1331.5,0.014334
14,"R_Date","05BDT5‐31",NA,"likelihood",1332.5,0.014334
14,"R_Date","05BDT5‐31",NA,"likelihood",1333.5,0.013906
14,"R_Date","05BDT5‐31",NA,"likelihood",1334.5,0.013477
14,"R_Date","05BDT5‐31",NA,"likelihood",1335.5,0.013048
14,"R_Date","05BDT5‐31",NA,"likelihood",1336.5,0.012195
14,"R_Date","05BDT5‐31",NA,"likelihood",1337.5,0.011772
14,"R_Date","05BDT5‐31",NA,"likelihood",1338.5,0.011352
14,"R_Date","05BDT5‐31",NA,"likelihood",1339.5,0.011352
14,"R_Date","05BDT5‐31",NA,"likelihood",1340.5,0.011352
14,"R_Date","05BDT5‐31",NA,"likelihood",1341.5,0.011352
14,"R_Date","05BDT5‐31",NA,"likelihood",1342.5,0.011352
14,"R_Date","05BDT5‐31",NA,"likelihood",1343.5,0.011352
14,"R_Date","05BDT5‐31",NA,"likelihood",1344.5,0.011352
14,"R_Date","05BDT5‐31",NA,"likelihood",1345.5,0.010937
14,"R_Date","05BDT5‐31",NA,"likelihood",1346.5,0.010526
14,"R_Date","05BDT5‐31",NA,"likelihood",1347.5,0.010526
14,"R_Date","05BDT5‐31",NA,"likelihood",1348.5,0.010121
14,"R_Date","05BDT5‐31",NA,"likelihood",1349.5,0.010121
14,"R_Date","05BDT5‐31",NA,"likelihood",1350.5,0.010121
14,"R_Date","05BDT5‐31",NA,"likelihood",1351.5,0.009722
14,"R_Date","05BDT5‐31",NA,"likelihood",1352.5,0.009329
14,"R_Date","05BDT5‐31",NA,"likelihood",1353.5,0.008195
14,"R_Date","05BDT5‐31",NA,"likelihood",1354.5,0.0068
14,"R_Date","05BDT5‐31",NA,"likelihood",1355.5,0.005554
14,"R_Date","05BDT5‐31",NA,"likelihood",1356.5,0.004465
14,"R_Date","05BDT5‐31",NA,"likelihood",1357.5,0.003421
14,"R_Date","05BDT5‐31",NA,"likelihood",1358.5,0.0026689
14,"R_Date","05BDT5‐31",NA,"likelihood",1359.5,0.002193
14,"R_Date","05BDT5‐31",NA,"likelihood",1360.5,0.0016652
14,"R_Date","05BDT5‐31",NA,"likelihood",1361.5,0.001341
14,"R_Date","05BDT5‐31",NA,"likelihood",1362.5,0.0011552
14,"R_Date","05BDT5‐31",NA,"likelihood",1363.5,0.000917
14,"R_Date","05BDT5‐31",NA,"likelihood",1364.5,0.000665
14,"R_Date","05BDT5‐31",NA,"likelihood",1365.5,0.0005174
14,"R_Date","05BDT5‐31",NA,"likelihood",1366.5,0.0003653
14,"R_Date","05BDT5‐31",NA,"likelihood",1367.5,0.00027859
14,"R_Date","05BDT5‐31",NA,"likelihood",1368.5,0.00019154
14,"R_Date","05BDT5‐31",NA,"likelihood",1369.5,0.00012967
14,"R_Date","05BDT5‐31",NA,"likelihood",1370.5,9.583e-05
14,"R_Date","05BDT5‐31",NA,"likelihood",1371.5,6.319e-05
14,"R_Date","05BDT5‐31",NA,"likelihood",1372.5,5.101e-05
14,"R_Date","05BDT5‐31",NA,"likelihood",1373.5,4.103e-05
14,"R_Date","05BDT5‐31",NA,"likelihood",1374.5,3.674e-05
14,"R_Date","05BDT5‐31",NA,"likelihood",1375.5,3.674e-05
14,"R_Date","05BDT5‐31",NA,"likelihood",1376.5,4.073e-05
14,"R_Date","05BDT5‐31",NA,"likelihood",1377.5,6.303e-05
14,"R_Date","05BDT5‐31",NA,"likelihood",1378.5,9.605e-05
14,"R_Date","05BDT5‐31",NA,"likelihood",1379.5,0.0001441
14,"R_Date","05BDT5‐31",NA,"likelihood",1380.5,0.00023411
14,"R_Date","05BDT5‐31",NA,"likelihood",1381.5,0.00030959
14,"R_Date","05BDT5‐31",NA,"likelihood",1382.5,0.0004058
14,"R_Date","05BDT5‐31",NA,"likelihood",1383.5,0.0005274
14,"R_Date","05BDT5‐31",NA,"likelihood",1384.5,0.000625
14,"R_Date","05BDT5‐31",NA,"likelihood",1385.5,0.0007378
14,"R_Date","05BDT5‐31",NA,"likelihood",1386.5,0.0008675
14,"R_Date","05BDT5‐31",NA,"likelihood",1387.5,0.001098
14,"R_Date","05BDT5‐31",NA,"likelihood",1388.5,0.0014829
14,"R_Date","05BDT5‐31",NA,"likelihood",1389.5,0.0019716
14,"R_Date","05BDT5‐31",NA,"likelihood",1390.5,0.0027535
14,"R_Date","05BDT5‐31",NA,"likelihood",1391.5,0.003752
14,"R_Date","05BDT5‐31",NA,"likelihood",1392.5,0.00499
14,"R_Date","05BDT5‐31",NA,"likelihood",1393.5,0.0068
14,"R_Date","05BDT5‐31",NA,"likelihood",1394.5,0.008565
14,"R_Date","05BDT5‐31",NA,"likelihood",1395.5,0.010526
14,"R_Date","05BDT5‐31",NA,"likelihood",1396.5,0.013048
14,"R_Date","05BDT5‐31",NA,"likelihood",1397.5,0.015186
14,"R_Date","05BDT5‐31",NA,"likelihood",1398.5,0.016843
14,"R_Date","05BDT5‐31",NA,"likelihood",1399.5,0.018386
14,"R_Date","05BDT5‐31",NA,"likelihood",1400.5,0.019095
14,"R_Date","05BDT5‐31",NA,"likelihood",1401.5,0.019754
14,"R_Date","05BDT5‐31",NA,"likelihood",1402.5,0.020353
14,"R_Date","05BDT5‐31",NA,"likelihood",1403.5,0.021129
14,"R_Date","05BDT5‐31",NA,"likelihood",1404.5,0.021738
14,"R_Date","05BDT5‐31",NA,"likelihood",1405.5,0.022165
14,"R_Date","05BDT5‐31",NA,"likelihood",1406.5,0.022431
14,"R_Date","05BDT5‐31",NA,"likelihood",1407.5,0.022262
14,"R_Date","05BDT5‐31",NA,"likelihood",1408.5,0.021733
14,"R_Date","05BDT5‐31",NA,"likelihood",1409.5,0.020878
14,"R_Date","05BDT5‐31",NA,"likelihood",1410.5,0.019738
14,"R_Date","05BDT5‐31",NA,"likelihood",1411.5,0.018725
14,"R_Date","05BDT5‐31",NA,"likelihood",1412.5,0.017988
14,"R_Date","05BDT5‐31",NA,"likelihood",1413.5,0.017211
14,"R_Date","05BDT5‐31",NA,"likelihood",1414.5,0.01681
14,"R_Date","05BDT5‐31",NA,"likelihood",1415.5,0.01681
14,"R_Date","05BDT5‐31",NA,"likelihood",1416.5,0.01681
14,"R_Date","05BDT5‐31",NA,"likelihood",1417.5,0.01681
14,"R_Date","05BDT5‐31",NA,"likelihood",1418.5,0.016401
14,"R_Date","05BDT5‐31",NA,"likelihood",1419.5,0.015986
14,"R_Date","05BDT5‐31",NA,"likelihood",1420.5,0.015142
14,"R_Date","05BDT5‐31",NA,"likelihood",1421.5,0.013422
14,"R_Date","05BDT5‐31",NA,"likelihood",1422.5,0.011707
14,"R_Date","05BDT5‐31",NA,"likelihood",1423.5,0.009645
14,"R_Date","05BDT5‐31",NA,"likelihood",1424.5,0.007749
14,"R_Date","05BDT5‐31",NA,"likelihood",1425.5,0.006386
14,"R_Date","05BDT5‐31",NA,"likelihood",1426.5,0.005178
14,"R_Date","05BDT5‐31",NA,"likelihood",1427.5,0.004378
14,"R_Date","05BDT5‐31",NA,"likelihood",1428.5,0.003894
14,"R_Date","05BDT5‐31",NA,"likelihood",1429.5,0.003667
14,"R_Date","05BDT5‐31",NA,"likelihood",1430.5,0.00345
14,"R_Date","05BDT5‐31",NA,"likelihood",1431.5,0.003242
14,"R_Date","05BDT5‐31",NA,"likelihood",1432.5,0.0028549
14,"R_Date","05BDT5‐31",NA,"likelihood",1433.5,0.0025037
14,"R_Date","05BDT5‐31",NA,"likelihood",1434.5,0.0021867
14,"R_Date","05BDT5‐31",NA,"likelihood",1435.5,0.0016477
14,"R_Date","05BDT5‐31",NA,"likelihood",1436.5,0.0013184
14,"R_Date","05BDT5‐31",NA,"likelihood",1437.5,0.0009654
14,"R_Date","05BDT5‐31",NA,"likelihood",1438.5,0.0007561
14,"R_Date","05BDT5‐31",NA,"likelihood",1439.5,0.0005867
14,"R_Date","05BDT5‐31",NA,"likelihood",1440.5,0.0004929
14,"R_Date","05BDT5‐31",NA,"likelihood",1441.5,0.0003766
14,"R_Date","05BDT5‐31",NA,"likelihood",1442.5,0.0002851
14,"R_Date","05BDT5‐31",NA,"likelihood",1443.5,0.00021386
14,"R_Date","05BDT5‐31",NA,"likelihood",1444.5,0.00014367
14,"R_Date","05BDT5‐31",NA,"likelihood",1445.5,9.493e-05
14,"R_Date","05BDT5‐31",NA,"likelihood",1446.5,6.882e-05
14,"R_Date","05BDT5‐31",NA,"likelihood",1447.5,4.419e-05
14,"R_Date","05BDT5‐31",NA,"likelihood",1448.5,2.7904e-05
14,"R_Date","05BDT5‐31",NA,"likelihood",1449.5,1.956e-05
14,"R_Date","05BDT5‐31",NA,"likelihood",1450.5,1.3571e-05
14,"R_Date","05BDT5‐31",NA,"likelihood",1451.5,1.0587e-05
14,"R_Date","05BDT5‐31",NA,"likelihood",1452.5,8.232e-06
14,"R_Date","05BDT5‐31",NA,"likelihood",1453.5,6.37e-06
14,"R_Date","05BDT5‐31",NA,"likelihood",1454.5,4.284e-06
14,"R_Date","05BDT5‐31",NA,"likelihood",1455.5,2.5123e-06
14,"R_Date","05BDT5‐31",NA,"likelihood",1456.5,1.2561e-06
14,"R_Date","05BDT5‐31",NA,"likelihood",1457.5,6.056e-07
14,"R_Date","05BDT5‐31",NA,"likelihood",1458.5,2.916e-07
14,"R_Date","05BDT5‐31",NA,"likelihood",1459.5,1.5702e-07
14,"R_Date","05BDT5‐31",NA,"likelihood",1460.5,8.972e-08
14,"R_Date","05BDT5‐31",NA,"likelihood",1461.5,6.729e-08
14,"R_Date","05BDT5‐31",NA,"likelihood",1462.5,6.729e-08
14,"R_Date","05BDT5‐31",NA,"likelihood",1463.5,6.729e-08
14,"R_Date","05BDT5‐31",NA,"likelihood",1464.5,8.972e-08
14,"R_Date","05BDT5‐31",NA,"likelihood",1465.5,8.972e-08
14,"R_Date","05BDT5‐31",NA,"likelihood",1466.5,1.1216e-07
14,"R_Date","05BDT5‐31",NA,"likelihood",1467.5,8.972e-08
14,"R_Date","05BDT5‐31",NA,"likelihood",1468.5,8.972e-08
14,"R_Date","05BDT5‐31",NA,"likelihood",1469.5,6.729e-08
14,"R_Date","05BDT5‐31",NA,"likelihood",1470.5,6.729e-08
14,"R_Date","05BDT5‐31",NA,"likelihood",1471.5,6.729e-08
14,"R_Date","05BDT5‐31",NA,"likelihood",1472.5,4.486e-08
14,"R_Date","05BDT5‐31",NA,"likelihood",1473.5,4.486e-08
14,"R_Date","05BDT5‐31",NA,"likelihood",1474.5,2.2431e-08
14,"R_Date","05BDT5‐31",NA,"likelihood",1475.5,2.2431e-08
14,"R_Date","05BDT5‐31",NA,"likelihood",1476.5,0
14,"R_Date","05BDT5‐31",NA,"likelihood",1477.5,0
14,"R_Date","05BDT5‐31",NA,"posterior",1296.5,0
14,"R_Date","05BDT5‐31",NA,"posterior",1297.5,1.0429e-06
14,"R_Date","05BDT5‐31",NA,"posterior",1298.5,3.1288e-06
14,"R_Date","05BDT5‐31",NA,"posterior",1299.5,0
14,"R_Date","05BDT5‐31",NA,"posterior",1300.5,7.301e-06
14,"R_Date","05BDT5‐31",NA,"posterior",1301.5,1.1472e-05
14,"R_Date","05BDT5‐31",NA,"posterior",1302.5,1.5615e-05
14,"R_Date","05BDT5‐31",NA,"posterior",1303.5,4.479e-05
14,"R_Date","05BDT5‐31",NA,"posterior",1304.5,8.231e-05
14,"R_Date","05BDT5‐31",NA,"posterior",1305.5,0.00013124
14,"R_Date","05BDT5‐31",NA,"posterior",1306.5,0.00019167
14,"R_Date","05BDT5‐31",NA,"posterior",1307.5,0.00029999
14,"R_Date","05BDT5‐31",NA,"posterior",1308.5,0.0003813
14,"R_Date","05BDT5‐31",NA,"posterior",1309.5,0.0004156
14,"R_Date","05BDT5‐31",NA,"posterior",1310.5,0.0005083
14,"R_Date","05BDT5‐31",NA,"posterior",1311.5,0.0005844
14,"R_Date","05BDT5‐31",NA,"posterior",1312.5,0.0006354
14,"R_Date","05BDT5‐31",NA,"posterior",1313.5,0.000625
14,"R_Date","05BDT5‐31",NA,"posterior",1314.5,0.0006906
14,"R_Date","05BDT5‐31",NA,"posterior",1315.5,0.0007573
14,"R_Date","05BDT5‐31",NA,"posterior",1316.5,0.0007802
14,"R_Date","05BDT5‐31",NA,"posterior",1317.5,0.0008479
14,"R_Date","05BDT5‐31",NA,"posterior",1318.5,0.0009062
14,"R_Date","05BDT5‐31",NA,"posterior",1319.5,0.0011625
14,"R_Date","05BDT5‐31",NA,"posterior",1320.5,0.0015469
14,"R_Date","05BDT5‐31",NA,"posterior",1321.5,0.0018812
14,"R_Date","05BDT5‐31",NA,"posterior",1322.5,0.0026125
14,"R_Date","05BDT5‐31",NA,"posterior",1323.5,0.003285
14,"R_Date","05BDT5‐31",NA,"posterior",1324.5,0.004457
14,"R_Date","05BDT5‐31",NA,"posterior",1325.5,0.005547
14,"R_Date","05BDT5‐31",NA,"posterior",1326.5,0.006756
14,"R_Date","05BDT5‐31",NA,"posterior",1327.5,0.008376
14,"R_Date","05BDT5‐31",NA,"posterior",1328.5,0.009337
14,"R_Date","05BDT5‐31",NA,"posterior",1329.5,0.010387
14,"R_Date","05BDT5‐31",NA,"posterior",1330.5,0.010677
14,"R_Date","05BDT5‐31",NA,"posterior",1331.5,0.010982
14,"R_Date","05BDT5‐31",NA,"posterior",1332.5,0.010748
14,"R_Date","05BDT5‐31",NA,"posterior",1333.5,0.010748
14,"R_Date","05BDT5‐31",NA,"posterior",1334.5,0.010232
14,"R_Date","05BDT5‐31",NA,"posterior",1335.5,0.009822
14,"R_Date","05BDT5‐31",NA,"posterior",1336.5,0.009439
14,"R_Date","05BDT5‐31",NA,"posterior",1337.5,0.009012
14,"R_Date","05BDT5‐31",NA,"posterior",1338.5,0.008828
14,"R_Date","05BDT5‐31",NA,"posterior",1339.5,0.008606
14,"R_Date","05BDT5‐31",NA,"posterior",1340.5,0.008915
14,"R_Date","05BDT5‐31",NA,"posterior",1341.5,0.008871
14,"R_Date","05BDT5‐31",NA,"posterior",1342.5,0.008618
14,"R_Date","05BDT5‐31",NA,"posterior",1343.5,0.008592
14,"R_Date","05BDT5‐31",NA,"posterior",1344.5,0.008558
14,"R_Date","05BDT5‐31",NA,"posterior",1345.5,0.008597
14,"R_Date","05BDT5‐31",NA,"posterior",1346.5,0.008317
14,"R_Date","05BDT5‐31",NA,"posterior",1347.5,0.008431
14,"R_Date","05BDT5‐31",NA,"posterior",1348.5,0.008064
14,"R_Date","05BDT5‐31",NA,"posterior",1349.5,0.007891
14,"R_Date","05BDT5‐31",NA,"posterior",1350.5,0.007622
14,"R_Date","05BDT5‐31",NA,"posterior",1351.5,0.007432
14,"R_Date","05BDT5‐31",NA,"posterior",1352.5,0.007078
14,"R_Date","05BDT5‐31",NA,"posterior",1353.5,0.006514
14,"R_Date","05BDT5‐31",NA,"posterior",1354.5,0.005185
14,"R_Date","05BDT5‐31",NA,"posterior",1355.5,0.004351
14,"R_Date","05BDT5‐31",NA,"posterior",1356.5,0.00348
14,"R_Date","05BDT5‐31",NA,"posterior",1357.5,0.0027292
14,"R_Date","05BDT5‐31",NA,"posterior",1358.5,0.0020771
14,"R_Date","05BDT5‐31",NA,"posterior",1359.5,0.0017104
14,"R_Date","05BDT5‐31",NA,"posterior",1360.5,0.0014062
14,"R_Date","05BDT5‐31",NA,"posterior",1361.5,0.0010729
14,"R_Date","05BDT5‐31",NA,"posterior",1362.5,0.0009531
14,"R_Date","05BDT5‐31",NA,"posterior",1363.5,0.0007687
14,"R_Date","05BDT5‐31",NA,"posterior",1364.5,0.0005833
14,"R_Date","05BDT5‐31",NA,"posterior",1365.5,0.0004229
14,"R_Date","05BDT5‐31",NA,"posterior",1366.5,0.0003229
14,"R_Date","05BDT5‐31",NA,"posterior",1367.5,0.0002448
14,"R_Date","05BDT5‐31",NA,"posterior",1368.5,0.00017606
14,"R_Date","05BDT5‐31",NA,"posterior",1369.5,0.00013437
14,"R_Date","05BDT5‐31",NA,"posterior",1370.5,8.126e-05
14,"R_Date","05BDT5‐31",NA,"posterior",1371.5,6.249e-05
14,"R_Date","05BDT5‐31",NA,"posterior",1372.5,4.479e-05
14,"R_Date","05BDT5‐31",NA,"posterior",1373.5,5.105e-05
14,"R_Date","05BDT5‐31",NA,"posterior",1374.5,4.792e-05
14,"R_Date","05BDT5‐31",NA,"posterior",1375.5,4.062e-05
14,"R_Date","05BDT5‐31",NA,"posterior",1376.5,5.105e-05
14,"R_Date","05BDT5‐31",NA,"posterior",1377.5,7.709e-05
14,"R_Date","05BDT5‐31",NA,"posterior",1378.5,0.00014375
14,"R_Date","05BDT5‐31",NA,"posterior",1379.5,0.00020416
14,"R_Date","05BDT5‐31",NA,"posterior",1380.5,0.000326
14,"R_Date","05BDT5‐31",NA,"posterior",1381.5,0.0004698
14,"R_Date","05BDT5‐31",NA,"posterior",1382.5,0.0005896
14,"R_Date","05BDT5‐31",NA,"posterior",1383.5,0.0008146
14,"R_Date","05BDT5‐31",NA,"posterior",1384.5,0.0010083
14,"R_Date","05BDT5‐31",NA,"posterior",1385.5,0.0012198
14,"R_Date","05BDT5‐31",NA,"posterior",1386.5,0.0014438
14,"R_Date","05BDT5‐31",NA,"posterior",1387.5,0.0018094
14,"R_Date","05BDT5‐31",NA,"posterior",1388.5,0.0025573
14,"R_Date","05BDT5‐31",NA,"posterior",1389.5,0.003172
14,"R_Date","05BDT5‐31",NA,"posterior",1390.5,0.004479
14,"R_Date","05BDT5‐31",NA,"posterior",1391.5,0.006165
14,"R_Date","05BDT5‐31",NA,"posterior",1392.5,0.008012
14,"R_Date","05BDT5‐31",NA,"posterior",1393.5,0.010768
14,"R_Date","05BDT5‐31",NA,"posterior",1394.5,0.013496
14,"R_Date","05BDT5‐31",NA,"posterior",1395.5,0.016711
14,"R_Date","05BDT5‐31",NA,"posterior",1396.5,0.020276
14,"R_Date","05BDT5‐31",NA,"posterior",1397.5,0.023562
14,"R_Date","05BDT5‐31",NA,"posterior",1398.5,0.025816
14,"R_Date","05BDT5‐31",NA,"posterior",1399.5,0.026936
14,"R_Date","05BDT5‐31",NA,"posterior",1400.5,0.027361
14,"R_Date","05BDT5‐31",NA,"posterior",1401.5,0.028261
14,"R_Date","05BDT5‐31",NA,"posterior",1402.5,0.028504
14,"R_Date","05BDT5‐31",NA,"posterior",1403.5,0.028966
14,"R_Date","05BDT5‐31",NA,"posterior",1404.5,0.028846
14,"R_Date","05BDT5‐31",NA,"posterior",1405.5,0.028971
14,"R_Date","05BDT5‐31",NA,"posterior",1406.5,0.028565
14,"R_Date","05BDT5‐31",NA,"posterior",1407.5,0.027633
14,"R_Date","05BDT5‐31",NA,"posterior",1408.5,0.026305
14,"R_Date","05BDT5‐31",NA,"posterior",1409.5,0.024755
14,"R_Date","05BDT5‐31",NA,"posterior",1410.5,0.023037
14,"R_Date","05BDT5‐31",NA,"posterior",1411.5,0.021545
14,"R_Date","05BDT5‐31",NA,"posterior",1412.5,0.020085
14,"R_Date","05BDT5‐31",NA,"posterior",1413.5,0.018452
14,"R_Date","05BDT5‐31",NA,"posterior",1414.5,0.017296
14,"R_Date","05BDT5‐31",NA,"posterior",1415.5,0.016852
14,"R_Date","05BDT5‐31",NA,"posterior",1416.5,0.016591
14,"R_Date","05BDT5‐31",NA,"posterior",1417.5,0.015679
14,"R_Date","05BDT5‐31",NA,"posterior",1418.5,0.015191
14,"R_Date","05BDT5‐31",NA,"posterior",1419.5,0.014282
14,"R_Date","05BDT5‐31",NA,"posterior",1420.5,0.012896
14,"R_Date","05BDT5‐31",NA,"posterior",1421.5,0.01107
14,"R_Date","05BDT5‐31",NA,"posterior",1422.5,0.009334
14,"R_Date","05BDT5‐31",NA,"posterior",1423.5,0.007385
14,"R_Date","05BDT5‐31",NA,"posterior",1424.5,0.00571
14,"R_Date","05BDT5‐31",NA,"posterior",1425.5,0.004405
14,"R_Date","05BDT5‐31",NA,"posterior",1426.5,0.00357
14,"R_Date","05BDT5‐31",NA,"posterior",1427.5,0.0027375
14,"R_Date","05BDT5‐31",NA,"posterior",1428.5,0.0023698
14,"R_Date","05BDT5‐31",NA,"posterior",1429.5,0.002251
14,"R_Date","05BDT5‐31",NA,"posterior",1430.5,0.0019042
14,"R_Date","05BDT5‐31",NA,"posterior",1431.5,0.0016927
14,"R_Date","05BDT5‐31",NA,"posterior",1432.5,0.0012906
14,"R_Date","05BDT5‐31",NA,"posterior",1433.5,0.0011344
14,"R_Date","05BDT5‐31",NA,"posterior",1434.5,0.0008771
14,"R_Date","05BDT5‐31",NA,"posterior",1435.5,0.0006729
14,"R_Date","05BDT5‐31",NA,"posterior",1436.5,0.0004698
14,"R_Date","05BDT5‐31",NA,"posterior",1437.5,0.0003636
14,"R_Date","05BDT5‐31",NA,"posterior",1438.5,0.00025833
14,"R_Date","05BDT5‐31",NA,"posterior",1439.5,0.0001625
14,"R_Date","05BDT5‐31",NA,"posterior",1440.5,0.00011458
14,"R_Date","05BDT5‐31",NA,"posterior",1441.5,8.645e-05
14,"R_Date","05BDT5‐31",NA,"posterior",1442.5,6.562e-05
14,"R_Date","05BDT5‐31",NA,"posterior",1443.5,2.6045e-05
14,"R_Date","05BDT5‐31",NA,"posterior",1444.5,1.8744e-05
14,"R_Date","05BDT5‐31",NA,"posterior",1445.5,1.3529e-05
14,"R_Date","05BDT5‐31",NA,"posterior",1446.5,1.0429e-05
14,"R_Date","05BDT5‐31",NA,"posterior",1447.5,4.172e-06
14,"R_Date","05BDT5‐31",NA,"posterior",1448.5,4.172e-06
14,"R_Date","05BDT5‐31",NA,"posterior",1449.5,4.172e-06
14,"R_Date","05BDT5‐31",NA,"posterior",1450.5,1.0429e-06
15,"R_Date","05BDT5‐32",NA,"likelihood",1271.5,0
15,"R_Date","05BDT5‐32",NA,"likelihood",1272.5,0
15,"R_Date","05BDT5‐32",NA,"likelihood",1273.5,0
15,"R_Date","05BDT5‐32",NA,"likelihood",1274.5,1.4515e-08
15,"R_Date","05BDT5‐32",NA,"likelihood",1275.5,2.903e-08
15,"R_Date","05BDT5‐32",NA,"likelihood",1276.5,8.709e-08
15,"R_Date","05BDT5‐32",NA,"likelihood",1277.5,2.3224e-07
15,"R_Date","05BDT5‐32",NA,"likelihood",1278.5,7.403e-07
15,"R_Date","05BDT5‐32",NA,"likelihood",1279.5,2.2062e-06
15,"R_Date","05BDT5‐32",NA,"likelihood",1280.5,6.198e-06
15,"R_Date","05BDT5‐32",NA,"likelihood",1281.5,1.4254e-05
15,"R_Date","05BDT5‐32",NA,"likelihood",1282.5,2.7535e-05
15,"R_Date","05BDT5‐32",NA,"likelihood",1283.5,4.555e-05
15,"R_Date","05BDT5‐32",NA,"likelihood",1284.5,7.378e-05
15,"R_Date","05BDT5‐32",NA,"likelihood",1285.5,0.00010449
15,"R_Date","05BDT5‐32",NA,"likelihood",1286.5,0.00013091
15,"R_Date","05BDT5‐32",NA,"likelihood",1287.5,0.00016315
15,"R_Date","05BDT5‐32",NA,"likelihood",1288.5,0.00022476
15,"R_Date","05BDT5‐32",NA,"likelihood",1289.5,0.00024944
15,"R_Date","05BDT5‐32",NA,"likelihood",1290.5,0.000306
15,"R_Date","05BDT5‐32",NA,"likelihood",1291.5,0.0003734
15,"R_Date","05BDT5‐32",NA,"likelihood",1292.5,0.0004117
15,"R_Date","05BDT5‐32",NA,"likelihood",1293.5,0.0004985
15,"R_Date","05BDT5‐32",NA,"likelihood",1294.5,0.0005474
15,"R_Date","05BDT5‐32",NA,"likelihood",1295.5,0.0006575
15,"R_Date","05BDT5‐32",NA,"likelihood",1296.5,0.0008572
15,"R_Date","05BDT5‐32",NA,"likelihood",1297.5,0.0011042
15,"R_Date","05BDT5‐32",NA,"likelihood",1298.5,0.0015195
15,"R_Date","05BDT5‐32",NA,"likelihood",1299.5,0.0021982
15,"R_Date","05BDT5‐32",NA,"likelihood",1300.5,0.0028842
15,"R_Date","05BDT5‐32",NA,"likelihood",1301.5,0.003842
15,"R_Date","05BDT5‐32",NA,"likelihood",1302.5,0.004837
15,"R_Date","05BDT5‐32",NA,"likelihood",1303.5,0.006315
15,"R_Date","05BDT5‐32",NA,"likelihood",1304.5,0.007531
15,"R_Date","05BDT5‐32",NA,"likelihood",1305.5,0.008793
15,"R_Date","05BDT5‐32",NA,"likelihood",1306.5,0.010049
15,"R_Date","05BDT5‐32",NA,"likelihood",1307.5,0.010953
15,"R_Date","05BDT5‐32",NA,"likelihood",1308.5,0.011524
15,"R_Date","05BDT5‐32",NA,"likelihood",1309.5,0.011797
15,"R_Date","05BDT5‐32",NA,"likelihood",1310.5,0.01206
15,"R_Date","05BDT5‐32",NA,"likelihood",1311.5,0.012312
15,"R_Date","05BDT5‐32",NA,"likelihood",1312.5,0.012312
15,"R_Date","05BDT5‐32",NA,"likelihood",1313.5,0.012434
15,"R_Date","05BDT5‐32",NA,"likelihood",1314.5,0.012434
15,"R_Date","05BDT5‐32",NA,"likelihood",1315.5,0.012434
15,"R_Date","05BDT5‐32",NA,"likelihood",1316.5,0.012434
15,"R_Date","05BDT5‐32",NA,"likelihood",1317.5,0.012434
15,"R_Date","05BDT5‐32",NA,"likelihood",1318.5,0.012923
15,"R_Date","05BDT5‐32",NA,"likelihood",1319.5,0.013356
15,"R_Date","05BDT5‐32",NA,"likelihood",1320.5,0.01389
15,"R_Date","05BDT5‐32",NA,"likelihood",1321.5,0.014357
15,"R_Date","05BDT5‐32",NA,"likelihood",1322.5,0.014515
15,"R_Date","05BDT5‐32",NA,"likelihood",1323.5,0.014354
15,"R_Date","05BDT5‐32",NA,"likelihood",1324.5,0.013723
15,"R_Date","05BDT5‐32",NA,"likelihood",1325.5,0.012913
15,"R_Date","05BDT5‐32",NA,"likelihood",1326.5,0.011601
15,"R_Date","05BDT5‐32",NA,"likelihood",1327.5,0.010385
15,"R_Date","05BDT5‐32",NA,"likelihood",1328.5,0.009092
15,"R_Date","05BDT5‐32",NA,"likelihood",1329.5,0.008437
15,"R_Date","05BDT5‐32",NA,"likelihood",1330.5,0.007786
15,"R_Date","05BDT5‐32",NA,"likelihood",1331.5,0.007786
15,"R_Date","05BDT5‐32",NA,"likelihood",1332.5,0.007786
15,"R_Date","05BDT5‐32",NA,"likelihood",1333.5,0.00811
15,"R_Date","05BDT5‐32",NA,"likelihood",1334.5,0.008437
15,"R_Date","05BDT5‐32",NA,"likelihood",1335.5,0.008765
15,"R_Date","05BDT5‐32",NA,"likelihood",1336.5,0.009419
15,"R_Date","05BDT5‐32",NA,"likelihood",1337.5,0.009744
15,"R_Date","05BDT5‐32",NA,"likelihood",1338.5,0.010066
15,"R_Date","05BDT5‐32",NA,"likelihood",1339.5,0.010066
15,"R_Date","05BDT5‐32",NA,"likelihood",1340.5,0.010066
15,"R_Date","05BDT5‐32",NA,"likelihood",1341.5,0.010066
15,"R_Date","05BDT5‐32",NA,"likelihood",1342.5,0.010066
15,"R_Date","05BDT5‐32",NA,"likelihood",1343.5,0.010066
15,"R_Date","05BDT5‐32",NA,"likelihood",1344.5,0.010066
15,"R_Date","05BDT5‐32",NA,"likelihood",1345.5,0.010385
15,"R_Date","05BDT5‐32",NA,"likelihood",1346.5,0.010698
15,"R_Date","05BDT5‐32",NA,"likelihood",1347.5,0.010698
15,"R_Date","05BDT5‐32",NA,"likelihood",1348.5,0.011006
15,"R_Date","05BDT5‐32",NA,"likelihood",1349.5,0.011006
15,"R_Date","05BDT5‐32",NA,"likelihood",1350.5,0.011006
15,"R_Date","05BDT5‐32",NA,"likelihood",1351.5,0.011307
15,"R_Date","05BDT5‐32",NA,"likelihood",1352.5,0.011601
15,"R_Date","05BDT5‐32",NA,"likelihood",1353.5,0.012423
15,"R_Date","05BDT5‐32",NA,"likelihood",1354.5,0.013349
15,"R_Date","05BDT5‐32",NA,"likelihood",1355.5,0.014031
15,"R_Date","05BDT5‐32",NA,"likelihood",1356.5,0.014424
15,"R_Date","05BDT5‐32",NA,"likelihood",1357.5,0.014271
15,"R_Date","05BDT5‐32",NA,"likelihood",1358.5,0.01397
15,"R_Date","05BDT5‐32",NA,"likelihood",1359.5,0.013556
15,"R_Date","05BDT5‐32",NA,"likelihood",1360.5,0.012782
15,"R_Date","05BDT5‐32",NA,"likelihood",1361.5,0.01206
15,"R_Date","05BDT5‐32",NA,"likelihood",1362.5,0.011524
15,"R_Date","05BDT5‐32",NA,"likelihood",1363.5,0.010657
15,"R_Date","05BDT5‐32",NA,"likelihood",1364.5,0.009425
15,"R_Date","05BDT5‐32",NA,"likelihood",1365.5,0.008476
15,"R_Date","05BDT5‐32",NA,"likelihood",1366.5,0.007221
15,"R_Date","05BDT5‐32",NA,"likelihood",1367.5,0.006315
15,"R_Date","05BDT5‐32",NA,"likelihood",1368.5,0.005184
15,"R_Date","05BDT5‐32",NA,"likelihood",1369.5,0.004166
15,"R_Date","05BDT5‐32",NA,"likelihood",1370.5,0.003487
15,"R_Date","05BDT5‐32",NA,"likelihood",1371.5,0.0027002
15,"R_Date","05BDT5‐32",NA,"likelihood",1372.5,0.0023573
15,"R_Date","05BDT5‐32",NA,"likelihood",1373.5,0.0020471
15,"R_Date","05BDT5‐32",NA,"likelihood",1374.5,0.0019039
15,"R_Date","05BDT5‐32",NA,"likelihood",1375.5,0.0019039
15,"R_Date","05BDT5‐32",NA,"likelihood",1376.5,0.0021129
15,"R_Date","05BDT5‐32",NA,"likelihood",1377.5,0.0027939
15,"R_Date","05BDT5‐32",NA,"likelihood",1378.5,0.003615
15,"R_Date","05BDT5‐32",NA,"likelihood",1379.5,0.004576
15,"R_Date","05BDT5‐32",NA,"likelihood",1380.5,0.005959
15,"R_Date","05BDT5‐32",NA,"likelihood",1381.5,0.006868
15,"R_Date","05BDT5‐32",NA,"likelihood",1382.5,0.00782
15,"R_Date","05BDT5‐32",NA,"likelihood",1383.5,0.008794
15,"R_Date","05BDT5‐32",NA,"likelihood",1384.5,0.009445
15,"R_Date","05BDT5‐32",NA,"likelihood",1385.5,0.010089
15,"R_Date","05BDT5‐32",NA,"likelihood",1386.5,0.010718
15,"R_Date","05BDT5‐32",NA,"likelihood",1387.5,0.011616
15,"R_Date","05BDT5‐32",NA,"likelihood",1388.5,0.012685
15,"R_Date","05BDT5‐32",NA,"likelihood",1389.5,0.013551
15,"R_Date","05BDT5‐32",NA,"likelihood",1390.5,0.014268
15,"R_Date","05BDT5‐32",NA,"likelihood",1391.5,0.014515
15,"R_Date","05BDT5‐32",NA,"likelihood",1392.5,0.014265
15,"R_Date","05BDT5‐32",NA,"likelihood",1393.5,0.013349
15,"R_Date","05BDT5‐32",NA,"likelihood",1394.5,0.012159
15,"R_Date","05BDT5‐32",NA,"likelihood",1395.5,0.010698
15,"R_Date","05BDT5‐32",NA,"likelihood",1396.5,0.008765
15,"R_Date","05BDT5‐32",NA,"likelihood",1397.5,0.007145
15,"R_Date","05BDT5‐32",NA,"likelihood",1398.5,0.005917
15,"R_Date","05BDT5‐32",NA,"likelihood",1399.5,0.004792
15,"R_Date","05BDT5‐32",NA,"likelihood",1400.5,0.004277
15,"R_Date","05BDT5‐32",NA,"likelihood",1401.5,0.003796
15,"R_Date","05BDT5‐32",NA,"likelihood",1402.5,0.00335
15,"R_Date","05BDT5‐32",NA,"likelihood",1403.5,0.0027487
15,"R_Date","05BDT5‐32",NA,"likelihood",1404.5,0.0022271
15,"R_Date","05BDT5‐32",NA,"likelihood",1405.5,0.0017819
15,"R_Date","05BDT5‐32",NA,"likelihood",1406.5,0.0012978
15,"R_Date","05BDT5‐32",NA,"likelihood",1407.5,0.0008461
15,"R_Date","05BDT5‐32",NA,"likelihood",1408.5,0.0005859
15,"R_Date","05BDT5‐32",NA,"likelihood",1409.5,0.0003967
15,"R_Date","05BDT5‐32",NA,"likelihood",1410.5,0.00026265
15,"R_Date","05BDT5‐32",NA,"likelihood",1411.5,0.00018994
15,"R_Date","05BDT5‐32",NA,"likelihood",1412.5,0.00015196
15,"R_Date","05BDT5‐32",NA,"likelihood",1413.5,0.00012088
15,"R_Date","05BDT5‐32",NA,"likelihood",1414.5,0.0001076
15,"R_Date","05BDT5‐32",NA,"likelihood",1415.5,0.0001076
15,"R_Date","05BDT5‐32",NA,"likelihood",1416.5,0.0001076
15,"R_Date","05BDT5‐32",NA,"likelihood",1417.5,0.0001076
15,"R_Date","05BDT5‐32",NA,"likelihood",1418.5,9.562e-05
15,"R_Date","05BDT5‐32",NA,"likelihood",1419.5,8.487e-05
15,"R_Date","05BDT5‐32",NA,"likelihood",1420.5,6.656e-05
15,"R_Date","05BDT5‐32",NA,"likelihood",1421.5,4.026e-05
15,"R_Date","05BDT5‐32",NA,"likelihood",1422.5,2.3819e-05
15,"R_Date","05BDT5‐32",NA,"likelihood",1423.5,1.196e-05
15,"R_Date","05BDT5‐32",NA,"likelihood",1424.5,5.806e-06
15,"R_Date","05BDT5‐32",NA,"likelihood",1425.5,3.164e-06
15,"R_Date","05BDT5‐32",NA,"likelihood",1426.5,1.6982e-06
15,"R_Date","05BDT5‐32",NA,"likelihood",1427.5,1.0451e-06
15,"R_Date","05BDT5‐32",NA,"likelihood",1428.5,7.548e-07
15,"R_Date","05BDT5‐32",NA,"likelihood",1429.5,6.387e-07
15,"R_Date","05BDT5‐32",NA,"likelihood",1430.5,5.37e-07
15,"R_Date","05BDT5‐32",NA,"likelihood",1431.5,4.5e-07
15,"R_Date","05BDT5‐32",NA,"likelihood",1432.5,3.193e-07
15,"R_Date","05BDT5‐32",NA,"likelihood",1433.5,2.1772e-07
15,"R_Date","05BDT5‐32",NA,"likelihood",1434.5,1.5966e-07
15,"R_Date","05BDT5‐32",NA,"likelihood",1435.5,7.257e-08
15,"R_Date","05BDT5‐32",NA,"likelihood",1436.5,4.354e-08
15,"R_Date","05BDT5‐32",NA,"likelihood",1437.5,1.4515e-08
15,"R_Date","05BDT5‐32",NA,"likelihood",1438.5,1.4515e-08
15,"R_Date","05BDT5‐32",NA,"likelihood",1439.5,0
15,"R_Date","05BDT5‐32",NA,"likelihood",1440.5,0
15,"R_Date","05BDT5‐32",NA,"posterior",1291.5,0
15,"R_Date","05BDT5‐32",NA,"posterior",1292.5,1.0434e-06
15,"R_Date","05BDT5‐32",NA,"posterior",1293.5,7.304e-06
15,"R_Date","05BDT5‐32",NA,"posterior",1294.5,3.1301e-06
15,"R_Date","05BDT5‐32",NA,"posterior",1295.5,5.217e-06
15,"R_Date","05BDT5‐32",NA,"posterior",1296.5,1.0434e-05
15,"R_Date","05BDT5‐32",NA,"posterior",1297.5,3.54e-05
15,"R_Date","05BDT5‐32",NA,"posterior",1298.5,5.314e-05
15,"R_Date","05BDT5‐32",NA,"posterior",1299.5,0.00010106
15,"R_Date","05BDT5‐32",NA,"posterior",1300.5,0.00021665
15,"R_Date","05BDT5‐32",NA,"posterior",1301.5,0.00031145
15,"R_Date","05BDT5‐32",NA,"posterior",1302.5,0.0004885
15,"R_Date","05BDT5‐32",NA,"posterior",1303.5,0.0007625
15,"R_Date","05BDT5‐32",NA,"posterior",1304.5,0.0011042
15,"R_Date","05BDT5‐32",NA,"posterior",1305.5,0.0013698
15,"R_Date","05BDT5‐32",NA,"posterior",1306.5,0.0017729
15,"R_Date","05BDT5‐32",NA,"posterior",1307.5,0.0021604
15,"R_Date","05BDT5‐32",NA,"posterior",1308.5,0.0025979
15,"R_Date","05BDT5‐32",NA,"posterior",1309.5,0.0029239
15,"R_Date","05BDT5‐32",NA,"posterior",1310.5,0.003208
15,"R_Date","05BDT5‐32",NA,"posterior",1311.5,0.003479
15,"R_Date","05BDT5‐32",NA,"posterior",1312.5,0.003962
15,"R_Date","05BDT5‐32",NA,"posterior",1313.5,0.004127
15,"R_Date","05BDT5‐32",NA,"posterior",1314.5,0.004626
15,"R_Date","05BDT5‐32",NA,"posterior",1315.5,0.004862
15,"R_Date","05BDT5‐32",NA,"posterior",1316.5,0.005216
15,"R_Date","05BDT5‐32",NA,"posterior",1317.5,0.005633
15,"R_Date","05BDT5‐32",NA,"posterior",1318.5,0.006068
15,"R_Date","05BDT5‐32",NA,"posterior",1319.5,0.00658
15,"R_Date","05BDT5‐32",NA,"posterior",1320.5,0.007168
15,"R_Date","05BDT5‐32",NA,"posterior",1321.5,0.00775
15,"R_Date","05BDT5‐32",NA,"posterior",1322.5,0.007961
15,"R_Date","05BDT5‐32",NA,"posterior",1323.5,0.008075
15,"R_Date","05BDT5‐32",NA,"posterior",1324.5,0.008057
15,"R_Date","05BDT5‐32",NA,"posterior",1325.5,0.007511
15,"R_Date","05BDT5‐32",NA,"posterior",1326.5,0.007042
15,"R_Date","05BDT5‐32",NA,"posterior",1327.5,0.006145
15,"R_Date","05BDT5‐32",NA,"posterior",1328.5,0.005719
15,"R_Date","05BDT5‐32",NA,"posterior",1329.5,0.005127
15,"R_Date","05BDT5‐32",NA,"posterior",1330.5,0.004821
15,"R_Date","05BDT5‐32",NA,"posterior",1331.5,0.00493
15,"R_Date","05BDT5‐32",NA,"posterior",1332.5,0.004786
15,"R_Date","05BDT5‐32",NA,"posterior",1333.5,0.005058
15,"R_Date","05BDT5‐32",NA,"posterior",1334.5,0.005267
15,"R_Date","05BDT5‐32",NA,"posterior",1335.5,0.005526
15,"R_Date","05BDT5‐32",NA,"posterior",1336.5,0.005947
15,"R_Date","05BDT5‐32",NA,"posterior",1337.5,0.005994
15,"R_Date","05BDT5‐32",NA,"posterior",1338.5,0.006337
15,"R_Date","05BDT5‐32",NA,"posterior",1339.5,0.006496
15,"R_Date","05BDT5‐32",NA,"posterior",1340.5,0.00636
15,"R_Date","05BDT5‐32",NA,"posterior",1341.5,0.00648
15,"R_Date","05BDT5‐32",NA,"posterior",1342.5,0.006498
15,"R_Date","05BDT5‐32",NA,"posterior",1343.5,0.006664
15,"R_Date","05BDT5‐32",NA,"posterior",1344.5,0.006568
15,"R_Date","05BDT5‐32",NA,"posterior",1345.5,0.006777
15,"R_Date","05BDT5‐32",NA,"posterior",1346.5,0.006974
15,"R_Date","05BDT5‐32",NA,"posterior",1347.5,0.007075
15,"R_Date","05BDT5‐32",NA,"posterior",1348.5,0.007247
15,"R_Date","05BDT5‐32",NA,"posterior",1349.5,0.007343
15,"R_Date","05BDT5‐32",NA,"posterior",1350.5,0.007156
15,"R_Date","05BDT5‐32",NA,"posterior",1351.5,0.00733
15,"R_Date","05BDT5‐32",NA,"posterior",1352.5,0.007557
15,"R_Date","05BDT5‐32",NA,"posterior",1353.5,0.008216
15,"R_Date","05BDT5‐32",NA,"posterior",1354.5,0.008672
15,"R_Date","05BDT5‐32",NA,"posterior",1355.5,0.008942
15,"R_Date","05BDT5‐32",NA,"posterior",1356.5,0.009395
15,"R_Date","05BDT5‐32",NA,"posterior",1357.5,0.00942
15,"R_Date","05BDT5‐32",NA,"posterior",1358.5,0.009102
15,"R_Date","05BDT5‐32",NA,"posterior",1359.5,0.008992
15,"R_Date","05BDT5‐32",NA,"posterior",1360.5,0.008725
15,"R_Date","05BDT5‐32",NA,"posterior",1361.5,0.008365
15,"R_Date","05BDT5‐32",NA,"posterior",1362.5,0.008083
15,"R_Date","05BDT5‐32",NA,"posterior",1363.5,0.007657
15,"R_Date","05BDT5‐32",NA,"posterior",1364.5,0.006603
15,"R_Date","05BDT5‐32",NA,"posterior",1365.5,0.006419
15,"R_Date","05BDT5‐32",NA,"posterior",1366.5,0.00579
15,"R_Date","05BDT5‐32",NA,"posterior",1367.5,0.005047
15,"R_Date","05BDT5‐32",NA,"posterior",1368.5,0.00453
15,"R_Date","05BDT5‐32",NA,"posterior",1369.5,0.003739
15,"R_Date","05BDT5‐32",NA,"posterior",1370.5,0.003268
15,"R_Date","05BDT5‐32",NA,"posterior",1371.5,0.0028052
15,"R_Date","05BDT5‐32",NA,"posterior",1372.5,0.0025031
15,"R_Date","05BDT5‐32",NA,"posterior",1373.5,0.0025198
15,"R_Date","05BDT5‐32",NA,"posterior",1374.5,0.0023844
15,"R_Date","05BDT5‐32",NA,"posterior",1375.5,0.0026208
15,"R_Date","05BDT5‐32",NA,"posterior",1376.5,0.00329
15,"R_Date","05BDT5‐32",NA,"posterior",1377.5,0.004443
15,"R_Date","05BDT5‐32",NA,"posterior",1378.5,0.006073
15,"R_Date","05BDT5‐32",NA,"posterior",1379.5,0.008508
15,"R_Date","05BDT5‐32",NA,"posterior",1380.5,0.011054
15,"R_Date","05BDT5‐32",NA,"posterior",1381.5,0.013413
15,"R_Date","05BDT5‐32",NA,"posterior",1382.5,0.015842
15,"R_Date","05BDT5‐32",NA,"posterior",1383.5,0.018427
15,"R_Date","05BDT5‐32",NA,"posterior",1384.5,0.020902
15,"R_Date","05BDT5‐32",NA,"posterior",1385.5,0.022862
15,"R_Date","05BDT5‐32",NA,"posterior",1386.5,0.025028
15,"R_Date","05BDT5‐32",NA,"posterior",1387.5,0.028008
15,"R_Date","05BDT5‐32",NA,"posterior",1388.5,0.03231
15,"R_Date","05BDT5‐32",NA,"posterior",1389.5,0.03488
15,"R_Date","05BDT5‐32",NA,"posterior",1390.5,0.03664
15,"R_Date","05BDT5‐32",NA,"posterior",1391.5,0.03726
15,"R_Date","05BDT5‐32",NA,"posterior",1392.5,0.03691
15,"R_Date","05BDT5‐32",NA,"posterior",1393.5,0.03483
15,"R_Date","05BDT5‐32",NA,"posterior",1394.5,0.03198
15,"R_Date","05BDT5‐32",NA,"posterior",1395.5,0.027793
15,"R_Date","05BDT5‐32",NA,"posterior",1396.5,0.02356
15,"R_Date","05BDT5‐32",NA,"posterior",1397.5,0.018838
15,"R_Date","05BDT5‐32",NA,"posterior",1398.5,0.01552
15,"R_Date","05BDT5‐32",NA,"posterior",1399.5,0.012655
15,"R_Date","05BDT5‐32",NA,"posterior",1400.5,0.011242
15,"R_Date","05BDT5‐32",NA,"posterior",1401.5,0.010105
15,"R_Date","05BDT5‐32",NA,"posterior",1402.5,0.008503
15,"R_Date","05BDT5‐32",NA,"posterior",1403.5,0.006959
15,"R_Date","05BDT5‐32",NA,"posterior",1404.5,0.005734
15,"R_Date","05BDT5‐32",NA,"posterior",1405.5,0.004472
15,"R_Date","05BDT5‐32",NA,"posterior",1406.5,0.0030791
15,"R_Date","05BDT5‐32",NA,"posterior",1407.5,0.002049
15,"R_Date","05BDT5‐32",NA,"posterior",1408.5,0.0014229
15,"R_Date","05BDT5‐32",NA,"posterior",1409.5,0.0009479
15,"R_Date","05BDT5‐32",NA,"posterior",1410.5,0.0006104
15,"R_Date","05BDT5‐32",NA,"posterior",1411.5,0.0004219
15,"R_Date","05BDT5‐32",NA,"posterior",1412.5,0.0003583
15,"R_Date","05BDT5‐32",NA,"posterior",1413.5,0.00027709
15,"R_Date","05BDT5‐32",NA,"posterior",1414.5,0.00023752
15,"R_Date","05BDT5‐32",NA,"posterior",1415.5,0.00023543
15,"R_Date","05BDT5‐32",NA,"posterior",1416.5,0.0002427
15,"R_Date","05BDT5‐32",NA,"posterior",1417.5,0.00020834
15,"R_Date","05BDT5‐32",NA,"posterior",1418.5,0.00020312
15,"R_Date","05BDT5‐32",NA,"posterior",1419.5,0.00015625
15,"R_Date","05BDT5‐32",NA,"posterior",1420.5,0.00012398
15,"R_Date","05BDT5‐32",NA,"posterior",1421.5,6.979e-05
15,"R_Date","05BDT5‐32",NA,"posterior",1422.5,4.688e-05
15,"R_Date","05BDT5‐32",NA,"posterior",1423.5,2.6047e-05
15,"R_Date","05BDT5‐32",NA,"posterior",1424.5,4.174e-06
15,"R_Date","05BDT5‐32",NA,"posterior",1425.5,4.174e-06
15,"R_Date","05BDT5‐32",NA,"posterior",1426.5,5.217e-06
16,"Calculate","Event 6",NA,"posterior",1315.5,0
16,"Calculate","Event 6",NA,"posterior",1316.5,3.1307e-06
16,"Calculate","Event 6",NA,"posterior",1317.5,1.0407e-05
16,"Calculate","Event 6",NA,"posterior",1318.5,9.371e-06
16,"Calculate","Event 6",NA,"posterior",1319.5,1.5632e-05
16,"Calculate","Event 6",NA,"posterior",1320.5,1.2501e-05
16,"Calculate","Event 6",NA,"posterior",1321.5,2.3966e-05
16,"Calculate","Event 6",NA,"posterior",1322.5,2.1872e-05
16,"Calculate","Event 6",NA,"posterior",1323.5,3.23e-05
16,"Calculate","Event 6",NA,"posterior",1324.5,4.374e-05
16,"Calculate","Event 6",NA,"posterior",1325.5,5.834e-05
16,"Calculate","Event 6",NA,"posterior",1326.5,7.708e-05
16,"Calculate","Event 6",NA,"posterior",1327.5,0.00010208
16,"Calculate","Event 6",NA,"posterior",1328.5,0.00015937
16,"Calculate","Event 6",NA,"posterior",1329.5,0.00012916
16,"Calculate","Event 6",NA,"posterior",1330.5,0.00017604
16,"Calculate","Event 6",NA,"posterior",1331.5,0.00023751
16,"Calculate","Event 6",NA,"posterior",1332.5,0.00028229
16,"Calculate","Event 6",NA,"posterior",1333.5,0.00030729
16,"Calculate","Event 6",NA,"posterior",1334.5,0.0003521
16,"Calculate","Event 6",NA,"posterior",1335.5,4e-04
16,"Calculate","Event 6",NA,"posterior",1336.5,0.0004114
16,"Calculate","Event 6",NA,"posterior",1337.5,0.0004531
16,"Calculate","Event 6",NA,"posterior",1338.5,0.0005521
16,"Calculate","Event 6",NA,"posterior",1339.5,0.0005823
16,"Calculate","Event 6",NA,"posterior",1340.5,0.000625
16,"Calculate","Event 6",NA,"posterior",1341.5,0.0006698
16,"Calculate","Event 6",NA,"posterior",1342.5,0.0007417
16,"Calculate","Event 6",NA,"posterior",1343.5,0.000824
16,"Calculate","Event 6",NA,"posterior",1344.5,0.0008885
16,"Calculate","Event 6",NA,"posterior",1345.5,0.0009719
16,"Calculate","Event 6",NA,"posterior",1346.5,0.00105
16,"Calculate","Event 6",NA,"posterior",1347.5,0.0010271
16,"Calculate","Event 6",NA,"posterior",1348.5,0.0011521
16,"Calculate","Event 6",NA,"posterior",1349.5,0.0012177
16,"Calculate","Event 6",NA,"posterior",1350.5,0.0012864
16,"Calculate","Event 6",NA,"posterior",1351.5,0.0013448
16,"Calculate","Event 6",NA,"posterior",1352.5,0.0014094
16,"Calculate","Event 6",NA,"posterior",1353.5,0.0015406
16,"Calculate","Event 6",NA,"posterior",1354.5,0.0016687
16,"Calculate","Event 6",NA,"posterior",1355.5,0.001724
16,"Calculate","Event 6",NA,"posterior",1356.5,0.0017365
16,"Calculate","Event 6",NA,"posterior",1357.5,0.0018698
16,"Calculate","Event 6",NA,"posterior",1358.5,0.0019989
16,"Calculate","Event 6",NA,"posterior",1359.5,0.0019698
16,"Calculate","Event 6",NA,"posterior",1360.5,0.001951
16,"Calculate","Event 6",NA,"posterior",1361.5,0.002101
16,"Calculate","Event 6",NA,"posterior",1362.5,0.0021365
16,"Calculate","Event 6",NA,"posterior",1363.5,0.0021156
16,"Calculate","Event 6",NA,"posterior",1364.5,0.0022563
16,"Calculate","Event 6",NA,"posterior",1365.5,0.0022833
16,"Calculate","Event 6",NA,"posterior",1366.5,0.0022438
16,"Calculate","Event 6",NA,"posterior",1367.5,0.0023562
16,"Calculate","Event 6",NA,"posterior",1368.5,0.0023083
16,"Calculate","Event 6",NA,"posterior",1369.5,0.0024
16,"Calculate","Event 6",NA,"posterior",1370.5,0.0023365
16,"Calculate","Event 6",NA,"posterior",1371.5,0.002449
16,"Calculate","Event 6",NA,"posterior",1372.5,0.0023823
16,"Calculate","Event 6",NA,"posterior",1373.5,0.0023583
16,"Calculate","Event 6",NA,"posterior",1374.5,0.0023542
16,"Calculate","Event 6",NA,"posterior",1375.5,0.002501
16,"Calculate","Event 6",NA,"posterior",1376.5,0.0025
16,"Calculate","Event 6",NA,"posterior",1377.5,0.0024417
16,"Calculate","Event 6",NA,"posterior",1378.5,0.0025521
16,"Calculate","Event 6",NA,"posterior",1379.5,0.0025594
16,"Calculate","Event 6",NA,"posterior",1380.5,0.002574
16,"Calculate","Event 6",NA,"posterior",1381.5,0.0025229
16,"Calculate","Event 6",NA,"posterior",1382.5,0.0025823
16,"Calculate","Event 6",NA,"posterior",1383.5,0.00265
16,"Calculate","Event 6",NA,"posterior",1384.5,0.0027167
16,"Calculate","Event 6",NA,"posterior",1385.5,0.002799
16,"Calculate","Event 6",NA,"posterior",1386.5,0.0027656
16,"Calculate","Event 6",NA,"posterior",1387.5,0.0028906
16,"Calculate","Event 6",NA,"posterior",1388.5,0.0027958
16,"Calculate","Event 6",NA,"posterior",1389.5,0.0030635
16,"Calculate","Event 6",NA,"posterior",1390.5,0.003201
16,"Calculate","Event 6",NA,"posterior",1391.5,0.003298
16,"Calculate","Event 6",NA,"posterior",1392.5,0.003401
16,"Calculate","Event 6",NA,"posterior",1393.5,0.003596
16,"Calculate","Event 6",NA,"posterior",1394.5,0.003796
16,"Calculate","Event 6",NA,"posterior",1395.5,0.004235
16,"Calculate","Event 6",NA,"posterior",1396.5,0.00456
16,"Calculate","Event 6",NA,"posterior",1397.5,0.005066
16,"Calculate","Event 6",NA,"posterior",1398.5,0.005476
16,"Calculate","Event 6",NA,"posterior",1399.5,0.006191
16,"Calculate","Event 6",NA,"posterior",1400.5,0.006698
16,"Calculate","Event 6",NA,"posterior",1401.5,0.007162
16,"Calculate","Event 6",NA,"posterior",1402.5,0.007821
16,"Calculate","Event 6",NA,"posterior",1403.5,0.008598
16,"Calculate","Event 6",NA,"posterior",1404.5,0.009311
16,"Calculate","Event 6",NA,"posterior",1405.5,0.009896
16,"Calculate","Event 6",NA,"posterior",1406.5,0.010726
16,"Calculate","Event 6",NA,"posterior",1407.5,0.011431
16,"Calculate","Event 6",NA,"posterior",1408.5,0.012099
16,"Calculate","Event 6",NA,"posterior",1409.5,0.012707
16,"Calculate","Event 6",NA,"posterior",1410.5,0.01349
16,"Calculate","Event 6",NA,"posterior",1411.5,0.014098
16,"Calculate","Event 6",NA,"posterior",1412.5,0.014342
16,"Calculate","Event 6",NA,"posterior",1413.5,0.015228
16,"Calculate","Event 6",NA,"posterior",1414.5,0.015429
16,"Calculate","Event 6",NA,"posterior",1415.5,0.016253
16,"Calculate","Event 6",NA,"posterior",1416.5,0.016415
16,"Calculate","Event 6",NA,"posterior",1417.5,0.01725
16,"Calculate","Event 6",NA,"posterior",1418.5,0.017869
16,"Calculate","Event 6",NA,"posterior",1419.5,0.018154
16,"Calculate","Event 6",NA,"posterior",1420.5,0.018667
16,"Calculate","Event 6",NA,"posterior",1421.5,0.019078
16,"Calculate","Event 6",NA,"posterior",1422.5,0.019753
16,"Calculate","Event 6",NA,"posterior",1423.5,0.019802
16,"Calculate","Event 6",NA,"posterior",1424.5,0.020265
16,"Calculate","Event 6",NA,"posterior",1425.5,0.0203
16,"Calculate","Event 6",NA,"posterior",1426.5,0.020316
16,"Calculate","Event 6",NA,"posterior",1427.5,0.020665
16,"Calculate","Event 6",NA,"posterior",1428.5,0.020525
16,"Calculate","Event 6",NA,"posterior",1429.5,0.021136
16,"Calculate","Event 6",NA,"posterior",1430.5,0.021042
16,"Calculate","Event 6",NA,"posterior",1431.5,0.020745
16,"Calculate","Event 6",NA,"posterior",1432.5,0.020821
16,"Calculate","Event 6",NA,"posterior",1433.5,0.021051
16,"Calculate","Event 6",NA,"posterior",1434.5,0.021153
16,"Calculate","Event 6",NA,"posterior",1435.5,0.021091
16,"Calculate","Event 6",NA,"posterior",1436.5,0.021115
16,"Calculate","Event 6",NA,"posterior",1437.5,0.020823
16,"Calculate","Event 6",NA,"posterior",1438.5,0.020708
16,"Calculate","Event 6",NA,"posterior",1439.5,0.019887
16,"Calculate","Event 6",NA,"posterior",1440.5,0.019711
16,"Calculate","Event 6",NA,"posterior",1441.5,0.019094
16,"Calculate","Event 6",NA,"posterior",1442.5,0.018514
16,"Calculate","Event 6",NA,"posterior",1443.5,0.017829
16,"Calculate","Event 6",NA,"posterior",1444.5,0.016647
16,"Calculate","Event 6",NA,"posterior",1445.5,0.015708
16,"Calculate","Event 6",NA,"posterior",1446.5,0.01425
16,"Calculate","Event 6",NA,"posterior",1447.5,0.01263
16,"Calculate","Event 6",NA,"posterior",1448.5,0.011028
16,"Calculate","Event 6",NA,"posterior",1449.5,0.009578
16,"Calculate","Event 6",NA,"posterior",1450.5,0.007878
16,"Calculate","Event 6",NA,"posterior",1451.5,0.006532
16,"Calculate","Event 6",NA,"posterior",1452.5,0.005123
16,"Calculate","Event 6",NA,"posterior",1453.5,0.004193
16,"Calculate","Event 6",NA,"posterior",1454.5,0.003124
16,"Calculate","Event 6",NA,"posterior",1455.5,0.0021989
16,"Calculate","Event 6",NA,"posterior",1456.5,0.0015625
16,"Calculate","Event 6",NA,"posterior",1457.5,0.001049
16,"Calculate","Event 6",NA,"posterior",1458.5,0.0007437
16,"Calculate","Event 6",NA,"posterior",1459.5,0.000501
16,"Calculate","Event 6",NA,"posterior",1460.5,0.0003354
16,"Calculate","Event 6",NA,"posterior",1461.5,0.00026562
16,"Calculate","Event 6",NA,"posterior",1462.5,0.00019584
16,"Calculate","Event 6",NA,"posterior",1463.5,0.00013959
16,"Calculate","Event 6",NA,"posterior",1464.5,0.00010208
16,"Calculate","Event 6",NA,"posterior",1465.5,8.125e-05
16,"Calculate","Event 6",NA,"posterior",1466.5,5.104e-05
16,"Calculate","Event 6",NA,"posterior",1467.5,2.0836e-05
16,"Calculate","Event 6",NA,"posterior",1468.5,2.2909e-05
16,"Calculate","Event 6",NA,"posterior",1469.5,1.6669e-05
16,"Calculate","Event 6",NA,"posterior",1470.5,1.2501e-05
16,"Calculate","Event 6",NA,"posterior",1471.5,3.1307e-06
16,"Calculate","Event 6",NA,"posterior",1472.5,4.167e-06
17,"R_Date","07BDT11‐110",NA,"likelihood",1406.5,0
17,"R_Date","07BDT11‐110",NA,"likelihood",1407.5,0
17,"R_Date","07BDT11‐110",NA,"likelihood",1408.5,0
17,"R_Date","07BDT11‐110",NA,"likelihood",1409.5,4.282e-08
17,"R_Date","07BDT11‐110",NA,"likelihood",1410.5,1.2847e-07
17,"R_Date","07BDT11‐110",NA,"likelihood",1411.5,2.1412e-07
17,"R_Date","07BDT11‐110",NA,"likelihood",1412.5,3.426e-07
17,"R_Date","07BDT11‐110",NA,"likelihood",1413.5,5.139e-07
17,"R_Date","07BDT11‐110",NA,"likelihood",1414.5,5.995e-07
17,"R_Date","07BDT11‐110",NA,"likelihood",1415.5,5.995e-07
17,"R_Date","07BDT11‐110",NA,"likelihood",1416.5,5.995e-07
17,"R_Date","07BDT11‐110",NA,"likelihood",1417.5,5.995e-07
17,"R_Date","07BDT11‐110",NA,"likelihood",1418.5,7.708e-07
17,"R_Date","07BDT11‐110",NA,"likelihood",1419.5,9.421e-07
17,"R_Date","07BDT11‐110",NA,"likelihood",1420.5,1.4132e-06
17,"R_Date","07BDT11‐110",NA,"likelihood",1421.5,3.1261e-06
17,"R_Date","07BDT11‐110",NA,"likelihood",1422.5,6.638e-06
17,"R_Date","07BDT11‐110",NA,"likelihood",1423.5,1.6444e-05
17,"R_Date","07BDT11‐110",NA,"likelihood",1424.5,3.867e-05
17,"R_Date","07BDT11‐110",NA,"likelihood",1425.5,7.408e-05
17,"R_Date","07BDT11‐110",NA,"likelihood",1426.5,0.00013751
17,"R_Date","07BDT11‐110",NA,"likelihood",1427.5,0.00021416
17,"R_Date","07BDT11‐110",NA,"likelihood",1428.5,0.00028495
17,"R_Date","07BDT11‐110",NA,"likelihood",1429.5,0.0003277
17,"R_Date","07BDT11‐110",NA,"likelihood",1430.5,0.0003762
17,"R_Date","07BDT11‐110",NA,"likelihood",1431.5,0.000431
17,"R_Date","07BDT11‐110",NA,"likelihood",1432.5,0.0005623
17,"R_Date","07BDT11‐110",NA,"likelihood",1433.5,0.0007278
17,"R_Date","07BDT11‐110",NA,"likelihood",1434.5,0.0009347
17,"R_Date","07BDT11‐110",NA,"likelihood",1435.5,0.0015055
17,"R_Date","07BDT11‐110",NA,"likelihood",1436.5,0.0021083
17,"R_Date","07BDT11‐110",NA,"likelihood",1437.5,0.003213
17,"R_Date","07BDT11‐110",NA,"likelihood",1438.5,0.004317
17,"R_Date","07BDT11‐110",NA,"likelihood",1439.5,0.005697
17,"R_Date","07BDT11‐110",NA,"likelihood",1440.5,0.006788
17,"R_Date","07BDT11‐110",NA,"likelihood",1441.5,0.008696
17,"R_Date","07BDT11‐110",NA,"likelihood",1442.5,0.010944
17,"R_Date","07BDT11‐110",NA,"likelihood",1443.5,0.013529
17,"R_Date","07BDT11‐110",NA,"likelihood",1444.5,0.017459
17,"R_Date","07BDT11‐110",NA,"likelihood",1445.5,0.021825
17,"R_Date","07BDT11‐110",NA,"likelihood",1446.5,0.025269
17,"R_Date","07BDT11‐110",NA,"likelihood",1447.5,0.029876
17,"R_Date","07BDT11‐110",NA,"likelihood",1448.5,0.03422
17,"R_Date","07BDT11‐110",NA,"likelihood",1449.5,0.0371
17,"R_Date","07BDT11‐110",NA,"likelihood",1450.5,0.0395
17,"R_Date","07BDT11‐110",NA,"likelihood",1451.5,0.04078
17,"R_Date","07BDT11‐110",NA,"likelihood",1452.5,0.04177
17,"R_Date","07BDT11‐110",NA,"likelihood",1453.5,0.04244
17,"R_Date","07BDT11‐110",NA,"likelihood",1454.5,0.04282
17,"R_Date","07BDT11‐110",NA,"likelihood",1455.5,0.04214
17,"R_Date","07BDT11‐110",NA,"likelihood",1456.5,0.03948
17,"R_Date","07BDT11‐110",NA,"likelihood",1457.5,0.03518
17,"R_Date","07BDT11‐110",NA,"likelihood",1458.5,0.029818
17,"R_Date","07BDT11‐110",NA,"likelihood",1459.5,0.025194
17,"R_Date","07BDT11‐110",NA,"likelihood",1460.5,0.020613
17,"R_Date","07BDT11‐110",NA,"likelihood",1461.5,0.019507
17,"R_Date","07BDT11‐110",NA,"likelihood",1462.5,0.018422
17,"R_Date","07BDT11‐110",NA,"likelihood",1463.5,0.019507
17,"R_Date","07BDT11‐110",NA,"likelihood",1464.5,0.020613
17,"R_Date","07BDT11‐110",NA,"likelihood",1465.5,0.021739
17,"R_Date","07BDT11‐110",NA,"likelihood",1466.5,0.022881
17,"R_Date","07BDT11‐110",NA,"likelihood",1467.5,0.021739
17,"R_Date","07BDT11‐110",NA,"likelihood",1468.5,0.020613
17,"R_Date","07BDT11‐110",NA,"likelihood",1469.5,0.019507
17,"R_Date","07BDT11‐110",NA,"likelihood",1470.5,0.018422
17,"R_Date","07BDT11‐110",NA,"likelihood",1471.5,0.018422
17,"R_Date","07BDT11‐110",NA,"likelihood",1472.5,0.017363
17,"R_Date","07BDT11‐110",NA,"likelihood",1473.5,0.01533
17,"R_Date","07BDT11‐110",NA,"likelihood",1474.5,0.013427
17,"R_Date","07BDT11‐110",NA,"likelihood",1475.5,0.010841
17,"R_Date","07BDT11‐110",NA,"likelihood",1476.5,0.008596
17,"R_Date","07BDT11‐110",NA,"likelihood",1477.5,0.006693
17,"R_Date","07BDT11‐110",NA,"likelihood",1478.5,0.005608
17,"R_Date","07BDT11‐110",NA,"likelihood",1479.5,0.004661
17,"R_Date","07BDT11‐110",NA,"likelihood",1480.5,0.003842
17,"R_Date","07BDT11‐110",NA,"likelihood",1481.5,0.003478
17,"R_Date","07BDT11‐110",NA,"likelihood",1482.5,0.0028871
17,"R_Date","07BDT11‐110",NA,"likelihood",1483.5,0.0025921
17,"R_Date","07BDT11‐110",NA,"likelihood",1484.5,0.0025921
17,"R_Date","07BDT11‐110",NA,"likelihood",1485.5,0.0025921
17,"R_Date","07BDT11‐110",NA,"likelihood",1486.5,0.0025921
17,"R_Date","07BDT11‐110",NA,"likelihood",1487.5,0.0025921
17,"R_Date","07BDT11‐110",NA,"likelihood",1488.5,0.0025489
17,"R_Date","07BDT11‐110",NA,"likelihood",1489.5,0.0022887
17,"R_Date","07BDT11‐110",NA,"likelihood",1490.5,0.0020509
17,"R_Date","07BDT11‐110",NA,"likelihood",1491.5,0.0018341
17,"R_Date","07BDT11‐110",NA,"likelihood",1492.5,0.001637
17,"R_Date","07BDT11‐110",NA,"likelihood",1493.5,0.001296
17,"R_Date","07BDT11‐110",NA,"likelihood",1494.5,0.0011496
17,"R_Date","07BDT11‐110",NA,"likelihood",1495.5,0.0008992
17,"R_Date","07BDT11‐110",NA,"likelihood",1496.5,0.0007928
17,"R_Date","07BDT11‐110",NA,"likelihood",1497.5,0.0006976
17,"R_Date","07BDT11‐110",NA,"likelihood",1498.5,0.0006976
17,"R_Date","07BDT11‐110",NA,"likelihood",1499.5,0.0006126
17,"R_Date","07BDT11‐110",NA,"likelihood",1500.5,0.0006126
17,"R_Date","07BDT11‐110",NA,"likelihood",1501.5,0.0006126
17,"R_Date","07BDT11‐110",NA,"likelihood",1502.5,0.0005369
17,"R_Date","07BDT11‐110",NA,"likelihood",1503.5,0.0004695
17,"R_Date","07BDT11‐110",NA,"likelihood",1504.5,0.0004098
17,"R_Date","07BDT11‐110",NA,"likelihood",1505.5,0.0003569
17,"R_Date","07BDT11‐110",NA,"likelihood",1506.5,0.0003103
17,"R_Date","07BDT11‐110",NA,"likelihood",1507.5,0.00026919
17,"R_Date","07BDT11‐110",NA,"likelihood",1508.5,0.00023305
17,"R_Date","07BDT11‐110",NA,"likelihood",1509.5,0.00017361
17,"R_Date","07BDT11‐110",NA,"likelihood",1510.5,0.00014937
17,"R_Date","07BDT11‐110",NA,"likelihood",1511.5,0.00010993
17,"R_Date","07BDT11‐110",NA,"likelihood",1512.5,7.498e-05
17,"R_Date","07BDT11‐110",NA,"likelihood",1513.5,6.359e-05
17,"R_Date","07BDT11‐110",NA,"likelihood",1514.5,6.359e-05
17,"R_Date","07BDT11‐110",NA,"likelihood",1515.5,8.025e-05
17,"R_Date","07BDT11‐110",NA,"likelihood",1516.5,8.025e-05
17,"R_Date","07BDT11‐110",NA,"likelihood",1517.5,8.025e-05
17,"R_Date","07BDT11‐110",NA,"likelihood",1518.5,6.835e-05
17,"R_Date","07BDT11‐110",NA,"likelihood",1519.5,5.811e-05
17,"R_Date","07BDT11‐110",NA,"likelihood",1520.5,3.524e-05
17,"R_Date","07BDT11‐110",NA,"likelihood",1521.5,2.5009e-05
17,"R_Date","07BDT11‐110",NA,"likelihood",1522.5,1.4731e-05
17,"R_Date","07BDT11‐110",NA,"likelihood",1523.5,8.522e-06
17,"R_Date","07BDT11‐110",NA,"likelihood",1524.5,4.839e-06
17,"R_Date","07BDT11‐110",NA,"likelihood",1525.5,1.4988e-06
17,"R_Date","07BDT11‐110",NA,"likelihood",1526.5,6.424e-07
17,"R_Date","07BDT11‐110",NA,"likelihood",1527.5,2.5694e-07
17,"R_Date","07BDT11‐110",NA,"likelihood",1528.5,8.565e-08
17,"R_Date","07BDT11‐110",NA,"likelihood",1529.5,4.282e-08
17,"R_Date","07BDT11‐110",NA,"likelihood",1530.5,4.282e-08
17,"R_Date","07BDT11‐110",NA,"likelihood",1531.5,4.282e-08
17,"R_Date","07BDT11‐110",NA,"likelihood",1532.5,0
17,"R_Date","07BDT11‐110",NA,"likelihood",1533.5,0
17,"R_Date","07BDT11‐110",NA,"likelihood",1534.5,0
17,"R_Date","07BDT11‐110",NA,"likelihood",1535.5,0
17,"R_Date","07BDT11‐110",NA,"likelihood",1536.5,0
17,"R_Date","07BDT11‐110",NA,"likelihood",1537.5,0
17,"R_Date","07BDT11‐110",NA,"likelihood",1538.5,4.282e-08
17,"R_Date","07BDT11‐110",NA,"likelihood",1539.5,8.565e-08
17,"R_Date","07BDT11‐110",NA,"likelihood",1540.5,8.565e-08
17,"R_Date","07BDT11‐110",NA,"likelihood",1541.5,1.7129e-07
17,"R_Date","07BDT11‐110",NA,"likelihood",1542.5,1.2847e-07
17,"R_Date","07BDT11‐110",NA,"likelihood",1543.5,2.5694e-07
17,"R_Date","07BDT11‐110",NA,"likelihood",1544.5,2.1412e-07
17,"R_Date","07BDT11‐110",NA,"likelihood",1545.5,1.7129e-07
17,"R_Date","07BDT11‐110",NA,"likelihood",1546.5,1.2847e-07
17,"R_Date","07BDT11‐110",NA,"likelihood",1547.5,1.2847e-07
17,"R_Date","07BDT11‐110",NA,"likelihood",1548.5,1.2847e-07
17,"R_Date","07BDT11‐110",NA,"likelihood",1549.5,1.2847e-07
17,"R_Date","07BDT11‐110",NA,"likelihood",1550.5,1.7129e-07
17,"R_Date","07BDT11‐110",NA,"likelihood",1551.5,2.5694e-07
17,"R_Date","07BDT11‐110",NA,"likelihood",1552.5,4.282e-07
17,"R_Date","07BDT11‐110",NA,"likelihood",1553.5,6.424e-07
17,"R_Date","07BDT11‐110",NA,"likelihood",1554.5,7.708e-07
17,"R_Date","07BDT11‐110",NA,"likelihood",1555.5,9.849e-07
17,"R_Date","07BDT11‐110",NA,"likelihood",1556.5,1.1991e-06
17,"R_Date","07BDT11‐110",NA,"likelihood",1557.5,1.7986e-06
17,"R_Date","07BDT11‐110",NA,"likelihood",1558.5,2.184e-06
17,"R_Date","07BDT11‐110",NA,"likelihood",1559.5,3.255e-06
17,"R_Date","07BDT11‐110",NA,"likelihood",1560.5,4.839e-06
17,"R_Date","07BDT11‐110",NA,"likelihood",1561.5,5.824e-06
17,"R_Date","07BDT11‐110",NA,"likelihood",1562.5,7.066e-06
17,"R_Date","07BDT11‐110",NA,"likelihood",1563.5,5.824e-06
17,"R_Date","07BDT11‐110",NA,"likelihood",1564.5,4.839e-06
17,"R_Date","07BDT11‐110",NA,"likelihood",1565.5,3.255e-06
17,"R_Date","07BDT11‐110",NA,"likelihood",1566.5,2.6979e-06
17,"R_Date","07BDT11‐110",NA,"likelihood",1567.5,2.184e-06
17,"R_Date","07BDT11‐110",NA,"likelihood",1568.5,1.4988e-06
17,"R_Date","07BDT11‐110",NA,"likelihood",1569.5,2.184e-06
17,"R_Date","07BDT11‐110",NA,"likelihood",1570.5,3.255e-06
17,"R_Date","07BDT11‐110",NA,"likelihood",1571.5,3.983e-06
17,"R_Date","07BDT11‐110",NA,"likelihood",1572.5,5.824e-06
17,"R_Date","07BDT11‐110",NA,"likelihood",1573.5,7.066e-06
17,"R_Date","07BDT11‐110",NA,"likelihood",1574.5,1.0235e-05
17,"R_Date","07BDT11‐110",NA,"likelihood",1575.5,1.229e-05
17,"R_Date","07BDT11‐110",NA,"likelihood",1576.5,1.76e-05
17,"R_Date","07BDT11‐110",NA,"likelihood",1577.5,2.0984e-05
17,"R_Date","07BDT11‐110",NA,"likelihood",1578.5,2.5009e-05
17,"R_Date","07BDT11‐110",NA,"likelihood",1579.5,2.5009e-05
17,"R_Date","07BDT11‐110",NA,"likelihood",1580.5,2.972e-05
17,"R_Date","07BDT11‐110",NA,"likelihood",1581.5,2.972e-05
17,"R_Date","07BDT11‐110",NA,"likelihood",1582.5,2.972e-05
17,"R_Date","07BDT11‐110",NA,"likelihood",1583.5,2.972e-05
17,"R_Date","07BDT11‐110",NA,"likelihood",1584.5,2.972e-05
17,"R_Date","07BDT11‐110",NA,"likelihood",1585.5,2.5009e-05
17,"R_Date","07BDT11‐110",NA,"likelihood",1586.5,2.5009e-05
17,"R_Date","07BDT11‐110",NA,"likelihood",1587.5,2.972e-05
17,"R_Date","07BDT11‐110",NA,"likelihood",1588.5,3.524e-05
17,"R_Date","07BDT11‐110",NA,"likelihood",1589.5,4.929e-05
17,"R_Date","07BDT11‐110",NA,"likelihood",1590.5,6.835e-05
17,"R_Date","07BDT11‐110",NA,"likelihood",1591.5,0.00010993
17,"R_Date","07BDT11‐110",NA,"likelihood",1592.5,0.00014937
17,"R_Date","07BDT11‐110",NA,"likelihood",1593.5,0.00020136
17,"R_Date","07BDT11‐110",NA,"likelihood",1594.5,0.00026919
17,"R_Date","07BDT11‐110",NA,"likelihood",1595.5,0.0003569
17,"R_Date","07BDT11‐110",NA,"likelihood",1596.5,0.0003569
17,"R_Date","07BDT11‐110",NA,"likelihood",1597.5,0.0004098
17,"R_Date","07BDT11‐110",NA,"likelihood",1598.5,0.0004695
17,"R_Date","07BDT11‐110",NA,"likelihood",1599.5,0.0005369
17,"R_Date","07BDT11‐110",NA,"likelihood",1600.5,0.0006126
17,"R_Date","07BDT11‐110",NA,"likelihood",1601.5,0.0007928
17,"R_Date","07BDT11‐110",NA,"likelihood",1602.5,0.0011496
17,"R_Date","07BDT11‐110",NA,"likelihood",1603.5,0.001637
17,"R_Date","07BDT11‐110",NA,"likelihood",1604.5,0.0020509
17,"R_Date","07BDT11‐110",NA,"likelihood",1605.5,0.0022887
17,"R_Date","07BDT11‐110",NA,"likelihood",1606.5,0.0022887
17,"R_Date","07BDT11‐110",NA,"likelihood",1607.5,0.0018341
17,"R_Date","07BDT11‐110",NA,"likelihood",1608.5,0.001458
17,"R_Date","07BDT11‐110",NA,"likelihood",1609.5,0.0011496
17,"R_Date","07BDT11‐110",NA,"likelihood",1610.5,0.0008992
17,"R_Date","07BDT11‐110",NA,"likelihood",1611.5,0.0007928
17,"R_Date","07BDT11‐110",NA,"likelihood",1612.5,0.0007928
17,"R_Date","07BDT11‐110",NA,"likelihood",1613.5,0.0007928
17,"R_Date","07BDT11‐110",NA,"likelihood",1614.5,0.0007928
17,"R_Date","07BDT11‐110",NA,"likelihood",1615.5,0.0006976
17,"R_Date","07BDT11‐110",NA,"likelihood",1616.5,0.0006126
17,"R_Date","07BDT11‐110",NA,"likelihood",1617.5,0.0004098
17,"R_Date","07BDT11‐110",NA,"likelihood",1618.5,0.00023305
17,"R_Date","07BDT11‐110",NA,"likelihood",1619.5,0.00014937
17,"R_Date","07BDT11‐110",NA,"likelihood",1620.5,8.025e-05
17,"R_Date","07BDT11‐110",NA,"likelihood",1621.5,4.171e-05
17,"R_Date","07BDT11‐110",NA,"likelihood",1622.5,2.0984e-05
17,"R_Date","07BDT11‐110",NA,"likelihood",1623.5,1.4731e-05
17,"R_Date","07BDT11‐110",NA,"likelihood",1624.5,1.229e-05
17,"R_Date","07BDT11‐110",NA,"likelihood",1625.5,1.0235e-05
17,"R_Date","07BDT11‐110",NA,"likelihood",1626.5,1.0235e-05
17,"R_Date","07BDT11‐110",NA,"likelihood",1627.5,1.229e-05
17,"R_Date","07BDT11‐110",NA,"likelihood",1628.5,1.229e-05
17,"R_Date","07BDT11‐110",NA,"likelihood",1629.5,8.522e-06
17,"R_Date","07BDT11‐110",NA,"likelihood",1630.5,5.824e-06
17,"R_Date","07BDT11‐110",NA,"likelihood",1631.5,3.983e-06
17,"R_Date","07BDT11‐110",NA,"likelihood",1632.5,1.7986e-06
17,"R_Date","07BDT11‐110",NA,"likelihood",1633.5,6.424e-07
17,"R_Date","07BDT11‐110",NA,"likelihood",1634.5,2.5694e-07
17,"R_Date","07BDT11‐110",NA,"likelihood",1635.5,8.565e-08
17,"R_Date","07BDT11‐110",NA,"likelihood",1636.5,4.282e-08
17,"R_Date","07BDT11‐110",NA,"likelihood",1637.5,0
17,"R_Date","07BDT11‐110",NA,"likelihood",1638.5,0
17,"R_Date","07BDT11‐110",NA,"posterior",1418.5,0
17,"R_Date","07BDT11‐110",NA,"posterior",1419.5,2.1052e-06
17,"R_Date","07BDT11‐110",NA,"posterior",1420.5,0
17,"R_Date","07BDT11‐110",NA,"posterior",1421.5,7.293e-06
17,"R_Date","07BDT11‐110",NA,"posterior",1422.5,1.0451e-05
17,"R_Date","07BDT11‐110",NA,"posterior",1423.5,2.8119e-05
17,"R_Date","07BDT11‐110",NA,"posterior",1424.5,6.248e-05
17,"R_Date","07BDT11‐110",NA,"posterior",1425.5,0.00013962
17,"R_Date","07BDT11‐110",NA,"posterior",1426.5,0.00028126
17,"R_Date","07BDT11‐110",NA,"posterior",1427.5,0.0004458
17,"R_Date","07BDT11‐110",NA,"posterior",1428.5,0.0006042
17,"R_Date","07BDT11‐110",NA,"posterior",1429.5,0.0007282
17,"R_Date","07BDT11‐110",NA,"posterior",1430.5,0.0009104
17,"R_Date","07BDT11‐110",NA,"posterior",1431.5,0.0010771
17,"R_Date","07BDT11‐110",NA,"posterior",1432.5,0.0013302
17,"R_Date","07BDT11‐110",NA,"posterior",1433.5,0.0018969
17,"R_Date","07BDT11‐110",NA,"posterior",1434.5,0.0024031
17,"R_Date","07BDT11‐110",NA,"posterior",1435.5,0.003887
17,"R_Date","07BDT11‐110",NA,"posterior",1436.5,0.005904
17,"R_Date","07BDT11‐110",NA,"posterior",1437.5,0.008554
17,"R_Date","07BDT11‐110",NA,"posterior",1438.5,0.011435
17,"R_Date","07BDT11‐110",NA,"posterior",1439.5,0.015129
17,"R_Date","07BDT11‐110",NA,"posterior",1440.5,0.018561
17,"R_Date","07BDT11‐110",NA,"posterior",1441.5,0.023968
17,"R_Date","07BDT11‐110",NA,"posterior",1442.5,0.029424
17,"R_Date","07BDT11‐110",NA,"posterior",1443.5,0.03634
17,"R_Date","07BDT11‐110",NA,"posterior",1444.5,0.04653
17,"R_Date","07BDT11‐110",NA,"posterior",1445.5,0.05532
17,"R_Date","07BDT11‐110",NA,"posterior",1446.5,0.06298
17,"R_Date","07BDT11‐110",NA,"posterior",1447.5,0.06988
17,"R_Date","07BDT11‐110",NA,"posterior",1448.5,0.07518
17,"R_Date","07BDT11‐110",NA,"posterior",1449.5,0.07488
17,"R_Date","07BDT11‐110",NA,"posterior",1450.5,0.0724
17,"R_Date","07BDT11‐110",NA,"posterior",1451.5,0.06855
17,"R_Date","07BDT11‐110",NA,"posterior",1452.5,0.06247
17,"R_Date","07BDT11‐110",NA,"posterior",1453.5,0.05583
17,"R_Date","07BDT11‐110",NA,"posterior",1454.5,0.04823
17,"R_Date","07BDT11‐110",NA,"posterior",1455.5,0.04029
17,"R_Date","07BDT11‐110",NA,"posterior",1456.5,0.031527
17,"R_Date","07BDT11‐110",NA,"posterior",1457.5,0.022451
17,"R_Date","07BDT11‐110",NA,"posterior",1458.5,0.015121
17,"R_Date","07BDT11‐110",NA,"posterior",1459.5,0.01009
17,"R_Date","07BDT11‐110",NA,"posterior",1460.5,0.006605
17,"R_Date","07BDT11‐110",NA,"posterior",1461.5,0.00464
17,"R_Date","07BDT11‐110",NA,"posterior",1462.5,0.003398
17,"R_Date","07BDT11‐110",NA,"posterior",1463.5,0.002599
17,"R_Date","07BDT11‐110",NA,"posterior",1464.5,0.0020823
17,"R_Date","07BDT11‐110",NA,"posterior",1465.5,0.0017677
17,"R_Date","07BDT11‐110",NA,"posterior",1466.5,0.0012344
17,"R_Date","07BDT11‐110",NA,"posterior",1467.5,0.0009594
17,"R_Date","07BDT11‐110",NA,"posterior",1468.5,0.0006625
17,"R_Date","07BDT11‐110",NA,"posterior",1469.5,0.0003886
17,"R_Date","07BDT11‐110",NA,"posterior",1470.5,0.0002948
17,"R_Date","07BDT11‐110",NA,"posterior",1471.5,0.00022916
17,"R_Date","07BDT11‐110",NA,"posterior",1472.5,0.00010834
17,"R_Date","07BDT11‐110",NA,"posterior",1473.5,7.601e-05
17,"R_Date","07BDT11‐110",NA,"posterior",1474.5,5.105e-05
17,"R_Date","07BDT11‐110",NA,"posterior",1475.5,3.1277e-05
17,"R_Date","07BDT11‐110",NA,"posterior",1476.5,8.345e-06
17,"R_Date","07BDT11‐110",NA,"posterior",1477.5,3.1577e-06
17,"R_Date","07BDT11‐110",NA,"posterior",1478.5,3.1577e-06
17,"R_Date","07BDT11‐110",NA,"posterior",1479.5,1.0526e-06
17,"R_Date","07BDT11‐110",NA,"posterior",1480.5,0
17,"R_Date","07BDT11‐110",NA,"posterior",1481.5,1.0526e-06
19,"R_Date","05BDT5‐33",NA,"likelihood",1419.5,0
19,"R_Date","05BDT5‐33",NA,"likelihood",1420.5,0
19,"R_Date","05BDT5‐33",NA,"likelihood",1421.5,1.1459e-08
19,"R_Date","05BDT5‐33",NA,"likelihood",1422.5,2.2918e-08
19,"R_Date","05BDT5‐33",NA,"likelihood",1423.5,5.73e-08
19,"R_Date","05BDT5‐33",NA,"likelihood",1424.5,1.3751e-07
19,"R_Date","05BDT5‐33",NA,"likelihood",1425.5,2.7502e-07
19,"R_Date","05BDT5‐33",NA,"likelihood",1426.5,5.271e-07
19,"R_Date","05BDT5‐33",NA,"likelihood",1427.5,8.594e-07
19,"R_Date","05BDT5‐33",NA,"likelihood",1428.5,1.1803e-06
19,"R_Date","05BDT5‐33",NA,"likelihood",1429.5,1.3751e-06
19,"R_Date","05BDT5‐33",NA,"likelihood",1430.5,1.6157e-06
19,"R_Date","05BDT5‐33",NA,"likelihood",1431.5,1.8793e-06
19,"R_Date","05BDT5‐33",NA,"likelihood",1432.5,2.5554e-06
19,"R_Date","05BDT5‐33",NA,"likelihood",1433.5,3.438e-06
19,"R_Date","05BDT5‐33",NA,"likelihood",1434.5,4.607e-06
19,"R_Date","05BDT5‐33",NA,"likelihood",1435.5,8.159e-06
19,"R_Date","05BDT5‐33",NA,"likelihood",1436.5,1.2353e-05
19,"R_Date","05BDT5‐33",NA,"likelihood",1437.5,2.1062e-05
19,"R_Date","05BDT5‐33",NA,"likelihood",1438.5,3.0974e-05
19,"R_Date","05BDT5‐33",NA,"likelihood",1439.5,4.502e-05
19,"R_Date","05BDT5‐33",NA,"likelihood",1440.5,5.738e-05
19,"R_Date","05BDT5‐33",NA,"likelihood",1441.5,8.173e-05
19,"R_Date","05BDT5‐33",NA,"likelihood",1442.5,0.000115
19,"R_Date","05BDT5‐33",NA,"likelihood",1443.5,0.00015986
19,"R_Date","05BDT5‐33",NA,"likelihood",1444.5,0.0002434
19,"R_Date","05BDT5‐33",NA,"likelihood",1445.5,0.0003626
19,"R_Date","05BDT5‐33",NA,"likelihood",1446.5,0.0004821
19,"R_Date","05BDT5‐33",NA,"likelihood",1447.5,0.0006916
19,"R_Date","05BDT5‐33",NA,"likelihood",1448.5,0.0009709
19,"R_Date","05BDT5‐33",NA,"likelihood",1449.5,0.0012344
19,"R_Date","05BDT5‐33",NA,"likelihood",1450.5,0.0015503
19,"R_Date","05BDT5‐33",NA,"likelihood",1451.5,0.0017924
19,"R_Date","05BDT5‐33",NA,"likelihood",1452.5,0.0020611
19,"R_Date","05BDT5‐33",NA,"likelihood",1453.5,0.0023573
19,"R_Date","05BDT5‐33",NA,"likelihood",1454.5,0.0028538
19,"R_Date","05BDT5‐33",NA,"likelihood",1455.5,0.003613
19,"R_Date","05BDT5‐33",NA,"likelihood",1456.5,0.004704
19,"R_Date","05BDT5‐33",NA,"likelihood",1457.5,0.00592
19,"R_Date","05BDT5‐33",NA,"likelihood",1458.5,0.0072
19,"R_Date","05BDT5‐33",NA,"likelihood",1459.5,0.008215
19,"R_Date","05BDT5‐33",NA,"likelihood",1460.5,0.009171
19,"R_Date","05BDT5‐33",NA,"likelihood",1461.5,0.009394
19,"R_Date","05BDT5‐33",NA,"likelihood",1462.5,0.00961
19,"R_Date","05BDT5‐33",NA,"likelihood",1463.5,0.009394
19,"R_Date","05BDT5‐33",NA,"likelihood",1464.5,0.009171
19,"R_Date","05BDT5‐33",NA,"likelihood",1465.5,0.00894
19,"R_Date","05BDT5‐33",NA,"likelihood",1466.5,0.008704
19,"R_Date","05BDT5‐33",NA,"likelihood",1467.5,0.00894
19,"R_Date","05BDT5‐33",NA,"likelihood",1468.5,0.009171
19,"R_Date","05BDT5‐33",NA,"likelihood",1469.5,0.009394
19,"R_Date","05BDT5‐33",NA,"likelihood",1470.5,0.00961
19,"R_Date","05BDT5‐33",NA,"likelihood",1471.5,0.00961
19,"R_Date","05BDT5‐33",NA,"likelihood",1472.5,0.009817
19,"R_Date","05BDT5‐33",NA,"likelihood",1473.5,0.010202
19,"R_Date","05BDT5‐33",NA,"likelihood",1474.5,0.010544
19,"R_Date","05BDT5‐33",NA,"likelihood",1475.5,0.010966
19,"R_Date","05BDT5‐33",NA,"likelihood",1476.5,0.011264
19,"R_Date","05BDT5‐33",NA,"likelihood",1477.5,0.011428
19,"R_Date","05BDT5‐33",NA,"likelihood",1478.5,0.011459
19,"R_Date","05BDT5‐33",NA,"likelihood",1479.5,0.011427
19,"R_Date","05BDT5‐33",NA,"likelihood",1480.5,0.011332
19,"R_Date","05BDT5‐33",NA,"likelihood",1481.5,0.011262
19,"R_Date","05BDT5‐33",NA,"likelihood",1482.5,0.011319
19,"R_Date","05BDT5‐33",NA,"likelihood",1483.5,0.011215
19,"R_Date","05BDT5‐33",NA,"likelihood",1484.5,0.011215
19,"R_Date","05BDT5‐33",NA,"likelihood",1485.5,0.011215
19,"R_Date","05BDT5‐33",NA,"likelihood",1486.5,0.011215
19,"R_Date","05BDT5‐33",NA,"likelihood",1487.5,0.011215
19,"R_Date","05BDT5‐33",NA,"likelihood",1488.5,0.010962
19,"R_Date","05BDT5‐33",NA,"likelihood",1489.5,0.010834
19,"R_Date","05BDT5‐33",NA,"likelihood",1490.5,0.010693
19,"R_Date","05BDT5‐33",NA,"likelihood",1491.5,0.010539
19,"R_Date","05BDT5‐33",NA,"likelihood",1492.5,0.010372
19,"R_Date","05BDT5‐33",NA,"likelihood",1493.5,0.010006
19,"R_Date","05BDT5‐33",NA,"likelihood",1494.5,0.009807
19,"R_Date","05BDT5‐33",NA,"likelihood",1495.5,0.009383
19,"R_Date","05BDT5‐33",NA,"likelihood",1496.5,0.009158
19,"R_Date","05BDT5‐33",NA,"likelihood",1497.5,0.008927
19,"R_Date","05BDT5‐33",NA,"likelihood",1498.5,0.008927
19,"R_Date","05BDT5‐33",NA,"likelihood",1499.5,0.008689
19,"R_Date","05BDT5‐33",NA,"likelihood",1500.5,0.008689
19,"R_Date","05BDT5‐33",NA,"likelihood",1501.5,0.008689
19,"R_Date","05BDT5‐33",NA,"likelihood",1502.5,0.008446
19,"R_Date","05BDT5‐33",NA,"likelihood",1503.5,0.008198
19,"R_Date","05BDT5‐33",NA,"likelihood",1504.5,0.007947
19,"R_Date","05BDT5‐33",NA,"likelihood",1505.5,0.007693
19,"R_Date","05BDT5‐33",NA,"likelihood",1506.5,0.007436
19,"R_Date","05BDT5‐33",NA,"likelihood",1507.5,0.007178
19,"R_Date","05BDT5‐33",NA,"likelihood",1508.5,0.006919
19,"R_Date","05BDT5‐33",NA,"likelihood",1509.5,0.006403
19,"R_Date","05BDT5‐33",NA,"likelihood",1510.5,0.006147
19,"R_Date","05BDT5‐33",NA,"likelihood",1511.5,0.005641
19,"R_Date","05BDT5‐33",NA,"likelihood",1512.5,0.005354
19,"R_Date","05BDT5‐33",NA,"likelihood",1513.5,0.005105
19,"R_Date","05BDT5‐33",NA,"likelihood",1514.5,0.005105
19,"R_Date","05BDT5‐33",NA,"likelihood",1515.5,0.005147
19,"R_Date","05BDT5‐33",NA,"likelihood",1516.5,0.005147
19,"R_Date","05BDT5‐33",NA,"likelihood",1517.5,0.005147
19,"R_Date","05BDT5‐33",NA,"likelihood",1518.5,0.004907
19,"R_Date","05BDT5‐33",NA,"likelihood",1519.5,0.004671
19,"R_Date","05BDT5‐33",NA,"likelihood",1520.5,0.003997
19,"R_Date","05BDT5‐33",NA,"likelihood",1521.5,0.003577
19,"R_Date","05BDT5‐33",NA,"likelihood",1522.5,0.0029968
19,"R_Date","05BDT5‐33",NA,"likelihood",1523.5,0.0024795
19,"R_Date","05BDT5‐33",NA,"likelihood",1524.5,0.0020259
19,"R_Date","05BDT5‐33",NA,"likelihood",1525.5,0.0014556
19,"R_Date","05BDT5‐33",NA,"likelihood",1526.5,0.0010571
19,"R_Date","05BDT5‐33",NA,"likelihood",1527.5,0.0007502
19,"R_Date","05BDT5‐33",NA,"likelihood",1528.5,0.0005203
19,"R_Date","05BDT5‐33",NA,"likelihood",1529.5,0.0003894
19,"R_Date","05BDT5‐33",NA,"likelihood",1530.5,0.00031321
19,"R_Date","05BDT5‐33",NA,"likelihood",1531.5,0.00025556
19,"R_Date","05BDT5‐33",NA,"likelihood",1532.5,0.00020735
19,"R_Date","05BDT5‐33",NA,"likelihood",1533.5,0.00018638
19,"R_Date","05BDT5‐33",NA,"likelihood",1534.5,0.00018638
19,"R_Date","05BDT5‐33",NA,"likelihood",1535.5,0.00020735
19,"R_Date","05BDT5‐33",NA,"likelihood",1536.5,0.00023036
19,"R_Date","05BDT5‐33",NA,"likelihood",1537.5,0.00025935
19,"R_Date","05BDT5‐33",NA,"likelihood",1538.5,0.000346
19,"R_Date","05BDT5‐33",NA,"likelihood",1539.5,0.0004205
19,"R_Date","05BDT5‐33",NA,"likelihood",1540.5,0.0004731
19,"R_Date","05BDT5‐33",NA,"likelihood",1541.5,0.0005574
19,"R_Date","05BDT5‐33",NA,"likelihood",1542.5,0.0005713
19,"R_Date","05BDT5‐33",NA,"likelihood",1543.5,0.000668
19,"R_Date","05BDT5‐33",NA,"likelihood",1544.5,0.0006107
19,"R_Date","05BDT5‐33",NA,"likelihood",1545.5,0.0005574
19,"R_Date","05BDT5‐33",NA,"likelihood",1546.5,0.0005082
19,"R_Date","05BDT5‐33",NA,"likelihood",1547.5,0.0004626
19,"R_Date","05BDT5‐33",NA,"likelihood",1548.5,0.0004626
19,"R_Date","05BDT5‐33",NA,"likelihood",1549.5,0.0004626
19,"R_Date","05BDT5‐33",NA,"likelihood",1550.5,0.0005574
19,"R_Date","05BDT5‐33",NA,"likelihood",1551.5,0.000668
19,"R_Date","05BDT5‐33",NA,"likelihood",1552.5,0.000796
19,"R_Date","05BDT5‐33",NA,"likelihood",1553.5,0.0009432
19,"R_Date","05BDT5‐33",NA,"likelihood",1554.5,0.0010246
19,"R_Date","05BDT5‐33",NA,"likelihood",1555.5,0.0011114
19,"R_Date","05BDT5‐33",NA,"likelihood",1556.5,0.0012039
19,"R_Date","05BDT5‐33",NA,"likelihood",1557.5,0.0014067
19,"R_Date","05BDT5‐33",NA,"likelihood",1558.5,0.0015174
19,"R_Date","05BDT5‐33",NA,"likelihood",1559.5,0.0017582
19,"R_Date","05BDT5‐33",NA,"likelihood",1560.5,0.0020259
19,"R_Date","05BDT5‐33",NA,"likelihood",1561.5,0.00217
19,"R_Date","05BDT5‐33",NA,"likelihood",1562.5,0.0023212
19,"R_Date","05BDT5‐33",NA,"likelihood",1563.5,0.00217
19,"R_Date","05BDT5‐33",NA,"likelihood",1564.5,0.0020259
19,"R_Date","05BDT5‐33",NA,"likelihood",1565.5,0.0017582
19,"R_Date","05BDT5‐33",NA,"likelihood",1566.5,0.0016345
19,"R_Date","05BDT5‐33",NA,"likelihood",1567.5,0.0015174
19,"R_Date","05BDT5‐33",NA,"likelihood",1568.5,0.0014556
19,"R_Date","05BDT5‐33",NA,"likelihood",1569.5,0.0015174
19,"R_Date","05BDT5‐33",NA,"likelihood",1570.5,0.0017582
19,"R_Date","05BDT5‐33",NA,"likelihood",1571.5,0.0018886
19,"R_Date","05BDT5‐33",NA,"likelihood",1572.5,0.00217
19,"R_Date","05BDT5‐33",NA,"likelihood",1573.5,0.0023212
19,"R_Date","05BDT5‐33",NA,"likelihood",1574.5,0.0026449
19,"R_Date","05BDT5‐33",NA,"likelihood",1575.5,0.0028173
19,"R_Date","05BDT5‐33",NA,"likelihood",1576.5,0.003183
19,"R_Date","05BDT5‐33",NA,"likelihood",1577.5,0.003377
19,"R_Date","05BDT5‐33",NA,"likelihood",1578.5,0.003577
19,"R_Date","05BDT5‐33",NA,"likelihood",1579.5,0.003577
19,"R_Date","05BDT5‐33",NA,"likelihood",1580.5,0.003784
19,"R_Date","05BDT5‐33",NA,"likelihood",1581.5,0.003784
19,"R_Date","05BDT5‐33",NA,"likelihood",1582.5,0.003784
19,"R_Date","05BDT5‐33",NA,"likelihood",1583.5,0.003784
19,"R_Date","05BDT5‐33",NA,"likelihood",1584.5,0.003784
19,"R_Date","05BDT5‐33",NA,"likelihood",1585.5,0.003577
19,"R_Date","05BDT5‐33",NA,"likelihood",1586.5,0.003577
19,"R_Date","05BDT5‐33",NA,"likelihood",1587.5,0.003784
19,"R_Date","05BDT5‐33",NA,"likelihood",1588.5,0.003997
19,"R_Date","05BDT5‐33",NA,"likelihood",1589.5,0.004441
19,"R_Date","05BDT5‐33",NA,"likelihood",1590.5,0.004907
19,"R_Date","05BDT5‐33",NA,"likelihood",1591.5,0.005641
19,"R_Date","05BDT5‐33",NA,"likelihood",1592.5,0.006147
19,"R_Date","05BDT5‐33",NA,"likelihood",1593.5,0.006661
19,"R_Date","05BDT5‐33",NA,"likelihood",1594.5,0.007178
19,"R_Date","05BDT5‐33",NA,"likelihood",1595.5,0.007693
19,"R_Date","05BDT5‐33",NA,"likelihood",1596.5,0.007693
19,"R_Date","05BDT5‐33",NA,"likelihood",1597.5,0.007947
19,"R_Date","05BDT5‐33",NA,"likelihood",1598.5,0.008198
19,"R_Date","05BDT5‐33",NA,"likelihood",1599.5,0.008446
19,"R_Date","05BDT5‐33",NA,"likelihood",1600.5,0.008689
19,"R_Date","05BDT5‐33",NA,"likelihood",1601.5,0.009158
19,"R_Date","05BDT5‐33",NA,"likelihood",1602.5,0.009807
19,"R_Date","05BDT5‐33",NA,"likelihood",1603.5,0.010372
19,"R_Date","05BDT5‐33",NA,"likelihood",1604.5,0.010693
19,"R_Date","05BDT5‐33",NA,"likelihood",1605.5,0.010834
19,"R_Date","05BDT5‐33",NA,"likelihood",1606.5,0.010834
19,"R_Date","05BDT5‐33",NA,"likelihood",1607.5,0.010539
19,"R_Date","05BDT5‐33",NA,"likelihood",1608.5,0.010195
19,"R_Date","05BDT5‐33",NA,"likelihood",1609.5,0.009807
19,"R_Date","05BDT5‐33",NA,"likelihood",1610.5,0.009383
19,"R_Date","05BDT5‐33",NA,"likelihood",1611.5,0.009158
19,"R_Date","05BDT5‐33",NA,"likelihood",1612.5,0.009158
19,"R_Date","05BDT5‐33",NA,"likelihood",1613.5,0.009158
19,"R_Date","05BDT5‐33",NA,"likelihood",1614.5,0.009158
19,"R_Date","05BDT5‐33",NA,"likelihood",1615.5,0.008927
19,"R_Date","05BDT5‐33",NA,"likelihood",1616.5,0.008689
19,"R_Date","05BDT5‐33",NA,"likelihood",1617.5,0.007947
19,"R_Date","05BDT5‐33",NA,"likelihood",1618.5,0.006919
19,"R_Date","05BDT5‐33",NA,"likelihood",1619.5,0.006147
19,"R_Date","05BDT5‐33",NA,"likelihood",1620.5,0.005147
19,"R_Date","05BDT5‐33",NA,"likelihood",1621.5,0.004216
19,"R_Date","05BDT5‐33",NA,"likelihood",1622.5,0.003377
19,"R_Date","05BDT5‐33",NA,"likelihood",1623.5,0.0029968
19,"R_Date","05BDT5‐33",NA,"likelihood",1624.5,0.0028173
19,"R_Date","05BDT5‐33",NA,"likelihood",1625.5,0.0026449
19,"R_Date","05BDT5‐33",NA,"likelihood",1626.5,0.0026449
19,"R_Date","05BDT5‐33",NA,"likelihood",1627.5,0.0028173
19,"R_Date","05BDT5‐33",NA,"likelihood",1628.5,0.0028173
19,"R_Date","05BDT5‐33",NA,"likelihood",1629.5,0.0024795
19,"R_Date","05BDT5‐33",NA,"likelihood",1630.5,0.00217
19,"R_Date","05BDT5‐33",NA,"likelihood",1631.5,0.0018886
19,"R_Date","05BDT5‐33",NA,"likelihood",1632.5,0.0014067
19,"R_Date","05BDT5‐33",NA,"likelihood",1633.5,0.0009432
19,"R_Date","05BDT5‐33",NA,"likelihood",1634.5,0.000668
19,"R_Date","05BDT5‐33",NA,"likelihood",1635.5,0.0004205
19,"R_Date","05BDT5‐33",NA,"likelihood",1636.5,0.00028312
19,"R_Date","05BDT5‐33",NA,"likelihood",1637.5,0.00018638
19,"R_Date","05BDT5‐33",NA,"likelihood",1638.5,0.00013422
19,"R_Date","05BDT5‐33",NA,"likelihood",1639.5,8.495e-05
19,"R_Date","05BDT5‐33",NA,"likelihood",1640.5,5.255e-05
19,"R_Date","05BDT5‐33",NA,"likelihood",1641.5,2.7937e-05
19,"R_Date","05BDT5‐33",NA,"likelihood",1642.5,1.6432e-05
19,"R_Date","05BDT5‐33",NA,"likelihood",1643.5,9.442e-06
19,"R_Date","05BDT5‐33",NA,"likelihood",1644.5,5.306e-06
19,"R_Date","05BDT5‐33",NA,"likelihood",1645.5,3.392e-06
19,"R_Date","05BDT5‐33",NA,"likelihood",1646.5,2.1428e-06
19,"R_Date","05BDT5‐33",NA,"likelihood",1647.5,1.3407e-06
19,"R_Date","05BDT5‐33",NA,"likelihood",1648.5,6.99e-07
19,"R_Date","05BDT5‐33",NA,"likelihood",1649.5,4.24e-07
19,"R_Date","05BDT5‐33",NA,"likelihood",1650.5,2.9793e-07
19,"R_Date","05BDT5‐33",NA,"likelihood",1651.5,2.0626e-07
19,"R_Date","05BDT5‐33",NA,"likelihood",1652.5,1.4897e-07
19,"R_Date","05BDT5‐33",NA,"likelihood",1653.5,1.2605e-07
19,"R_Date","05BDT5‐33",NA,"likelihood",1654.5,9.167e-08
19,"R_Date","05BDT5‐33",NA,"likelihood",1655.5,6.875e-08
19,"R_Date","05BDT5‐33",NA,"likelihood",1656.5,4.584e-08
19,"R_Date","05BDT5‐33",NA,"likelihood",1657.5,2.2918e-08
19,"R_Date","05BDT5‐33",NA,"likelihood",1658.5,1.1459e-08
19,"R_Date","05BDT5‐33",NA,"likelihood",1659.5,1.1459e-08
19,"R_Date","05BDT5‐33",NA,"likelihood",1660.5,0
19,"R_Date","05BDT5‐33",NA,"likelihood",1661.5,0
19,"R_Date","05BDT5‐33",NA,"posterior",1429.5,0
19,"R_Date","05BDT5‐33",NA,"posterior",1430.5,1.0602e-06
19,"R_Date","05BDT5‐33",NA,"posterior",1431.5,0
19,"R_Date","05BDT5‐33",NA,"posterior",1432.5,0
19,"R_Date","05BDT5‐33",NA,"posterior",1433.5,1.0602e-06
19,"R_Date","05BDT5‐33",NA,"posterior",1434.5,1.0602e-06
19,"R_Date","05BDT5‐33",NA,"posterior",1435.5,3.105e-06
19,"R_Date","05BDT5‐33",NA,"posterior",1436.5,3.105e-06
19,"R_Date","05BDT5‐33",NA,"posterior",1437.5,1.1435e-05
19,"R_Date","05BDT5‐33",NA,"posterior",1438.5,7.27e-06
19,"R_Date","05BDT5‐33",NA,"posterior",1439.5,3.544e-05
19,"R_Date","05BDT5‐33",NA,"posterior",1440.5,6.248e-05
19,"R_Date","05BDT5‐33",NA,"posterior",1441.5,9.482e-05
19,"R_Date","05BDT5‐33",NA,"posterior",1442.5,0.00018751
19,"R_Date","05BDT5‐33",NA,"posterior",1443.5,0.0003406
19,"R_Date","05BDT5‐33",NA,"posterior",1444.5,0.000675
19,"R_Date","05BDT5‐33",NA,"posterior",1445.5,0.0012479
19,"R_Date","05BDT5‐33",NA,"posterior",1446.5,0.0021375
19,"R_Date","05BDT5‐33",NA,"posterior",1447.5,0.003546
19,"R_Date","05BDT5‐33",NA,"posterior",1448.5,0.005657
19,"R_Date","05BDT5‐33",NA,"posterior",1449.5,0.008345
19,"R_Date","05BDT5‐33",NA,"posterior",1450.5,0.01165
19,"R_Date","05BDT5‐33",NA,"posterior",1451.5,0.015219
19,"R_Date","05BDT5‐33",NA,"posterior",1452.5,0.018325
19,"R_Date","05BDT5‐33",NA,"posterior",1453.5,0.022052
19,"R_Date","05BDT5‐33",NA,"posterior",1454.5,0.027626
19,"R_Date","05BDT5‐33",NA,"posterior",1455.5,0.03586
19,"R_Date","05BDT5‐33",NA,"posterior",1456.5,0.04614
19,"R_Date","05BDT5‐33",NA,"posterior",1457.5,0.05712
19,"R_Date","05BDT5‐33",NA,"posterior",1458.5,0.06739
19,"R_Date","05BDT5‐33",NA,"posterior",1459.5,0.07273
19,"R_Date","05BDT5‐33",NA,"posterior",1460.5,0.07573
19,"R_Date","05BDT5‐33",NA,"posterior",1461.5,0.07216
19,"R_Date","05BDT5‐33",NA,"posterior",1462.5,0.06691
19,"R_Date","05BDT5‐33",NA,"posterior",1463.5,0.05956
19,"R_Date","05BDT5‐33",NA,"posterior",1464.5,0.05158
19,"R_Date","05BDT5‐33",NA,"posterior",1465.5,0.0437
19,"R_Date","05BDT5‐33",NA,"posterior",1466.5,0.03769
19,"R_Date","05BDT5‐33",NA,"posterior",1467.5,0.03279
19,"R_Date","05BDT5‐33",NA,"posterior",1468.5,0.028759
19,"R_Date","05BDT5‐33",NA,"posterior",1469.5,0.024145
19,"R_Date","05BDT5‐33",NA,"posterior",1470.5,0.020108
19,"R_Date","05BDT5‐33",NA,"posterior",1471.5,0.016869
19,"R_Date","05BDT5‐33",NA,"posterior",1472.5,0.013853
19,"R_Date","05BDT5‐33",NA,"posterior",1473.5,0.011677
19,"R_Date","05BDT5‐33",NA,"posterior",1474.5,0.009579
19,"R_Date","05BDT5‐33",NA,"posterior",1475.5,0.007981
19,"R_Date","05BDT5‐33",NA,"posterior",1476.5,0.006501
19,"R_Date","05BDT5‐33",NA,"posterior",1477.5,0.005148
19,"R_Date","05BDT5‐33",NA,"posterior",1478.5,0.004165
19,"R_Date","05BDT5‐33",NA,"posterior",1479.5,0.003177
19,"R_Date","05BDT5‐33",NA,"posterior",1480.5,0.0026813
19,"R_Date","05BDT5‐33",NA,"posterior",1481.5,0.0020291
19,"R_Date","05BDT5‐33",NA,"posterior",1482.5,0.0016229
19,"R_Date","05BDT5‐33",NA,"posterior",1483.5,0.0012323
19,"R_Date","05BDT5‐33",NA,"posterior",1484.5,0.0009896
19,"R_Date","05BDT5‐33",NA,"posterior",1485.5,0.0007469
19,"R_Date","05BDT5‐33",NA,"posterior",1486.5,0.0005406
19,"R_Date","05BDT5‐33",NA,"posterior",1487.5,0.0004281
19,"R_Date","05BDT5‐33",NA,"posterior",1488.5,0.000325
19,"R_Date","05BDT5‐33",NA,"posterior",1489.5,0.00019789
19,"R_Date","05BDT5‐33",NA,"posterior",1490.5,0.00015934
19,"R_Date","05BDT5‐33",NA,"posterior",1491.5,0.00013435
19,"R_Date","05BDT5‐33",NA,"posterior",1492.5,9.792e-05
19,"R_Date","05BDT5‐33",NA,"posterior",1493.5,4.998e-05
19,"R_Date","05BDT5‐33",NA,"posterior",1494.5,6.149e-05
19,"R_Date","05BDT5‐33",NA,"posterior",1495.5,3.544e-05
19,"R_Date","05BDT5‐33",NA,"posterior",1496.5,2.3931e-05
19,"R_Date","05BDT5‐33",NA,"posterior",1497.5,2.6052e-05
19,"R_Date","05BDT5‐33",NA,"posterior",1498.5,1.4616e-05
19,"R_Date","05BDT5‐33",NA,"posterior",1499.5,1.2496e-05
19,"R_Date","05BDT5‐33",NA,"posterior",1500.5,1.0451e-05
19,"R_Date","05BDT5‐33",NA,"posterior",1501.5,9.391e-06
19,"R_Date","05BDT5‐33",NA,"posterior",1502.5,8.33e-06
19,"R_Date","05BDT5‐33",NA,"posterior",1503.5,5.225e-06
19,"R_Date","05BDT5‐33",NA,"posterior",1504.5,1.0602e-06
19,"R_Date","05BDT5‐33",NA,"posterior",1505.5,1.0602e-06
19,"R_Date","05BDT5‐33",NA,"posterior",1506.5,2.1205e-06
19,"R_Date","05BDT5‐33",NA,"posterior",1507.5,1.0602e-06
19,"R_Date","05BDT5‐33",NA,"posterior",1508.5,1.0602e-06
19,"R_Date","05BDT5‐33",NA,"posterior",1509.5,0
19,"R_Date","05BDT5‐33",NA,"posterior",1510.5,0
19,"R_Date","05BDT5‐33",NA,"posterior",1511.5,0
19,"R_Date","05BDT5‐33",NA,"posterior",1512.5,1.0602e-06
20,"R_Date","05BDT5‐13",NA,"likelihood",1408.5,0
20,"R_Date","05BDT5‐13",NA,"likelihood",1409.5,0
20,"R_Date","05BDT5‐13",NA,"likelihood",1410.5,1.5957e-08
20,"R_Date","05BDT5‐13",NA,"likelihood",1411.5,1.5957e-08
20,"R_Date","05BDT5‐13",NA,"likelihood",1412.5,3.191e-08
20,"R_Date","05BDT5‐13",NA,"likelihood",1413.5,4.787e-08
20,"R_Date","05BDT5‐13",NA,"likelihood",1414.5,4.787e-08
20,"R_Date","05BDT5‐13",NA,"likelihood",1415.5,4.787e-08
20,"R_Date","05BDT5‐13",NA,"likelihood",1416.5,4.787e-08
20,"R_Date","05BDT5‐13",NA,"likelihood",1417.5,4.787e-08
20,"R_Date","05BDT5‐13",NA,"likelihood",1418.5,6.383e-08
20,"R_Date","05BDT5‐13",NA,"likelihood",1419.5,7.979e-08
20,"R_Date","05BDT5‐13",NA,"likelihood",1420.5,1.117e-07
20,"R_Date","05BDT5‐13",NA,"likelihood",1421.5,2.234e-07
20,"R_Date","05BDT5‐13",NA,"likelihood",1422.5,4.468e-07
20,"R_Date","05BDT5‐13",NA,"likelihood",1423.5,1.0213e-06
20,"R_Date","05BDT5‐13",NA,"likelihood",1424.5,2.25e-06
20,"R_Date","05BDT5‐13",NA,"likelihood",1425.5,4.133e-06
20,"R_Date","05BDT5‐13",NA,"likelihood",1426.5,7.42e-06
20,"R_Date","05BDT5‐13",NA,"likelihood",1427.5,1.1362e-05
20,"R_Date","05BDT5‐13",NA,"likelihood",1428.5,1.5e-05
20,"R_Date","05BDT5‐13",NA,"likelihood",1429.5,1.7202e-05
20,"R_Date","05BDT5‐13",NA,"likelihood",1430.5,1.9691e-05
20,"R_Date","05BDT5‐13",NA,"likelihood",1431.5,2.2516e-05
20,"R_Date","05BDT5‐13",NA,"likelihood",1432.5,2.933e-05
20,"R_Date","05BDT5‐13",NA,"likelihood",1433.5,3.798e-05
20,"R_Date","05BDT5‐13",NA,"likelihood",1434.5,4.893e-05
20,"R_Date","05BDT5‐13",NA,"likelihood",1435.5,7.99e-05
20,"R_Date","05BDT5‐13",NA,"likelihood",1436.5,0.00011381
20,"R_Date","05BDT5‐13",NA,"likelihood",1437.5,0.00017896
20,"R_Date","05BDT5‐13",NA,"likelihood",1438.5,0.0002478
20,"R_Date","05BDT5‐13",NA,"likelihood",1439.5,0.000339
20,"R_Date","05BDT5‐13",NA,"likelihood",1440.5,0.0004148
20,"R_Date","05BDT5‐13",NA,"likelihood",1441.5,0.0005561
20,"R_Date","05BDT5‐13",NA,"likelihood",1442.5,0.0007363
20,"R_Date","05BDT5‐13",NA,"likelihood",1443.5,0.0009632
20,"R_Date","05BDT5‐13",NA,"likelihood",1444.5,0.001352
20,"R_Date","05BDT5‐13",NA,"likelihood",1445.5,0.0018571
20,"R_Date","05BDT5‐13",NA,"likelihood",1446.5,0.0023229
20,"R_Date","05BDT5‐13",NA,"likelihood",1447.5,0.0030716
20,"R_Date","05BDT5‐13",NA,"likelihood",1448.5,0.003974
20,"R_Date","05BDT5‐13",NA,"likelihood",1449.5,0.004753
20,"R_Date","05BDT5‐13",NA,"likelihood",1450.5,0.005614
20,"R_Date","05BDT5‐13",NA,"likelihood",1451.5,0.006231
20,"R_Date","05BDT5‐13",NA,"likelihood",1452.5,0.006878
20,"R_Date","05BDT5‐13",NA,"likelihood",1453.5,0.007551
20,"R_Date","05BDT5‐13",NA,"likelihood",1454.5,0.008597
20,"R_Date","05BDT5‐13",NA,"likelihood",1455.5,0.010027
20,"R_Date","05BDT5‐13",NA,"likelihood",1456.5,0.011784
20,"R_Date","05BDT5‐13",NA,"likelihood",1457.5,0.013382
20,"R_Date","05BDT5‐13",NA,"likelihood",1458.5,0.014684
20,"R_Date","05BDT5‐13",NA,"likelihood",1459.5,0.015429
20,"R_Date","05BDT5‐13",NA,"likelihood",1460.5,0.01586
20,"R_Date","05BDT5‐13",NA,"likelihood",1461.5,0.015914
20,"R_Date","05BDT5‐13",NA,"likelihood",1462.5,0.015947
20,"R_Date","05BDT5‐13",NA,"likelihood",1463.5,0.015914
20,"R_Date","05BDT5‐13",NA,"likelihood",1464.5,0.01586
20,"R_Date","05BDT5‐13",NA,"likelihood",1465.5,0.015783
20,"R_Date","05BDT5‐13",NA,"likelihood",1466.5,0.015686
20,"R_Date","05BDT5‐13",NA,"likelihood",1467.5,0.015783
20,"R_Date","05BDT5‐13",NA,"likelihood",1468.5,0.01586
20,"R_Date","05BDT5‐13",NA,"likelihood",1469.5,0.015914
20,"R_Date","05BDT5‐13",NA,"likelihood",1470.5,0.015947
20,"R_Date","05BDT5‐13",NA,"likelihood",1471.5,0.015947
20,"R_Date","05BDT5‐13",NA,"likelihood",1472.5,0.015957
20,"R_Date","05BDT5‐13",NA,"likelihood",1473.5,0.015913
20,"R_Date","05BDT5‐13",NA,"likelihood",1474.5,0.015781
20,"R_Date","05BDT5‐13",NA,"likelihood",1475.5,0.015425
20,"R_Date","05BDT5‐13",NA,"likelihood",1476.5,0.01489
20,"R_Date","05BDT5‐13",NA,"likelihood",1477.5,0.014197
20,"R_Date","05BDT5‐13",NA,"likelihood",1478.5,0.013657
20,"R_Date","05BDT5‐13",NA,"likelihood",1479.5,0.013066
20,"R_Date","05BDT5‐13",NA,"likelihood",1480.5,0.012431
20,"R_Date","05BDT5‐13",NA,"likelihood",1481.5,0.0121
20,"R_Date","05BDT5‐13",NA,"likelihood",1482.5,0.011822
20,"R_Date","05BDT5‐13",NA,"likelihood",1483.5,0.011466
20,"R_Date","05BDT5‐13",NA,"likelihood",1484.5,0.011466
20,"R_Date","05BDT5‐13",NA,"likelihood",1485.5,0.011466
20,"R_Date","05BDT5‐13",NA,"likelihood",1486.5,0.011466
20,"R_Date","05BDT5‐13",NA,"likelihood",1487.5,0.011466
20,"R_Date","05BDT5‐13",NA,"likelihood",1488.5,0.011067
20,"R_Date","05BDT5‐13",NA,"likelihood",1489.5,0.010712
20,"R_Date","05BDT5‐13",NA,"likelihood",1490.5,0.010355
20,"R_Date","05BDT5‐13",NA,"likelihood",1491.5,0.009996
20,"R_Date","05BDT5‐13",NA,"likelihood",1492.5,0.009636
20,"R_Date","05BDT5‐13",NA,"likelihood",1493.5,0.008917
20,"R_Date","05BDT5‐13",NA,"likelihood",1494.5,0.008559
20,"R_Date","05BDT5‐13",NA,"likelihood",1495.5,0.007855
20,"R_Date","05BDT5‐13",NA,"likelihood",1496.5,0.007509
20,"R_Date","05BDT5‐13",NA,"likelihood",1497.5,0.007168
20,"R_Date","05BDT5‐13",NA,"likelihood",1498.5,0.007168
20,"R_Date","05BDT5‐13",NA,"likelihood",1499.5,0.006833
20,"R_Date","05BDT5‐13",NA,"likelihood",1500.5,0.006833
20,"R_Date","05BDT5‐13",NA,"likelihood",1501.5,0.006833
20,"R_Date","05BDT5‐13",NA,"likelihood",1502.5,0.006505
20,"R_Date","05BDT5‐13",NA,"likelihood",1503.5,0.006184
20,"R_Date","05BDT5‐13",NA,"likelihood",1504.5,0.005871
20,"R_Date","05BDT5‐13",NA,"likelihood",1505.5,0.005566
20,"R_Date","05BDT5‐13",NA,"likelihood",1506.5,0.005269
20,"R_Date","05BDT5‐13",NA,"likelihood",1507.5,0.004981
20,"R_Date","05BDT5‐13",NA,"likelihood",1508.5,0.004702
20,"R_Date","05BDT5‐13",NA,"likelihood",1509.5,0.004173
20,"R_Date","05BDT5‐13",NA,"likelihood",1510.5,0.003923
20,"R_Date","05BDT5‐13",NA,"likelihood",1511.5,0.003453
20,"R_Date","05BDT5‐13",NA,"likelihood",1512.5,0.003137
20,"R_Date","05BDT5‐13",NA,"likelihood",1513.5,0.0029273
20,"R_Date","05BDT5‐13",NA,"likelihood",1514.5,0.0029273
20,"R_Date","05BDT5‐13",NA,"likelihood",1515.5,0.0030219
20,"R_Date","05BDT5‐13",NA,"likelihood",1516.5,0.0030219
20,"R_Date","05BDT5‐13",NA,"likelihood",1517.5,0.0030219
20,"R_Date","05BDT5‐13",NA,"likelihood",1518.5,0.0028211
20,"R_Date","05BDT5‐13",NA,"likelihood",1519.5,0.00263
20,"R_Date","05BDT5‐13",NA,"likelihood",1520.5,0.0021131
20,"R_Date","05BDT5‐13",NA,"likelihood",1521.5,0.0018135
20,"R_Date","05BDT5‐13",NA,"likelihood",1522.5,0.0014268
20,"R_Date","05BDT5‐13",NA,"likelihood",1523.5,0.0011085
20,"R_Date","05BDT5‐13",NA,"likelihood",1524.5,0.0008504
20,"R_Date","05BDT5‐13",NA,"likelihood",1525.5,0.0005423
20,"R_Date","05BDT5‐13",NA,"likelihood",1526.5,0.0003612
20,"R_Date","05BDT5‐13",NA,"likelihood",1527.5,0.00023504
20,"R_Date","05BDT5‐13",NA,"likelihood",1528.5,0.00014946
20,"R_Date","05BDT5‐13",NA,"likelihood",1529.5,0.00010482
20,"R_Date","05BDT5‐13",NA,"likelihood",1530.5,8.269e-05
20,"R_Date","05BDT5‐13",NA,"likelihood",1531.5,6.468e-05
20,"R_Date","05BDT5‐13",NA,"likelihood",1532.5,5.031e-05
20,"R_Date","05BDT5‐13",NA,"likelihood",1533.5,4.427e-05
20,"R_Date","05BDT5‐13",NA,"likelihood",1534.5,4.427e-05
20,"R_Date","05BDT5‐13",NA,"likelihood",1535.5,5.031e-05
20,"R_Date","05BDT5‐13",NA,"likelihood",1536.5,5.708e-05
20,"R_Date","05BDT5‐13",NA,"likelihood",1537.5,6.401e-05
20,"R_Date","05BDT5‐13",NA,"likelihood",1538.5,9.33e-05
20,"R_Date","05BDT5‐13",NA,"likelihood",1539.5,0.00011829
20,"R_Date","05BDT5‐13",NA,"likelihood",1540.5,0.00013297
20,"R_Date","05BDT5‐13",NA,"likelihood",1541.5,0.00016706
20,"R_Date","05BDT5‐13",NA,"likelihood",1542.5,0.00016773
20,"R_Date","05BDT5‐13",NA,"likelihood",1543.5,0.00020882
20,"R_Date","05BDT5‐13",NA,"likelihood",1544.5,0.00018691
20,"R_Date","05BDT5‐13",NA,"likelihood",1545.5,0.00016706
20,"R_Date","05BDT5‐13",NA,"likelihood",1546.5,0.00014911
20,"R_Date","05BDT5‐13",NA,"likelihood",1547.5,0.00013289
20,"R_Date","05BDT5‐13",NA,"likelihood",1548.5,0.00013289
20,"R_Date","05BDT5‐13",NA,"likelihood",1549.5,0.00013289
20,"R_Date","05BDT5‐13",NA,"likelihood",1550.5,0.00016706
20,"R_Date","05BDT5‐13",NA,"likelihood",1551.5,0.00020882
20,"R_Date","05BDT5‐13",NA,"likelihood",1552.5,0.00025955
20,"R_Date","05BDT5‐13",NA,"likelihood",1553.5,0.0003208
20,"R_Date","05BDT5‐13",NA,"likelihood",1554.5,0.0003559
20,"R_Date","05BDT5‐13",NA,"likelihood",1555.5,0.0003943
20,"R_Date","05BDT5‐13",NA,"likelihood",1556.5,0.0004362
20,"R_Date","05BDT5‐13",NA,"likelihood",1557.5,0.0005316
20,"R_Date","05BDT5‐13",NA,"likelihood",1558.5,0.0005856
20,"R_Date","05BDT5‐13",NA,"likelihood",1559.5,0.0007076
20,"R_Date","05BDT5‐13",NA,"likelihood",1560.5,0.0008504
20,"R_Date","05BDT5‐13",NA,"likelihood",1561.5,0.0009302
20,"R_Date","05BDT5‐13",NA,"likelihood",1562.5,0.0010162
20,"R_Date","05BDT5‐13",NA,"likelihood",1563.5,0.0009302
20,"R_Date","05BDT5‐13",NA,"likelihood",1564.5,0.0008504
20,"R_Date","05BDT5‐13",NA,"likelihood",1565.5,0.0007076
20,"R_Date","05BDT5‐13",NA,"likelihood",1566.5,0.0006442
20,"R_Date","05BDT5‐13",NA,"likelihood",1567.5,0.0005856
20,"R_Date","05BDT5‐13",NA,"likelihood",1568.5,0.0005423
20,"R_Date","05BDT5‐13",NA,"likelihood",1569.5,0.0005856
20,"R_Date","05BDT5‐13",NA,"likelihood",1570.5,0.0007076
20,"R_Date","05BDT5‐13",NA,"likelihood",1571.5,0.0007763
20,"R_Date","05BDT5‐13",NA,"likelihood",1572.5,0.0009302
20,"R_Date","05BDT5‐13",NA,"likelihood",1573.5,0.0010162
20,"R_Date","05BDT5‐13",NA,"likelihood",1574.5,0.0012075
20,"R_Date","05BDT5‐13",NA,"likelihood",1575.5,0.0013135
20,"R_Date","05BDT5‐13",NA,"likelihood",1576.5,0.0015477
20,"R_Date","05BDT5‐13",NA,"likelihood",1577.5,0.0016765
20,"R_Date","05BDT5‐13",NA,"likelihood",1578.5,0.0018135
20,"R_Date","05BDT5‐13",NA,"likelihood",1579.5,0.0018135
20,"R_Date","05BDT5‐13",NA,"likelihood",1580.5,0.001959
20,"R_Date","05BDT5‐13",NA,"likelihood",1581.5,0.001959
20,"R_Date","05BDT5‐13",NA,"likelihood",1582.5,0.001959
20,"R_Date","05BDT5‐13",NA,"likelihood",1583.5,0.001959
20,"R_Date","05BDT5‐13",NA,"likelihood",1584.5,0.001959
20,"R_Date","05BDT5‐13",NA,"likelihood",1585.5,0.0018135
20,"R_Date","05BDT5‐13",NA,"likelihood",1586.5,0.0018135
20,"R_Date","05BDT5‐13",NA,"likelihood",1587.5,0.001959
20,"R_Date","05BDT5‐13",NA,"likelihood",1588.5,0.0021131
20,"R_Date","05BDT5‐13",NA,"likelihood",1589.5,0.0024484
20,"R_Date","05BDT5‐13",NA,"likelihood",1590.5,0.0028211
20,"R_Date","05BDT5‐13",NA,"likelihood",1591.5,0.003453
20,"R_Date","05BDT5‐13",NA,"likelihood",1592.5,0.003923
20,"R_Date","05BDT5‐13",NA,"likelihood",1593.5,0.004433
20,"R_Date","05BDT5‐13",NA,"likelihood",1594.5,0.004981
20,"R_Date","05BDT5‐13",NA,"likelihood",1595.5,0.005566
20,"R_Date","05BDT5‐13",NA,"likelihood",1596.5,0.005566
20,"R_Date","05BDT5‐13",NA,"likelihood",1597.5,0.005871
20,"R_Date","05BDT5‐13",NA,"likelihood",1598.5,0.006184
20,"R_Date","05BDT5‐13",NA,"likelihood",1599.5,0.006505
20,"R_Date","05BDT5‐13",NA,"likelihood",1600.5,0.006833
20,"R_Date","05BDT5‐13",NA,"likelihood",1601.5,0.007509
20,"R_Date","05BDT5‐13",NA,"likelihood",1602.5,0.008559
20,"R_Date","05BDT5‐13",NA,"likelihood",1603.5,0.009636
20,"R_Date","05BDT5‐13",NA,"likelihood",1604.5,0.010355
20,"R_Date","05BDT5‐13",NA,"likelihood",1605.5,0.010712
20,"R_Date","05BDT5‐13",NA,"likelihood",1606.5,0.010712
20,"R_Date","05BDT5‐13",NA,"likelihood",1607.5,0.009996
20,"R_Date","05BDT5‐13",NA,"likelihood",1608.5,0.009276
20,"R_Date","05BDT5‐13",NA,"likelihood",1609.5,0.008559
20,"R_Date","05BDT5‐13",NA,"likelihood",1610.5,0.007855
20,"R_Date","05BDT5‐13",NA,"likelihood",1611.5,0.007509
20,"R_Date","05BDT5‐13",NA,"likelihood",1612.5,0.007509
20,"R_Date","05BDT5‐13",NA,"likelihood",1613.5,0.007509
20,"R_Date","05BDT5‐13",NA,"likelihood",1614.5,0.007509
20,"R_Date","05BDT5‐13",NA,"likelihood",1615.5,0.007168
20,"R_Date","05BDT5‐13",NA,"likelihood",1616.5,0.006833
20,"R_Date","05BDT5‐13",NA,"likelihood",1617.5,0.005871
20,"R_Date","05BDT5‐13",NA,"likelihood",1618.5,0.004702
20,"R_Date","05BDT5‐13",NA,"likelihood",1619.5,0.003923
20,"R_Date","05BDT5‐13",NA,"likelihood",1620.5,0.0030219
20,"R_Date","05BDT5‐13",NA,"likelihood",1621.5,0.0022762
20,"R_Date","05BDT5‐13",NA,"likelihood",1622.5,0.0016765
20,"R_Date","05BDT5‐13",NA,"likelihood",1623.5,0.0014268
20,"R_Date","05BDT5‐13",NA,"likelihood",1624.5,0.0013135
20,"R_Date","05BDT5‐13",NA,"likelihood",1625.5,0.0012075
20,"R_Date","05BDT5‐13",NA,"likelihood",1626.5,0.0012075
20,"R_Date","05BDT5‐13",NA,"likelihood",1627.5,0.0013135
20,"R_Date","05BDT5‐13",NA,"likelihood",1628.5,0.0013135
20,"R_Date","05BDT5‐13",NA,"likelihood",1629.5,0.0011085
20,"R_Date","05BDT5‐13",NA,"likelihood",1630.5,0.0009302
20,"R_Date","05BDT5‐13",NA,"likelihood",1631.5,0.0007763
20,"R_Date","05BDT5‐13",NA,"likelihood",1632.5,0.0005316
20,"R_Date","05BDT5‐13",NA,"likelihood",1633.5,0.0003208
20,"R_Date","05BDT5‐13",NA,"likelihood",1634.5,0.00020882
20,"R_Date","05BDT5‐13",NA,"likelihood",1635.5,0.00011829
20,"R_Date","05BDT5‐13",NA,"likelihood",1636.5,7.318e-05
20,"R_Date","05BDT5‐13",NA,"likelihood",1637.5,4.427e-05
20,"R_Date","05BDT5‐13",NA,"likelihood",1638.5,2.992e-05
20,"R_Date","05BDT5‐13",NA,"likelihood",1639.5,1.7394e-05
20,"R_Date","05BDT5‐13",NA,"likelihood",1640.5,9.894e-06
20,"R_Date","05BDT5‐13",NA,"likelihood",1641.5,4.723e-06
20,"R_Date","05BDT5‐13",NA,"likelihood",1642.5,2.5532e-06
20,"R_Date","05BDT5‐13",NA,"likelihood",1643.5,1.3404e-06
20,"R_Date","05BDT5‐13",NA,"likelihood",1644.5,7.021e-07
20,"R_Date","05BDT5‐13",NA,"likelihood",1645.5,4.149e-07
20,"R_Date","05BDT5‐13",NA,"likelihood",1646.5,2.3936e-07
20,"R_Date","05BDT5‐13",NA,"likelihood",1647.5,1.4362e-07
20,"R_Date","05BDT5‐13",NA,"likelihood",1648.5,6.383e-08
20,"R_Date","05BDT5‐13",NA,"likelihood",1649.5,3.191e-08
20,"R_Date","05BDT5‐13",NA,"likelihood",1650.5,3.191e-08
20,"R_Date","05BDT5‐13",NA,"likelihood",1651.5,1.5957e-08
20,"R_Date","05BDT5‐13",NA,"likelihood",1652.5,1.5957e-08
20,"R_Date","05BDT5‐13",NA,"likelihood",1653.5,1.5957e-08
20,"R_Date","05BDT5‐13",NA,"likelihood",1654.5,0
20,"R_Date","05BDT5‐13",NA,"posterior",1434.5,0
20,"R_Date","05BDT5‐13",NA,"posterior",1435.5,3.132e-06
20,"R_Date","05BDT5‐13",NA,"posterior",1436.5,8.33e-06
20,"R_Date","05BDT5‐13",NA,"posterior",1437.5,2.4989e-05
20,"R_Date","05BDT5‐13",NA,"posterior",1438.5,6.357e-05
20,"R_Date","05BDT5‐13",NA,"posterior",1439.5,9.789e-05
20,"R_Date","05BDT5‐13",NA,"posterior",1440.5,0.00013021
20,"R_Date","05BDT5‐13",NA,"posterior",1441.5,0.00028541
20,"R_Date","05BDT5‐13",NA,"posterior",1442.5,0.0005218
20,"R_Date","05BDT5‐13",NA,"posterior",1443.5,0.0007885
20,"R_Date","05BDT5‐13",NA,"posterior",1444.5,0.0014177
20,"R_Date","05BDT5‐13",NA,"posterior",1445.5,0.0024917
20,"R_Date","05BDT5‐13",NA,"posterior",1446.5,0.003971
20,"R_Date","05BDT5‐13",NA,"posterior",1447.5,0.006153
20,"R_Date","05BDT5‐13",NA,"posterior",1448.5,0.009704
20,"R_Date","05BDT5‐13",NA,"posterior",1449.5,0.013356
20,"R_Date","05BDT5‐13",NA,"posterior",1450.5,0.017704
20,"R_Date","05BDT5‐13",NA,"posterior",1451.5,0.022205
20,"R_Date","05BDT5‐13",NA,"posterior",1452.5,0.026284
20,"R_Date","05BDT5‐13",NA,"posterior",1453.5,0.031209
20,"R_Date","05BDT5‐13",NA,"posterior",1454.5,0.03736
20,"R_Date","05BDT5‐13",NA,"posterior",1455.5,0.04517
20,"R_Date","05BDT5‐13",NA,"posterior",1456.5,0.05394
20,"R_Date","05BDT5‐13",NA,"posterior",1457.5,0.06139
20,"R_Date","05BDT5‐13",NA,"posterior",1458.5,0.06609
20,"R_Date","05BDT5‐13",NA,"posterior",1459.5,0.06664
20,"R_Date","05BDT5‐13",NA,"posterior",1460.5,0.06474
20,"R_Date","05BDT5‐13",NA,"posterior",1461.5,0.06143
20,"R_Date","05BDT5‐13",NA,"posterior",1462.5,0.05735
20,"R_Date","05BDT5‐13",NA,"posterior",1463.5,0.05203
20,"R_Date","05BDT5‐13",NA,"posterior",1464.5,0.04673
20,"R_Date","05BDT5‐13",NA,"posterior",1465.5,0.04056
20,"R_Date","05BDT5‐13",NA,"posterior",1466.5,0.0354
20,"R_Date","05BDT5‐13",NA,"posterior",1467.5,0.030814
20,"R_Date","05BDT5‐13",NA,"posterior",1468.5,0.026373
20,"R_Date","05BDT5‐13",NA,"posterior",1469.5,0.022723
20,"R_Date","05BDT5‐13",NA,"posterior",1470.5,0.018776
20,"R_Date","05BDT5‐13",NA,"posterior",1471.5,0.01567
20,"R_Date","05BDT5‐13",NA,"posterior",1472.5,0.012539
20,"R_Date","05BDT5‐13",NA,"posterior",1473.5,0.010265
20,"R_Date","05BDT5‐13",NA,"posterior",1474.5,0.008356
20,"R_Date","05BDT5‐13",NA,"posterior",1475.5,0.006446
20,"R_Date","05BDT5‐13",NA,"posterior",1476.5,0.005275
20,"R_Date","05BDT5‐13",NA,"posterior",1477.5,0.003883
20,"R_Date","05BDT5‐13",NA,"posterior",1478.5,0.003214
20,"R_Date","05BDT5‐13",NA,"posterior",1479.5,0.002424
20,"R_Date","05BDT5‐13",NA,"posterior",1480.5,0.0018334
20,"R_Date","05BDT5‐13",NA,"posterior",1481.5,0.001474
20,"R_Date","05BDT5‐13",NA,"posterior",1482.5,0.00105
20,"R_Date","05BDT5‐13",NA,"posterior",1483.5,0.0008333
20,"R_Date","05BDT5‐13",NA,"posterior",1484.5,0.0007073
20,"R_Date","05BDT5‐13",NA,"posterior",1485.5,0.0005333
20,"R_Date","05BDT5‐13",NA,"posterior",1486.5,0.0003864
20,"R_Date","05BDT5‐13",NA,"posterior",1487.5,0.00028021
20,"R_Date","05BDT5‐13",NA,"posterior",1488.5,0.00023643
20,"R_Date","05BDT5‐13",NA,"posterior",1489.5,0.00017393
20,"R_Date","05BDT5‐13",NA,"posterior",1490.5,0.00013021
20,"R_Date","05BDT5‐13",NA,"posterior",1491.5,9.896e-05
20,"R_Date","05BDT5‐13",NA,"posterior",1492.5,6.251e-05
20,"R_Date","05BDT5‐13",NA,"posterior",1493.5,4.685e-05
20,"R_Date","05BDT5‐13",NA,"posterior",1494.5,3.232e-05
20,"R_Date","05BDT5‐13",NA,"posterior",1495.5,2.2924e-05
20,"R_Date","05BDT5‐13",NA,"posterior",1496.5,1.8725e-05
20,"R_Date","05BDT5‐13",NA,"posterior",1497.5,1.3528e-05
20,"R_Date","05BDT5‐13",NA,"posterior",1498.5,1.0396e-05
20,"R_Date","05BDT5‐13",NA,"posterior",1499.5,1.0396e-05
20,"R_Date","05BDT5‐13",NA,"posterior",1500.5,6.264e-06
20,"R_Date","05BDT5‐13",NA,"posterior",1501.5,8.33e-06
20,"R_Date","05BDT5‐13",NA,"posterior",1502.5,6.264e-06
20,"R_Date","05BDT5‐13",NA,"posterior",1503.5,0
20,"R_Date","05BDT5‐13",NA,"posterior",1504.5,1.0662e-06
20,"R_Date","05BDT5‐13",NA,"posterior",1505.5,3.132e-06
20,"R_Date","05BDT5‐13",NA,"posterior",1506.5,0
21,"R_Date","05BDT5‐73",NA,"likelihood",1325.5,0
21,"R_Date","05BDT5‐73",NA,"likelihood",1326.5,0
21,"R_Date","05BDT5‐73",NA,"likelihood",1327.5,2.4458e-08
21,"R_Date","05BDT5‐73",NA,"likelihood",1328.5,4.892e-08
21,"R_Date","05BDT5‐73",NA,"likelihood",1329.5,4.892e-08
21,"R_Date","05BDT5‐73",NA,"likelihood",1330.5,7.337e-08
21,"R_Date","05BDT5‐73",NA,"likelihood",1331.5,7.337e-08
21,"R_Date","05BDT5‐73",NA,"likelihood",1332.5,7.337e-08
21,"R_Date","05BDT5‐73",NA,"likelihood",1333.5,7.337e-08
21,"R_Date","05BDT5‐73",NA,"likelihood",1334.5,4.892e-08
21,"R_Date","05BDT5‐73",NA,"likelihood",1335.5,4.892e-08
21,"R_Date","05BDT5‐73",NA,"likelihood",1336.5,4.892e-08
21,"R_Date","05BDT5‐73",NA,"likelihood",1337.5,2.4458e-08
21,"R_Date","05BDT5‐73",NA,"likelihood",1338.5,2.4458e-08
21,"R_Date","05BDT5‐73",NA,"likelihood",1339.5,2.4458e-08
21,"R_Date","05BDT5‐73",NA,"likelihood",1340.5,2.4458e-08
21,"R_Date","05BDT5‐73",NA,"likelihood",1341.5,2.4458e-08
21,"R_Date","05BDT5‐73",NA,"likelihood",1342.5,2.4458e-08
21,"R_Date","05BDT5‐73",NA,"likelihood",1343.5,2.4458e-08
21,"R_Date","05BDT5‐73",NA,"likelihood",1344.5,2.4458e-08
21,"R_Date","05BDT5‐73",NA,"likelihood",1345.5,2.4458e-08
21,"R_Date","05BDT5‐73",NA,"likelihood",1346.5,2.4458e-08
21,"R_Date","05BDT5‐73",NA,"likelihood",1347.5,2.4458e-08
21,"R_Date","05BDT5‐73",NA,"likelihood",1348.5,2.4458e-08
21,"R_Date","05BDT5‐73",NA,"likelihood",1349.5,2.4458e-08
21,"R_Date","05BDT5‐73",NA,"likelihood",1350.5,2.4458e-08
21,"R_Date","05BDT5‐73",NA,"likelihood",1351.5,2.4458e-08
21,"R_Date","05BDT5‐73",NA,"likelihood",1352.5,0
21,"R_Date","05BDT5‐73",NA,"likelihood",1353.5,0
21,"R_Date","05BDT5‐73",NA,"likelihood",1354.5,0
21,"R_Date","05BDT5‐73",NA,"likelihood",1355.5,0
21,"R_Date","05BDT5‐73",NA,"likelihood",1356.5,0
21,"R_Date","05BDT5‐73",NA,"likelihood",1357.5,0
21,"R_Date","05BDT5‐73",NA,"likelihood",1358.5,0
21,"R_Date","05BDT5‐73",NA,"likelihood",1359.5,0
21,"R_Date","05BDT5‐73",NA,"likelihood",1360.5,0
21,"R_Date","05BDT5‐73",NA,"likelihood",1361.5,0
21,"R_Date","05BDT5‐73",NA,"likelihood",1362.5,0
21,"R_Date","05BDT5‐73",NA,"likelihood",1363.5,0
21,"R_Date","05BDT5‐73",NA,"likelihood",1364.5,0
21,"R_Date","05BDT5‐73",NA,"likelihood",1365.5,0
21,"R_Date","05BDT5‐73",NA,"likelihood",1366.5,0
21,"R_Date","05BDT5‐73",NA,"likelihood",1367.5,0
21,"R_Date","05BDT5‐73",NA,"likelihood",1368.5,0
21,"R_Date","05BDT5‐73",NA,"likelihood",1369.5,0
21,"R_Date","05BDT5‐73",NA,"likelihood",1370.5,0
21,"R_Date","05BDT5‐73",NA,"likelihood",1371.5,0
21,"R_Date","05BDT5‐73",NA,"likelihood",1372.5,0
21,"R_Date","05BDT5‐73",NA,"likelihood",1373.5,0
21,"R_Date","05BDT5‐73",NA,"likelihood",1374.5,0
21,"R_Date","05BDT5‐73",NA,"likelihood",1375.5,0
21,"R_Date","05BDT5‐73",NA,"likelihood",1376.5,0
21,"R_Date","05BDT5‐73",NA,"likelihood",1377.5,0
21,"R_Date","05BDT5‐73",NA,"likelihood",1378.5,0
21,"R_Date","05BDT5‐73",NA,"likelihood",1379.5,0
21,"R_Date","05BDT5‐73",NA,"likelihood",1380.5,0
21,"R_Date","05BDT5‐73",NA,"likelihood",1381.5,0
21,"R_Date","05BDT5‐73",NA,"likelihood",1382.5,0
21,"R_Date","05BDT5‐73",NA,"likelihood",1383.5,0
21,"R_Date","05BDT5‐73",NA,"likelihood",1384.5,0
21,"R_Date","05BDT5‐73",NA,"likelihood",1385.5,0
21,"R_Date","05BDT5‐73",NA,"likelihood",1386.5,0
21,"R_Date","05BDT5‐73",NA,"likelihood",1387.5,0
21,"R_Date","05BDT5‐73",NA,"likelihood",1388.5,0
21,"R_Date","05BDT5‐73",NA,"likelihood",1389.5,0
21,"R_Date","05BDT5‐73",NA,"likelihood",1390.5,0
21,"R_Date","05BDT5‐73",NA,"likelihood",1391.5,0
21,"R_Date","05BDT5‐73",NA,"likelihood",1392.5,0
21,"R_Date","05BDT5‐73",NA,"likelihood",1393.5,0
21,"R_Date","05BDT5‐73",NA,"likelihood",1394.5,0
21,"R_Date","05BDT5‐73",NA,"likelihood",1395.5,2.4458e-08
21,"R_Date","05BDT5‐73",NA,"likelihood",1396.5,4.892e-08
21,"R_Date","05BDT5‐73",NA,"likelihood",1397.5,1.2229e-07
21,"R_Date","05BDT5‐73",NA,"likelihood",1398.5,2.2012e-07
21,"R_Date","05BDT5‐73",NA,"likelihood",1399.5,3.669e-07
21,"R_Date","05BDT5‐73",NA,"likelihood",1400.5,5.136e-07
21,"R_Date","05BDT5‐73",NA,"likelihood",1401.5,6.604e-07
21,"R_Date","05BDT5‐73",NA,"likelihood",1402.5,8.805e-07
21,"R_Date","05BDT5‐73",NA,"likelihood",1403.5,1.3452e-06
21,"R_Date","05BDT5‐73",NA,"likelihood",1404.5,2.0545e-06
21,"R_Date","05BDT5‐73",NA,"likelihood",1405.5,3.0573e-06
21,"R_Date","05BDT5‐73",NA,"likelihood",1406.5,5.136e-06
21,"R_Date","05BDT5‐73",NA,"likelihood",1407.5,9.661e-06
21,"R_Date","05BDT5‐73",NA,"likelihood",1408.5,1.5702e-05
21,"R_Date","05BDT5‐73",NA,"likelihood",1409.5,2.5167e-05
21,"R_Date","05BDT5‐73",NA,"likelihood",1410.5,3.972e-05
21,"R_Date","05BDT5‐73",NA,"likelihood",1411.5,5.532e-05
21,"R_Date","05BDT5‐73",NA,"likelihood",1412.5,6.87e-05
21,"R_Date","05BDT5‐73",NA,"likelihood",1413.5,8.497e-05
21,"R_Date","05BDT5‐73",NA,"likelihood",1414.5,9.436e-05
21,"R_Date","05BDT5‐73",NA,"likelihood",1415.5,9.436e-05
21,"R_Date","05BDT5‐73",NA,"likelihood",1416.5,9.436e-05
21,"R_Date","05BDT5‐73",NA,"likelihood",1417.5,9.436e-05
21,"R_Date","05BDT5‐73",NA,"likelihood",1418.5,0.00010468
21,"R_Date","05BDT5‐73",NA,"likelihood",1419.5,0.00011603
21,"R_Date","05BDT5‐73",NA,"likelihood",1420.5,0.0001421
21,"R_Date","05BDT5‐73",NA,"likelihood",1421.5,0.00021073
21,"R_Date","05BDT5‐73",NA,"likelihood",1422.5,0.00030768
21,"R_Date","05BDT5‐73",NA,"likelihood",1423.5,0.0004831
21,"R_Date","05BDT5‐73",NA,"likelihood",1424.5,0.0007404
21,"R_Date","05BDT5‐73",NA,"likelihood",1425.5,0.0010236
21,"R_Date","05BDT5‐73",NA,"likelihood",1426.5,0.0013933
21,"R_Date","05BDT5‐73",NA,"likelihood",1427.5,0.0017379
21,"R_Date","05BDT5‐73",NA,"likelihood",1428.5,0.0020039
21,"R_Date","05BDT5‐73",NA,"likelihood",1429.5,0.0021487
21,"R_Date","05BDT5‐73",NA,"likelihood",1430.5,0.0023016
21,"R_Date","05BDT5‐73",NA,"likelihood",1431.5,0.0024631
21,"R_Date","05BDT5‐73",NA,"likelihood",1432.5,0.0028124
21,"R_Date","05BDT5‐73",NA,"likelihood",1433.5,0.003199
21,"R_Date","05BDT5‐73",NA,"likelihood",1434.5,0.003624
21,"R_Date","05BDT5‐73",NA,"likelihood",1435.5,0.004597
21,"R_Date","05BDT5‐73",NA,"likelihood",1436.5,0.005438
21,"R_Date","05BDT5‐73",NA,"likelihood",1437.5,0.006711
21,"R_Date","05BDT5‐73",NA,"likelihood",1438.5,0.007776
21,"R_Date","05BDT5‐73",NA,"likelihood",1439.5,0.008931
21,"R_Date","05BDT5‐73",NA,"likelihood",1440.5,0.009747
21,"R_Date","05BDT5‐73",NA,"likelihood",1441.5,0.01103
21,"R_Date","05BDT5‐73",NA,"likelihood",1442.5,0.012372
21,"R_Date","05BDT5‐73",NA,"likelihood",1443.5,0.013754
21,"R_Date","05BDT5‐73",NA,"likelihood",1444.5,0.015622
21,"R_Date","05BDT5‐73",NA,"likelihood",1445.5,0.017464
21,"R_Date","05BDT5‐73",NA,"likelihood",1446.5,0.01879
21,"R_Date","05BDT5‐73",NA,"likelihood",1447.5,0.020431
21,"R_Date","05BDT5‐73",NA,"likelihood",1448.5,0.021863
21,"R_Date","05BDT5‐73",NA,"likelihood",1449.5,0.022764
21,"R_Date","05BDT5‐73",NA,"likelihood",1450.5,0.023491
21,"R_Date","05BDT5‐73",NA,"likelihood",1451.5,0.023869
21,"R_Date","05BDT5‐73",NA,"likelihood",1452.5,0.024156
21,"R_Date","05BDT5‐73",NA,"likelihood",1453.5,0.024349
21,"R_Date","05BDT5‐73",NA,"likelihood",1454.5,0.024458
21,"R_Date","05BDT5‐73",NA,"likelihood",1455.5,0.024262
21,"R_Date","05BDT5‐73",NA,"likelihood",1456.5,0.023484
21,"R_Date","05BDT5‐73",NA,"likelihood",1457.5,0.022168
21,"R_Date","05BDT5‐73",NA,"likelihood",1458.5,0.020407
21,"R_Date","05BDT5‐73",NA,"likelihood",1459.5,0.018757
21,"R_Date","05BDT5‐73",NA,"likelihood",1460.5,0.016965
21,"R_Date","05BDT5‐73",NA,"likelihood",1461.5,0.016503
21,"R_Date","05BDT5‐73",NA,"likelihood",1462.5,0.016037
21,"R_Date","05BDT5‐73",NA,"likelihood",1463.5,0.016503
21,"R_Date","05BDT5‐73",NA,"likelihood",1464.5,0.016965
21,"R_Date","05BDT5‐73",NA,"likelihood",1465.5,0.017422
21,"R_Date","05BDT5‐73",NA,"likelihood",1466.5,0.017874
21,"R_Date","05BDT5‐73",NA,"likelihood",1467.5,0.017422
21,"R_Date","05BDT5‐73",NA,"likelihood",1468.5,0.016965
21,"R_Date","05BDT5‐73",NA,"likelihood",1469.5,0.016503
21,"R_Date","05BDT5‐73",NA,"likelihood",1470.5,0.016037
21,"R_Date","05BDT5‐73",NA,"likelihood",1471.5,0.016037
21,"R_Date","05BDT5‐73",NA,"likelihood",1472.5,0.015568
21,"R_Date","05BDT5‐73",NA,"likelihood",1473.5,0.014628
21,"R_Date","05BDT5‐73",NA,"likelihood",1474.5,0.013689
21,"R_Date","05BDT5‐73",NA,"likelihood",1475.5,0.012298
21,"R_Date","05BDT5‐73",NA,"likelihood",1476.5,0.010949
21,"R_Date","05BDT5‐73",NA,"likelihood",1477.5,0.00966
21,"R_Date","05BDT5‐73",NA,"likelihood",1478.5,0.008841
21,"R_Date","05BDT5‐73",NA,"likelihood",1479.5,0.008058
21,"R_Date","05BDT5‐73",NA,"likelihood",1480.5,0.007315
21,"R_Date","05BDT5‐73",NA,"likelihood",1481.5,0.006959
21,"R_Date","05BDT5‐73",NA,"likelihood",1482.5,0.00651
21,"R_Date","05BDT5‐73",NA,"likelihood",1483.5,0.006174
21,"R_Date","05BDT5‐73",NA,"likelihood",1484.5,0.006174
21,"R_Date","05BDT5‐73",NA,"likelihood",1485.5,0.006174
21,"R_Date","05BDT5‐73",NA,"likelihood",1486.5,0.006174
21,"R_Date","05BDT5‐73",NA,"likelihood",1487.5,0.006174
21,"R_Date","05BDT5‐73",NA,"likelihood",1488.5,0.005956
21,"R_Date","05BDT5‐73",NA,"likelihood",1489.5,0.005643
21,"R_Date","05BDT5‐73",NA,"likelihood",1490.5,0.005341
21,"R_Date","05BDT5‐73",NA,"likelihood",1491.5,0.005051
21,"R_Date","05BDT5‐73",NA,"likelihood",1492.5,0.004771
21,"R_Date","05BDT5‐73",NA,"likelihood",1493.5,0.004244
21,"R_Date","05BDT5‐73",NA,"likelihood",1494.5,0.003997
21,"R_Date","05BDT5‐73",NA,"likelihood",1495.5,0.003533
21,"R_Date","05BDT5‐73",NA,"likelihood",1496.5,0.003317
21,"R_Date","05BDT5‐73",NA,"likelihood",1497.5,0.0031114
21,"R_Date","05BDT5‐73",NA,"likelihood",1498.5,0.0031114
21,"R_Date","05BDT5‐73",NA,"likelihood",1499.5,0.0029152
21,"R_Date","05BDT5‐73",NA,"likelihood",1500.5,0.0029152
21,"R_Date","05BDT5‐73",NA,"likelihood",1501.5,0.0029152
21,"R_Date","05BDT5‐73",NA,"likelihood",1502.5,0.0027286
21,"R_Date","05BDT5‐73",NA,"likelihood",1503.5,0.0025513
21,"R_Date","05BDT5‐73",NA,"likelihood",1504.5,0.0023831
21,"R_Date","05BDT5‐73",NA,"likelihood",1505.5,0.0022237
21,"R_Date","05BDT5‐73",NA,"likelihood",1506.5,0.0020729
21,"R_Date","05BDT5‐73",NA,"likelihood",1507.5,0.0019303
21,"R_Date","05BDT5‐73",NA,"likelihood",1508.5,0.0017958
21,"R_Date","05BDT5‐73",NA,"likelihood",1509.5,0.0015493
21,"R_Date","05BDT5‐73",NA,"likelihood",1510.5,0.0014369
21,"R_Date","05BDT5‐73",NA,"likelihood",1511.5,0.0012321
21,"R_Date","05BDT5‐73",NA,"likelihood",1512.5,0.0010829
21,"R_Date","05BDT5‐73",NA,"likelihood",1513.5,0.0009986
21,"R_Date","05BDT5‐73",NA,"likelihood",1514.5,0.0009986
21,"R_Date","05BDT5‐73",NA,"likelihood",1515.5,0.0010522
21,"R_Date","05BDT5‐73",NA,"likelihood",1516.5,0.0010522
21,"R_Date","05BDT5‐73",NA,"likelihood",1517.5,0.0010522
21,"R_Date","05BDT5‐73",NA,"likelihood",1518.5,0.0009708
21,"R_Date","05BDT5‐73",NA,"likelihood",1519.5,0.0008948
21,"R_Date","05BDT5‐73",NA,"likelihood",1520.5,0.0006965
21,"R_Date","05BDT5‐73",NA,"likelihood",1521.5,0.0005863
21,"R_Date","05BDT5‐73",NA,"likelihood",1522.5,0.0004494
21,"R_Date","05BDT5‐73",NA,"likelihood",1523.5,0.0003413
21,"R_Date","05BDT5‐73",NA,"likelihood",1524.5,0.00025676
21,"R_Date","05BDT5‐73",NA,"likelihood",1525.5,0.00015859
21,"R_Date","05BDT5‐73",NA,"likelihood",1526.5,0.00010436
21,"R_Date","05BDT5‐73",NA,"likelihood",1527.5,6.753e-05
21,"R_Date","05BDT5‐73",NA,"likelihood",1528.5,4.297e-05
21,"R_Date","05BDT5‐73",NA,"likelihood",1529.5,3.0279e-05
21,"R_Date","05BDT5‐73",NA,"likelihood",1530.5,2.4018e-05
21,"R_Date","05BDT5‐73",NA,"likelihood",1531.5,1.8882e-05
21,"R_Date","05BDT5‐73",NA,"likelihood",1532.5,1.4797e-05
21,"R_Date","05BDT5‐73",NA,"likelihood",1533.5,1.3061e-05
21,"R_Date","05BDT5‐73",NA,"likelihood",1534.5,1.3061e-05
21,"R_Date","05BDT5‐73",NA,"likelihood",1535.5,1.4797e-05
21,"R_Date","05BDT5‐73",NA,"likelihood",1536.5,1.6729e-05
21,"R_Date","05BDT5‐73",NA,"likelihood",1537.5,1.871e-05
21,"R_Date","05BDT5‐73",NA,"likelihood",1538.5,2.7026e-05
21,"R_Date","05BDT5‐73",NA,"likelihood",1539.5,3.417e-05
21,"R_Date","05BDT5‐73",NA,"likelihood",1540.5,3.828e-05
21,"R_Date","05BDT5‐73",NA,"likelihood",1541.5,4.816e-05
21,"R_Date","05BDT5‐73",NA,"likelihood",1542.5,4.818e-05
21,"R_Date","05BDT5‐73",NA,"likelihood",1543.5,6.022e-05
21,"R_Date","05BDT5‐73",NA,"likelihood",1544.5,5.388e-05
21,"R_Date","05BDT5‐73",NA,"likelihood",1545.5,4.816e-05
21,"R_Date","05BDT5‐73",NA,"likelihood",1546.5,4.3e-05
21,"R_Date","05BDT5‐73",NA,"likelihood",1547.5,3.835e-05
21,"R_Date","05BDT5‐73",NA,"likelihood",1548.5,3.835e-05
21,"R_Date","05BDT5‐73",NA,"likelihood",1549.5,3.835e-05
21,"R_Date","05BDT5‐73",NA,"likelihood",1550.5,4.816e-05
21,"R_Date","05BDT5‐73",NA,"likelihood",1551.5,6.022e-05
21,"R_Date","05BDT5‐73",NA,"likelihood",1552.5,7.501e-05
21,"R_Date","05BDT5‐73",NA,"likelihood",1553.5,9.304e-05
21,"R_Date","05BDT5‐73",NA,"likelihood",1554.5,0.00010346
21,"R_Date","05BDT5‐73",NA,"likelihood",1555.5,0.00011493
21,"R_Date","05BDT5‐73",NA,"likelihood",1556.5,0.00012752
21,"R_Date","05BDT5‐73",NA,"likelihood",1557.5,0.00015656
21,"R_Date","05BDT5‐73",NA,"likelihood",1558.5,0.00017321
21,"R_Date","05BDT5‐73",NA,"likelihood",1559.5,0.00021132
21,"R_Date","05BDT5‐73",NA,"likelihood",1560.5,0.00025676
21,"R_Date","05BDT5‐73",NA,"likelihood",1561.5,0.00028261
21,"R_Date","05BDT5‐73",NA,"likelihood",1562.5,0.00031071
21,"R_Date","05BDT5‐73",NA,"likelihood",1563.5,0.00028261
21,"R_Date","05BDT5‐73",NA,"likelihood",1564.5,0.00025676
21,"R_Date","05BDT5‐73",NA,"likelihood",1565.5,0.00021132
21,"R_Date","05BDT5‐73",NA,"likelihood",1566.5,0.00019141
21,"R_Date","05BDT5‐73",NA,"likelihood",1567.5,0.00017321
21,"R_Date","05BDT5‐73",NA,"likelihood",1568.5,0.00015859
21,"R_Date","05BDT5‐73",NA,"likelihood",1569.5,0.00017321
21,"R_Date","05BDT5‐73",NA,"likelihood",1570.5,0.00021132
21,"R_Date","05BDT5‐73",NA,"likelihood",1571.5,0.00023306
21,"R_Date","05BDT5‐73",NA,"likelihood",1572.5,0.00028261
21,"R_Date","05BDT5‐73",NA,"likelihood",1573.5,0.00031071
21,"R_Date","05BDT5‐73",NA,"likelihood",1574.5,0.0003744
21,"R_Date","05BDT5‐73",NA,"likelihood",1575.5,0.0004104
21,"R_Date","05BDT5‐73",NA,"likelihood",1576.5,0.0004916
21,"R_Date","05BDT5‐73",NA,"likelihood",1577.5,0.0005371
21,"R_Date","05BDT5‐73",NA,"likelihood",1578.5,0.0005863
21,"R_Date","05BDT5‐73",NA,"likelihood",1579.5,0.0005863
21,"R_Date","05BDT5‐73",NA,"likelihood",1580.5,0.0006394
21,"R_Date","05BDT5‐73",NA,"likelihood",1581.5,0.0006394
21,"R_Date","05BDT5‐73",NA,"likelihood",1582.5,0.0006394
21,"R_Date","05BDT5‐73",NA,"likelihood",1583.5,0.0006394
21,"R_Date","05BDT5‐73",NA,"likelihood",1584.5,0.0006394
21,"R_Date","05BDT5‐73",NA,"likelihood",1585.5,0.0005863
21,"R_Date","05BDT5‐73",NA,"likelihood",1586.5,0.0005863
21,"R_Date","05BDT5‐73",NA,"likelihood",1587.5,0.0006394
21,"R_Date","05BDT5‐73",NA,"likelihood",1588.5,0.0006965
21,"R_Date","05BDT5‐73",NA,"likelihood",1589.5,0.000824
21,"R_Date","05BDT5‐73",NA,"likelihood",1590.5,0.0009708
21,"R_Date","05BDT5‐73",NA,"likelihood",1591.5,0.0012321
21,"R_Date","05BDT5‐73",NA,"likelihood",1592.5,0.0014369
21,"R_Date","05BDT5‐73",NA,"likelihood",1593.5,0.0016688
21,"R_Date","05BDT5‐73",NA,"likelihood",1594.5,0.0019303
21,"R_Date","05BDT5‐73",NA,"likelihood",1595.5,0.0022237
21,"R_Date","05BDT5‐73",NA,"likelihood",1596.5,0.0022237
21,"R_Date","05BDT5‐73",NA,"likelihood",1597.5,0.0023831
21,"R_Date","05BDT5‐73",NA,"likelihood",1598.5,0.0025513
21,"R_Date","05BDT5‐73",NA,"likelihood",1599.5,0.0027286
21,"R_Date","05BDT5‐73",NA,"likelihood",1600.5,0.0029152
21,"R_Date","05BDT5‐73",NA,"likelihood",1601.5,0.003317
21,"R_Date","05BDT5‐73",NA,"likelihood",1602.5,0.003997
21,"R_Date","05BDT5‐73",NA,"likelihood",1603.5,0.004771
21,"R_Date","05BDT5‐73",NA,"likelihood",1604.5,0.005341
21,"R_Date","05BDT5‐73",NA,"likelihood",1605.5,0.005643
21,"R_Date","05BDT5‐73",NA,"likelihood",1606.5,0.005643
21,"R_Date","05BDT5‐73",NA,"likelihood",1607.5,0.005051
21,"R_Date","05BDT5‐73",NA,"likelihood",1608.5,0.004502
21,"R_Date","05BDT5‐73",NA,"likelihood",1609.5,0.003997
21,"R_Date","05BDT5‐73",NA,"likelihood",1610.5,0.003533
21,"R_Date","05BDT5‐73",NA,"likelihood",1611.5,0.003317
21,"R_Date","05BDT5‐73",NA,"likelihood",1612.5,0.003317
21,"R_Date","05BDT5‐73",NA,"likelihood",1613.5,0.003317
21,"R_Date","05BDT5‐73",NA,"likelihood",1614.5,0.003317
21,"R_Date","05BDT5‐73",NA,"likelihood",1615.5,0.0031114
21,"R_Date","05BDT5‐73",NA,"likelihood",1616.5,0.0029152
21,"R_Date","05BDT5‐73",NA,"likelihood",1617.5,0.0023831
21,"R_Date","05BDT5‐73",NA,"likelihood",1618.5,0.0017958
21,"R_Date","05BDT5‐73",NA,"likelihood",1619.5,0.0014369
21,"R_Date","05BDT5‐73",NA,"likelihood",1620.5,0.0010522
21,"R_Date","05BDT5‐73",NA,"likelihood",1621.5,0.000758
21,"R_Date","05BDT5‐73",NA,"likelihood",1622.5,0.0005371
21,"R_Date","05BDT5‐73",NA,"likelihood",1623.5,0.0004494
21,"R_Date","05BDT5‐73",NA,"likelihood",1624.5,0.0004104
21,"R_Date","05BDT5‐73",NA,"likelihood",1625.5,0.0003744
21,"R_Date","05BDT5‐73",NA,"likelihood",1626.5,0.0003744
21,"R_Date","05BDT5‐73",NA,"likelihood",1627.5,0.0004104
21,"R_Date","05BDT5‐73",NA,"likelihood",1628.5,0.0004104
21,"R_Date","05BDT5‐73",NA,"likelihood",1629.5,0.0003413
21,"R_Date","05BDT5‐73",NA,"likelihood",1630.5,0.00028261
21,"R_Date","05BDT5‐73",NA,"likelihood",1631.5,0.00023306
21,"R_Date","05BDT5‐73",NA,"likelihood",1632.5,0.00015656
21,"R_Date","05BDT5‐73",NA,"likelihood",1633.5,9.304e-05
21,"R_Date","05BDT5‐73",NA,"likelihood",1634.5,6.022e-05
21,"R_Date","05BDT5‐73",NA,"likelihood",1635.5,3.417e-05
21,"R_Date","05BDT5‐73",NA,"likelihood",1636.5,2.1303e-05
21,"R_Date","05BDT5‐73",NA,"likelihood",1637.5,1.3061e-05
21,"R_Date","05BDT5‐73",NA,"likelihood",1638.5,8.952e-06
21,"R_Date","05BDT5‐73",NA,"likelihood",1639.5,5.332e-06
21,"R_Date","05BDT5‐73",NA,"likelihood",1640.5,3.1306e-06
21,"R_Date","05BDT5‐73",NA,"likelihood",1641.5,1.5653e-06
21,"R_Date","05BDT5‐73",NA,"likelihood",1642.5,8.805e-07
21,"R_Date","05BDT5‐73",NA,"likelihood",1643.5,4.892e-07
21,"R_Date","05BDT5‐73",NA,"likelihood",1644.5,2.6904e-07
21,"R_Date","05BDT5‐73",NA,"likelihood",1645.5,1.7121e-07
21,"R_Date","05BDT5‐73",NA,"likelihood",1646.5,9.783e-08
21,"R_Date","05BDT5‐73",NA,"likelihood",1647.5,7.337e-08
21,"R_Date","05BDT5‐73",NA,"likelihood",1648.5,2.4458e-08
21,"R_Date","05BDT5‐73",NA,"likelihood",1649.5,2.4458e-08
21,"R_Date","05BDT5‐73",NA,"likelihood",1650.5,2.4458e-08
21,"R_Date","05BDT5‐73",NA,"likelihood",1651.5,0
21,"R_Date","05BDT5‐73",NA,"posterior",1425.5,0
21,"R_Date","05BDT5‐73",NA,"posterior",1426.5,2.0958e-06
21,"R_Date","05BDT5‐73",NA,"posterior",1427.5,2.0958e-06
21,"R_Date","05BDT5‐73",NA,"posterior",1428.5,6.228e-06
21,"R_Date","05BDT5‐73",NA,"posterior",1429.5,7.306e-06
21,"R_Date","05BDT5‐73",NA,"posterior",1430.5,2.0839e-05
21,"R_Date","05BDT5‐73",NA,"posterior",1431.5,1.6647e-05
21,"R_Date","05BDT5‐73",NA,"posterior",1432.5,3.018e-05
21,"R_Date","05BDT5‐73",NA,"posterior",1433.5,3.539e-05
21,"R_Date","05BDT5‐73",NA,"posterior",1434.5,6.144e-05
21,"R_Date","05BDT5‐73",NA,"posterior",1435.5,8.856e-05
21,"R_Date","05BDT5‐73",NA,"posterior",1436.5,0.00017497
21,"R_Date","05BDT5‐73",NA,"posterior",1437.5,0.000324
21,"R_Date","05BDT5‐73",NA,"posterior",1438.5,0.0004729
21,"R_Date","05BDT5‐73",NA,"posterior",1439.5,0.0008781
21,"R_Date","05BDT5‐73",NA,"posterior",1440.5,0.0013709
21,"R_Date","05BDT5‐73",NA,"posterior",1441.5,0.0019011
21,"R_Date","05BDT5‐73",NA,"posterior",1442.5,0.0029052
21,"R_Date","05BDT5‐73",NA,"posterior",1443.5,0.004202
21,"R_Date","05BDT5‐73",NA,"posterior",1444.5,0.006184
21,"R_Date","05BDT5‐73",NA,"posterior",1445.5,0.009104
21,"R_Date","05BDT5‐73",NA,"posterior",1446.5,0.01239
21,"R_Date","05BDT5‐73",NA,"posterior",1447.5,0.017272
21,"R_Date","05BDT5‐73",NA,"posterior",1448.5,0.022423
21,"R_Date","05BDT5‐73",NA,"posterior",1449.5,0.027942
21,"R_Date","05BDT5‐73",NA,"posterior",1450.5,0.03411
21,"R_Date","05BDT5‐73",NA,"posterior",1451.5,0.03967
21,"R_Date","05BDT5‐73",NA,"posterior",1452.5,0.04537
21,"R_Date","05BDT5‐73",NA,"posterior",1453.5,0.05113
21,"R_Date","05BDT5‐73",NA,"posterior",1454.5,0.05548
21,"R_Date","05BDT5‐73",NA,"posterior",1455.5,0.05838
21,"R_Date","05BDT5‐73",NA,"posterior",1456.5,0.05988
21,"R_Date","05BDT5‐73",NA,"posterior",1457.5,0.05838
21,"R_Date","05BDT5‐73",NA,"posterior",1458.5,0.05459
21,"R_Date","05BDT5‐73",NA,"posterior",1459.5,0.04961
21,"R_Date","05BDT5‐73",NA,"posterior",1460.5,0.04488
21,"R_Date","05BDT5‐73",NA,"posterior",1461.5,0.04141
21,"R_Date","05BDT5‐73",NA,"posterior",1462.5,0.03779
21,"R_Date","05BDT5‐73",NA,"posterior",1463.5,0.03614
21,"R_Date","05BDT5‐73",NA,"posterior",1464.5,0.0338
21,"R_Date","05BDT5‐73",NA,"posterior",1465.5,0.03167
21,"R_Date","05BDT5‐73",NA,"posterior",1466.5,0.028949
21,"R_Date","05BDT5‐73",NA,"posterior",1467.5,0.024487
21,"R_Date","05BDT5‐73",NA,"posterior",1468.5,0.020877
21,"R_Date","05BDT5‐73",NA,"posterior",1469.5,0.017387
21,"R_Date","05BDT5‐73",NA,"posterior",1470.5,0.014638
21,"R_Date","05BDT5‐73",NA,"posterior",1471.5,0.012106
21,"R_Date","05BDT5‐73",NA,"posterior",1472.5,0.009688
21,"R_Date","05BDT5‐73",NA,"posterior",1473.5,0.007896
21,"R_Date","05BDT5‐73",NA,"posterior",1474.5,0.006002
21,"R_Date","05BDT5‐73",NA,"posterior",1475.5,0.004528
21,"R_Date","05BDT5‐73",NA,"posterior",1476.5,0.003396
21,"R_Date","05BDT5‐73",NA,"posterior",1477.5,0.0024
21,"R_Date","05BDT5‐73",NA,"posterior",1478.5,0.0018042
21,"R_Date","05BDT5‐73",NA,"posterior",1479.5,0.0013615
21,"R_Date","05BDT5‐73",NA,"posterior",1480.5,0.001075
21,"R_Date","05BDT5‐73",NA,"posterior",1481.5,0.0007615
21,"R_Date","05BDT5‐73",NA,"posterior",1482.5,0.0005854
21,"R_Date","05BDT5‐73",NA,"posterior",1483.5,0.0004583
21,"R_Date","05BDT5‐73",NA,"posterior",1484.5,0.0003323
21,"R_Date","05BDT5‐73",NA,"posterior",1485.5,0.00028647
21,"R_Date","05BDT5‐73",NA,"posterior",1486.5,0.00021252
21,"R_Date","05BDT5‐73",NA,"posterior",1487.5,0.00016252
21,"R_Date","05BDT5‐73",NA,"posterior",1488.5,0.00014479
21,"R_Date","05BDT5‐73",NA,"posterior",1489.5,9.06e-05
21,"R_Date","05BDT5‐73",NA,"posterior",1490.5,6.874e-05
21,"R_Date","05BDT5‐73",NA,"posterior",1491.5,5.311e-05
21,"R_Date","05BDT5‐73",NA,"posterior",1492.5,4.168e-05
21,"R_Date","05BDT5‐73",NA,"posterior",1493.5,2.7066e-05
21,"R_Date","05BDT5‐73",NA,"posterior",1494.5,1.4611e-05
21,"R_Date","05BDT5‐73",NA,"posterior",1495.5,2.0839e-05
21,"R_Date","05BDT5‐73",NA,"posterior",1496.5,1.2515e-05
21,"R_Date","05BDT5‐73",NA,"posterior",1497.5,9.401e-06
21,"R_Date","05BDT5‐73",NA,"posterior",1498.5,6.228e-06
21,"R_Date","05BDT5‐73",NA,"posterior",1499.5,5.21e-06
21,"R_Date","05BDT5‐73",NA,"posterior",1500.5,3.1138e-06
21,"R_Date","05BDT5‐73",NA,"posterior",1501.5,1.018e-06
21,"R_Date","05BDT5‐73",NA,"posterior",1502.5,2.0958e-06
22,"Calculate","Event 5",NA,"posterior",1442.5,0
22,"Calculate","Event 5",NA,"posterior",1443.5,3.1338e-06
22,"Calculate","Event 5",NA,"posterior",1444.5,2.1105e-06
22,"Calculate","Event 5",NA,"posterior",1445.5,6.268e-06
22,"Calculate","Event 5",NA,"posterior",1446.5,2.085e-05
22,"Calculate","Event 5",NA,"posterior",1447.5,4.477e-05
22,"Calculate","Event 5",NA,"posterior",1448.5,8.749e-05
22,"Calculate","Event 5",NA,"posterior",1449.5,0.00018336
22,"Calculate","Event 5",NA,"posterior",1450.5,0.0003719
22,"Calculate","Event 5",NA,"posterior",1451.5,0.0007333
22,"Calculate","Event 5",NA,"posterior",1452.5,0.0014073
22,"Calculate","Event 5",NA,"posterior",1453.5,0.0021177
22,"Calculate","Event 5",NA,"posterior",1454.5,0.003305
22,"Calculate","Event 5",NA,"posterior",1455.5,0.005083
22,"Calculate","Event 5",NA,"posterior",1456.5,0.007583
22,"Calculate","Event 5",NA,"posterior",1457.5,0.011076
22,"Calculate","Event 5",NA,"posterior",1458.5,0.016035
22,"Calculate","Event 5",NA,"posterior",1459.5,0.022023
22,"Calculate","Event 5",NA,"posterior",1460.5,0.029417
22,"Calculate","Event 5",NA,"posterior",1461.5,0.03708
22,"Calculate","Event 5",NA,"posterior",1462.5,0.04504
22,"Calculate","Event 5",NA,"posterior",1463.5,0.05223
22,"Calculate","Event 5",NA,"posterior",1464.5,0.05759
22,"Calculate","Event 5",NA,"posterior",1465.5,0.06157
22,"Calculate","Event 5",NA,"posterior",1466.5,0.06396
22,"Calculate","Event 5",NA,"posterior",1467.5,0.06301
22,"Calculate","Event 5",NA,"posterior",1468.5,0.06217
22,"Calculate","Event 5",NA,"posterior",1469.5,0.05959
22,"Calculate","Event 5",NA,"posterior",1470.5,0.05566
22,"Calculate","Event 5",NA,"posterior",1471.5,0.05107
22,"Calculate","Event 5",NA,"posterior",1472.5,0.04489
22,"Calculate","Event 5",NA,"posterior",1473.5,0.03915
22,"Calculate","Event 5",NA,"posterior",1474.5,0.03341
22,"Calculate","Event 5",NA,"posterior",1475.5,0.028334
22,"Calculate","Event 5",NA,"posterior",1476.5,0.02408
22,"Calculate","Event 5",NA,"posterior",1477.5,0.02046
22,"Calculate","Event 5",NA,"posterior",1478.5,0.01717
22,"Calculate","Event 5",NA,"posterior",1479.5,0.01454
22,"Calculate","Event 5",NA,"posterior",1480.5,0.012445
22,"Calculate","Event 5",NA,"posterior",1481.5,0.010664
22,"Calculate","Event 5",NA,"posterior",1482.5,0.008681
22,"Calculate","Event 5",NA,"posterior",1483.5,0.007297
22,"Calculate","Event 5",NA,"posterior",1484.5,0.006238
22,"Calculate","Event 5",NA,"posterior",1485.5,0.005132
22,"Calculate","Event 5",NA,"posterior",1486.5,0.004152
22,"Calculate","Event 5",NA,"posterior",1487.5,0.003361
22,"Calculate","Event 5",NA,"posterior",1488.5,0.0026187
22,"Calculate","Event 5",NA,"posterior",1489.5,0.0019792
22,"Calculate","Event 5",NA,"posterior",1490.5,0.0016135
22,"Calculate","Event 5",NA,"posterior",1491.5,0.0011604
22,"Calculate","Event 5",NA,"posterior",1492.5,9e-04
22,"Calculate","Event 5",NA,"posterior",1493.5,0.0006864
22,"Calculate","Event 5",NA,"posterior",1494.5,0.0005344
22,"Calculate","Event 5",NA,"posterior",1495.5,0.0004198
22,"Calculate","Event 5",NA,"posterior",1496.5,0.0003479
22,"Calculate","Event 5",NA,"posterior",1497.5,0.00028019
22,"Calculate","Event 5",NA,"posterior",1498.5,0.00025103
22,"Calculate","Event 5",NA,"posterior",1499.5,0.00017396
22,"Calculate","Event 5",NA,"posterior",1500.5,0.00013226
22,"Calculate","Event 5",NA,"posterior",1501.5,0.00010207
22,"Calculate","Event 5",NA,"posterior",1502.5,7.502e-05
22,"Calculate","Event 5",NA,"posterior",1503.5,6.46e-05
22,"Calculate","Event 5",NA,"posterior",1504.5,4.893e-05
22,"Calculate","Event 5",NA,"posterior",1505.5,3.0187e-05
22,"Calculate","Event 5",NA,"posterior",1506.5,2.5007e-05
22,"Calculate","Event 5",NA,"posterior",1507.5,1.7716e-05
22,"Calculate","Event 5",NA,"posterior",1508.5,1.4582e-05
22,"Calculate","Event 5",NA,"posterior",1509.5,1.4582e-05
22,"Calculate","Event 5",NA,"posterior",1510.5,6.268e-06
22,"Calculate","Event 5",NA,"posterior",1511.5,8.314e-06
22,"Calculate","Event 5",NA,"posterior",1512.5,4.157e-06
22,"Calculate","Event 5",NA,"posterior",1513.5,3.1338e-06
22,"Calculate","Event 5",NA,"posterior",1514.5,1.0233e-06
22,"Calculate","Event 5",NA,"posterior",1515.5,5.18e-06
22,"Calculate","Event 5",NA,"posterior",1516.5,3.1338e-06
24,"R_Date","07BDT11‐84",NA,"likelihood",1322.5,0
24,"R_Date","07BDT11‐84",NA,"likelihood",1323.5,0
24,"R_Date","07BDT11‐84",NA,"likelihood",1324.5,2.8799e-08
24,"R_Date","07BDT11‐84",NA,"likelihood",1325.5,2.8799e-08
24,"R_Date","07BDT11‐84",NA,"likelihood",1326.5,5.76e-08
24,"R_Date","07BDT11‐84",NA,"likelihood",1327.5,1.44e-07
24,"R_Date","07BDT11‐84",NA,"likelihood",1328.5,2.592e-07
24,"R_Date","07BDT11‐84",NA,"likelihood",1329.5,3.168e-07
24,"R_Date","07BDT11‐84",NA,"likelihood",1330.5,4.32e-07
24,"R_Date","07BDT11‐84",NA,"likelihood",1331.5,4.32e-07
24,"R_Date","07BDT11‐84",NA,"likelihood",1332.5,4.32e-07
24,"R_Date","07BDT11‐84",NA,"likelihood",1333.5,3.744e-07
24,"R_Date","07BDT11‐84",NA,"likelihood",1334.5,3.168e-07
24,"R_Date","07BDT11‐84",NA,"likelihood",1335.5,2.88e-07
24,"R_Date","07BDT11‐84",NA,"likelihood",1336.5,2.016e-07
24,"R_Date","07BDT11‐84",NA,"likelihood",1337.5,1.728e-07
24,"R_Date","07BDT11‐84",NA,"likelihood",1338.5,1.44e-07
24,"R_Date","07BDT11‐84",NA,"likelihood",1339.5,1.44e-07
24,"R_Date","07BDT11‐84",NA,"likelihood",1340.5,1.44e-07
24,"R_Date","07BDT11‐84",NA,"likelihood",1341.5,1.44e-07
24,"R_Date","07BDT11‐84",NA,"likelihood",1342.5,1.44e-07
24,"R_Date","07BDT11‐84",NA,"likelihood",1343.5,1.44e-07
24,"R_Date","07BDT11‐84",NA,"likelihood",1344.5,1.44e-07
24,"R_Date","07BDT11‐84",NA,"likelihood",1345.5,1.44e-07
24,"R_Date","07BDT11‐84",NA,"likelihood",1346.5,1.152e-07
24,"R_Date","07BDT11‐84",NA,"likelihood",1347.5,1.152e-07
24,"R_Date","07BDT11‐84",NA,"likelihood",1348.5,8.64e-08
24,"R_Date","07BDT11‐84",NA,"likelihood",1349.5,8.64e-08
24,"R_Date","07BDT11‐84",NA,"likelihood",1350.5,8.64e-08
24,"R_Date","07BDT11‐84",NA,"likelihood",1351.5,8.64e-08
24,"R_Date","07BDT11‐84",NA,"likelihood",1352.5,5.76e-08
24,"R_Date","07BDT11‐84",NA,"likelihood",1353.5,5.76e-08
24,"R_Date","07BDT11‐84",NA,"likelihood",1354.5,2.8799e-08
24,"R_Date","07BDT11‐84",NA,"likelihood",1355.5,0
24,"R_Date","07BDT11‐84",NA,"likelihood",1356.5,0
24,"R_Date","07BDT11‐84",NA,"likelihood",1357.5,0
24,"R_Date","07BDT11‐84",NA,"likelihood",1358.5,0
24,"R_Date","07BDT11‐84",NA,"likelihood",1359.5,0
24,"R_Date","07BDT11‐84",NA,"likelihood",1360.5,0
24,"R_Date","07BDT11‐84",NA,"likelihood",1361.5,0
24,"R_Date","07BDT11‐84",NA,"likelihood",1362.5,0
24,"R_Date","07BDT11‐84",NA,"likelihood",1363.5,0
24,"R_Date","07BDT11‐84",NA,"likelihood",1364.5,0
24,"R_Date","07BDT11‐84",NA,"likelihood",1365.5,0
24,"R_Date","07BDT11‐84",NA,"likelihood",1366.5,0
24,"R_Date","07BDT11‐84",NA,"likelihood",1367.5,0
24,"R_Date","07BDT11‐84",NA,"likelihood",1368.5,0
24,"R_Date","07BDT11‐84",NA,"likelihood",1369.5,0
24,"R_Date","07BDT11‐84",NA,"likelihood",1370.5,0
24,"R_Date","07BDT11‐84",NA,"likelihood",1371.5,0
24,"R_Date","07BDT11‐84",NA,"likelihood",1372.5,0
24,"R_Date","07BDT11‐84",NA,"likelihood",1373.5,0
24,"R_Date","07BDT11‐84",NA,"likelihood",1374.5,0
24,"R_Date","07BDT11‐84",NA,"likelihood",1375.5,0
24,"R_Date","07BDT11‐84",NA,"likelihood",1376.5,0
24,"R_Date","07BDT11‐84",NA,"likelihood",1377.5,0
24,"R_Date","07BDT11‐84",NA,"likelihood",1378.5,0
24,"R_Date","07BDT11‐84",NA,"likelihood",1379.5,0
24,"R_Date","07BDT11‐84",NA,"likelihood",1380.5,0
24,"R_Date","07BDT11‐84",NA,"likelihood",1381.5,0
24,"R_Date","07BDT11‐84",NA,"likelihood",1382.5,0
24,"R_Date","07BDT11‐84",NA,"likelihood",1383.5,0
24,"R_Date","07BDT11‐84",NA,"likelihood",1384.5,0
24,"R_Date","07BDT11‐84",NA,"likelihood",1385.5,0
24,"R_Date","07BDT11‐84",NA,"likelihood",1386.5,0
24,"R_Date","07BDT11‐84",NA,"likelihood",1387.5,0
24,"R_Date","07BDT11‐84",NA,"likelihood",1388.5,0
24,"R_Date","07BDT11‐84",NA,"likelihood",1389.5,0
24,"R_Date","07BDT11‐84",NA,"likelihood",1390.5,0
24,"R_Date","07BDT11‐84",NA,"likelihood",1391.5,0
24,"R_Date","07BDT11‐84",NA,"likelihood",1392.5,0
24,"R_Date","07BDT11‐84",NA,"likelihood",1393.5,2.8799e-08
24,"R_Date","07BDT11‐84",NA,"likelihood",1394.5,5.76e-08
24,"R_Date","07BDT11‐84",NA,"likelihood",1395.5,1.152e-07
24,"R_Date","07BDT11‐84",NA,"likelihood",1396.5,2.88e-07
24,"R_Date","07BDT11‐84",NA,"likelihood",1397.5,6.048e-07
24,"R_Date","07BDT11‐84",NA,"likelihood",1398.5,1.0656e-06
24,"R_Date","07BDT11‐84",NA,"likelihood",1399.5,1.8432e-06
24,"R_Date","07BDT11‐84",NA,"likelihood",1400.5,2.4192e-06
24,"R_Date","07BDT11‐84",NA,"likelihood",1401.5,3.1391e-06
24,"R_Date","07BDT11‐84",NA,"likelihood",1402.5,4.09e-06
24,"R_Date","07BDT11‐84",NA,"likelihood",1403.5,6.048e-06
24,"R_Date","07BDT11‐84",NA,"likelihood",1404.5,8.87e-06
24,"R_Date","07BDT11‐84",NA,"likelihood",1405.5,1.2873e-05
24,"R_Date","07BDT11‐84",NA,"likelihood",1406.5,2.0851e-05
24,"R_Date","07BDT11‐84",NA,"likelihood",1407.5,3.732e-05
24,"R_Date","07BDT11‐84",NA,"likelihood",1408.5,5.843e-05
24,"R_Date","07BDT11‐84",NA,"likelihood",1409.5,9.006e-05
24,"R_Date","07BDT11‐84",NA,"likelihood",1410.5,0.00013668
24,"R_Date","07BDT11‐84",NA,"likelihood",1411.5,0.00018504
24,"R_Date","07BDT11‐84",NA,"likelihood",1412.5,0.00022533
24,"R_Date","07BDT11‐84",NA,"likelihood",1413.5,0.00027331
24,"R_Date","07BDT11‐84",NA,"likelihood",1414.5,0.00030058
24,"R_Date","07BDT11‐84",NA,"likelihood",1415.5,0.00030058
24,"R_Date","07BDT11‐84",NA,"likelihood",1416.5,0.00030058
24,"R_Date","07BDT11‐84",NA,"likelihood",1417.5,0.00030058
24,"R_Date","07BDT11‐84",NA,"likelihood",1418.5,0.0003302
24,"R_Date","07BDT11‐84",NA,"likelihood",1419.5,0.0003625
24,"R_Date","07BDT11‐84",NA,"likelihood",1420.5,0.0004354
24,"R_Date","07BDT11‐84",NA,"likelihood",1421.5,0.0006211
24,"R_Date","07BDT11‐84",NA,"likelihood",1422.5,0.0008723
24,"R_Date","07BDT11‐84",NA,"likelihood",1423.5,0.0013045
24,"R_Date","07BDT11‐84",NA,"likelihood",1424.5,0.0019039
24,"R_Date","07BDT11‐84",NA,"likelihood",1425.5,0.0025314
24,"R_Date","07BDT11‐84",NA,"likelihood",1426.5,0.003313
24,"R_Date","07BDT11‐84",NA,"likelihood",1427.5,0.004013
24,"R_Date","07BDT11‐84",NA,"likelihood",1428.5,0.004538
24,"R_Date","07BDT11‐84",NA,"likelihood",1429.5,0.004818
24,"R_Date","07BDT11‐84",NA,"likelihood",1430.5,0.005111
24,"R_Date","07BDT11‐84",NA,"likelihood",1431.5,0.005416
24,"R_Date","07BDT11‐84",NA,"likelihood",1432.5,0.006064
24,"R_Date","07BDT11‐84",NA,"likelihood",1433.5,0.006762
24,"R_Date","07BDT11‐84",NA,"likelihood",1434.5,0.007512
24,"R_Date","07BDT11‐84",NA,"likelihood",1435.5,0.009161
24,"R_Date","07BDT11‐84",NA,"likelihood",1436.5,0.010522
24,"R_Date","07BDT11‐84",NA,"likelihood",1437.5,0.012482
24,"R_Date","07BDT11‐84",NA,"likelihood",1438.5,0.014042
24,"R_Date","07BDT11‐84",NA,"likelihood",1439.5,0.015657
24,"R_Date","07BDT11‐84",NA,"likelihood",1440.5,0.016753
24,"R_Date","07BDT11‐84",NA,"likelihood",1441.5,0.018404
24,"R_Date","07BDT11‐84",NA,"likelihood",1442.5,0.020039
24,"R_Date","07BDT11‐84",NA,"likelihood",1443.5,0.021625
24,"R_Date","07BDT11‐84",NA,"likelihood",1444.5,0.023606
24,"R_Date","07BDT11‐84",NA,"likelihood",1445.5,0.025363
24,"R_Date","07BDT11‐84",NA,"likelihood",1446.5,0.026487
24,"R_Date","07BDT11‐84",NA,"likelihood",1447.5,0.027675
24,"R_Date","07BDT11‐84",NA,"likelihood",1448.5,0.028458
24,"R_Date","07BDT11‐84",NA,"likelihood",1449.5,0.028757
24,"R_Date","07BDT11‐84",NA,"likelihood",1450.5,0.0288
24,"R_Date","07BDT11‐84",NA,"likelihood",1451.5,0.028684
24,"R_Date","07BDT11‐84",NA,"likelihood",1452.5,0.028454
24,"R_Date","07BDT11‐84",NA,"likelihood",1453.5,0.028114
24,"R_Date","07BDT11‐84",NA,"likelihood",1454.5,0.027404
24,"R_Date","07BDT11‐84",NA,"likelihood",1455.5,0.026116
24,"R_Date","07BDT11‐84",NA,"likelihood",1456.5,0.024042
24,"R_Date","07BDT11‐84",NA,"likelihood",1457.5,0.021582
24,"R_Date","07BDT11‐84",NA,"likelihood",1458.5,0.018893
24,"R_Date","07BDT11‐84",NA,"likelihood",1459.5,0.016679
24,"R_Date","07BDT11‐84",NA,"likelihood",1460.5,0.014489
24,"R_Date","07BDT11‐84",NA,"likelihood",1461.5,0.013953
24,"R_Date","07BDT11‐84",NA,"likelihood",1462.5,0.013422
24,"R_Date","07BDT11‐84",NA,"likelihood",1463.5,0.013953
24,"R_Date","07BDT11‐84",NA,"likelihood",1464.5,0.014489
24,"R_Date","07BDT11‐84",NA,"likelihood",1465.5,0.015031
24,"R_Date","07BDT11‐84",NA,"likelihood",1466.5,0.015577
24,"R_Date","07BDT11‐84",NA,"likelihood",1467.5,0.015031
24,"R_Date","07BDT11‐84",NA,"likelihood",1468.5,0.014489
24,"R_Date","07BDT11‐84",NA,"likelihood",1469.5,0.013953
24,"R_Date","07BDT11‐84",NA,"likelihood",1470.5,0.013422
24,"R_Date","07BDT11‐84",NA,"likelihood",1471.5,0.013422
24,"R_Date","07BDT11‐84",NA,"likelihood",1472.5,0.012899
24,"R_Date","07BDT11‐84",NA,"likelihood",1473.5,0.011878
24,"R_Date","07BDT11‐84",NA,"likelihood",1474.5,0.010892
24,"R_Date","07BDT11‐84",NA,"likelihood",1475.5,0.009493
24,"R_Date","07BDT11‐84",NA,"likelihood",1476.5,0.008199
24,"R_Date","07BDT11‐84",NA,"likelihood",1477.5,0.007017
24,"R_Date","07BDT11‐84",NA,"likelihood",1478.5,0.006293
24,"R_Date","07BDT11‐84",NA,"likelihood",1479.5,0.00562
24,"R_Date","07BDT11‐84",NA,"likelihood",1480.5,0.005
24,"R_Date","07BDT11‐84",NA,"likelihood",1481.5,0.004708
24,"R_Date","07BDT11‐84",NA,"likelihood",1482.5,0.004311
24,"R_Date","07BDT11‐84",NA,"likelihood",1483.5,0.004047
24,"R_Date","07BDT11‐84",NA,"likelihood",1484.5,0.004047
24,"R_Date","07BDT11‐84",NA,"likelihood",1485.5,0.004047
24,"R_Date","07BDT11‐84",NA,"likelihood",1486.5,0.004047
24,"R_Date","07BDT11‐84",NA,"likelihood",1487.5,0.004047
24,"R_Date","07BDT11‐84",NA,"likelihood",1488.5,0.003908
24,"R_Date","07BDT11‐84",NA,"likelihood",1489.5,0.003666
24,"R_Date","07BDT11‐84",NA,"likelihood",1490.5,0.003434
24,"R_Date","07BDT11‐84",NA,"likelihood",1491.5,0.003215
24,"R_Date","07BDT11‐84",NA,"likelihood",1492.5,0.0030057
24,"R_Date","07BDT11‐84",NA,"likelihood",1493.5,0.0026198
24,"R_Date","07BDT11‐84",NA,"likelihood",1494.5,0.0024421
24,"R_Date","07BDT11‐84",NA,"likelihood",1495.5,0.0021156
24,"R_Date","07BDT11‐84",NA,"likelihood",1496.5,0.0019661
24,"R_Date","07BDT11‐84",NA,"likelihood",1497.5,0.0018253
24,"R_Date","07BDT11‐84",NA,"likelihood",1498.5,0.0018253
24,"R_Date","07BDT11‐84",NA,"likelihood",1499.5,0.0016928
24,"R_Date","07BDT11‐84",NA,"likelihood",1500.5,0.0016928
24,"R_Date","07BDT11‐84",NA,"likelihood",1501.5,0.0016928
24,"R_Date","07BDT11‐84",NA,"likelihood",1502.5,0.0015683
24,"R_Date","07BDT11‐84",NA,"likelihood",1503.5,0.0014515
24,"R_Date","07BDT11‐84",NA,"likelihood",1504.5,0.0013421
24,"R_Date","07BDT11‐84",NA,"likelihood",1505.5,0.0012396
24,"R_Date","07BDT11‐84",NA,"likelihood",1506.5,0.0011437
24,"R_Date","07BDT11‐84",NA,"likelihood",1507.5,0.0010542
24,"R_Date","07BDT11‐84",NA,"likelihood",1508.5,0.0009707
24,"R_Date","07BDT11‐84",NA,"likelihood",1509.5,0.0008206
24,"R_Date","07BDT11‐84",NA,"likelihood",1510.5,0.0007533
24,"R_Date","07BDT11‐84",NA,"likelihood",1511.5,0.0006328
24,"R_Date","07BDT11‐84",NA,"likelihood",1512.5,0.0005413
24,"R_Date","07BDT11‐84",NA,"likelihood",1513.5,0.000494
24,"R_Date","07BDT11‐84",NA,"likelihood",1514.5,0.000494
24,"R_Date","07BDT11‐84",NA,"likelihood",1515.5,0.0005294
24,"R_Date","07BDT11‐84",NA,"likelihood",1516.5,0.0005294
24,"R_Date","07BDT11‐84",NA,"likelihood",1517.5,0.0005294
24,"R_Date","07BDT11‐84",NA,"likelihood",1518.5,0.0004835
24,"R_Date","07BDT11‐84",NA,"likelihood",1519.5,0.0004411
24,"R_Date","07BDT11‐84",NA,"likelihood",1520.5,0.0003329
24,"R_Date","07BDT11‐84",NA,"likelihood",1521.5,0.00027457
24,"R_Date","07BDT11‐84",NA,"likelihood",1522.5,0.00020404
24,"R_Date","07BDT11‐84",NA,"likelihood",1523.5,0.00015025
24,"R_Date","07BDT11‐84",NA,"likelihood",1524.5,0.00010961
24,"R_Date","07BDT11‐84",NA,"likelihood",1525.5,6.359e-05
24,"R_Date","07BDT11‐84",NA,"likelihood",1526.5,4.012e-05
24,"R_Date","07BDT11‐84",NA,"likelihood",1527.5,2.4883e-05
24,"R_Date","07BDT11‐84",NA,"likelihood",1528.5,1.5177e-05
24,"R_Date","07BDT11‐84",NA,"likelihood",1529.5,1.0368e-05
24,"R_Date","07BDT11‐84",NA,"likelihood",1530.5,8.179e-06
24,"R_Date","07BDT11‐84",NA,"likelihood",1531.5,6.278e-06
24,"R_Date","07BDT11‐84",NA,"likelihood",1532.5,4.838e-06
24,"R_Date","07BDT11‐84",NA,"likelihood",1533.5,4.234e-06
24,"R_Date","07BDT11‐84",NA,"likelihood",1534.5,4.234e-06
24,"R_Date","07BDT11‐84",NA,"likelihood",1535.5,4.838e-06
24,"R_Date","07BDT11‐84",NA,"likelihood",1536.5,5.501e-06
24,"R_Date","07BDT11‐84",NA,"likelihood",1537.5,6.134e-06
24,"R_Date","07BDT11‐84",NA,"likelihood",1538.5,9.302e-06
24,"R_Date","07BDT11‐84",NA,"likelihood",1539.5,1.1981e-05
24,"R_Date","07BDT11‐84",NA,"likelihood",1540.5,1.3392e-05
24,"R_Date","07BDT11‐84",NA,"likelihood",1541.5,1.7424e-05
24,"R_Date","07BDT11‐84",NA,"likelihood",1542.5,1.7222e-05
24,"R_Date","07BDT11‐84",NA,"likelihood",1543.5,2.2262e-05
24,"R_Date","07BDT11‐84",NA,"likelihood",1544.5,1.9699e-05
24,"R_Date","07BDT11‐84",NA,"likelihood",1545.5,1.7424e-05
24,"R_Date","07BDT11‐84",NA,"likelihood",1546.5,1.5408e-05
24,"R_Date","07BDT11‐84",NA,"likelihood",1547.5,1.3593e-05
24,"R_Date","07BDT11‐84",NA,"likelihood",1548.5,1.3593e-05
24,"R_Date","07BDT11‐84",NA,"likelihood",1549.5,1.3593e-05
24,"R_Date","07BDT11‐84",NA,"likelihood",1550.5,1.7424e-05
24,"R_Date","07BDT11‐84",NA,"likelihood",1551.5,2.2262e-05
24,"R_Date","07BDT11‐84",NA,"likelihood",1552.5,2.8281e-05
24,"R_Date","07BDT11‐84",NA,"likelihood",1553.5,3.583e-05
24,"R_Date","07BDT11‐84",NA,"likelihood",1554.5,4.026e-05
24,"R_Date","07BDT11‐84",NA,"likelihood",1555.5,4.519e-05
24,"R_Date","07BDT11‐84",NA,"likelihood",1556.5,5.066e-05
24,"R_Date","07BDT11‐84",NA,"likelihood",1557.5,6.347e-05
24,"R_Date","07BDT11‐84",NA,"likelihood",1558.5,7.096e-05
24,"R_Date","07BDT11‐84",NA,"likelihood",1559.5,8.839e-05
24,"R_Date","07BDT11‐84",NA,"likelihood",1560.5,0.00010961
24,"R_Date","07BDT11‐84",NA,"likelihood",1561.5,0.00012188
24,"R_Date","07BDT11‐84",NA,"likelihood",1562.5,0.00013539
24,"R_Date","07BDT11‐84",NA,"likelihood",1563.5,0.00012188
24,"R_Date","07BDT11‐84",NA,"likelihood",1564.5,0.00010961
24,"R_Date","07BDT11‐84",NA,"likelihood",1565.5,8.839e-05
24,"R_Date","07BDT11‐84",NA,"likelihood",1566.5,7.923e-05
24,"R_Date","07BDT11‐84",NA,"likelihood",1567.5,7.096e-05
24,"R_Date","07BDT11‐84",NA,"likelihood",1568.5,6.359e-05
24,"R_Date","07BDT11‐84",NA,"likelihood",1569.5,7.096e-05
24,"R_Date","07BDT11‐84",NA,"likelihood",1570.5,8.839e-05
24,"R_Date","07BDT11‐84",NA,"likelihood",1571.5,9.847e-05
24,"R_Date","07BDT11‐84",NA,"likelihood",1572.5,0.00012188
24,"R_Date","07BDT11‐84",NA,"likelihood",1573.5,0.00013539
24,"R_Date","07BDT11‐84",NA,"likelihood",1574.5,0.00016658
24,"R_Date","07BDT11‐84",NA,"likelihood",1575.5,0.00018446
24,"R_Date","07BDT11‐84",NA,"likelihood",1576.5,0.0002255
24,"R_Date","07BDT11‐84",NA,"likelihood",1577.5,0.00024897
24,"R_Date","07BDT11‐84",NA,"likelihood",1578.5,0.00027457
24,"R_Date","07BDT11‐84",NA,"likelihood",1579.5,0.00027457
24,"R_Date","07BDT11‐84",NA,"likelihood",1580.5,0.00030251
24,"R_Date","07BDT11‐84",NA,"likelihood",1581.5,0.00030251
24,"R_Date","07BDT11‐84",NA,"likelihood",1582.5,0.00030251
24,"R_Date","07BDT11‐84",NA,"likelihood",1583.5,0.00030251
24,"R_Date","07BDT11‐84",NA,"likelihood",1584.5,0.00030251
24,"R_Date","07BDT11‐84",NA,"likelihood",1585.5,0.00027457
24,"R_Date","07BDT11‐84",NA,"likelihood",1586.5,0.00027457
24,"R_Date","07BDT11‐84",NA,"likelihood",1587.5,0.00030251
24,"R_Date","07BDT11‐84",NA,"likelihood",1588.5,0.0003329
24,"R_Date","07BDT11‐84",NA,"likelihood",1589.5,0.000402
24,"R_Date","07BDT11‐84",NA,"likelihood",1590.5,0.0004835
24,"R_Date","07BDT11‐84",NA,"likelihood",1591.5,0.0006328
24,"R_Date","07BDT11‐84",NA,"likelihood",1592.5,0.0007533
24,"R_Date","07BDT11‐84",NA,"likelihood",1593.5,0.000893
24,"R_Date","07BDT11‐84",NA,"likelihood",1594.5,0.0010542
24,"R_Date","07BDT11‐84",NA,"likelihood",1595.5,0.0012396
24,"R_Date","07BDT11‐84",NA,"likelihood",1596.5,0.0012396
24,"R_Date","07BDT11‐84",NA,"likelihood",1597.5,0.0013421
24,"R_Date","07BDT11‐84",NA,"likelihood",1598.5,0.0014515
24,"R_Date","07BDT11‐84",NA,"likelihood",1599.5,0.0015683
24,"R_Date","07BDT11‐84",NA,"likelihood",1600.5,0.0016928
24,"R_Date","07BDT11‐84",NA,"likelihood",1601.5,0.0019661
24,"R_Date","07BDT11‐84",NA,"likelihood",1602.5,0.0024421
24,"R_Date","07BDT11‐84",NA,"likelihood",1603.5,0.0030057
24,"R_Date","07BDT11‐84",NA,"likelihood",1604.5,0.003434
24,"R_Date","07BDT11‐84",NA,"likelihood",1605.5,0.003666
24,"R_Date","07BDT11‐84",NA,"likelihood",1606.5,0.003666
24,"R_Date","07BDT11‐84",NA,"likelihood",1607.5,0.003215
24,"R_Date","07BDT11‐84",NA,"likelihood",1608.5,0.0028076
24,"R_Date","07BDT11‐84",NA,"likelihood",1609.5,0.0024421
24,"R_Date","07BDT11‐84",NA,"likelihood",1610.5,0.0021156
24,"R_Date","07BDT11‐84",NA,"likelihood",1611.5,0.0019661
24,"R_Date","07BDT11‐84",NA,"likelihood",1612.5,0.0019661
24,"R_Date","07BDT11‐84",NA,"likelihood",1613.5,0.0019661
24,"R_Date","07BDT11‐84",NA,"likelihood",1614.5,0.0019661
24,"R_Date","07BDT11‐84",NA,"likelihood",1615.5,0.0018253
24,"R_Date","07BDT11‐84",NA,"likelihood",1616.5,0.0016928
24,"R_Date","07BDT11‐84",NA,"likelihood",1617.5,0.0013421
24,"R_Date","07BDT11‐84",NA,"likelihood",1618.5,0.0009707
24,"R_Date","07BDT11‐84",NA,"likelihood",1619.5,0.0007533
24,"R_Date","07BDT11‐84",NA,"likelihood",1620.5,0.0005294
24,"R_Date","07BDT11‐84",NA,"likelihood",1621.5,0.000366
24,"R_Date","07BDT11‐84",NA,"likelihood",1622.5,0.00024897
24,"R_Date","07BDT11‐84",NA,"likelihood",1623.5,0.00020404
24,"R_Date","07BDT11‐84",NA,"likelihood",1624.5,0.00018446
24,"R_Date","07BDT11‐84",NA,"likelihood",1625.5,0.00016658
24,"R_Date","07BDT11‐84",NA,"likelihood",1626.5,0.00016658
24,"R_Date","07BDT11‐84",NA,"likelihood",1627.5,0.00018446
24,"R_Date","07BDT11‐84",NA,"likelihood",1628.5,0.00018446
24,"R_Date","07BDT11‐84",NA,"likelihood",1629.5,0.00015025
24,"R_Date","07BDT11‐84",NA,"likelihood",1630.5,0.00012188
24,"R_Date","07BDT11‐84",NA,"likelihood",1631.5,9.847e-05
24,"R_Date","07BDT11‐84",NA,"likelihood",1632.5,6.347e-05
24,"R_Date","07BDT11‐84",NA,"likelihood",1633.5,3.583e-05
24,"R_Date","07BDT11‐84",NA,"likelihood",1634.5,2.2262e-05
24,"R_Date","07BDT11‐84",NA,"likelihood",1635.5,1.1981e-05
24,"R_Date","07BDT11‐84",NA,"likelihood",1636.5,7.171e-06
24,"R_Date","07BDT11‐84",NA,"likelihood",1637.5,4.234e-06
24,"R_Date","07BDT11‐84",NA,"likelihood",1638.5,2.7936e-06
24,"R_Date","07BDT11‐84",NA,"likelihood",1639.5,1.6128e-06
24,"R_Date","07BDT11‐84",NA,"likelihood",1640.5,8.928e-07
24,"R_Date","07BDT11‐84",NA,"likelihood",1641.5,4.32e-07
24,"R_Date","07BDT11‐84",NA,"likelihood",1642.5,2.304e-07
24,"R_Date","07BDT11‐84",NA,"likelihood",1643.5,1.152e-07
24,"R_Date","07BDT11‐84",NA,"likelihood",1644.5,5.76e-08
24,"R_Date","07BDT11‐84",NA,"likelihood",1645.5,2.8799e-08
24,"R_Date","07BDT11‐84",NA,"likelihood",1646.5,2.8799e-08
24,"R_Date","07BDT11‐84",NA,"likelihood",1647.5,0
24,"R_Date","07BDT11‐84",NA,"likelihood",1648.5,0
24,"R_Date","07BDT11‐84",NA,"posterior",1443.5,0
24,"R_Date","07BDT11‐84",NA,"posterior",1444.5,1.0428e-06
24,"R_Date","07BDT11‐84",NA,"posterior",1445.5,1.0428e-06
24,"R_Date","07BDT11‐84",NA,"posterior",1446.5,0
24,"R_Date","07BDT11‐84",NA,"posterior",1447.5,7.299e-06
24,"R_Date","07BDT11‐84",NA,"posterior",1448.5,9.385e-06
24,"R_Date","07BDT11‐84",NA,"posterior",1449.5,7.299e-06
24,"R_Date","07BDT11‐84",NA,"posterior",1450.5,4.374e-05
24,"R_Date","07BDT11‐84",NA,"posterior",1451.5,0.00010415
24,"R_Date","07BDT11‐84",NA,"posterior",1452.5,0.00014998
24,"R_Date","07BDT11‐84",NA,"posterior",1453.5,0.00031565
24,"R_Date","07BDT11‐84",NA,"posterior",1454.5,0.0005833
24,"R_Date","07BDT11‐84",NA,"posterior",1455.5,0.0009969
24,"R_Date","07BDT11‐84",NA,"posterior",1456.5,0.0014802
24,"R_Date","07BDT11‐84",NA,"posterior",1457.5,0.0022323
24,"R_Date","07BDT11‐84",NA,"posterior",1458.5,0.003322
24,"R_Date","07BDT11‐84",NA,"posterior",1459.5,0.004494
24,"R_Date","07BDT11‐84",NA,"posterior",1460.5,0.005728
24,"R_Date","07BDT11‐84",NA,"posterior",1461.5,0.008229
24,"R_Date","07BDT11‐84",NA,"posterior",1462.5,0.011081
24,"R_Date","07BDT11‐84",NA,"posterior",1463.5,0.015713
24,"R_Date","07BDT11‐84",NA,"posterior",1464.5,0.020471
24,"R_Date","07BDT11‐84",NA,"posterior",1465.5,0.02688
24,"R_Date","07BDT11‐84",NA,"posterior",1466.5,0.03424
24,"R_Date","07BDT11‐84",NA,"posterior",1467.5,0.04017
24,"R_Date","07BDT11‐84",NA,"posterior",1468.5,0.04491
24,"R_Date","07BDT11‐84",NA,"posterior",1469.5,0.04966
24,"R_Date","07BDT11‐84",NA,"posterior",1470.5,0.05453
24,"R_Date","07BDT11‐84",NA,"posterior",1471.5,0.05887
24,"R_Date","07BDT11‐84",NA,"posterior",1472.5,0.06134
24,"R_Date","07BDT11‐84",NA,"posterior",1473.5,0.05949
24,"R_Date","07BDT11‐84",NA,"posterior",1474.5,0.05764
24,"R_Date","07BDT11‐84",NA,"posterior",1475.5,0.05288
24,"R_Date","07BDT11‐84",NA,"posterior",1476.5,0.0463
24,"R_Date","07BDT11‐84",NA,"posterior",1477.5,0.03956
24,"R_Date","07BDT11‐84",NA,"posterior",1478.5,0.03541
24,"R_Date","07BDT11‐84",NA,"posterior",1479.5,0.03083
24,"R_Date","07BDT11‐84",NA,"posterior",1480.5,0.027521
24,"R_Date","07BDT11‐84",NA,"posterior",1481.5,0.024878
24,"R_Date","07BDT11‐84",NA,"posterior",1482.5,0.021987
24,"R_Date","07BDT11‐84",NA,"posterior",1483.5,0.019919
24,"R_Date","07BDT11‐84",NA,"posterior",1484.5,0.018384
24,"R_Date","07BDT11‐84",NA,"posterior",1485.5,0.01715
24,"R_Date","07BDT11‐84",NA,"posterior",1486.5,0.015757
24,"R_Date","07BDT11‐84",NA,"posterior",1487.5,0.014511
24,"R_Date","07BDT11‐84",NA,"posterior",1488.5,0.012713
24,"R_Date","07BDT11‐84",NA,"posterior",1489.5,0.010865
24,"R_Date","07BDT11‐84",NA,"posterior",1490.5,0.008949
24,"R_Date","07BDT11‐84",NA,"posterior",1491.5,0.007716
24,"R_Date","07BDT11‐84",NA,"posterior",1492.5,0.006156
24,"R_Date","07BDT11‐84",NA,"posterior",1493.5,0.004839
24,"R_Date","07BDT11‐84",NA,"posterior",1494.5,0.00398
24,"R_Date","07BDT11‐84",NA,"posterior",1495.5,0.0030229
24,"R_Date","07BDT11‐84",NA,"posterior",1496.5,0.0023698
24,"R_Date","07BDT11‐84",NA,"posterior",1497.5,0.0019583
24,"R_Date","07BDT11‐84",NA,"posterior",1498.5,0.0017114
24,"R_Date","07BDT11‐84",NA,"posterior",1499.5,0.0013438
24,"R_Date","07BDT11‐84",NA,"posterior",1500.5,0.0012656
24,"R_Date","07BDT11‐84",NA,"posterior",1501.5,0.0010677
24,"R_Date","07BDT11‐84",NA,"posterior",1502.5,0.0008823
24,"R_Date","07BDT11‐84",NA,"posterior",1503.5,0.0006865
24,"R_Date","07BDT11‐84",NA,"posterior",1504.5,0.0005354
24,"R_Date","07BDT11‐84",NA,"posterior",1505.5,0.0004136
24,"R_Date","07BDT11‐84",NA,"posterior",1506.5,0.0003604
24,"R_Date","07BDT11‐84",NA,"posterior",1507.5,0.00027081
24,"R_Date","07BDT11‐84",NA,"posterior",1508.5,0.00022604
24,"R_Date","07BDT11‐84",NA,"posterior",1509.5,0.00019377
24,"R_Date","07BDT11‐84",NA,"posterior",1510.5,0.00014065
24,"R_Date","07BDT11‐84",NA,"posterior",1511.5,0.00010415
24,"R_Date","07BDT11‐84",NA,"posterior",1512.5,7.502e-05
24,"R_Date","07BDT11‐84",NA,"posterior",1513.5,5.625e-05
24,"R_Date","07BDT11‐84",NA,"posterior",1514.5,5.208e-05
24,"R_Date","07BDT11‐84",NA,"posterior",1515.5,5.312e-05
24,"R_Date","07BDT11‐84",NA,"posterior",1516.5,4.686e-05
24,"R_Date","07BDT11‐84",NA,"posterior",1517.5,4.686e-05
24,"R_Date","07BDT11‐84",NA,"posterior",1518.5,3.435e-05
24,"R_Date","07BDT11‐84",NA,"posterior",1519.5,2.6069e-05
24,"R_Date","07BDT11‐84",NA,"posterior",1520.5,2.1898e-05
24,"R_Date","07BDT11‐84",NA,"posterior",1521.5,1.0428e-05
24,"R_Date","07BDT11‐84",NA,"posterior",1522.5,1.0428e-05
24,"R_Date","07BDT11‐84",NA,"posterior",1523.5,5.214e-06
24,"R_Date","07BDT11‐84",NA,"posterior",1524.5,1.0428e-06
24,"R_Date","07BDT11‐84",NA,"posterior",1525.5,4.171e-06
24,"R_Date","07BDT11‐84",NA,"posterior",1526.5,1.0428e-06
24,"R_Date","07BDT11‐84",NA,"posterior",1527.5,0
24,"R_Date","07BDT11‐84",NA,"posterior",1528.5,1.0428e-06
24,"R_Date","07BDT11‐84",NA,"posterior",1529.5,1.0428e-06
24,"R_Date","07BDT11‐84",NA,"posterior",1530.5,0
24,"R_Date","07BDT11‐84",NA,"posterior",1531.5,1.0428e-06
24,"R_Date","07BDT11‐84",NA,"posterior",1532.5,0
24,"R_Date","07BDT11‐84",NA,"posterior",1533.5,0
24,"R_Date","07BDT11‐84",NA,"posterior",1534.5,0
24,"R_Date","07BDT11‐84",NA,"posterior",1535.5,0
24,"R_Date","07BDT11‐84",NA,"posterior",1536.5,0
24,"R_Date","07BDT11‐84",NA,"posterior",1537.5,0
24,"R_Date","07BDT11‐84",NA,"posterior",1538.5,0
24,"R_Date","07BDT11‐84",NA,"posterior",1539.5,0
24,"R_Date","07BDT11‐84",NA,"posterior",1540.5,1.0428e-06
24,"R_Date","07BDT11‐84",NA,"posterior",1541.5,0
24,"R_Date","07BDT11‐84",NA,"posterior",1542.5,0
24,"R_Date","07BDT11‐84",NA,"posterior",1543.5,1.0428e-06
24,"R_Date","07BDT11‐84",NA,"posterior",1544.5,0
24,"R_Date","07BDT11‐84",NA,"posterior",1545.5,0
24,"R_Date","07BDT11‐84",NA,"posterior",1546.5,1.0428e-06
24,"R_Date","07BDT11‐84",NA,"posterior",1547.5,1.0428e-06
24,"R_Date","07BDT11‐84",NA,"posterior",1548.5,0
24,"R_Date","07BDT11‐84",NA,"posterior",1549.5,0
24,"R_Date","07BDT11‐84",NA,"posterior",1550.5,0
24,"R_Date","07BDT11‐84",NA,"posterior",1551.5,2.0855e-06
24,"R_Date","07BDT11‐84",NA,"posterior",1552.5,0
24,"R_Date","07BDT11‐84",NA,"posterior",1553.5,0
24,"R_Date","07BDT11‐84",NA,"posterior",1554.5,0
24,"R_Date","07BDT11‐84",NA,"posterior",1555.5,0
24,"R_Date","07BDT11‐84",NA,"posterior",1556.5,2.0855e-06
24,"R_Date","07BDT11‐84",NA,"posterior",1557.5,1.0428e-06
24,"R_Date","07BDT11‐84",NA,"posterior",1558.5,0
24,"R_Date","07BDT11‐84",NA,"posterior",1559.5,0
24,"R_Date","07BDT11‐84",NA,"posterior",1560.5,0
24,"R_Date","07BDT11‐84",NA,"posterior",1561.5,3.1283e-06
24,"R_Date","07BDT11‐84",NA,"posterior",1562.5,0
24,"R_Date","07BDT11‐84",NA,"posterior",1563.5,0
24,"R_Date","07BDT11‐84",NA,"posterior",1564.5,0
25,"R_Date","07BDT5‐47",NA,"likelihood",1398.5,0
25,"R_Date","07BDT5‐47",NA,"likelihood",1399.5,1.6121e-08
25,"R_Date","07BDT5‐47",NA,"likelihood",1400.5,1.6121e-08
25,"R_Date","07BDT5‐47",NA,"likelihood",1401.5,1.6121e-08
25,"R_Date","07BDT5‐47",NA,"likelihood",1402.5,3.224e-08
25,"R_Date","07BDT5‐47",NA,"likelihood",1403.5,4.836e-08
25,"R_Date","07BDT5‐47",NA,"likelihood",1404.5,8.06e-08
25,"R_Date","07BDT5‐47",NA,"likelihood",1405.5,1.1285e-07
25,"R_Date","07BDT5‐47",NA,"likelihood",1406.5,2.0957e-07
25,"R_Date","07BDT5‐47",NA,"likelihood",1407.5,4.353e-07
25,"R_Date","07BDT5‐47",NA,"likelihood",1408.5,7.738e-07
25,"R_Date","07BDT5‐47",NA,"likelihood",1409.5,1.3541e-06
25,"R_Date","07BDT5‐47",NA,"likelihood",1410.5,2.2892e-06
25,"R_Date","07BDT5‐47",NA,"likelihood",1411.5,3.385e-06
25,"R_Date","07BDT5‐47",NA,"likelihood",1412.5,4.369e-06
25,"R_Date","07BDT5‐47",NA,"likelihood",1413.5,5.626e-06
25,"R_Date","07BDT5‐47",NA,"likelihood",1414.5,6.368e-06
25,"R_Date","07BDT5‐47",NA,"likelihood",1415.5,6.368e-06
25,"R_Date","07BDT5‐47",NA,"likelihood",1416.5,6.368e-06
25,"R_Date","07BDT5‐47",NA,"likelihood",1417.5,6.368e-06
25,"R_Date","07BDT5‐47",NA,"likelihood",1418.5,7.206e-06
25,"R_Date","07BDT5‐47",NA,"likelihood",1419.5,8.141e-06
25,"R_Date","07BDT5‐47",NA,"likelihood",1420.5,1.0366e-05
25,"R_Date","07BDT5‐47",NA,"likelihood",1421.5,1.6604e-05
25,"R_Date","07BDT5‐47",NA,"likelihood",1422.5,2.618e-05
25,"R_Date","07BDT5‐47",NA,"likelihood",1423.5,4.53e-05
25,"R_Date","07BDT5‐47",NA,"likelihood",1424.5,7.651e-05
25,"R_Date","07BDT5‐47",NA,"likelihood",1425.5,0.00011434
25,"R_Date","07BDT5‐47",NA,"likelihood",1426.5,0.00016825
25,"R_Date","07BDT5‐47",NA,"likelihood",1427.5,0.0002225
25,"R_Date","07BDT5‐47",NA,"likelihood",1428.5,0.00026677
25,"R_Date","07BDT5‐47",NA,"likelihood",1429.5,0.00029167
25,"R_Date","07BDT5‐47",NA,"likelihood",1430.5,0.0003186
25,"R_Date","07BDT5‐47",NA,"likelihood",1431.5,0.0003477
25,"R_Date","07BDT5‐47",NA,"likelihood",1432.5,0.0004128
25,"R_Date","07BDT5‐47",NA,"likelihood",1433.5,0.0004883
25,"R_Date","07BDT5‐47",NA,"likelihood",1434.5,0.0005752
25,"R_Date","07BDT5‐47",NA,"likelihood",1435.5,0.0007891
25,"R_Date","07BDT5‐47",NA,"likelihood",1436.5,0.00099
25,"R_Date","07BDT5‐47",NA,"likelihood",1437.5,0.0013215
25,"R_Date","07BDT5‐47",NA,"likelihood",1438.5,0.0016243
25,"R_Date","07BDT5‐47",NA,"likelihood",1439.5,0.0019789
25,"R_Date","07BDT5‐47",NA,"likelihood",1440.5,0.0022463
25,"R_Date","07BDT5‐47",NA,"likelihood",1441.5,0.0026968
25,"R_Date","07BDT5‐47",NA,"likelihood",1442.5,0.003209
25,"R_Date","07BDT5‐47",NA,"likelihood",1443.5,0.003785
25,"R_Date","07BDT5‐47",NA,"likelihood",1444.5,0.004653
25,"R_Date","07BDT5‐47",NA,"likelihood",1445.5,0.005629
25,"R_Date","07BDT5‐47",NA,"likelihood",1446.5,0.006427
25,"R_Date","07BDT5‐47",NA,"likelihood",1447.5,0.007565
25,"R_Date","07BDT5‐47",NA,"likelihood",1448.5,0.008764
25,"R_Date","07BDT5‐47",NA,"likelihood",1449.5,0.009685
25,"R_Date","07BDT5‐47",NA,"likelihood",1450.5,0.010609
25,"R_Date","07BDT5‐47",NA,"likelihood",1451.5,0.011217
25,"R_Date","07BDT5‐47",NA,"likelihood",1452.5,0.011813
25,"R_Date","07BDT5‐47",NA,"likelihood",1453.5,0.012391
25,"R_Date","07BDT5‐47",NA,"likelihood",1454.5,0.013214
25,"R_Date","07BDT5‐47",NA,"likelihood",1455.5,0.014197
25,"R_Date","07BDT5‐47",NA,"likelihood",1456.5,0.015185
25,"R_Date","07BDT5‐47",NA,"likelihood",1457.5,0.015842
25,"R_Date","07BDT5‐47",NA,"likelihood",1458.5,0.016121
25,"R_Date","07BDT5‐47",NA,"likelihood",1459.5,0.016056
25,"R_Date","07BDT5‐47",NA,"likelihood",1460.5,0.015737
25,"R_Date","07BDT5‐47",NA,"likelihood",1461.5,0.015619
25,"R_Date","07BDT5‐47",NA,"likelihood",1462.5,0.015486
25,"R_Date","07BDT5‐47",NA,"likelihood",1463.5,0.015619
25,"R_Date","07BDT5‐47",NA,"likelihood",1464.5,0.015737
25,"R_Date","07BDT5‐47",NA,"likelihood",1465.5,0.01584
25,"R_Date","07BDT5‐47",NA,"likelihood",1466.5,0.015927
25,"R_Date","07BDT5‐47",NA,"likelihood",1467.5,0.01584
25,"R_Date","07BDT5‐47",NA,"likelihood",1468.5,0.015737
25,"R_Date","07BDT5‐47",NA,"likelihood",1469.5,0.015619
25,"R_Date","07BDT5‐47",NA,"likelihood",1470.5,0.015486
25,"R_Date","07BDT5‐47",NA,"likelihood",1471.5,0.015486
25,"R_Date","07BDT5‐47",NA,"likelihood",1472.5,0.015339
25,"R_Date","07BDT5‐47",NA,"likelihood",1473.5,0.015005
25,"R_Date","07BDT5‐47",NA,"likelihood",1474.5,0.014618
25,"R_Date","07BDT5‐47",NA,"likelihood",1475.5,0.013952
25,"R_Date","07BDT5‐47",NA,"likelihood",1476.5,0.013196
25,"R_Date","07BDT5‐47",NA,"likelihood",1477.5,0.012369
25,"R_Date","07BDT5‐47",NA,"likelihood",1478.5,0.011787
25,"R_Date","07BDT5‐47",NA,"likelihood",1479.5,0.011187
25,"R_Date","07BDT5‐47",NA,"likelihood",1480.5,0.010575
25,"R_Date","07BDT5‐47",NA,"likelihood",1481.5,0.010266
25,"R_Date","07BDT5‐47",NA,"likelihood",1482.5,0.009959
25,"R_Date","07BDT5‐47",NA,"likelihood",1483.5,0.009643
25,"R_Date","07BDT5‐47",NA,"likelihood",1484.5,0.009643
25,"R_Date","07BDT5‐47",NA,"likelihood",1485.5,0.009643
25,"R_Date","07BDT5‐47",NA,"likelihood",1486.5,0.009643
25,"R_Date","07BDT5‐47",NA,"likelihood",1487.5,0.009643
25,"R_Date","07BDT5‐47",NA,"likelihood",1488.5,0.009336
25,"R_Date","07BDT5‐47",NA,"likelihood",1489.5,0.009027
25,"R_Date","07BDT5‐47",NA,"likelihood",1490.5,0.008719
25,"R_Date","07BDT5‐47",NA,"likelihood",1491.5,0.008413
25,"R_Date","07BDT5‐47",NA,"likelihood",1492.5,0.00811
25,"R_Date","07BDT5‐47",NA,"likelihood",1493.5,0.007513
25,"R_Date","07BDT5‐47",NA,"likelihood",1494.5,0.00722
25,"R_Date","07BDT5‐47",NA,"likelihood",1495.5,0.006648
25,"R_Date","07BDT5‐47",NA,"likelihood",1496.5,0.00637
25,"R_Date","07BDT5‐47",NA,"likelihood",1497.5,0.006097
25,"R_Date","07BDT5‐47",NA,"likelihood",1498.5,0.006097
25,"R_Date","07BDT5‐47",NA,"likelihood",1499.5,0.00583
25,"R_Date","07BDT5‐47",NA,"likelihood",1500.5,0.00583
25,"R_Date","07BDT5‐47",NA,"likelihood",1501.5,0.00583
25,"R_Date","07BDT5‐47",NA,"likelihood",1502.5,0.005569
25,"R_Date","07BDT5‐47",NA,"likelihood",1503.5,0.005314
25,"R_Date","07BDT5‐47",NA,"likelihood",1504.5,0.005066
25,"R_Date","07BDT5‐47",NA,"likelihood",1505.5,0.004824
25,"R_Date","07BDT5‐47",NA,"likelihood",1506.5,0.004589
25,"R_Date","07BDT5‐47",NA,"likelihood",1507.5,0.004362
25,"R_Date","07BDT5‐47",NA,"likelihood",1508.5,0.004141
25,"R_Date","07BDT5‐47",NA,"likelihood",1509.5,0.003721
25,"R_Date","07BDT5‐47",NA,"likelihood",1510.5,0.003522
25,"R_Date","07BDT5‐47",NA,"likelihood",1511.5,0.003146
25,"R_Date","07BDT5‐47",NA,"likelihood",1512.5,0.0028998
25,"R_Date","07BDT5‐47",NA,"likelihood",1513.5,0.0027304
25,"R_Date","07BDT5‐47",NA,"likelihood",1514.5,0.0027304
25,"R_Date","07BDT5‐47",NA,"likelihood",1515.5,0.0027986
25,"R_Date","07BDT5‐47",NA,"likelihood",1516.5,0.0027986
25,"R_Date","07BDT5‐47",NA,"likelihood",1517.5,0.0027986
25,"R_Date","07BDT5‐47",NA,"likelihood",1518.5,0.0026355
25,"R_Date","07BDT5‐47",NA,"likelihood",1519.5,0.0024794
25,"R_Date","07BDT5‐47",NA,"likelihood",1520.5,0.0020518
25,"R_Date","07BDT5‐47",NA,"likelihood",1521.5,0.0017993
25,"R_Date","07BDT5‐47",NA,"likelihood",1522.5,0.0014664
25,"R_Date","07BDT5‐47",NA,"likelihood",1523.5,0.0011842
25,"R_Date","07BDT5‐47",NA,"likelihood",1524.5,0.0009475
25,"R_Date","07BDT5‐47",NA,"likelihood",1525.5,0.0006585
25,"R_Date","07BDT5‐47",NA,"likelihood",1526.5,0.0004713
25,"R_Date","07BDT5‐47",NA,"likelihood",1527.5,0.0003317
25,"R_Date","07BDT5‐47",NA,"likelihood",1528.5,0.00022958
25,"R_Date","07BDT5‐47",NA,"likelihood",1529.5,0.0001723
25,"R_Date","07BDT5‐47",NA,"likelihood",1530.5,0.00013936
25,"R_Date","07BDT5‐47",NA,"likelihood",1531.5,0.00011422
25,"R_Date","07BDT5‐47",NA,"likelihood",1532.5,9.323e-05
25,"R_Date","07BDT5‐47",NA,"likelihood",1533.5,8.41e-05
25,"R_Date","07BDT5‐47",NA,"likelihood",1534.5,8.41e-05
25,"R_Date","07BDT5‐47",NA,"likelihood",1535.5,9.323e-05
25,"R_Date","07BDT5‐47",NA,"likelihood",1536.5,0.00010325
25,"R_Date","07BDT5‐47",NA,"likelihood",1537.5,0.0001158
25,"R_Date","07BDT5‐47",NA,"likelihood",1538.5,0.0001537
25,"R_Date","07BDT5‐47",NA,"likelihood",1539.5,0.00018636
25,"R_Date","07BDT5‐47",NA,"likelihood",1540.5,0.00020884
25,"R_Date","07BDT5‐47",NA,"likelihood",1541.5,0.00024692
25,"R_Date","07BDT5‐47",NA,"likelihood",1542.5,0.0002521
25,"R_Date","07BDT5‐47",NA,"likelihood",1543.5,0.00029635
25,"R_Date","07BDT5‐47",NA,"likelihood",1544.5,0.00027065
25,"R_Date","07BDT5‐47",NA,"likelihood",1545.5,0.00024692
25,"R_Date","07BDT5‐47",NA,"likelihood",1546.5,0.00022505
25,"R_Date","07BDT5‐47",NA,"likelihood",1547.5,0.0002049
25,"R_Date","07BDT5‐47",NA,"likelihood",1548.5,0.0002049
25,"R_Date","07BDT5‐47",NA,"likelihood",1549.5,0.0002049
25,"R_Date","07BDT5‐47",NA,"likelihood",1550.5,0.00024692
25,"R_Date","07BDT5‐47",NA,"likelihood",1551.5,0.00029635
25,"R_Date","07BDT5‐47",NA,"likelihood",1552.5,0.0003542
25,"R_Date","07BDT5‐47",NA,"likelihood",1553.5,0.0004216
25,"R_Date","07BDT5‐47",NA,"likelihood",1554.5,0.0004593
25,"R_Date","07BDT5‐47",NA,"likelihood",1555.5,0.0004998
25,"R_Date","07BDT5‐47",NA,"likelihood",1556.5,0.0005434
25,"R_Date","07BDT5‐47",NA,"likelihood",1557.5,0.0006402
25,"R_Date","07BDT5‐47",NA,"likelihood",1558.5,0.0006938
25,"R_Date","07BDT5‐47",NA,"likelihood",1559.5,0.0008125
25,"R_Date","07BDT5‐47",NA,"likelihood",1560.5,0.0009475
25,"R_Date","07BDT5‐47",NA,"likelihood",1561.5,0.0010217
25,"R_Date","07BDT5‐47",NA,"likelihood",1562.5,0.0011005
25,"R_Date","07BDT5‐47",NA,"likelihood",1563.5,0.0010217
25,"R_Date","07BDT5‐47",NA,"likelihood",1564.5,0.0009475
25,"R_Date","07BDT5‐47",NA,"likelihood",1565.5,0.0008125
25,"R_Date","07BDT5‐47",NA,"likelihood",1566.5,0.0007512
25,"R_Date","07BDT5‐47",NA,"likelihood",1567.5,0.0006938
25,"R_Date","07BDT5‐47",NA,"likelihood",1568.5,0.0006585
25,"R_Date","07BDT5‐47",NA,"likelihood",1569.5,0.0006938
25,"R_Date","07BDT5‐47",NA,"likelihood",1570.5,0.0008125
25,"R_Date","07BDT5‐47",NA,"likelihood",1571.5,0.0008779
25,"R_Date","07BDT5‐47",NA,"likelihood",1572.5,0.0010217
25,"R_Date","07BDT5‐47",NA,"likelihood",1573.5,0.0011005
25,"R_Date","07BDT5‐47",NA,"likelihood",1574.5,0.001273
25,"R_Date","07BDT5‐47",NA,"likelihood",1575.5,0.001367
25,"R_Date","07BDT5‐47",NA,"likelihood",1576.5,0.0015715
25,"R_Date","07BDT5‐47",NA,"likelihood",1577.5,0.0016824
25,"R_Date","07BDT5‐47",NA,"likelihood",1578.5,0.0017993
25,"R_Date","07BDT5‐47",NA,"likelihood",1579.5,0.0017993
25,"R_Date","07BDT5‐47",NA,"likelihood",1580.5,0.0019224
25,"R_Date","07BDT5‐47",NA,"likelihood",1581.5,0.0019224
25,"R_Date","07BDT5‐47",NA,"likelihood",1582.5,0.0019224
25,"R_Date","07BDT5‐47",NA,"likelihood",1583.5,0.0019224
25,"R_Date","07BDT5‐47",NA,"likelihood",1584.5,0.0019224
25,"R_Date","07BDT5‐47",NA,"likelihood",1585.5,0.0017993
25,"R_Date","07BDT5‐47",NA,"likelihood",1586.5,0.0017993
25,"R_Date","07BDT5‐47",NA,"likelihood",1587.5,0.0019224
25,"R_Date","07BDT5‐47",NA,"likelihood",1588.5,0.0020518
25,"R_Date","07BDT5‐47",NA,"likelihood",1589.5,0.0023301
25,"R_Date","07BDT5‐47",NA,"likelihood",1590.5,0.0026355
25,"R_Date","07BDT5‐47",NA,"likelihood",1591.5,0.003146
25,"R_Date","07BDT5‐47",NA,"likelihood",1592.5,0.003522
25,"R_Date","07BDT5‐47",NA,"likelihood",1593.5,0.003928
25,"R_Date","07BDT5‐47",NA,"likelihood",1594.5,0.004362
25,"R_Date","07BDT5‐47",NA,"likelihood",1595.5,0.004824
25,"R_Date","07BDT5‐47",NA,"likelihood",1596.5,0.004824
25,"R_Date","07BDT5‐47",NA,"likelihood",1597.5,0.005066
25,"R_Date","07BDT5‐47",NA,"likelihood",1598.5,0.005314
25,"R_Date","07BDT5‐47",NA,"likelihood",1599.5,0.005569
25,"R_Date","07BDT5‐47",NA,"likelihood",1600.5,0.00583
25,"R_Date","07BDT5‐47",NA,"likelihood",1601.5,0.00637
25,"R_Date","07BDT5‐47",NA,"likelihood",1602.5,0.00722
25,"R_Date","07BDT5‐47",NA,"likelihood",1603.5,0.00811
25,"R_Date","07BDT5‐47",NA,"likelihood",1604.5,0.008719
25,"R_Date","07BDT5‐47",NA,"likelihood",1605.5,0.009027
25,"R_Date","07BDT5‐47",NA,"likelihood",1606.5,0.009027
25,"R_Date","07BDT5‐47",NA,"likelihood",1607.5,0.008413
25,"R_Date","07BDT5‐47",NA,"likelihood",1608.5,0.00781
25,"R_Date","07BDT5‐47",NA,"likelihood",1609.5,0.00722
25,"R_Date","07BDT5‐47",NA,"likelihood",1610.5,0.006648
25,"R_Date","07BDT5‐47",NA,"likelihood",1611.5,0.00637
25,"R_Date","07BDT5‐47",NA,"likelihood",1612.5,0.00637
25,"R_Date","07BDT5‐47",NA,"likelihood",1613.5,0.00637
25,"R_Date","07BDT5‐47",NA,"likelihood",1614.5,0.00637
25,"R_Date","07BDT5‐47",NA,"likelihood",1615.5,0.006097
25,"R_Date","07BDT5‐47",NA,"likelihood",1616.5,0.00583
25,"R_Date","07BDT5‐47",NA,"likelihood",1617.5,0.005066
25,"R_Date","07BDT5‐47",NA,"likelihood",1618.5,0.004141
25,"R_Date","07BDT5‐47",NA,"likelihood",1619.5,0.003522
25,"R_Date","07BDT5‐47",NA,"likelihood",1620.5,0.0027986
25,"R_Date","07BDT5‐47",NA,"likelihood",1621.5,0.0021877
25,"R_Date","07BDT5‐47",NA,"likelihood",1622.5,0.0016824
25,"R_Date","07BDT5‐47",NA,"likelihood",1623.5,0.0014664
25,"R_Date","07BDT5‐47",NA,"likelihood",1624.5,0.001367
25,"R_Date","07BDT5‐47",NA,"likelihood",1625.5,0.001273
25,"R_Date","07BDT5‐47",NA,"likelihood",1626.5,0.001273
25,"R_Date","07BDT5‐47",NA,"likelihood",1627.5,0.001367
25,"R_Date","07BDT5‐47",NA,"likelihood",1628.5,0.001367
25,"R_Date","07BDT5‐47",NA,"likelihood",1629.5,0.0011842
25,"R_Date","07BDT5‐47",NA,"likelihood",1630.5,0.0010217
25,"R_Date","07BDT5‐47",NA,"likelihood",1631.5,0.0008779
25,"R_Date","07BDT5‐47",NA,"likelihood",1632.5,0.0006402
25,"R_Date","07BDT5‐47",NA,"likelihood",1633.5,0.0004216
25,"R_Date","07BDT5‐47",NA,"likelihood",1634.5,0.00029635
25,"R_Date","07BDT5‐47",NA,"likelihood",1635.5,0.00018636
25,"R_Date","07BDT5‐47",NA,"likelihood",1636.5,0.00012623
25,"R_Date","07BDT5‐47",NA,"likelihood",1637.5,8.41e-05
25,"R_Date","07BDT5‐47",NA,"likelihood",1638.5,6.136e-05
25,"R_Date","07BDT5‐47",NA,"likelihood",1639.5,3.972e-05
25,"R_Date","07BDT5‐47",NA,"likelihood",1640.5,2.5294e-05
25,"R_Date","07BDT5‐47",NA,"likelihood",1641.5,1.4057e-05
25,"R_Date","07BDT5‐47",NA,"likelihood",1642.5,8.625e-06
25,"R_Date","07BDT5‐47",NA,"likelihood",1643.5,5.207e-06
25,"R_Date","07BDT5‐47",NA,"likelihood",1644.5,3.0791e-06
25,"R_Date","07BDT5‐47",NA,"likelihood",1645.5,2.0635e-06
25,"R_Date","07BDT5‐47",NA,"likelihood",1646.5,1.3703e-06
25,"R_Date","07BDT5‐47",NA,"likelihood",1647.5,9.028e-07
25,"R_Date","07BDT5‐47",NA,"likelihood",1648.5,4.997e-07
25,"R_Date","07BDT5‐47",NA,"likelihood",1649.5,3.224e-07
25,"R_Date","07BDT5‐47",NA,"likelihood",1650.5,2.4181e-07
25,"R_Date","07BDT5‐47",NA,"likelihood",1651.5,1.7733e-07
25,"R_Date","07BDT5‐47",NA,"likelihood",1652.5,1.2897e-07
25,"R_Date","07BDT5‐47",NA,"likelihood",1653.5,1.1285e-07
25,"R_Date","07BDT5‐47",NA,"likelihood",1654.5,8.06e-08
25,"R_Date","07BDT5‐47",NA,"likelihood",1655.5,6.448e-08
25,"R_Date","07BDT5‐47",NA,"likelihood",1656.5,4.836e-08
25,"R_Date","07BDT5‐47",NA,"likelihood",1657.5,3.224e-08
25,"R_Date","07BDT5‐47",NA,"likelihood",1658.5,1.6121e-08
25,"R_Date","07BDT5‐47",NA,"likelihood",1659.5,1.6121e-08
25,"R_Date","07BDT5‐47",NA,"likelihood",1660.5,0
25,"R_Date","07BDT5‐47",NA,"likelihood",1661.5,0
25,"R_Date","07BDT5‐47",NA,"posterior",1446.5,0
25,"R_Date","07BDT5‐47",NA,"posterior",1447.5,3.1322e-06
25,"R_Date","07BDT5‐47",NA,"posterior",1448.5,8.353e-06
25,"R_Date","07BDT5‐47",NA,"posterior",1449.5,1.2474e-05
25,"R_Date","07BDT5‐47",NA,"posterior",1450.5,1.8738e-05
25,"R_Date","07BDT5‐47",NA,"posterior",1451.5,4.479e-05
25,"R_Date","07BDT5‐47",NA,"posterior",1452.5,0.00011875
25,"R_Date","07BDT5‐47",NA,"posterior",1453.5,0.00020728
25,"R_Date","07BDT5‐47",NA,"posterior",1454.5,0.0003271
25,"R_Date","07BDT5‐47",NA,"posterior",1455.5,0.0006281
25,"R_Date","07BDT5‐47",NA,"posterior",1456.5,0.0010917
25,"R_Date","07BDT5‐47",NA,"posterior",1457.5,0.0017031
25,"R_Date","07BDT5‐47",NA,"posterior",1458.5,0.0026823
25,"R_Date","07BDT5‐47",NA,"posterior",1459.5,0.004027
25,"R_Date","07BDT5‐47",NA,"posterior",1460.5,0.005756
25,"R_Date","07BDT5‐47",NA,"posterior",1461.5,0.008169
25,"R_Date","07BDT5‐47",NA,"posterior",1462.5,0.01112
25,"R_Date","07BDT5‐47",NA,"posterior",1463.5,0.015015
25,"R_Date","07BDT5‐47",NA,"posterior",1464.5,0.019408
25,"R_Date","07BDT5‐47",NA,"posterior",1465.5,0.024666
25,"R_Date","07BDT5‐47",NA,"posterior",1466.5,0.03003
25,"R_Date","07BDT5‐47",NA,"posterior",1467.5,0.03507
25,"R_Date","07BDT5‐47",NA,"posterior",1468.5,0.03979
25,"R_Date","07BDT5‐47",NA,"posterior",1469.5,0.04429
25,"R_Date","07BDT5‐47",NA,"posterior",1470.5,0.04846
25,"R_Date","07BDT5‐47",NA,"posterior",1471.5,0.05203
25,"R_Date","07BDT5‐47",NA,"posterior",1472.5,0.05402
25,"R_Date","07BDT5‐47",NA,"posterior",1473.5,0.05495
25,"R_Date","07BDT5‐47",NA,"posterior",1474.5,0.0542
25,"R_Date","07BDT5‐47",NA,"posterior",1475.5,0.05172
25,"R_Date","07BDT5‐47",NA,"posterior",1476.5,0.04781
25,"R_Date","07BDT5‐47",NA,"posterior",1477.5,0.04343
25,"R_Date","07BDT5‐47",NA,"posterior",1478.5,0.03956
25,"R_Date","07BDT5‐47",NA,"posterior",1479.5,0.03609
25,"R_Date","07BDT5‐47",NA,"posterior",1480.5,0.03221
25,"R_Date","07BDT5‐47",NA,"posterior",1481.5,0.029121
25,"R_Date","07BDT5‐47",NA,"posterior",1482.5,0.026517
25,"R_Date","07BDT5‐47",NA,"posterior",1483.5,0.023812
25,"R_Date","07BDT5‐47",NA,"posterior",1484.5,0.02204
25,"R_Date","07BDT5‐47",NA,"posterior",1485.5,0.019972
25,"R_Date","07BDT5‐47",NA,"posterior",1486.5,0.018047
25,"R_Date","07BDT5‐47",NA,"posterior",1487.5,0.016494
25,"R_Date","07BDT5‐47",NA,"posterior",1488.5,0.01421
25,"R_Date","07BDT5‐47",NA,"posterior",1489.5,0.012128
25,"R_Date","07BDT5‐47",NA,"posterior",1490.5,0.010275
25,"R_Date","07BDT5‐47",NA,"posterior",1491.5,0.008916
25,"R_Date","07BDT5‐47",NA,"posterior",1492.5,0.007162
25,"R_Date","07BDT5‐47",NA,"posterior",1493.5,0.005735
25,"R_Date","07BDT5‐47",NA,"posterior",1494.5,0.004709
25,"R_Date","07BDT5‐47",NA,"posterior",1495.5,0.003866
25,"R_Date","07BDT5‐47",NA,"posterior",1496.5,0.0031
25,"R_Date","07BDT5‐47",NA,"posterior",1497.5,0.0026063
25,"R_Date","07BDT5‐47",NA,"posterior",1498.5,0.0021354
25,"R_Date","07BDT5‐47",NA,"posterior",1499.5,0.0018417
25,"R_Date","07BDT5‐47",NA,"posterior",1500.5,0.0015364
25,"R_Date","07BDT5‐47",NA,"posterior",1501.5,0.0012688
25,"R_Date","07BDT5‐47",NA,"posterior",1502.5,0.0009937
25,"R_Date","07BDT5‐47",NA,"posterior",1503.5,0.0008927
25,"R_Date","07BDT5‐47",NA,"posterior",1504.5,0.0006625
25,"R_Date","07BDT5‐47",NA,"posterior",1505.5,0.0006073
25,"R_Date","07BDT5‐47",NA,"posterior",1506.5,0.0004656
25,"R_Date","07BDT5‐47",NA,"posterior",1507.5,0.0003739
25,"R_Date","07BDT5‐47",NA,"posterior",1508.5,0.00031459
25,"R_Date","07BDT5‐47",NA,"posterior",1509.5,0.00022502
25,"R_Date","07BDT5‐47",NA,"posterior",1510.5,0.00021563
25,"R_Date","07BDT5‐47",NA,"posterior",1511.5,0.00015518
25,"R_Date","07BDT5‐47",NA,"posterior",1512.5,0.00016249
25,"R_Date","07BDT5‐47",NA,"posterior",1513.5,0.00010001
25,"R_Date","07BDT5‐47",NA,"posterior",1514.5,9.479e-05
25,"R_Date","07BDT5‐47",NA,"posterior",1515.5,9.061e-05
25,"R_Date","07BDT5‐47",NA,"posterior",1516.5,6.77e-05
25,"R_Date","07BDT5‐47",NA,"posterior",1517.5,7.71e-05
25,"R_Date","07BDT5‐47",NA,"posterior",1518.5,5.836e-05
25,"R_Date","07BDT5‐47",NA,"posterior",1519.5,4.792e-05
25,"R_Date","07BDT5‐47",NA,"posterior",1520.5,3.231e-05
25,"R_Date","07BDT5‐47",NA,"posterior",1521.5,3.336e-05
25,"R_Date","07BDT5‐47",NA,"posterior",1522.5,1.7694e-05
25,"R_Date","07BDT5‐47",NA,"posterior",1523.5,1.8738e-05
25,"R_Date","07BDT5‐47",NA,"posterior",1524.5,1.0441e-05
25,"R_Date","07BDT5‐47",NA,"posterior",1525.5,7.308e-06
25,"R_Date","07BDT5‐47",NA,"posterior",1526.5,4.176e-06
25,"R_Date","07BDT5‐47",NA,"posterior",1527.5,5.22e-06
25,"R_Date","07BDT5‐47",NA,"posterior",1528.5,4.176e-06
25,"R_Date","07BDT5‐47",NA,"posterior",1529.5,1.0441e-06
25,"R_Date","07BDT5‐47",NA,"posterior",1530.5,3.1322e-06
25,"R_Date","07BDT5‐47",NA,"posterior",1531.5,0
25,"R_Date","07BDT5‐47",NA,"posterior",1532.5,2.0881e-06
25,"R_Date","07BDT5‐47",NA,"posterior",1533.5,0
25,"R_Date","07BDT5‐47",NA,"posterior",1534.5,0
25,"R_Date","07BDT5‐47",NA,"posterior",1535.5,3.1322e-06
25,"R_Date","07BDT5‐47",NA,"posterior",1536.5,1.0441e-06
25,"R_Date","07BDT5‐47",NA,"posterior",1537.5,2.0881e-06
25,"R_Date","07BDT5‐47",NA,"posterior",1538.5,3.1322e-06
25,"R_Date","07BDT5‐47",NA,"posterior",1539.5,2.0881e-06
25,"R_Date","07BDT5‐47",NA,"posterior",1540.5,1.0441e-06
25,"R_Date","07BDT5‐47",NA,"posterior",1541.5,1.0441e-06
25,"R_Date","07BDT5‐47",NA,"posterior",1542.5,5.22e-06
25,"R_Date","07BDT5‐47",NA,"posterior",1543.5,6.264e-06
25,"R_Date","07BDT5‐47",NA,"posterior",1544.5,1.0441e-06
25,"R_Date","07BDT5‐47",NA,"posterior",1545.5,0
25,"R_Date","07BDT5‐47",NA,"posterior",1546.5,2.0881e-06
25,"R_Date","07BDT5‐47",NA,"posterior",1547.5,2.0881e-06
25,"R_Date","07BDT5‐47",NA,"posterior",1548.5,4.176e-06
25,"R_Date","07BDT5‐47",NA,"posterior",1549.5,1.0441e-06
25,"R_Date","07BDT5‐47",NA,"posterior",1550.5,3.1322e-06
25,"R_Date","07BDT5‐47",NA,"posterior",1551.5,3.1322e-06
25,"R_Date","07BDT5‐47",NA,"posterior",1552.5,4.176e-06
25,"R_Date","07BDT5‐47",NA,"posterior",1553.5,2.0881e-06
25,"R_Date","07BDT5‐47",NA,"posterior",1554.5,3.1322e-06
25,"R_Date","07BDT5‐47",NA,"posterior",1555.5,2.0881e-06
25,"R_Date","07BDT5‐47",NA,"posterior",1556.5,4.176e-06
25,"R_Date","07BDT5‐47",NA,"posterior",1557.5,5.22e-06
25,"R_Date","07BDT5‐47",NA,"posterior",1558.5,6.264e-06
25,"R_Date","07BDT5‐47",NA,"posterior",1559.5,3.1322e-06
25,"R_Date","07BDT5‐47",NA,"posterior",1560.5,9.397e-06
25,"R_Date","07BDT5‐47",NA,"posterior",1561.5,3.1322e-06
27,"R_Date","05BDT5‐03",NA,"likelihood",1280.5,0
27,"R_Date","05BDT5‐03",NA,"likelihood",1281.5,6.221e-09
27,"R_Date","05BDT5‐03",NA,"likelihood",1282.5,6.221e-09
27,"R_Date","05BDT5‐03",NA,"likelihood",1283.5,6.221e-09
27,"R_Date","05BDT5‐03",NA,"likelihood",1284.5,1.2442e-08
27,"R_Date","05BDT5‐03",NA,"likelihood",1285.5,1.2442e-08
27,"R_Date","05BDT5‐03",NA,"likelihood",1286.5,1.8663e-08
27,"R_Date","05BDT5‐03",NA,"likelihood",1287.5,1.8663e-08
27,"R_Date","05BDT5‐03",NA,"likelihood",1288.5,2.4885e-08
27,"R_Date","05BDT5‐03",NA,"likelihood",1289.5,3.1106e-08
27,"R_Date","05BDT5‐03",NA,"likelihood",1290.5,3.1106e-08
27,"R_Date","05BDT5‐03",NA,"likelihood",1291.5,3.733e-08
27,"R_Date","05BDT5‐03",NA,"likelihood",1292.5,4.355e-08
27,"R_Date","05BDT5‐03",NA,"likelihood",1293.5,4.977e-08
27,"R_Date","05BDT5‐03",NA,"likelihood",1294.5,4.977e-08
27,"R_Date","05BDT5‐03",NA,"likelihood",1295.5,6.221e-08
27,"R_Date","05BDT5‐03",NA,"likelihood",1296.5,7.465e-08
27,"R_Date","05BDT5‐03",NA,"likelihood",1297.5,9.332e-08
27,"R_Date","05BDT5‐03",NA,"likelihood",1298.5,1.3064e-07
27,"R_Date","05BDT5‐03",NA,"likelihood",1299.5,1.8663e-07
27,"R_Date","05BDT5‐03",NA,"likelihood",1300.5,2.4885e-07
27,"R_Date","05BDT5‐03",NA,"likelihood",1301.5,3.359e-07
27,"R_Date","05BDT5‐03",NA,"likelihood",1302.5,4.479e-07
27,"R_Date","05BDT5‐03",NA,"likelihood",1303.5,6.594e-07
27,"R_Date","05BDT5‐03",NA,"likelihood",1304.5,8.647e-07
27,"R_Date","05BDT5‐03",NA,"likelihood",1305.5,1.126e-06
27,"R_Date","05BDT5‐03",NA,"likelihood",1306.5,1.4682e-06
27,"R_Date","05BDT5‐03",NA,"likelihood",1307.5,1.7792e-06
27,"R_Date","05BDT5‐03",NA,"likelihood",1308.5,2.0219e-06
27,"R_Date","05BDT5‐03",NA,"likelihood",1309.5,2.1525e-06
27,"R_Date","05BDT5‐03",NA,"likelihood",1310.5,2.2956e-06
27,"R_Date","05BDT5‐03",NA,"likelihood",1311.5,2.4449e-06
27,"R_Date","05BDT5‐03",NA,"likelihood",1312.5,2.4449e-06
27,"R_Date","05BDT5‐03",NA,"likelihood",1313.5,2.3516e-06
27,"R_Date","05BDT5‐03",NA,"likelihood",1314.5,2.3516e-06
27,"R_Date","05BDT5‐03",NA,"likelihood",1315.5,2.3516e-06
27,"R_Date","05BDT5‐03",NA,"likelihood",1316.5,2.3516e-06
27,"R_Date","05BDT5‐03",NA,"likelihood",1317.5,2.3516e-06
27,"R_Date","05BDT5‐03",NA,"likelihood",1318.5,2.6689e-06
27,"R_Date","05BDT5‐03",NA,"likelihood",1319.5,3.0235e-06
27,"R_Date","05BDT5‐03",NA,"likelihood",1320.5,3.646e-06
27,"R_Date","05BDT5‐03",NA,"likelihood",1321.5,4.653e-06
27,"R_Date","05BDT5‐03",NA,"likelihood",1322.5,5.923e-06
27,"R_Date","05BDT5‐03",NA,"likelihood",1323.5,7.503e-06
27,"R_Date","05BDT5‐03",NA,"likelihood",1324.5,1.0028e-05
27,"R_Date","05BDT5‐03",NA,"likelihood",1325.5,1.2598e-05
27,"R_Date","05BDT5‐03",NA,"likelihood",1326.5,1.6654e-05
27,"R_Date","05BDT5‐03",NA,"likelihood",1327.5,2.0723e-05
27,"R_Date","05BDT5‐03",NA,"likelihood",1328.5,2.5687e-05
27,"R_Date","05BDT5‐03",NA,"likelihood",1329.5,2.8555e-05
27,"R_Date","05BDT5‐03",NA,"likelihood",1330.5,3.171e-05
27,"R_Date","05BDT5‐03",NA,"likelihood",1331.5,3.171e-05
27,"R_Date","05BDT5‐03",NA,"likelihood",1332.5,3.171e-05
27,"R_Date","05BDT5‐03",NA,"likelihood",1333.5,3.0098e-05
27,"R_Date","05BDT5‐03",NA,"likelihood",1334.5,2.8555e-05
27,"R_Date","05BDT5‐03",NA,"likelihood",1335.5,2.7087e-05
27,"R_Date","05BDT5‐03",NA,"likelihood",1336.5,2.4356e-05
27,"R_Date","05BDT5‐03",NA,"likelihood",1337.5,2.308e-05
27,"R_Date","05BDT5‐03",NA,"likelihood",1338.5,2.1873e-05
27,"R_Date","05BDT5‐03",NA,"likelihood",1339.5,2.1873e-05
27,"R_Date","05BDT5‐03",NA,"likelihood",1340.5,2.1873e-05
27,"R_Date","05BDT5‐03",NA,"likelihood",1341.5,2.1873e-05
27,"R_Date","05BDT5‐03",NA,"likelihood",1342.5,2.1873e-05
27,"R_Date","05BDT5‐03",NA,"likelihood",1343.5,2.1873e-05
27,"R_Date","05BDT5‐03",NA,"likelihood",1344.5,2.1873e-05
27,"R_Date","05BDT5‐03",NA,"likelihood",1345.5,2.0723e-05
27,"R_Date","05BDT5‐03",NA,"likelihood",1346.5,1.9628e-05
27,"R_Date","05BDT5‐03",NA,"likelihood",1347.5,1.9628e-05
27,"R_Date","05BDT5‐03",NA,"likelihood",1348.5,1.8583e-05
27,"R_Date","05BDT5‐03",NA,"likelihood",1349.5,1.8583e-05
27,"R_Date","05BDT5‐03",NA,"likelihood",1350.5,1.8583e-05
27,"R_Date","05BDT5‐03",NA,"likelihood",1351.5,1.7593e-05
27,"R_Date","05BDT5‐03",NA,"likelihood",1352.5,1.6654e-05
27,"R_Date","05BDT5‐03",NA,"likelihood",1353.5,1.4097e-05
27,"R_Date","05BDT5‐03",NA,"likelihood",1354.5,1.1248e-05
27,"R_Date","05BDT5‐03",NA,"likelihood",1355.5,8.94e-06
27,"R_Date","05BDT5‐03",NA,"likelihood",1356.5,7.073e-06
27,"R_Date","05BDT5‐03",NA,"likelihood",1357.5,5.443e-06
27,"R_Date","05BDT5‐03",NA,"likelihood",1358.5,4.274e-06
27,"R_Date","05BDT5‐03",NA,"likelihood",1359.5,3.558e-06
27,"R_Date","05BDT5‐03",NA,"likelihood",1360.5,2.7746e-06
27,"R_Date","05BDT5‐03",NA,"likelihood",1361.5,2.2956e-06
27,"R_Date","05BDT5‐03",NA,"likelihood",1362.5,2.0219e-06
27,"R_Date","05BDT5‐03",NA,"likelihood",1363.5,1.6673e-06
27,"R_Date","05BDT5‐03",NA,"likelihood",1364.5,1.2878e-06
27,"R_Date","05BDT5‐03",NA,"likelihood",1365.5,1.0576e-06
27,"R_Date","05BDT5‐03",NA,"likelihood",1366.5,8.087e-07
27,"R_Date","05BDT5‐03",NA,"likelihood",1367.5,6.594e-07
27,"R_Date","05BDT5‐03",NA,"likelihood",1368.5,5.039e-07
27,"R_Date","05BDT5‐03",NA,"likelihood",1369.5,3.795e-07
27,"R_Date","05BDT5‐03",NA,"likelihood",1370.5,3.0484e-07
27,"R_Date","05BDT5‐03",NA,"likelihood",1371.5,2.3018e-07
27,"R_Date","05BDT5‐03",NA,"likelihood",1372.5,1.9908e-07
27,"R_Date","05BDT5‐03",NA,"likelihood",1373.5,1.7419e-07
27,"R_Date","05BDT5‐03",NA,"likelihood",1374.5,1.6175e-07
27,"R_Date","05BDT5‐03",NA,"likelihood",1375.5,1.6175e-07
27,"R_Date","05BDT5‐03",NA,"likelihood",1376.5,1.7419e-07
27,"R_Date","05BDT5‐03",NA,"likelihood",1377.5,2.364e-07
27,"R_Date","05BDT5‐03",NA,"likelihood",1378.5,3.173e-07
27,"R_Date","05BDT5‐03",NA,"likelihood",1379.5,4.168e-07
27,"R_Date","05BDT5‐03",NA,"likelihood",1380.5,5.91e-07
27,"R_Date","05BDT5‐03",NA,"likelihood",1381.5,7.217e-07
27,"R_Date","05BDT5‐03",NA,"likelihood",1382.5,8.834e-07
27,"R_Date","05BDT5‐03",NA,"likelihood",1383.5,1.0825e-06
27,"R_Date","05BDT5‐03",NA,"likelihood",1384.5,1.2318e-06
27,"R_Date","05BDT5‐03",NA,"likelihood",1385.5,1.406e-06
27,"R_Date","05BDT5‐03",NA,"likelihood",1386.5,1.5988e-06
27,"R_Date","05BDT5‐03",NA,"likelihood",1387.5,1.941e-06
27,"R_Date","05BDT5‐03",NA,"likelihood",1388.5,2.5071e-06
27,"R_Date","05BDT5‐03",NA,"likelihood",1389.5,3.223e-06
27,"R_Date","05BDT5‐03",NA,"likelihood",1390.5,4.38e-06
27,"R_Date","05BDT5‐03",NA,"likelihood",1391.5,5.923e-06
27,"R_Date","05BDT5‐03",NA,"likelihood",1392.5,7.957e-06
27,"R_Date","05BDT5‐03",NA,"likelihood",1393.5,1.1248e-05
27,"R_Date","05BDT5‐03",NA,"likelihood",1394.5,1.4906e-05
27,"R_Date","05BDT5‐03",NA,"likelihood",1395.5,1.9628e-05
27,"R_Date","05BDT5‐03",NA,"likelihood",1396.5,2.7087e-05
27,"R_Date","05BDT5‐03",NA,"likelihood",1397.5,3.518e-05
27,"R_Date","05BDT5‐03",NA,"likelihood",1398.5,4.317e-05
27,"R_Date","05BDT5‐03",NA,"likelihood",1399.5,5.276e-05
27,"R_Date","05BDT5‐03",NA,"likelihood",1400.5,5.824e-05
27,"R_Date","05BDT5‐03",NA,"likelihood",1401.5,6.423e-05
27,"R_Date","05BDT5‐03",NA,"likelihood",1402.5,7.075e-05
27,"R_Date","05BDT5‐03",NA,"likelihood",1403.5,8.165e-05
27,"R_Date","05BDT5‐03",NA,"likelihood",1404.5,9.401e-05
27,"R_Date","05BDT5‐03",NA,"likelihood",1405.5,0.000108
27,"R_Date","05BDT5‐03",NA,"likelihood",1406.5,0.00012947
27,"R_Date","05BDT5‐03",NA,"likelihood",1407.5,0.0001615
27,"R_Date","05BDT5‐03",NA,"likelihood",1408.5,0.00019185
27,"R_Date","05BDT5‐03",NA,"likelihood",1409.5,0.00022698
27,"R_Date","05BDT5‐03",NA,"likelihood",1410.5,0.00026745
27,"R_Date","05BDT5‐03",NA,"likelihood",1411.5,0.00030165
27,"R_Date","05BDT5‐03",NA,"likelihood",1412.5,0.0003264
27,"R_Date","05BDT5‐03",NA,"likelihood",1413.5,0.0003529
27,"R_Date","05BDT5‐03",NA,"likelihood",1414.5,0.0003668
27,"R_Date","05BDT5‐03",NA,"likelihood",1415.5,0.0003668
27,"R_Date","05BDT5‐03",NA,"likelihood",1416.5,0.0003668
27,"R_Date","05BDT5‐03",NA,"likelihood",1417.5,0.0003668
27,"R_Date","05BDT5‐03",NA,"likelihood",1418.5,0.0003811
27,"R_Date","05BDT5‐03",NA,"likelihood",1419.5,0.0003959
27,"R_Date","05BDT5‐03",NA,"likelihood",1420.5,0.0004269
27,"R_Date","05BDT5‐03",NA,"likelihood",1421.5,0.0004948
27,"R_Date","05BDT5‐03",NA,"likelihood",1422.5,0.0005711
27,"R_Date","05BDT5‐03",NA,"likelihood",1423.5,0.0006794
27,"R_Date","05BDT5‐03",NA,"likelihood",1424.5,0.000803
27,"R_Date","05BDT5‐03",NA,"likelihood",1425.5,0.0009137
27,"R_Date","05BDT5‐03",NA,"likelihood",1426.5,0.0010352
27,"R_Date","05BDT5‐03",NA,"likelihood",1427.5,0.0011338
27,"R_Date","05BDT5‐03",NA,"likelihood",1428.5,0.0012031
27,"R_Date","05BDT5‐03",NA,"likelihood",1429.5,0.0012389
27,"R_Date","05BDT5‐03",NA,"likelihood",1430.5,0.0012754
27,"R_Date","05BDT5‐03",NA,"likelihood",1431.5,0.0013126
27,"R_Date","05BDT5‐03",NA,"likelihood",1432.5,0.0013892
27,"R_Date","05BDT5‐03",NA,"likelihood",1433.5,0.0014688
27,"R_Date","05BDT5‐03",NA,"likelihood",1434.5,0.0015513
27,"R_Date","05BDT5‐03",NA,"likelihood",1435.5,0.0017252
27,"R_Date","05BDT5‐03",NA,"likelihood",1436.5,0.0018631
27,"R_Date","05BDT5‐03",NA,"likelihood",1437.5,0.0020567
27,"R_Date","05BDT5‐03",NA,"likelihood",1438.5,0.002209
27,"R_Date","05BDT5‐03",NA,"likelihood",1439.5,0.002367
27,"R_Date","05BDT5‐03",NA,"likelihood",1440.5,0.0024752
27,"R_Date","05BDT5‐03",NA,"likelihood",1441.5,0.0026418
27,"R_Date","05BDT5‐03",NA,"likelihood",1442.5,0.0028129
27,"R_Date","05BDT5‐03",NA,"likelihood",1443.5,0.002988
27,"R_Date","05BDT5‐03",NA,"likelihood",1444.5,0.003227
27,"R_Date","05BDT5‐03",NA,"likelihood",1445.5,0.00347
27,"R_Date","05BDT5‐03",NA,"likelihood",1446.5,0.003654
27,"R_Date","05BDT5‐03",NA,"likelihood",1447.5,0.0039
27,"R_Date","05BDT5‐03",NA,"likelihood",1448.5,0.004145
27,"R_Date","05BDT5‐03",NA,"likelihood",1449.5,0.004327
27,"R_Date","05BDT5‐03",NA,"likelihood",1450.5,0.004507
27,"R_Date","05BDT5‐03",NA,"likelihood",1451.5,0.004624
27,"R_Date","05BDT5‐03",NA,"likelihood",1452.5,0.004739
27,"R_Date","05BDT5‐03",NA,"likelihood",1453.5,0.004852
27,"R_Date","05BDT5‐03",NA,"likelihood",1454.5,0.005017
27,"R_Date","05BDT5‐03",NA,"likelihood",1455.5,0.005226
27,"R_Date","05BDT5‐03",NA,"likelihood",1456.5,0.005467
27,"R_Date","05BDT5‐03",NA,"likelihood",1457.5,0.00568
27,"R_Date","05BDT5‐03",NA,"likelihood",1458.5,0.005862
27,"R_Date","05BDT5‐03",NA,"likelihood",1459.5,0.005984
27,"R_Date","05BDT5‐03",NA,"likelihood",1460.5,0.006081
27,"R_Date","05BDT5‐03",NA,"likelihood",1461.5,0.006102
27,"R_Date","05BDT5‐03",NA,"likelihood",1462.5,0.006121
27,"R_Date","05BDT5‐03",NA,"likelihood",1463.5,0.006102
27,"R_Date","05BDT5‐03",NA,"likelihood",1464.5,0.006081
27,"R_Date","05BDT5‐03",NA,"likelihood",1465.5,0.006059
27,"R_Date","05BDT5‐03",NA,"likelihood",1466.5,0.006035
27,"R_Date","05BDT5‐03",NA,"likelihood",1467.5,0.006059
27,"R_Date","05BDT5‐03",NA,"likelihood",1468.5,0.006081
27,"R_Date","05BDT5‐03",NA,"likelihood",1469.5,0.006102
27,"R_Date","05BDT5‐03",NA,"likelihood",1470.5,0.006121
27,"R_Date","05BDT5‐03",NA,"likelihood",1471.5,0.006121
27,"R_Date","05BDT5‐03",NA,"likelihood",1472.5,0.006138
27,"R_Date","05BDT5‐03",NA,"likelihood",1473.5,0.006168
27,"R_Date","05BDT5‐03",NA,"likelihood",1474.5,0.006191
27,"R_Date","05BDT5‐03",NA,"likelihood",1475.5,0.006214
27,"R_Date","05BDT5‐03",NA,"likelihood",1476.5,0.006221
27,"R_Date","05BDT5‐03",NA,"likelihood",1477.5,0.006214
27,"R_Date","05BDT5‐03",NA,"likelihood",1478.5,0.0062
27,"R_Date","05BDT5‐03",NA,"likelihood",1479.5,0.00618
27,"R_Date","05BDT5‐03",NA,"likelihood",1480.5,0.006153
27,"R_Date","05BDT5‐03",NA,"likelihood",1481.5,0.006137
27,"R_Date","05BDT5‐03",NA,"likelihood",1482.5,0.006135
27,"R_Date","05BDT5‐03",NA,"likelihood",1483.5,0.006116
27,"R_Date","05BDT5‐03",NA,"likelihood",1484.5,0.006116
27,"R_Date","05BDT5‐03",NA,"likelihood",1485.5,0.006116
27,"R_Date","05BDT5‐03",NA,"likelihood",1486.5,0.006116
27,"R_Date","05BDT5‐03",NA,"likelihood",1487.5,0.006116
27,"R_Date","05BDT5‐03",NA,"likelihood",1488.5,0.00608
27,"R_Date","05BDT5‐03",NA,"likelihood",1489.5,0.006058
27,"R_Date","05BDT5‐03",NA,"likelihood",1490.5,0.006034
27,"R_Date","05BDT5‐03",NA,"likelihood",1491.5,0.006009
27,"R_Date","05BDT5‐03",NA,"likelihood",1492.5,0.005982
27,"R_Date","05BDT5‐03",NA,"likelihood",1493.5,0.005924
27,"R_Date","05BDT5‐03",NA,"likelihood",1494.5,0.005893
27,"R_Date","05BDT5‐03",NA,"likelihood",1495.5,0.005826
27,"R_Date","05BDT5‐03",NA,"likelihood",1496.5,0.00579
27,"R_Date","05BDT5‐03",NA,"likelihood",1497.5,0.005754
27,"R_Date","05BDT5‐03",NA,"likelihood",1498.5,0.005754
27,"R_Date","05BDT5‐03",NA,"likelihood",1499.5,0.005715
27,"R_Date","05BDT5‐03",NA,"likelihood",1500.5,0.005715
27,"R_Date","05BDT5‐03",NA,"likelihood",1501.5,0.005715
27,"R_Date","05BDT5‐03",NA,"likelihood",1502.5,0.005676
27,"R_Date","05BDT5‐03",NA,"likelihood",1503.5,0.005635
27,"R_Date","05BDT5‐03",NA,"likelihood",1504.5,0.005593
27,"R_Date","05BDT5‐03",NA,"likelihood",1505.5,0.00555
27,"R_Date","05BDT5‐03",NA,"likelihood",1506.5,0.005506
27,"R_Date","05BDT5‐03",NA,"likelihood",1507.5,0.00546
27,"R_Date","05BDT5‐03",NA,"likelihood",1508.5,0.005414
27,"R_Date","05BDT5‐03",NA,"likelihood",1509.5,0.005317
27,"R_Date","05BDT5‐03",NA,"likelihood",1510.5,0.005268
27,"R_Date","05BDT5‐03",NA,"likelihood",1511.5,0.005166
27,"R_Date","05BDT5‐03",NA,"likelihood",1512.5,0.005121
27,"R_Date","05BDT5‐03",NA,"likelihood",1513.5,0.005068
27,"R_Date","05BDT5‐03",NA,"likelihood",1514.5,0.005068
27,"R_Date","05BDT5‐03",NA,"likelihood",1515.5,0.00506
27,"R_Date","05BDT5‐03",NA,"likelihood",1516.5,0.00506
27,"R_Date","05BDT5‐03",NA,"likelihood",1517.5,0.00506
27,"R_Date","05BDT5‐03",NA,"likelihood",1518.5,0.005006
27,"R_Date","05BDT5‐03",NA,"likelihood",1519.5,0.004951
27,"R_Date","05BDT5‐03",NA,"likelihood",1520.5,0.004782
27,"R_Date","05BDT5‐03",NA,"likelihood",1521.5,0.004666
27,"R_Date","05BDT5‐03",NA,"likelihood",1522.5,0.004488
27,"R_Date","05BDT5‐03",NA,"likelihood",1523.5,0.004306
27,"R_Date","05BDT5‐03",NA,"likelihood",1524.5,0.004122
27,"R_Date","05BDT5‐03",NA,"likelihood",1525.5,0.003874
27,"R_Date","05BDT5‐03",NA,"likelihood",1526.5,0.003623
27,"R_Date","05BDT5‐03",NA,"likelihood",1527.5,0.003373
27,"R_Date","05BDT5‐03",NA,"likelihood",1528.5,0.0031261
27,"R_Date","05BDT5‐03",NA,"likelihood",1529.5,0.0029444
27,"R_Date","05BDT5‐03",NA,"likelihood",1530.5,0.0027709
27,"R_Date","05BDT5‐03",NA,"likelihood",1531.5,0.0026549
27,"R_Date","05BDT5‐03",NA,"likelihood",1532.5,0.002541
27,"R_Date","05BDT5‐03",NA,"likelihood",1533.5,0.0024848
27,"R_Date","05BDT5‐03",NA,"likelihood",1534.5,0.0024848
27,"R_Date","05BDT5‐03",NA,"likelihood",1535.5,0.002541
27,"R_Date","05BDT5‐03",NA,"likelihood",1536.5,0.0025977
27,"R_Date","05BDT5‐03",NA,"likelihood",1537.5,0.002708
27,"R_Date","05BDT5‐03",NA,"likelihood",1538.5,0.0028296
27,"R_Date","05BDT5‐03",NA,"likelihood",1539.5,0.0029483
27,"R_Date","05BDT5‐03",NA,"likelihood",1540.5,0.0030652
27,"R_Date","05BDT5‐03",NA,"likelihood",1541.5,0.0031292
27,"R_Date","05BDT5‐03",NA,"likelihood",1542.5,0.003187
27,"R_Date","05BDT5‐03",NA,"likelihood",1543.5,0.003251
27,"R_Date","05BDT5‐03",NA,"likelihood",1544.5,0.00319
27,"R_Date","05BDT5‐03",NA,"likelihood",1545.5,0.0031292
27,"R_Date","05BDT5‐03",NA,"likelihood",1546.5,0.0030685
27,"R_Date","05BDT5‐03",NA,"likelihood",1547.5,0.0030082
27,"R_Date","05BDT5‐03",NA,"likelihood",1548.5,0.0030082
27,"R_Date","05BDT5‐03",NA,"likelihood",1549.5,0.0030082
27,"R_Date","05BDT5‐03",NA,"likelihood",1550.5,0.0031292
27,"R_Date","05BDT5‐03",NA,"likelihood",1551.5,0.003251
27,"R_Date","05BDT5‐03",NA,"likelihood",1552.5,0.003375
27,"R_Date","05BDT5‐03",NA,"likelihood",1553.5,0.003499
27,"R_Date","05BDT5‐03",NA,"likelihood",1554.5,0.003561
27,"R_Date","05BDT5‐03",NA,"likelihood",1555.5,0.003623
27,"R_Date","05BDT5‐03",NA,"likelihood",1556.5,0.003686
27,"R_Date","05BDT5‐03",NA,"likelihood",1557.5,0.003811
27,"R_Date","05BDT5‐03",NA,"likelihood",1558.5,0.003873
27,"R_Date","05BDT5‐03",NA,"likelihood",1559.5,0.003998
27,"R_Date","05BDT5‐03",NA,"likelihood",1560.5,0.004122
27,"R_Date","05BDT5‐03",NA,"likelihood",1561.5,0.004184
27,"R_Date","05BDT5‐03",NA,"likelihood",1562.5,0.004245
27,"R_Date","05BDT5‐03",NA,"likelihood",1563.5,0.004184
27,"R_Date","05BDT5‐03",NA,"likelihood",1564.5,0.004122
27,"R_Date","05BDT5‐03",NA,"likelihood",1565.5,0.003998
27,"R_Date","05BDT5‐03",NA,"likelihood",1566.5,0.003936
27,"R_Date","05BDT5‐03",NA,"likelihood",1567.5,0.003873
27,"R_Date","05BDT5‐03",NA,"likelihood",1568.5,0.003874
27,"R_Date","05BDT5‐03",NA,"likelihood",1569.5,0.003873
27,"R_Date","05BDT5‐03",NA,"likelihood",1570.5,0.003998
27,"R_Date","05BDT5‐03",NA,"likelihood",1571.5,0.00406
27,"R_Date","05BDT5‐03",NA,"likelihood",1572.5,0.004184
27,"R_Date","05BDT5‐03",NA,"likelihood",1573.5,0.004245
27,"R_Date","05BDT5‐03",NA,"likelihood",1574.5,0.004367
27,"R_Date","05BDT5‐03",NA,"likelihood",1575.5,0.004428
27,"R_Date","05BDT5‐03",NA,"likelihood",1576.5,0.004548
27,"R_Date","05BDT5‐03",NA,"likelihood",1577.5,0.004607
27,"R_Date","05BDT5‐03",NA,"likelihood",1578.5,0.004666
27,"R_Date","05BDT5‐03",NA,"likelihood",1579.5,0.004666
27,"R_Date","05BDT5‐03",NA,"likelihood",1580.5,0.004724
27,"R_Date","05BDT5‐03",NA,"likelihood",1581.5,0.004724
27,"R_Date","05BDT5‐03",NA,"likelihood",1582.5,0.004724
27,"R_Date","05BDT5‐03",NA,"likelihood",1583.5,0.004724
27,"R_Date","05BDT5‐03",NA,"likelihood",1584.5,0.004724
27,"R_Date","05BDT5‐03",NA,"likelihood",1585.5,0.004666
27,"R_Date","05BDT5‐03",NA,"likelihood",1586.5,0.004666
27,"R_Date","05BDT5‐03",NA,"likelihood",1587.5,0.004724
27,"R_Date","05BDT5‐03",NA,"likelihood",1588.5,0.004782
27,"R_Date","05BDT5‐03",NA,"likelihood",1589.5,0.004895
27,"R_Date","05BDT5‐03",NA,"likelihood",1590.5,0.005006
27,"R_Date","05BDT5‐03",NA,"likelihood",1591.5,0.005166
27,"R_Date","05BDT5‐03",NA,"likelihood",1592.5,0.005268
27,"R_Date","05BDT5‐03",NA,"likelihood",1593.5,0.005366
27,"R_Date","05BDT5‐03",NA,"likelihood",1594.5,0.00546
27,"R_Date","05BDT5‐03",NA,"likelihood",1595.5,0.00555
27,"R_Date","05BDT5‐03",NA,"likelihood",1596.5,0.00555
27,"R_Date","05BDT5‐03",NA,"likelihood",1597.5,0.005593
27,"R_Date","05BDT5‐03",NA,"likelihood",1598.5,0.005635
27,"R_Date","05BDT5‐03",NA,"likelihood",1599.5,0.005676
27,"R_Date","05BDT5‐03",NA,"likelihood",1600.5,0.005715
27,"R_Date","05BDT5‐03",NA,"likelihood",1601.5,0.00579
27,"R_Date","05BDT5‐03",NA,"likelihood",1602.5,0.005893
27,"R_Date","05BDT5‐03",NA,"likelihood",1603.5,0.005982
27,"R_Date","05BDT5‐03",NA,"likelihood",1604.5,0.006034
27,"R_Date","05BDT5‐03",NA,"likelihood",1605.5,0.006058
27,"R_Date","05BDT5‐03",NA,"likelihood",1606.5,0.006058
27,"R_Date","05BDT5‐03",NA,"likelihood",1607.5,0.006009
27,"R_Date","05BDT5‐03",NA,"likelihood",1608.5,0.005954
27,"R_Date","05BDT5‐03",NA,"likelihood",1609.5,0.005893
27,"R_Date","05BDT5‐03",NA,"likelihood",1610.5,0.005826
27,"R_Date","05BDT5‐03",NA,"likelihood",1611.5,0.00579
27,"R_Date","05BDT5‐03",NA,"likelihood",1612.5,0.00579
27,"R_Date","05BDT5‐03",NA,"likelihood",1613.5,0.00579
27,"R_Date","05BDT5‐03",NA,"likelihood",1614.5,0.00579
27,"R_Date","05BDT5‐03",NA,"likelihood",1615.5,0.005754
27,"R_Date","05BDT5‐03",NA,"likelihood",1616.5,0.005715
27,"R_Date","05BDT5‐03",NA,"likelihood",1617.5,0.005593
27,"R_Date","05BDT5‐03",NA,"likelihood",1618.5,0.005414
27,"R_Date","05BDT5‐03",NA,"likelihood",1619.5,0.005268
27,"R_Date","05BDT5‐03",NA,"likelihood",1620.5,0.00506
27,"R_Date","05BDT5‐03",NA,"likelihood",1621.5,0.004839
27,"R_Date","05BDT5‐03",NA,"likelihood",1622.5,0.004607
27,"R_Date","05BDT5‐03",NA,"likelihood",1623.5,0.004488
27,"R_Date","05BDT5‐03",NA,"likelihood",1624.5,0.004428
27,"R_Date","05BDT5‐03",NA,"likelihood",1625.5,0.004367
27,"R_Date","05BDT5‐03",NA,"likelihood",1626.5,0.004367
27,"R_Date","05BDT5‐03",NA,"likelihood",1627.5,0.004428
27,"R_Date","05BDT5‐03",NA,"likelihood",1628.5,0.004428
27,"R_Date","05BDT5‐03",NA,"likelihood",1629.5,0.004306
27,"R_Date","05BDT5‐03",NA,"likelihood",1630.5,0.004184
27,"R_Date","05BDT5‐03",NA,"likelihood",1631.5,0.00406
27,"R_Date","05BDT5‐03",NA,"likelihood",1632.5,0.003811
27,"R_Date","05BDT5‐03",NA,"likelihood",1633.5,0.003499
27,"R_Date","05BDT5‐03",NA,"likelihood",1634.5,0.003251
27,"R_Date","05BDT5‐03",NA,"likelihood",1635.5,0.0029483
27,"R_Date","05BDT5‐03",NA,"likelihood",1636.5,0.0027127
27,"R_Date","05BDT5‐03",NA,"likelihood",1637.5,0.0024848
27,"R_Date","05BDT5‐03",NA,"likelihood",1638.5,0.0023198
27,"R_Date","05BDT5‐03",NA,"likelihood",1639.5,0.0021085
27,"R_Date","05BDT5‐03",NA,"likelihood",1640.5,0.0019078
27,"R_Date","05BDT5‐03",NA,"likelihood",1641.5,0.0016732
27,"R_Date","05BDT5‐03",NA,"likelihood",1642.5,0.0014988
27,"R_Date","05BDT5‐03",NA,"likelihood",1643.5,0.0013366
27,"R_Date","05BDT5‐03",NA,"likelihood",1644.5,0.0011866
27,"R_Date","05BDT5‐03",NA,"likelihood",1645.5,0.0010821
27,"R_Date","05BDT5‐03",NA,"likelihood",1646.5,0.0009843
27,"R_Date","05BDT5‐03",NA,"likelihood",1647.5,0.000893
27,"R_Date","05BDT5‐03",NA,"likelihood",1648.5,0.0007813
27,"R_Date","05BDT5‐03",NA,"likelihood",1649.5,0.0007047
27,"R_Date","05BDT5‐03",NA,"likelihood",1650.5,0.0006569
27,"R_Date","05BDT5‐03",NA,"likelihood",1651.5,0.0006117
27,"R_Date","05BDT5‐03",NA,"likelihood",1652.5,0.0005689
27,"R_Date","05BDT5‐03",NA,"likelihood",1653.5,0.0005484
27,"R_Date","05BDT5‐03",NA,"likelihood",1654.5,0.0005092
27,"R_Date","05BDT5‐03",NA,"likelihood",1655.5,0.0004905
27,"R_Date","05BDT5‐03",NA,"likelihood",1656.5,0.0004547
27,"R_Date","05BDT5‐03",NA,"likelihood",1657.5,0.0004049
27,"R_Date","05BDT5‐03",NA,"likelihood",1658.5,0.0003596
27,"R_Date","05BDT5‐03",NA,"likelihood",1659.5,0.0003186
27,"R_Date","05BDT5‐03",NA,"likelihood",1660.5,0.00027007
27,"R_Date","05BDT5‐03",NA,"likelihood",1661.5,0.00022786
27,"R_Date","05BDT5‐03",NA,"likelihood",1662.5,0.00019137
27,"R_Date","05BDT5‐03",NA,"likelihood",1663.5,0.00015999
27,"R_Date","05BDT5‐03",NA,"likelihood",1664.5,0.00013947
27,"R_Date","05BDT5‐03",NA,"likelihood",1665.5,0.00011566
27,"R_Date","05BDT5‐03",NA,"likelihood",1666.5,9.549e-05
27,"R_Date","05BDT5‐03",NA,"likelihood",1667.5,7.466e-05
27,"R_Date","05BDT5‐03",NA,"likelihood",1668.5,5.796e-05
27,"R_Date","05BDT5‐03",NA,"likelihood",1669.5,4.708e-05
27,"R_Date","05BDT5‐03",NA,"likelihood",1670.5,3.608e-05
27,"R_Date","05BDT5‐03",NA,"likelihood",1671.5,2.9003e-05
27,"R_Date","05BDT5‐03",NA,"likelihood",1672.5,2.3211e-05
27,"R_Date","05BDT5‐03",NA,"likelihood",1673.5,2.0729e-05
27,"R_Date","05BDT5‐03",NA,"likelihood",1674.5,1.9578e-05
27,"R_Date","05BDT5‐03",NA,"likelihood",1675.5,1.9578e-05
27,"R_Date","05BDT5‐03",NA,"likelihood",1676.5,1.9578e-05
27,"R_Date","05BDT5‐03",NA,"likelihood",1677.5,1.9578e-05
27,"R_Date","05BDT5‐03",NA,"likelihood",1678.5,1.8489e-05
27,"R_Date","05BDT5‐03",NA,"likelihood",1679.5,1.6474e-05
27,"R_Date","05BDT5‐03",NA,"likelihood",1680.5,1.4657e-05
27,"R_Date","05BDT5‐03",NA,"likelihood",1681.5,1.2281e-05
27,"R_Date","05BDT5‐03",NA,"likelihood",1682.5,1.0893e-05
27,"R_Date","05BDT5‐03",NA,"likelihood",1683.5,9.089e-06
27,"R_Date","05BDT5‐03",NA,"likelihood",1684.5,7.105e-06
27,"R_Date","05BDT5‐03",NA,"likelihood",1685.5,5.891e-06
27,"R_Date","05BDT5‐03",NA,"likelihood",1686.5,4.697e-06
27,"R_Date","05BDT5‐03",NA,"likelihood",1687.5,3.87e-06
27,"R_Date","05BDT5‐03",NA,"likelihood",1688.5,3.179e-06
27,"R_Date","05BDT5‐03",NA,"likelihood",1689.5,2.6004e-06
27,"R_Date","05BDT5‐03",NA,"likelihood",1690.5,2.1276e-06
27,"R_Date","05BDT5‐03",NA,"likelihood",1691.5,1.7357e-06
27,"R_Date","05BDT5‐03",NA,"likelihood",1692.5,1.406e-06
27,"R_Date","05BDT5‐03",NA,"likelihood",1693.5,1.1447e-06
27,"R_Date","05BDT5‐03",NA,"likelihood",1694.5,9.207e-07
27,"R_Date","05BDT5‐03",NA,"likelihood",1695.5,6.905e-07
27,"R_Date","05BDT5‐03",NA,"likelihood",1696.5,5.537e-07
27,"R_Date","05BDT5‐03",NA,"likelihood",1697.5,4.168e-07
27,"R_Date","05BDT5‐03",NA,"likelihood",1698.5,3.297e-07
27,"R_Date","05BDT5‐03",NA,"likelihood",1699.5,2.6129e-07
27,"R_Date","05BDT5‐03",NA,"likelihood",1700.5,2.2396e-07
27,"R_Date","05BDT5‐03",NA,"likelihood",1701.5,1.9286e-07
27,"R_Date","05BDT5‐03",NA,"likelihood",1702.5,1.8041e-07
27,"R_Date","05BDT5‐03",NA,"likelihood",1703.5,1.8041e-07
27,"R_Date","05BDT5‐03",NA,"likelihood",1704.5,1.9286e-07
27,"R_Date","05BDT5‐03",NA,"likelihood",1705.5,1.9286e-07
27,"R_Date","05BDT5‐03",NA,"likelihood",1706.5,1.9286e-07
27,"R_Date","05BDT5‐03",NA,"likelihood",1707.5,1.9286e-07
27,"R_Date","05BDT5‐03",NA,"likelihood",1708.5,1.8041e-07
27,"R_Date","05BDT5‐03",NA,"likelihood",1709.5,1.5553e-07
27,"R_Date","05BDT5‐03",NA,"likelihood",1710.5,1.3064e-07
27,"R_Date","05BDT5‐03",NA,"likelihood",1711.5,1.1198e-07
27,"R_Date","05BDT5‐03",NA,"likelihood",1712.5,9.332e-08
27,"R_Date","05BDT5‐03",NA,"likelihood",1713.5,8.71e-08
27,"R_Date","05BDT5‐03",NA,"likelihood",1714.5,8.087e-08
27,"R_Date","05BDT5‐03",NA,"likelihood",1715.5,7.465e-08
27,"R_Date","05BDT5‐03",NA,"likelihood",1716.5,7.465e-08
27,"R_Date","05BDT5‐03",NA,"likelihood",1717.5,8.087e-08
27,"R_Date","05BDT5‐03",NA,"likelihood",1718.5,1.0576e-07
27,"R_Date","05BDT5‐03",NA,"likelihood",1719.5,1.3064e-07
27,"R_Date","05BDT5‐03",NA,"likelihood",1720.5,1.8041e-07
27,"R_Date","05BDT5‐03",NA,"likelihood",1721.5,2.4262e-07
27,"R_Date","05BDT5‐03",NA,"likelihood",1722.5,3.297e-07
27,"R_Date","05BDT5‐03",NA,"likelihood",1723.5,4.479e-07
27,"R_Date","05BDT5‐03",NA,"likelihood",1724.5,5.972e-07
27,"R_Date","05BDT5‐03",NA,"likelihood",1725.5,8.399e-07
27,"R_Date","05BDT5‐03",NA,"likelihood",1726.5,1.1136e-06
27,"R_Date","05BDT5‐03",NA,"likelihood",1727.5,1.4682e-06
27,"R_Date","05BDT5‐03",NA,"likelihood",1728.5,2.0716e-06
27,"R_Date","05BDT5‐03",NA,"likelihood",1729.5,2.8928e-06
27,"R_Date","05BDT5‐03",NA,"likelihood",1730.5,3.764e-06
27,"R_Date","05BDT5‐03",NA,"likelihood",1731.5,5.188e-06
27,"R_Date","05BDT5‐03",NA,"likelihood",1732.5,6.271e-06
27,"R_Date","05BDT5‐03",NA,"likelihood",1733.5,7.105e-06
27,"R_Date","05BDT5‐03",NA,"likelihood",1734.5,7.559e-06
27,"R_Date","05BDT5‐03",NA,"likelihood",1735.5,8.038e-06
27,"R_Date","05BDT5‐03",NA,"likelihood",1736.5,8.548e-06
27,"R_Date","05BDT5‐03",NA,"likelihood",1737.5,9.089e-06
27,"R_Date","05BDT5‐03",NA,"likelihood",1738.5,1.0259e-05
27,"R_Date","05BDT5‐03",NA,"likelihood",1739.5,1.1565e-05
27,"R_Date","05BDT5‐03",NA,"likelihood",1740.5,1.3823e-05
27,"R_Date","05BDT5‐03",NA,"likelihood",1741.5,1.6474e-05
27,"R_Date","05BDT5‐03",NA,"likelihood",1742.5,1.9578e-05
27,"R_Date","05BDT5‐03",NA,"likelihood",1743.5,2.1936e-05
27,"R_Date","05BDT5‐03",NA,"likelihood",1744.5,2.4549e-05
27,"R_Date","05BDT5‐03",NA,"likelihood",1745.5,2.4549e-05
27,"R_Date","05BDT5‐03",NA,"likelihood",1746.5,2.4549e-05
27,"R_Date","05BDT5‐03",NA,"likelihood",1747.5,2.4549e-05
27,"R_Date","05BDT5‐03",NA,"likelihood",1748.5,2.3211e-05
27,"R_Date","05BDT5‐03",NA,"likelihood",1749.5,2.1936e-05
27,"R_Date","05BDT5‐03",NA,"likelihood",1750.5,2.0729e-05
27,"R_Date","05BDT5‐03",NA,"likelihood",1751.5,1.8489e-05
27,"R_Date","05BDT5‐03",NA,"likelihood",1752.5,1.554e-05
27,"R_Date","05BDT5‐03",NA,"likelihood",1753.5,1.3027e-05
27,"R_Date","05BDT5‐03",NA,"likelihood",1754.5,1.0893e-05
27,"R_Date","05BDT5‐03",NA,"likelihood",1755.5,8.79e-06
27,"R_Date","05BDT5‐03",NA,"likelihood",1756.5,7.776e-06
27,"R_Date","05BDT5‐03",NA,"likelihood",1757.5,7.105e-06
27,"R_Date","05BDT5‐03",NA,"likelihood",1758.5,6.675e-06
27,"R_Date","05BDT5‐03",NA,"likelihood",1759.5,7.105e-06
27,"R_Date","05BDT5‐03",NA,"likelihood",1760.5,8.038e-06
27,"R_Date","05BDT5‐03",NA,"likelihood",1761.5,1.0259e-05
27,"R_Date","05BDT5‐03",NA,"likelihood",1762.5,1.2281e-05
27,"R_Date","05BDT5‐03",NA,"likelihood",1763.5,1.4657e-05
27,"R_Date","05BDT5‐03",NA,"likelihood",1764.5,1.745e-05
27,"R_Date","05BDT5‐03",NA,"likelihood",1765.5,2.0729e-05
27,"R_Date","05BDT5‐03",NA,"likelihood",1766.5,2.3211e-05
27,"R_Date","05BDT5‐03",NA,"likelihood",1767.5,2.7441e-05
27,"R_Date","05BDT5‐03",NA,"likelihood",1768.5,3.0639e-05
27,"R_Date","05BDT5‐03",NA,"likelihood",1769.5,3.236e-05
27,"R_Date","05BDT5‐03",NA,"likelihood",1770.5,3.236e-05
27,"R_Date","05BDT5‐03",NA,"likelihood",1771.5,2.9003e-05
27,"R_Date","05BDT5‐03",NA,"likelihood",1772.5,2.5961e-05
27,"R_Date","05BDT5‐03",NA,"likelihood",1773.5,2.1936e-05
27,"R_Date","05BDT5‐03",NA,"likelihood",1774.5,1.8489e-05
27,"R_Date","05BDT5‐03",NA,"likelihood",1775.5,1.745e-05
27,"R_Date","05BDT5‐03",NA,"likelihood",1776.5,1.745e-05
27,"R_Date","05BDT5‐03",NA,"likelihood",1777.5,1.9578e-05
27,"R_Date","05BDT5‐03",NA,"likelihood",1778.5,2.3211e-05
27,"R_Date","05BDT5‐03",NA,"likelihood",1779.5,3.0639e-05
27,"R_Date","05BDT5‐03",NA,"likelihood",1780.5,4.016e-05
27,"R_Date","05BDT5‐03",NA,"likelihood",1781.5,5.504e-05
27,"R_Date","05BDT5‐03",NA,"likelihood",1782.5,7.101e-05
27,"R_Date","05BDT5‐03",NA,"likelihood",1783.5,9.095e-05
27,"R_Date","05BDT5‐03",NA,"likelihood",1784.5,0.0001103
27,"R_Date","05BDT5‐03",NA,"likelihood",1785.5,0.00013947
27,"R_Date","05BDT5‐03",NA,"likelihood",1786.5,0.00016739
27,"R_Date","05BDT5‐03",NA,"likelihood",1787.5,0.00019137
27,"R_Date","05BDT5‐03",NA,"likelihood",1788.5,0.00021822
27,"R_Date","05BDT5‐03",NA,"likelihood",1789.5,0.0002482
27,"R_Date","05BDT5‐03",NA,"likelihood",1790.5,0.00025894
27,"R_Date","05BDT5‐03",NA,"likelihood",1791.5,0.0002482
27,"R_Date","05BDT5‐03",NA,"likelihood",1792.5,0.00022786
27,"R_Date","05BDT5‐03",NA,"likelihood",1793.5,0.00019137
27,"R_Date","05BDT5‐03",NA,"likelihood",1794.5,0.00014603
27,"R_Date","05BDT5‐03",NA,"likelihood",1795.5,0.00010022
27,"R_Date","05BDT5‐03",NA,"likelihood",1796.5,6.419e-05
27,"R_Date","05BDT5‐03",NA,"likelihood",1797.5,4.016e-05
27,"R_Date","05BDT5‐03",NA,"likelihood",1798.5,2.4549e-05
27,"R_Date","05BDT5‐03",NA,"likelihood",1799.5,1.6474e-05
27,"R_Date","05BDT5‐03",NA,"likelihood",1800.5,1.1565e-05
27,"R_Date","05BDT5‐03",NA,"likelihood",1801.5,9.089e-06
27,"R_Date","05BDT5‐03",NA,"likelihood",1802.5,8.038e-06
27,"R_Date","05BDT5‐03",NA,"likelihood",1803.5,7.105e-06
27,"R_Date","05BDT5‐03",NA,"likelihood",1804.5,6.271e-06
27,"R_Date","05BDT5‐03",NA,"likelihood",1805.5,5.891e-06
27,"R_Date","05BDT5‐03",NA,"likelihood",1806.5,4.871e-06
27,"R_Date","05BDT5‐03",NA,"likelihood",1807.5,4.013e-06
27,"R_Date","05BDT5‐03",NA,"likelihood",1808.5,2.8928e-06
27,"R_Date","05BDT5‐03",NA,"likelihood",1809.5,1.9348e-06
27,"R_Date","05BDT5‐03",NA,"likelihood",1810.5,1.2816e-06
27,"R_Date","05BDT5‐03",NA,"likelihood",1811.5,8.399e-07
27,"R_Date","05BDT5‐03",NA,"likelihood",1812.5,5.412e-07
27,"R_Date","05BDT5‐03",NA,"likelihood",1813.5,4.044e-07
27,"R_Date","05BDT5‐03",NA,"likelihood",1814.5,2.9861e-07
27,"R_Date","05BDT5‐03",NA,"likelihood",1815.5,2.364e-07
27,"R_Date","05BDT5‐03",NA,"likelihood",1816.5,1.8663e-07
27,"R_Date","05BDT5‐03",NA,"likelihood",1817.5,1.7419e-07
27,"R_Date","05BDT5‐03",NA,"likelihood",1818.5,1.5553e-07
27,"R_Date","05BDT5‐03",NA,"likelihood",1819.5,1.4309e-07
27,"R_Date","05BDT5‐03",NA,"likelihood",1820.5,1.4309e-07
27,"R_Date","05BDT5‐03",NA,"likelihood",1821.5,1.5553e-07
27,"R_Date","05BDT5‐03",NA,"likelihood",1822.5,1.4309e-07
27,"R_Date","05BDT5‐03",NA,"likelihood",1823.5,1.4309e-07
27,"R_Date","05BDT5‐03",NA,"likelihood",1824.5,1.182e-07
27,"R_Date","05BDT5‐03",NA,"likelihood",1825.5,1.0576e-07
27,"R_Date","05BDT5‐03",NA,"likelihood",1826.5,8.71e-08
27,"R_Date","05BDT5‐03",NA,"likelihood",1827.5,7.465e-08
27,"R_Date","05BDT5‐03",NA,"likelihood",1828.5,8.087e-08
27,"R_Date","05BDT5‐03",NA,"likelihood",1829.5,8.087e-08
27,"R_Date","05BDT5‐03",NA,"likelihood",1830.5,8.71e-08
27,"R_Date","05BDT5‐03",NA,"likelihood",1831.5,1.0576e-07
27,"R_Date","05BDT5‐03",NA,"likelihood",1832.5,1.4309e-07
27,"R_Date","05BDT5‐03",NA,"likelihood",1833.5,2.053e-07
27,"R_Date","05BDT5‐03",NA,"likelihood",1834.5,2.7995e-07
27,"R_Date","05BDT5‐03",NA,"likelihood",1835.5,3.857e-07
27,"R_Date","05BDT5‐03",NA,"likelihood",1836.5,5.412e-07
27,"R_Date","05BDT5‐03",NA,"likelihood",1837.5,6.47e-07
27,"R_Date","05BDT5‐03",NA,"likelihood",1838.5,8.399e-07
27,"R_Date","05BDT5‐03",NA,"likelihood",1839.5,9.021e-07
27,"R_Date","05BDT5‐03",NA,"likelihood",1840.5,9.643e-07
27,"R_Date","05BDT5‐03",NA,"likelihood",1841.5,9.643e-07
27,"R_Date","05BDT5‐03",NA,"likelihood",1842.5,9.021e-07
27,"R_Date","05BDT5‐03",NA,"likelihood",1843.5,8.399e-07
27,"R_Date","05BDT5‐03",NA,"likelihood",1844.5,7.776e-07
27,"R_Date","05BDT5‐03",NA,"likelihood",1845.5,7.279e-07
27,"R_Date","05BDT5‐03",NA,"likelihood",1846.5,6.781e-07
27,"R_Date","05BDT5‐03",NA,"likelihood",1847.5,6.781e-07
27,"R_Date","05BDT5‐03",NA,"likelihood",1848.5,6.283e-07
27,"R_Date","05BDT5‐03",NA,"likelihood",1849.5,6.781e-07
27,"R_Date","05BDT5‐03",NA,"likelihood",1850.5,6.781e-07
27,"R_Date","05BDT5‐03",NA,"likelihood",1851.5,7.279e-07
27,"R_Date","05BDT5‐03",NA,"likelihood",1852.5,7.776e-07
27,"R_Date","05BDT5‐03",NA,"likelihood",1853.5,8.399e-07
27,"R_Date","05BDT5‐03",NA,"likelihood",1854.5,8.399e-07
27,"R_Date","05BDT5‐03",NA,"likelihood",1855.5,8.399e-07
27,"R_Date","05BDT5‐03",NA,"likelihood",1856.5,7.776e-07
27,"R_Date","05BDT5‐03",NA,"likelihood",1857.5,7.279e-07
27,"R_Date","05BDT5‐03",NA,"likelihood",1858.5,7.279e-07
27,"R_Date","05BDT5‐03",NA,"likelihood",1859.5,6.781e-07
27,"R_Date","05BDT5‐03",NA,"likelihood",1860.5,6.905e-07
27,"R_Date","05BDT5‐03",NA,"likelihood",1861.5,7.465e-07
27,"R_Date","05BDT5‐03",NA,"likelihood",1862.5,8.025e-07
27,"R_Date","05BDT5‐03",NA,"likelihood",1863.5,8.585e-07
27,"R_Date","05BDT5‐03",NA,"likelihood",1864.5,9.207e-07
27,"R_Date","05BDT5‐03",NA,"likelihood",1865.5,8.585e-07
27,"R_Date","05BDT5‐03",NA,"likelihood",1866.5,8.025e-07
27,"R_Date","05BDT5‐03",NA,"likelihood",1867.5,6.905e-07
27,"R_Date","05BDT5‐03",NA,"likelihood",1868.5,6.47e-07
27,"R_Date","05BDT5‐03",NA,"likelihood",1869.5,5.972e-07
27,"R_Date","05BDT5‐03",NA,"likelihood",1870.5,6.47e-07
27,"R_Date","05BDT5‐03",NA,"likelihood",1871.5,6.905e-07
27,"R_Date","05BDT5‐03",NA,"likelihood",1872.5,8.025e-07
27,"R_Date","05BDT5‐03",NA,"likelihood",1873.5,9.207e-07
27,"R_Date","05BDT5‐03",NA,"likelihood",1874.5,9.892e-07
27,"R_Date","05BDT5‐03",NA,"likelihood",1875.5,1.0389e-06
27,"R_Date","05BDT5‐03",NA,"likelihood",1876.5,1.0389e-06
27,"R_Date","05BDT5‐03",NA,"likelihood",1877.5,9.021e-07
27,"R_Date","05BDT5‐03",NA,"likelihood",1878.5,7.279e-07
27,"R_Date","05BDT5‐03",NA,"likelihood",1879.5,5.412e-07
27,"R_Date","05BDT5‐03",NA,"likelihood",1880.5,4.355e-07
27,"R_Date","05BDT5‐03",NA,"likelihood",1881.5,3.733e-07
27,"R_Date","05BDT5‐03",NA,"likelihood",1882.5,3.235e-07
27,"R_Date","05BDT5‐03",NA,"likelihood",1883.5,3.235e-07
27,"R_Date","05BDT5‐03",NA,"likelihood",1884.5,3.484e-07
27,"R_Date","05BDT5‐03",NA,"likelihood",1885.5,3.546e-07
27,"R_Date","05BDT5‐03",NA,"likelihood",1886.5,4.044e-07
27,"R_Date","05BDT5‐03",NA,"likelihood",1887.5,3.546e-07
27,"R_Date","05BDT5‐03",NA,"likelihood",1888.5,3.297e-07
27,"R_Date","05BDT5‐03",NA,"likelihood",1889.5,2.8617e-07
27,"R_Date","05BDT5‐03",NA,"likelihood",1890.5,2.2396e-07
27,"R_Date","05BDT5‐03",NA,"likelihood",1891.5,1.8041e-07
27,"R_Date","05BDT5‐03",NA,"likelihood",1892.5,1.3064e-07
27,"R_Date","05BDT5‐03",NA,"likelihood",1893.5,1.1198e-07
27,"R_Date","05BDT5‐03",NA,"likelihood",1894.5,9.954e-08
27,"R_Date","05BDT5‐03",NA,"likelihood",1895.5,9.332e-08
27,"R_Date","05BDT5‐03",NA,"likelihood",1896.5,8.71e-08
27,"R_Date","05BDT5‐03",NA,"likelihood",1897.5,9.954e-08
27,"R_Date","05BDT5‐03",NA,"likelihood",1898.5,9.332e-08
27,"R_Date","05BDT5‐03",NA,"likelihood",1899.5,8.71e-08
27,"R_Date","05BDT5‐03",NA,"likelihood",1900.5,8.087e-08
27,"R_Date","05BDT5‐03",NA,"likelihood",1901.5,7.465e-08
27,"R_Date","05BDT5‐03",NA,"likelihood",1902.5,7.465e-08
27,"R_Date","05BDT5‐03",NA,"likelihood",1903.5,8.087e-08
27,"R_Date","05BDT5‐03",NA,"likelihood",1904.5,9.954e-08
27,"R_Date","05BDT5‐03",NA,"likelihood",1905.5,1.182e-07
27,"R_Date","05BDT5‐03",NA,"likelihood",1906.5,1.7419e-07
27,"R_Date","05BDT5‐03",NA,"likelihood",1907.5,2.364e-07
27,"R_Date","05BDT5‐03",NA,"likelihood",1908.5,2.9861e-07
27,"R_Date","05BDT5‐03",NA,"likelihood",1909.5,3.733e-07
27,"R_Date","05BDT5‐03",NA,"likelihood",1910.5,4.355e-07
27,"R_Date","05BDT5‐03",NA,"likelihood",1911.5,4.666e-07
27,"R_Date","05BDT5‐03",NA,"likelihood",1912.5,4.479e-07
27,"R_Date","05BDT5‐03",NA,"likelihood",1913.5,5.039e-07
27,"R_Date","05BDT5‐03",NA,"likelihood",1914.5,5.412e-07
27,"R_Date","05BDT5‐03",NA,"likelihood",1915.5,6.283e-07
27,"R_Date","05BDT5‐03",NA,"likelihood",1916.5,7.776e-07
27,"R_Date","05BDT5‐03",NA,"likelihood",1917.5,9.643e-07
27,"R_Date","05BDT5‐03",NA,"likelihood",1918.5,1.1945e-06
27,"R_Date","05BDT5‐03",NA,"likelihood",1919.5,1.4682e-06
27,"R_Date","05BDT5‐03",NA,"likelihood",1920.5,1.6859e-06
27,"R_Date","05BDT5‐03",NA,"likelihood",1921.5,2.0716e-06
27,"R_Date","05BDT5‐03",NA,"likelihood",1922.5,2.1276e-06
27,"R_Date","05BDT5‐03",NA,"likelihood",1923.5,2.532e-06
27,"R_Date","05BDT5‐03",NA,"likelihood",1924.5,3.0919e-06
27,"R_Date","05BDT5‐03",NA,"likelihood",1925.5,3.764e-06
27,"R_Date","05BDT5‐03",NA,"likelihood",1926.5,4.871e-06
27,"R_Date","05BDT5‐03",NA,"likelihood",1927.5,5.891e-06
27,"R_Date","05BDT5‐03",NA,"likelihood",1928.5,7.559e-06
27,"R_Date","05BDT5‐03",NA,"likelihood",1929.5,8.548e-06
27,"R_Date","05BDT5‐03",NA,"likelihood",1930.5,9.089e-06
27,"R_Date","05BDT5‐03",NA,"likelihood",1931.5,9.655e-06
27,"R_Date","05BDT5‐03",NA,"likelihood",1932.5,9.089e-06
27,"R_Date","05BDT5‐03",NA,"likelihood",1933.5,8.548e-06
27,"R_Date","05BDT5‐03",NA,"likelihood",1934.5,8.038e-06
27,"R_Date","05BDT5‐03",NA,"likelihood",1935.5,7.559e-06
27,"R_Date","05BDT5‐03",NA,"likelihood",1936.5,7.559e-06
27,"R_Date","05BDT5‐03",NA,"likelihood",1937.5,8.336e-06
27,"R_Date","05BDT5‐03",NA,"likelihood",1938.5,9.419e-06
27,"R_Date","05BDT5‐03",NA,"likelihood",1939.5,1.1279e-05
27,"R_Date","05BDT5‐03",NA,"likelihood",1940.5,1.429e-05
27,"R_Date","05BDT5‐03",NA,"likelihood",1941.5,1.8016e-05
27,"R_Date","05BDT5‐03",NA,"likelihood",1942.5,2.2614e-05
27,"R_Date","05BDT5‐03",NA,"likelihood",1943.5,2.6738e-05
27,"R_Date","05BDT5‐03",NA,"likelihood",1944.5,3.329e-05
27,"R_Date","05BDT5‐03",NA,"likelihood",1945.5,3.912e-05
27,"R_Date","05BDT5‐03",NA,"likelihood",1946.5,4.35e-05
27,"R_Date","05BDT5‐03",NA,"likelihood",1947.5,5.09e-05
27,"R_Date","05BDT5‐03",NA,"likelihood",1948.5,5.643e-05
27,"R_Date","05BDT5‐03",NA,"likelihood",1949.5,6.25e-05
27,"R_Date","05BDT5‐03",NA,"likelihood",1950.5,5.946e-05
27,"R_Date","05BDT5‐03",NA,"posterior",1453.5,0
27,"R_Date","05BDT5‐03",NA,"posterior",1454.5,3.1239e-06
27,"R_Date","05BDT5‐03",NA,"posterior",1455.5,3.1239e-06
27,"R_Date","05BDT5‐03",NA,"posterior",1456.5,4.16e-06
27,"R_Date","05BDT5‐03",NA,"posterior",1457.5,1.5619e-05
27,"R_Date","05BDT5‐03",NA,"posterior",1458.5,3.1254e-05
27,"R_Date","05BDT5‐03",NA,"posterior",1459.5,4.791e-05
27,"R_Date","05BDT5‐03",NA,"posterior",1460.5,8.334e-05
27,"R_Date","05BDT5‐03",NA,"posterior",1461.5,0.00010833
27,"R_Date","05BDT5‐03",NA,"posterior",1462.5,0.00013749
27,"R_Date","05BDT5‐03",NA,"posterior",1463.5,0.00025209
27,"R_Date","05BDT5‐03",NA,"posterior",1464.5,0.0003458
27,"R_Date","05BDT5‐03",NA,"posterior",1465.5,0.0005156
27,"R_Date","05BDT5‐03",NA,"posterior",1466.5,0.0007542
27,"R_Date","05BDT5‐03",NA,"posterior",1467.5,0.0009833
27,"R_Date","05BDT5‐03",NA,"posterior",1468.5,0.0013844
27,"R_Date","05BDT5‐03",NA,"posterior",1469.5,0.0019281
27,"R_Date","05BDT5‐03",NA,"posterior",1470.5,0.0023906
27,"R_Date","05BDT5‐03",NA,"posterior",1471.5,0.0030427
27,"R_Date","05BDT5‐03",NA,"posterior",1472.5,0.003671
27,"R_Date","05BDT5‐03",NA,"posterior",1473.5,0.004798
27,"R_Date","05BDT5‐03",NA,"posterior",1474.5,0.005561
27,"R_Date","05BDT5‐03",NA,"posterior",1475.5,0.006559
27,"R_Date","05BDT5‐03",NA,"posterior",1476.5,0.007392
27,"R_Date","05BDT5‐03",NA,"posterior",1477.5,0.008207
27,"R_Date","05BDT5‐03",NA,"posterior",1478.5,0.008961
27,"R_Date","05BDT5‐03",NA,"posterior",1479.5,0.009423
27,"R_Date","05BDT5‐03",NA,"posterior",1480.5,0.010363
27,"R_Date","05BDT5‐03",NA,"posterior",1481.5,0.010667
27,"R_Date","05BDT5‐03",NA,"posterior",1482.5,0.01134
27,"R_Date","05BDT5‐03",NA,"posterior",1483.5,0.011763
27,"R_Date","05BDT5‐03",NA,"posterior",1484.5,0.012394
27,"R_Date","05BDT5‐03",NA,"posterior",1485.5,0.012916
27,"R_Date","05BDT5‐03",NA,"posterior",1486.5,0.0133
27,"R_Date","05BDT5‐03",NA,"posterior",1487.5,0.013402
27,"R_Date","05BDT5‐03",NA,"posterior",1488.5,0.013787
27,"R_Date","05BDT5‐03",NA,"posterior",1489.5,0.013954
27,"R_Date","05BDT5‐03",NA,"posterior",1490.5,0.013816
27,"R_Date","05BDT5‐03",NA,"posterior",1491.5,0.014582
27,"R_Date","05BDT5‐03",NA,"posterior",1492.5,0.014601
27,"R_Date","05BDT5‐03",NA,"posterior",1493.5,0.014513
27,"R_Date","05BDT5‐03",NA,"posterior",1494.5,0.014629
27,"R_Date","05BDT5‐03",NA,"posterior",1495.5,0.014805
27,"R_Date","05BDT5‐03",NA,"posterior",1496.5,0.014503
27,"R_Date","05BDT5‐03",NA,"posterior",1497.5,0.014523
27,"R_Date","05BDT5‐03",NA,"posterior",1498.5,0.014605
27,"R_Date","05BDT5‐03",NA,"posterior",1499.5,0.014426
27,"R_Date","05BDT5‐03",NA,"posterior",1500.5,0.014514
27,"R_Date","05BDT5‐03",NA,"posterior",1501.5,0.014451
27,"R_Date","05BDT5‐03",NA,"posterior",1502.5,0.014336
27,"R_Date","05BDT5‐03",NA,"posterior",1503.5,0.014173
27,"R_Date","05BDT5‐03",NA,"posterior",1504.5,0.01412
27,"R_Date","05BDT5‐03",NA,"posterior",1505.5,0.013991
27,"R_Date","05BDT5‐03",NA,"posterior",1506.5,0.013983
27,"R_Date","05BDT5‐03",NA,"posterior",1507.5,0.013786
27,"R_Date","05BDT5‐03",NA,"posterior",1508.5,0.013495
27,"R_Date","05BDT5‐03",NA,"posterior",1509.5,0.013263
27,"R_Date","05BDT5‐03",NA,"posterior",1510.5,0.013104
27,"R_Date","05BDT5‐03",NA,"posterior",1511.5,0.012771
27,"R_Date","05BDT5‐03",NA,"posterior",1512.5,0.012471
27,"R_Date","05BDT5‐03",NA,"posterior",1513.5,0.012477
27,"R_Date","05BDT5‐03",NA,"posterior",1514.5,0.01237
27,"R_Date","05BDT5‐03",NA,"posterior",1515.5,0.012298
27,"R_Date","05BDT5‐03",NA,"posterior",1516.5,0.012181
27,"R_Date","05BDT5‐03",NA,"posterior",1517.5,0.011945
27,"R_Date","05BDT5‐03",NA,"posterior",1518.5,0.011987
27,"R_Date","05BDT5‐03",NA,"posterior",1519.5,0.011404
27,"R_Date","05BDT5‐03",NA,"posterior",1520.5,0.011341
27,"R_Date","05BDT5‐03",NA,"posterior",1521.5,0.010533
27,"R_Date","05BDT5‐03",NA,"posterior",1522.5,0.010316
27,"R_Date","05BDT5‐03",NA,"posterior",1523.5,0.009903
27,"R_Date","05BDT5‐03",NA,"posterior",1524.5,0.009311
27,"R_Date","05BDT5‐03",NA,"posterior",1525.5,0.0087
27,"R_Date","05BDT5‐03",NA,"posterior",1526.5,0.007875
27,"R_Date","05BDT5‐03",NA,"posterior",1527.5,0.007281
27,"R_Date","05BDT5‐03",NA,"posterior",1528.5,0.006658
27,"R_Date","05BDT5‐03",NA,"posterior",1529.5,0.00644
27,"R_Date","05BDT5‐03",NA,"posterior",1530.5,0.00594
27,"R_Date","05BDT5‐03",NA,"posterior",1531.5,0.005544
27,"R_Date","05BDT5‐03",NA,"posterior",1532.5,0.005282
27,"R_Date","05BDT5‐03",NA,"posterior",1533.5,0.005032
27,"R_Date","05BDT5‐03",NA,"posterior",1534.5,0.005031
27,"R_Date","05BDT5‐03",NA,"posterior",1535.5,0.005075
27,"R_Date","05BDT5‐03",NA,"posterior",1536.5,0.005177
27,"R_Date","05BDT5‐03",NA,"posterior",1537.5,0.005379
27,"R_Date","05BDT5‐03",NA,"posterior",1538.5,0.005456
27,"R_Date","05BDT5‐03",NA,"posterior",1539.5,0.005605
27,"R_Date","05BDT5‐03",NA,"posterior",1540.5,0.005719
27,"R_Date","05BDT5‐03",NA,"posterior",1541.5,0.00572
27,"R_Date","05BDT5‐03",NA,"posterior",1542.5,0.005901
27,"R_Date","05BDT5‐03",NA,"posterior",1543.5,0.005912
27,"R_Date","05BDT5‐03",NA,"posterior",1544.5,0.005638
27,"R_Date","05BDT5‐03",NA,"posterior",1545.5,0.005594
27,"R_Date","05BDT5‐03",NA,"posterior",1546.5,0.00535
27,"R_Date","05BDT5‐03",NA,"posterior",1547.5,0.005136
27,"R_Date","05BDT5‐03",NA,"posterior",1548.5,0.005177
27,"R_Date","05BDT5‐03",NA,"posterior",1549.5,0.004945
27,"R_Date","05BDT5‐03",NA,"posterior",1550.5,0.005314
27,"R_Date","05BDT5‐03",NA,"posterior",1551.5,0.005314
27,"R_Date","05BDT5‐03",NA,"posterior",1552.5,0.005468
27,"R_Date","05BDT5‐03",NA,"posterior",1553.5,0.005622
27,"R_Date","05BDT5‐03",NA,"posterior",1554.5,0.005581
27,"R_Date","05BDT5‐03",NA,"posterior",1555.5,0.005381
27,"R_Date","05BDT5‐03",NA,"posterior",1556.5,0.005517
27,"R_Date","05BDT5‐03",NA,"posterior",1557.5,0.005636
27,"R_Date","05BDT5‐03",NA,"posterior",1558.5,0.005733
27,"R_Date","05BDT5‐03",NA,"posterior",1559.5,0.005555
27,"R_Date","05BDT5‐03",NA,"posterior",1560.5,0.005728
27,"R_Date","05BDT5‐03",NA,"posterior",1561.5,0.005697
27,"R_Date","05BDT5‐03",NA,"posterior",1562.5,0.005744
27,"R_Date","05BDT5‐03",NA,"posterior",1563.5,0.005466
27,"R_Date","05BDT5‐03",NA,"posterior",1564.5,0.005175
27,"R_Date","05BDT5‐03",NA,"posterior",1565.5,0.004958
27,"R_Date","05BDT5‐03",NA,"posterior",1566.5,0.00489
27,"R_Date","05BDT5‐03",NA,"posterior",1567.5,0.004644
27,"R_Date","05BDT5‐03",NA,"posterior",1568.5,0.004492
27,"R_Date","05BDT5‐03",NA,"posterior",1569.5,0.004416
27,"R_Date","05BDT5‐03",NA,"posterior",1570.5,0.00451
27,"R_Date","05BDT5‐03",NA,"posterior",1571.5,0.004403
27,"R_Date","05BDT5‐03",NA,"posterior",1572.5,0.004394
27,"R_Date","05BDT5‐03",NA,"posterior",1573.5,0.004192
27,"R_Date","05BDT5‐03",NA,"posterior",1574.5,0.004224
27,"R_Date","05BDT5‐03",NA,"posterior",1575.5,0.004249
27,"R_Date","05BDT5‐03",NA,"posterior",1576.5,0.004134
27,"R_Date","05BDT5‐03",NA,"posterior",1577.5,0.003949
27,"R_Date","05BDT5‐03",NA,"posterior",1578.5,0.003934
27,"R_Date","05BDT5‐03",NA,"posterior",1579.5,0.003839
27,"R_Date","05BDT5‐03",NA,"posterior",1580.5,0.003717
27,"R_Date","05BDT5‐03",NA,"posterior",1581.5,0.003465
27,"R_Date","05BDT5‐03",NA,"posterior",1582.5,0.003451
27,"R_Date","05BDT5‐03",NA,"posterior",1583.5,0.003246
27,"R_Date","05BDT5‐03",NA,"posterior",1584.5,0.0030791
27,"R_Date","05BDT5‐03",NA,"posterior",1585.5,0.0028573
27,"R_Date","05BDT5‐03",NA,"posterior",1586.5,0.0027125
27,"R_Date","05BDT5‐03",NA,"posterior",1587.5,0.0026135
27,"R_Date","05BDT5‐03",NA,"posterior",1588.5,0.0026291
27,"R_Date","05BDT5‐03",NA,"posterior",1589.5,0.0024427
27,"R_Date","05BDT5‐03",NA,"posterior",1590.5,0.0023229
27,"R_Date","05BDT5‐03",NA,"posterior",1591.5,0.002276
27,"R_Date","05BDT5‐03",NA,"posterior",1592.5,0.0021844
27,"R_Date","05BDT5‐03",NA,"posterior",1593.5,0.0020177
27,"R_Date","05BDT5‐03",NA,"posterior",1594.5,0.0018448
27,"R_Date","05BDT5‐03",NA,"posterior",1595.5,0.0018083
27,"R_Date","05BDT5‐03",NA,"posterior",1596.5,0.0016844
27,"R_Date","05BDT5‐03",NA,"posterior",1597.5,0.0015604
27,"R_Date","05BDT5‐03",NA,"posterior",1598.5,0.0013656
27,"R_Date","05BDT5‐03",NA,"posterior",1599.5,0.0012406
27,"R_Date","05BDT5‐03",NA,"posterior",1600.5,0.0011146
27,"R_Date","05BDT5‐03",NA,"posterior",1601.5,0.0010958
27,"R_Date","05BDT5‐03",NA,"posterior",1602.5,0.0009437
27,"R_Date","05BDT5‐03",NA,"posterior",1603.5,0.0007937
27,"R_Date","05BDT5‐03",NA,"posterior",1604.5,0.000625
27,"R_Date","05BDT5‐03",NA,"posterior",1605.5,0.0006708
27,"R_Date","05BDT5‐03",NA,"posterior",1606.5,0.0005281
27,"R_Date","05BDT5‐03",NA,"posterior",1607.5,0.0003927
27,"R_Date","05BDT5‐03",NA,"posterior",1608.5,0.0003844
27,"R_Date","05BDT5‐03",NA,"posterior",1609.5,0.00027604
27,"R_Date","05BDT5‐03",NA,"posterior",1610.5,0.0002427
27,"R_Date","05BDT5‐03",NA,"posterior",1611.5,0.00022708
27,"R_Date","05BDT5‐03",NA,"posterior",1612.5,0.00013855
27,"R_Date","05BDT5‐03",NA,"posterior",1613.5,0.000125
27,"R_Date","05BDT5‐03",NA,"posterior",1614.5,5.73e-05
27,"R_Date","05BDT5‐03",NA,"posterior",1615.5,5e-05
27,"R_Date","05BDT5‐03",NA,"posterior",1616.5,3.0202e-05
27,"R_Date","05BDT5‐03",NA,"posterior",1617.5,1.2496e-05
27,"R_Date","05BDT5‐03",NA,"posterior",1618.5,1.2496e-05
27,"R_Date","05BDT5‐03",NA,"posterior",1619.5,1.0423e-05
27,"R_Date","05BDT5‐03",NA,"posterior",1620.5,2.0875e-06
27,"R_Date","05BDT5‐03",NA,"posterior",1621.5,4.16e-06
27,"R_Date","05BDT5‐03",NA,"posterior",1622.5,3.1239e-06
28,"R_Date","05BDT5‐50",NA,"likelihood",1408.5,0
28,"R_Date","05BDT5‐50",NA,"likelihood",1409.5,0
28,"R_Date","05BDT5‐50",NA,"likelihood",1410.5,1.5957e-08
28,"R_Date","05BDT5‐50",NA,"likelihood",1411.5,1.5957e-08
28,"R_Date","05BDT5‐50",NA,"likelihood",1412.5,3.191e-08
28,"R_Date","05BDT5‐50",NA,"likelihood",1413.5,4.787e-08
28,"R_Date","05BDT5‐50",NA,"likelihood",1414.5,4.787e-08
28,"R_Date","05BDT5‐50",NA,"likelihood",1415.5,4.787e-08
28,"R_Date","05BDT5‐50",NA,"likelihood",1416.5,4.787e-08
28,"R_Date","05BDT5‐50",NA,"likelihood",1417.5,4.787e-08
28,"R_Date","05BDT5‐50",NA,"likelihood",1418.5,6.383e-08
28,"R_Date","05BDT5‐50",NA,"likelihood",1419.5,7.979e-08
28,"R_Date","05BDT5‐50",NA,"likelihood",1420.5,1.117e-07
28,"R_Date","05BDT5‐50",NA,"likelihood",1421.5,2.234e-07
28,"R_Date","05BDT5‐50",NA,"likelihood",1422.5,4.468e-07
28,"R_Date","05BDT5‐50",NA,"likelihood",1423.5,1.0213e-06
28,"R_Date","05BDT5‐50",NA,"likelihood",1424.5,2.25e-06
28,"R_Date","05BDT5‐50",NA,"likelihood",1425.5,4.133e-06
28,"R_Date","05BDT5‐50",NA,"likelihood",1426.5,7.42e-06
28,"R_Date","05BDT5‐50",NA,"likelihood",1427.5,1.1362e-05
28,"R_Date","05BDT5‐50",NA,"likelihood",1428.5,1.5e-05
28,"R_Date","05BDT5‐50",NA,"likelihood",1429.5,1.7202e-05
28,"R_Date","05BDT5‐50",NA,"likelihood",1430.5,1.9691e-05
28,"R_Date","05BDT5‐50",NA,"likelihood",1431.5,2.2516e-05
28,"R_Date","05BDT5‐50",NA,"likelihood",1432.5,2.933e-05
28,"R_Date","05BDT5‐50",NA,"likelihood",1433.5,3.798e-05
28,"R_Date","05BDT5‐50",NA,"likelihood",1434.5,4.893e-05
28,"R_Date","05BDT5‐50",NA,"likelihood",1435.5,7.99e-05
28,"R_Date","05BDT5‐50",NA,"likelihood",1436.5,0.00011381
28,"R_Date","05BDT5‐50",NA,"likelihood",1437.5,0.00017896
28,"R_Date","05BDT5‐50",NA,"likelihood",1438.5,0.0002478
28,"R_Date","05BDT5‐50",NA,"likelihood",1439.5,0.000339
28,"R_Date","05BDT5‐50",NA,"likelihood",1440.5,0.0004148
28,"R_Date","05BDT5‐50",NA,"likelihood",1441.5,0.0005561
28,"R_Date","05BDT5‐50",NA,"likelihood",1442.5,0.0007363
28,"R_Date","05BDT5‐50",NA,"likelihood",1443.5,0.0009632
28,"R_Date","05BDT5‐50",NA,"likelihood",1444.5,0.001352
28,"R_Date","05BDT5‐50",NA,"likelihood",1445.5,0.0018571
28,"R_Date","05BDT5‐50",NA,"likelihood",1446.5,0.0023229
28,"R_Date","05BDT5‐50",NA,"likelihood",1447.5,0.0030716
28,"R_Date","05BDT5‐50",NA,"likelihood",1448.5,0.003974
28,"R_Date","05BDT5‐50",NA,"likelihood",1449.5,0.004753
28,"R_Date","05BDT5‐50",NA,"likelihood",1450.5,0.005614
28,"R_Date","05BDT5‐50",NA,"likelihood",1451.5,0.006231
28,"R_Date","05BDT5‐50",NA,"likelihood",1452.5,0.006878
28,"R_Date","05BDT5‐50",NA,"likelihood",1453.5,0.007551
28,"R_Date","05BDT5‐50",NA,"likelihood",1454.5,0.008597
28,"R_Date","05BDT5‐50",NA,"likelihood",1455.5,0.010027
28,"R_Date","05BDT5‐50",NA,"likelihood",1456.5,0.011784
28,"R_Date","05BDT5‐50",NA,"likelihood",1457.5,0.013382
28,"R_Date","05BDT5‐50",NA,"likelihood",1458.5,0.014684
28,"R_Date","05BDT5‐50",NA,"likelihood",1459.5,0.015429
28,"R_Date","05BDT5‐50",NA,"likelihood",1460.5,0.01586
28,"R_Date","05BDT5‐50",NA,"likelihood",1461.5,0.015914
28,"R_Date","05BDT5‐50",NA,"likelihood",1462.5,0.015947
28,"R_Date","05BDT5‐50",NA,"likelihood",1463.5,0.015914
28,"R_Date","05BDT5‐50",NA,"likelihood",1464.5,0.01586
28,"R_Date","05BDT5‐50",NA,"likelihood",1465.5,0.015783
28,"R_Date","05BDT5‐50",NA,"likelihood",1466.5,0.015686
28,"R_Date","05BDT5‐50",NA,"likelihood",1467.5,0.015783
28,"R_Date","05BDT5‐50",NA,"likelihood",1468.5,0.01586
28,"R_Date","05BDT5‐50",NA,"likelihood",1469.5,0.015914
28,"R_Date","05BDT5‐50",NA,"likelihood",1470.5,0.015947
28,"R_Date","05BDT5‐50",NA,"likelihood",1471.5,0.015947
28,"R_Date","05BDT5‐50",NA,"likelihood",1472.5,0.015957
28,"R_Date","05BDT5‐50",NA,"likelihood",1473.5,0.015913
28,"R_Date","05BDT5‐50",NA,"likelihood",1474.5,0.015781
28,"R_Date","05BDT5‐50",NA,"likelihood",1475.5,0.015425
28,"R_Date","05BDT5‐50",NA,"likelihood",1476.5,0.01489
28,"R_Date","05BDT5‐50",NA,"likelihood",1477.5,0.014197
28,"R_Date","05BDT5‐50",NA,"likelihood",1478.5,0.013657
28,"R_Date","05BDT5‐50",NA,"likelihood",1479.5,0.013066
28,"R_Date","05BDT5‐50",NA,"likelihood",1480.5,0.012431
28,"R_Date","05BDT5‐50",NA,"likelihood",1481.5,0.0121
28,"R_Date","05BDT5‐50",NA,"likelihood",1482.5,0.011822
28,"R_Date","05BDT5‐50",NA,"likelihood",1483.5,0.011466
28,"R_Date","05BDT5‐50",NA,"likelihood",1484.5,0.011466
28,"R_Date","05BDT5‐50",NA,"likelihood",1485.5,0.011466
28,"R_Date","05BDT5‐50",NA,"likelihood",1486.5,0.011466
28,"R_Date","05BDT5‐50",NA,"likelihood",1487.5,0.011466
28,"R_Date","05BDT5‐50",NA,"likelihood",1488.5,0.011067
28,"R_Date","05BDT5‐50",NA,"likelihood",1489.5,0.010712
28,"R_Date","05BDT5‐50",NA,"likelihood",1490.5,0.010355
28,"R_Date","05BDT5‐50",NA,"likelihood",1491.5,0.009996
28,"R_Date","05BDT5‐50",NA,"likelihood",1492.5,0.009636
28,"R_Date","05BDT5‐50",NA,"likelihood",1493.5,0.008917
28,"R_Date","05BDT5‐50",NA,"likelihood",1494.5,0.008559
28,"R_Date","05BDT5‐50",NA,"likelihood",1495.5,0.007855
28,"R_Date","05BDT5‐50",NA,"likelihood",1496.5,0.007509
28,"R_Date","05BDT5‐50",NA,"likelihood",1497.5,0.007168
28,"R_Date","05BDT5‐50",NA,"likelihood",1498.5,0.007168
28,"R_Date","05BDT5‐50",NA,"likelihood",1499.5,0.006833
28,"R_Date","05BDT5‐50",NA,"likelihood",1500.5,0.006833
28,"R_Date","05BDT5‐50",NA,"likelihood",1501.5,0.006833
28,"R_Date","05BDT5‐50",NA,"likelihood",1502.5,0.006505
28,"R_Date","05BDT5‐50",NA,"likelihood",1503.5,0.006184
28,"R_Date","05BDT5‐50",NA,"likelihood",1504.5,0.005871
28,"R_Date","05BDT5‐50",NA,"likelihood",1505.5,0.005566
28,"R_Date","05BDT5‐50",NA,"likelihood",1506.5,0.005269
28,"R_Date","05BDT5‐50",NA,"likelihood",1507.5,0.004981
28,"R_Date","05BDT5‐50",NA,"likelihood",1508.5,0.004702
28,"R_Date","05BDT5‐50",NA,"likelihood",1509.5,0.004173
28,"R_Date","05BDT5‐50",NA,"likelihood",1510.5,0.003923
28,"R_Date","05BDT5‐50",NA,"likelihood",1511.5,0.003453
28,"R_Date","05BDT5‐50",NA,"likelihood",1512.5,0.003137
28,"R_Date","05BDT5‐50",NA,"likelihood",1513.5,0.0029273
28,"R_Date","05BDT5‐50",NA,"likelihood",1514.5,0.0029273
28,"R_Date","05BDT5‐50",NA,"likelihood",1515.5,0.0030219
28,"R_Date","05BDT5‐50",NA,"likelihood",1516.5,0.0030219
28,"R_Date","05BDT5‐50",NA,"likelihood",1517.5,0.0030219
28,"R_Date","05BDT5‐50",NA,"likelihood",1518.5,0.0028211
28,"R_Date","05BDT5‐50",NA,"likelihood",1519.5,0.00263
28,"R_Date","05BDT5‐50",NA,"likelihood",1520.5,0.0021131
28,"R_Date","05BDT5‐50",NA,"likelihood",1521.5,0.0018135
28,"R_Date","05BDT5‐50",NA,"likelihood",1522.5,0.0014268
28,"R_Date","05BDT5‐50",NA,"likelihood",1523.5,0.0011085
28,"R_Date","05BDT5‐50",NA,"likelihood",1524.5,0.0008504
28,"R_Date","05BDT5‐50",NA,"likelihood",1525.5,0.0005423
28,"R_Date","05BDT5‐50",NA,"likelihood",1526.5,0.0003612
28,"R_Date","05BDT5‐50",NA,"likelihood",1527.5,0.00023504
28,"R_Date","05BDT5‐50",NA,"likelihood",1528.5,0.00014946
28,"R_Date","05BDT5‐50",NA,"likelihood",1529.5,0.00010482
28,"R_Date","05BDT5‐50",NA,"likelihood",1530.5,8.269e-05
28,"R_Date","05BDT5‐50",NA,"likelihood",1531.5,6.468e-05
28,"R_Date","05BDT5‐50",NA,"likelihood",1532.5,5.031e-05
28,"R_Date","05BDT5‐50",NA,"likelihood",1533.5,4.427e-05
28,"R_Date","05BDT5‐50",NA,"likelihood",1534.5,4.427e-05
28,"R_Date","05BDT5‐50",NA,"likelihood",1535.5,5.031e-05
28,"R_Date","05BDT5‐50",NA,"likelihood",1536.5,5.708e-05
28,"R_Date","05BDT5‐50",NA,"likelihood",1537.5,6.401e-05
28,"R_Date","05BDT5‐50",NA,"likelihood",1538.5,9.33e-05
28,"R_Date","05BDT5‐50",NA,"likelihood",1539.5,0.00011829
28,"R_Date","05BDT5‐50",NA,"likelihood",1540.5,0.00013297
28,"R_Date","05BDT5‐50",NA,"likelihood",1541.5,0.00016706
28,"R_Date","05BDT5‐50",NA,"likelihood",1542.5,0.00016773
28,"R_Date","05BDT5‐50",NA,"likelihood",1543.5,0.00020882
28,"R_Date","05BDT5‐50",NA,"likelihood",1544.5,0.00018691
28,"R_Date","05BDT5‐50",NA,"likelihood",1545.5,0.00016706
28,"R_Date","05BDT5‐50",NA,"likelihood",1546.5,0.00014911
28,"R_Date","05BDT5‐50",NA,"likelihood",1547.5,0.00013289
28,"R_Date","05BDT5‐50",NA,"likelihood",1548.5,0.00013289
28,"R_Date","05BDT5‐50",NA,"likelihood",1549.5,0.00013289
28,"R_Date","05BDT5‐50",NA,"likelihood",1550.5,0.00016706
28,"R_Date","05BDT5‐50",NA,"likelihood",1551.5,0.00020882
28,"R_Date","05BDT5‐50",NA,"likelihood",1552.5,0.00025955
28,"R_Date","05BDT5‐50",NA,"likelihood",1553.5,0.0003208
28,"R_Date","05BDT5‐50",NA,"likelihood",1554.5,0.0003559
28,"R_Date","05BDT5‐50",NA,"likelihood",1555.5,0.0003943
28,"R_Date","05BDT5‐50",NA,"likelihood",1556.5,0.0004362
28,"R_Date","05BDT5‐50",NA,"likelihood",1557.5,0.0005316
28,"R_Date","05BDT5‐50",NA,"likelihood",1558.5,0.0005856
28,"R_Date","05BDT5‐50",NA,"likelihood",1559.5,0.0007076
28,"R_Date","05BDT5‐50",NA,"likelihood",1560.5,0.0008504
28,"R_Date","05BDT5‐50",NA,"likelihood",1561.5,0.0009302
28,"R_Date","05BDT5‐50",NA,"likelihood",1562.5,0.0010162
28,"R_Date","05BDT5‐50",NA,"likelihood",1563.5,0.0009302
28,"R_Date","05BDT5‐50",NA,"likelihood",1564.5,0.0008504
28,"R_Date","05BDT5‐50",NA,"likelihood",1565.5,0.0007076
28,"R_Date","05BDT5‐50",NA,"likelihood",1566.5,0.0006442
28,"R_Date","05BDT5‐50",NA,"likelihood",1567.5,0.0005856
28,"R_Date","05BDT5‐50",NA,"likelihood",1568.5,0.0005423
28,"R_Date","05BDT5‐50",NA,"likelihood",1569.5,0.0005856
28,"R_Date","05BDT5‐50",NA,"likelihood",1570.5,0.0007076
28,"R_Date","05BDT5‐50",NA,"likelihood",1571.5,0.0007763
28,"R_Date","05BDT5‐50",NA,"likelihood",1572.5,0.0009302
28,"R_Date","05BDT5‐50",NA,"likelihood",1573.5,0.0010162
28,"R_Date","05BDT5‐50",NA,"likelihood",1574.5,0.0012075
28,"R_Date","05BDT5‐50",NA,"likelihood",1575.5,0.0013135
28,"R_Date","05BDT5‐50",NA,"likelihood",1576.5,0.0015477
28,"R_Date","05BDT5‐50",NA,"likelihood",1577.5,0.0016765
28,"R_Date","05BDT5‐50",NA,"likelihood",1578.5,0.0018135
28,"R_Date","05BDT5‐50",NA,"likelihood",1579.5,0.0018135
28,"R_Date","05BDT5‐50",NA,"likelihood",1580.5,0.001959
28,"R_Date","05BDT5‐50",NA,"likelihood",1581.5,0.001959
28,"R_Date","05BDT5‐50",NA,"likelihood",1582.5,0.001959
28,"R_Date","05BDT5‐50",NA,"likelihood",1583.5,0.001959
28,"R_Date","05BDT5‐50",NA,"likelihood",1584.5,0.001959
28,"R_Date","05BDT5‐50",NA,"likelihood",1585.5,0.0018135
28,"R_Date","05BDT5‐50",NA,"likelihood",1586.5,0.0018135
28,"R_Date","05BDT5‐50",NA,"likelihood",1587.5,0.001959
28,"R_Date","05BDT5‐50",NA,"likelihood",1588.5,0.0021131
28,"R_Date","05BDT5‐50",NA,"likelihood",1589.5,0.0024484
28,"R_Date","05BDT5‐50",NA,"likelihood",1590.5,0.0028211
28,"R_Date","05BDT5‐50",NA,"likelihood",1591.5,0.003453
28,"R_Date","05BDT5‐50",NA,"likelihood",1592.5,0.003923
28,"R_Date","05BDT5‐50",NA,"likelihood",1593.5,0.004433
28,"R_Date","05BDT5‐50",NA,"likelihood",1594.5,0.004981
28,"R_Date","05BDT5‐50",NA,"likelihood",1595.5,0.005566
28,"R_Date","05BDT5‐50",NA,"likelihood",1596.5,0.005566
28,"R_Date","05BDT5‐50",NA,"likelihood",1597.5,0.005871
28,"R_Date","05BDT5‐50",NA,"likelihood",1598.5,0.006184
28,"R_Date","05BDT5‐50",NA,"likelihood",1599.5,0.006505
28,"R_Date","05BDT5‐50",NA,"likelihood",1600.5,0.006833
28,"R_Date","05BDT5‐50",NA,"likelihood",1601.5,0.007509
28,"R_Date","05BDT5‐50",NA,"likelihood",1602.5,0.008559
28,"R_Date","05BDT5‐50",NA,"likelihood",1603.5,0.009636
28,"R_Date","05BDT5‐50",NA,"likelihood",1604.5,0.010355
28,"R_Date","05BDT5‐50",NA,"likelihood",1605.5,0.010712
28,"R_Date","05BDT5‐50",NA,"likelihood",1606.5,0.010712
28,"R_Date","05BDT5‐50",NA,"likelihood",1607.5,0.009996
28,"R_Date","05BDT5‐50",NA,"likelihood",1608.5,0.009276
28,"R_Date","05BDT5‐50",NA,"likelihood",1609.5,0.008559
28,"R_Date","05BDT5‐50",NA,"likelihood",1610.5,0.007855
28,"R_Date","05BDT5‐50",NA,"likelihood",1611.5,0.007509
28,"R_Date","05BDT5‐50",NA,"likelihood",1612.5,0.007509
28,"R_Date","05BDT5‐50",NA,"likelihood",1613.5,0.007509
28,"R_Date","05BDT5‐50",NA,"likelihood",1614.5,0.007509
28,"R_Date","05BDT5‐50",NA,"likelihood",1615.5,0.007168
28,"R_Date","05BDT5‐50",NA,"likelihood",1616.5,0.006833
28,"R_Date","05BDT5‐50",NA,"likelihood",1617.5,0.005871
28,"R_Date","05BDT5‐50",NA,"likelihood",1618.5,0.004702
28,"R_Date","05BDT5‐50",NA,"likelihood",1619.5,0.003923
28,"R_Date","05BDT5‐50",NA,"likelihood",1620.5,0.0030219
28,"R_Date","05BDT5‐50",NA,"likelihood",1621.5,0.0022762
28,"R_Date","05BDT5‐50",NA,"likelihood",1622.5,0.0016765
28,"R_Date","05BDT5‐50",NA,"likelihood",1623.5,0.0014268
28,"R_Date","05BDT5‐50",NA,"likelihood",1624.5,0.0013135
28,"R_Date","05BDT5‐50",NA,"likelihood",1625.5,0.0012075
28,"R_Date","05BDT5‐50",NA,"likelihood",1626.5,0.0012075
28,"R_Date","05BDT5‐50",NA,"likelihood",1627.5,0.0013135
28,"R_Date","05BDT5‐50",NA,"likelihood",1628.5,0.0013135
28,"R_Date","05BDT5‐50",NA,"likelihood",1629.5,0.0011085
28,"R_Date","05BDT5‐50",NA,"likelihood",1630.5,0.0009302
28,"R_Date","05BDT5‐50",NA,"likelihood",1631.5,0.0007763
28,"R_Date","05BDT5‐50",NA,"likelihood",1632.5,0.0005316
28,"R_Date","05BDT5‐50",NA,"likelihood",1633.5,0.0003208
28,"R_Date","05BDT5‐50",NA,"likelihood",1634.5,0.00020882
28,"R_Date","05BDT5‐50",NA,"likelihood",1635.5,0.00011829
28,"R_Date","05BDT5‐50",NA,"likelihood",1636.5,7.318e-05
28,"R_Date","05BDT5‐50",NA,"likelihood",1637.5,4.427e-05
28,"R_Date","05BDT5‐50",NA,"likelihood",1638.5,2.992e-05
28,"R_Date","05BDT5‐50",NA,"likelihood",1639.5,1.7394e-05
28,"R_Date","05BDT5‐50",NA,"likelihood",1640.5,9.894e-06
28,"R_Date","05BDT5‐50",NA,"likelihood",1641.5,4.723e-06
28,"R_Date","05BDT5‐50",NA,"likelihood",1642.5,2.5532e-06
28,"R_Date","05BDT5‐50",NA,"likelihood",1643.5,1.3404e-06
28,"R_Date","05BDT5‐50",NA,"likelihood",1644.5,7.021e-07
28,"R_Date","05BDT5‐50",NA,"likelihood",1645.5,4.149e-07
28,"R_Date","05BDT5‐50",NA,"likelihood",1646.5,2.3936e-07
28,"R_Date","05BDT5‐50",NA,"likelihood",1647.5,1.4362e-07
28,"R_Date","05BDT5‐50",NA,"likelihood",1648.5,6.383e-08
28,"R_Date","05BDT5‐50",NA,"likelihood",1649.5,3.191e-08
28,"R_Date","05BDT5‐50",NA,"likelihood",1650.5,3.191e-08
28,"R_Date","05BDT5‐50",NA,"likelihood",1651.5,1.5957e-08
28,"R_Date","05BDT5‐50",NA,"likelihood",1652.5,1.5957e-08
28,"R_Date","05BDT5‐50",NA,"likelihood",1653.5,1.5957e-08
28,"R_Date","05BDT5‐50",NA,"likelihood",1654.5,0
28,"R_Date","05BDT5‐50",NA,"posterior",1455.5,0
28,"R_Date","05BDT5‐50",NA,"posterior",1456.5,4.158e-06
28,"R_Date","05BDT5‐50",NA,"posterior",1457.5,2.1878e-05
28,"R_Date","05BDT5‐50",NA,"posterior",1458.5,5.417e-05
28,"R_Date","05BDT5‐50",NA,"posterior",1459.5,7.917e-05
28,"R_Date","05BDT5‐50",NA,"posterior",1460.5,0.0001198
28,"R_Date","05BDT5‐50",NA,"posterior",1461.5,0.00019479
28,"R_Date","05BDT5‐50",NA,"posterior",1462.5,0.00026145
28,"R_Date","05BDT5‐50",NA,"posterior",1463.5,0.0004812
28,"R_Date","05BDT5‐50",NA,"posterior",1464.5,0.0006469
28,"R_Date","05BDT5‐50",NA,"posterior",1465.5,0.001125
28,"R_Date","05BDT5‐50",NA,"posterior",1466.5,0.0014656
28,"R_Date","05BDT5‐50",NA,"posterior",1467.5,0.0019635
28,"R_Date","05BDT5‐50",NA,"posterior",1468.5,0.003253
28,"R_Date","05BDT5‐50",NA,"posterior",1469.5,0.004259
28,"R_Date","05BDT5‐50",NA,"posterior",1470.5,0.005366
28,"R_Date","05BDT5‐50",NA,"posterior",1471.5,0.006917
28,"R_Date","05BDT5‐50",NA,"posterior",1472.5,0.008664
28,"R_Date","05BDT5‐50",NA,"posterior",1473.5,0.010836
28,"R_Date","05BDT5‐50",NA,"posterior",1474.5,0.012724
28,"R_Date","05BDT5‐50",NA,"posterior",1475.5,0.014899
28,"R_Date","05BDT5‐50",NA,"posterior",1476.5,0.016487
28,"R_Date","05BDT5‐50",NA,"posterior",1477.5,0.018118
28,"R_Date","05BDT5‐50",NA,"posterior",1478.5,0.018591
28,"R_Date","05BDT5‐50",NA,"posterior",1479.5,0.020133
28,"R_Date","05BDT5‐50",NA,"posterior",1480.5,0.020686
28,"R_Date","05BDT5‐50",NA,"posterior",1481.5,0.021306
28,"R_Date","05BDT5‐50",NA,"posterior",1482.5,0.022105
28,"R_Date","05BDT5‐50",NA,"posterior",1483.5,0.022459
28,"R_Date","05BDT5‐50",NA,"posterior",1484.5,0.023879
28,"R_Date","05BDT5‐50",NA,"posterior",1485.5,0.024478
28,"R_Date","05BDT5‐50",NA,"posterior",1486.5,0.0259
28,"R_Date","05BDT5‐50",NA,"posterior",1487.5,0.026491
28,"R_Date","05BDT5‐50",NA,"posterior",1488.5,0.027
28,"R_Date","05BDT5‐50",NA,"posterior",1489.5,0.027178
28,"R_Date","05BDT5‐50",NA,"posterior",1490.5,0.026808
28,"R_Date","05BDT5‐50",NA,"posterior",1491.5,0.026159
28,"R_Date","05BDT5‐50",NA,"posterior",1492.5,0.025751
28,"R_Date","05BDT5‐50",NA,"posterior",1493.5,0.024636
28,"R_Date","05BDT5‐50",NA,"posterior",1494.5,0.023737
28,"R_Date","05BDT5‐50",NA,"posterior",1495.5,0.021839
28,"R_Date","05BDT5‐50",NA,"posterior",1496.5,0.02128
28,"R_Date","05BDT5‐50",NA,"posterior",1497.5,0.020681
28,"R_Date","05BDT5‐50",NA,"posterior",1498.5,0.020342
28,"R_Date","05BDT5‐50",NA,"posterior",1499.5,0.020092
28,"R_Date","05BDT5‐50",NA,"posterior",1500.5,0.019532
28,"R_Date","05BDT5‐50",NA,"posterior",1501.5,0.019564
28,"R_Date","05BDT5‐50",NA,"posterior",1502.5,0.018833
28,"R_Date","05BDT5‐50",NA,"posterior",1503.5,0.018209
28,"R_Date","05BDT5‐50",NA,"posterior",1504.5,0.017104
28,"R_Date","05BDT5‐50",NA,"posterior",1505.5,0.016449
28,"R_Date","05BDT5‐50",NA,"posterior",1506.5,0.0154
28,"R_Date","05BDT5‐50",NA,"posterior",1507.5,0.014662
28,"R_Date","05BDT5‐50",NA,"posterior",1508.5,0.013875
28,"R_Date","05BDT5‐50",NA,"posterior",1509.5,0.012122
28,"R_Date","05BDT5‐50",NA,"posterior",1510.5,0.011355
28,"R_Date","05BDT5‐50",NA,"posterior",1511.5,0.009916
28,"R_Date","05BDT5‐50",NA,"posterior",1512.5,0.009071
28,"R_Date","05BDT5‐50",NA,"posterior",1513.5,0.008564
28,"R_Date","05BDT5‐50",NA,"posterior",1514.5,0.008427
28,"R_Date","05BDT5‐50",NA,"posterior",1515.5,0.008681
28,"R_Date","05BDT5‐50",NA,"posterior",1516.5,0.009048
28,"R_Date","05BDT5‐50",NA,"posterior",1517.5,0.008773
28,"R_Date","05BDT5‐50",NA,"posterior",1518.5,0.007992
28,"R_Date","05BDT5‐50",NA,"posterior",1519.5,0.007305
28,"R_Date","05BDT5‐50",NA,"posterior",1520.5,0.006052
28,"R_Date","05BDT5‐50",NA,"posterior",1521.5,0.004892
28,"R_Date","05BDT5‐50",NA,"posterior",1522.5,0.003901
28,"R_Date","05BDT5‐50",NA,"posterior",1523.5,0.0029937
28,"R_Date","05BDT5‐50",NA,"posterior",1524.5,0.002325
28,"R_Date","05BDT5‐50",NA,"posterior",1525.5,0.0015708
28,"R_Date","05BDT5‐50",NA,"posterior",1526.5,0.0009531
28,"R_Date","05BDT5‐50",NA,"posterior",1527.5,0.0006604
28,"R_Date","05BDT5‐50",NA,"posterior",1528.5,0.0003927
28,"R_Date","05BDT5‐50",NA,"posterior",1529.5,0.00028333
28,"R_Date","05BDT5‐50",NA,"posterior",1530.5,0.00023229
28,"R_Date","05BDT5‐50",NA,"posterior",1531.5,0.00015415
28,"R_Date","05BDT5‐50",NA,"posterior",1532.5,0.0001323
28,"R_Date","05BDT5‐50",NA,"posterior",1533.5,0.00011458
28,"R_Date","05BDT5‐50",NA,"posterior",1534.5,0.00012396
28,"R_Date","05BDT5‐50",NA,"posterior",1535.5,0.00011562
28,"R_Date","05BDT5‐50",NA,"posterior",1536.5,0.00015521
28,"R_Date","05BDT5‐50",NA,"posterior",1537.5,0.00017709
28,"R_Date","05BDT5‐50",NA,"posterior",1538.5,0.00023957
28,"R_Date","05BDT5‐50",NA,"posterior",1539.5,0.00027605
28,"R_Date","05BDT5‐50",NA,"posterior",1540.5,0.000349
28,"R_Date","05BDT5‐50",NA,"posterior",1541.5,0.0004188
28,"R_Date","05BDT5‐50",NA,"posterior",1542.5,0.000426
28,"R_Date","05BDT5‐50",NA,"posterior",1543.5,0.0004781
28,"R_Date","05BDT5‐50",NA,"posterior",1544.5,0.0004281
28,"R_Date","05BDT5‐50",NA,"posterior",1545.5,0.0003719
28,"R_Date","05BDT5‐50",NA,"posterior",1546.5,0.000324
28,"R_Date","05BDT5‐50",NA,"posterior",1547.5,0.00030521
28,"R_Date","05BDT5‐50",NA,"posterior",1548.5,0.00030521
28,"R_Date","05BDT5‐50",NA,"posterior",1549.5,0.00031043
28,"R_Date","05BDT5‐50",NA,"posterior",1550.5,0.0003948
28,"R_Date","05BDT5‐50",NA,"posterior",1551.5,0.0005219
28,"R_Date","05BDT5‐50",NA,"posterior",1552.5,0.0005479
28,"R_Date","05BDT5‐50",NA,"posterior",1553.5,0.0006573
28,"R_Date","05BDT5‐50",NA,"posterior",1554.5,0.0007313
28,"R_Date","05BDT5‐50",NA,"posterior",1555.5,0.0007917
28,"R_Date","05BDT5‐50",NA,"posterior",1556.5,0.0008667
28,"R_Date","05BDT5‐50",NA,"posterior",1557.5,0.0010229
28,"R_Date","05BDT5‐50",NA,"posterior",1558.5,0.0011917
28,"R_Date","05BDT5‐50",NA,"posterior",1559.5,0.001349
28,"R_Date","05BDT5‐50",NA,"posterior",1560.5,0.0015885
28,"R_Date","05BDT5‐50",NA,"posterior",1561.5,0.0018375
28,"R_Date","05BDT5‐50",NA,"posterior",1562.5,0.0018781
28,"R_Date","05BDT5‐50",NA,"posterior",1563.5,0.0016573
28,"R_Date","05BDT5‐50",NA,"posterior",1564.5,0.001399
28,"R_Date","05BDT5‐50",NA,"posterior",1565.5,0.0013063
28,"R_Date","05BDT5‐50",NA,"posterior",1566.5,0.0010885
28,"R_Date","05BDT5‐50",NA,"posterior",1567.5,0.0010062
28,"R_Date","05BDT5‐50",NA,"posterior",1568.5,0.0008386
28,"R_Date","05BDT5‐50",NA,"posterior",1569.5,0.0009364
28,"R_Date","05BDT5‐50",NA,"posterior",1570.5,0.0010594
28,"R_Date","05BDT5‐50",NA,"posterior",1571.5,0.0011812
28,"R_Date","05BDT5‐50",NA,"posterior",1572.5,0.0014042
28,"R_Date","05BDT5‐50",NA,"posterior",1573.5,0.0014323
28,"R_Date","05BDT5‐50",NA,"posterior",1574.5,0.001724
28,"R_Date","05BDT5‐50",NA,"posterior",1575.5,0.0018333
28,"R_Date","05BDT5‐50",NA,"posterior",1576.5,0.0020385
28,"R_Date","05BDT5‐50",NA,"posterior",1577.5,0.0021792
28,"R_Date","05BDT5‐50",NA,"posterior",1578.5,0.0022948
28,"R_Date","05BDT5‐50",NA,"posterior",1579.5,0.0020792
28,"R_Date","05BDT5‐50",NA,"posterior",1580.5,0.002226
28,"R_Date","05BDT5‐50",NA,"posterior",1581.5,0.0019698
28,"R_Date","05BDT5‐50",NA,"posterior",1582.5,0.0020437
28,"R_Date","05BDT5‐50",NA,"posterior",1583.5,0.0019469
28,"R_Date","05BDT5‐50",NA,"posterior",1584.5,0.0019052
28,"R_Date","05BDT5‐50",NA,"posterior",1585.5,0.0016052
28,"R_Date","05BDT5‐50",NA,"posterior",1586.5,0.0014937
28,"R_Date","05BDT5‐50",NA,"posterior",1587.5,0.0015948
28,"R_Date","05BDT5‐50",NA,"posterior",1588.5,0.0015531
28,"R_Date","05BDT5‐50",NA,"posterior",1589.5,0.0017448
28,"R_Date","05BDT5‐50",NA,"posterior",1590.5,0.001875
28,"R_Date","05BDT5‐50",NA,"posterior",1591.5,0.0020812
28,"R_Date","05BDT5‐50",NA,"posterior",1592.5,0.0021823
28,"R_Date","05BDT5‐50",NA,"posterior",1593.5,0.002501
28,"R_Date","05BDT5‐50",NA,"posterior",1594.5,0.0025135
28,"R_Date","05BDT5‐50",NA,"posterior",1595.5,0.0025313
28,"R_Date","05BDT5‐50",NA,"posterior",1596.5,0.0022677
28,"R_Date","05BDT5‐50",NA,"posterior",1597.5,0.0023948
28,"R_Date","05BDT5‐50",NA,"posterior",1598.5,0.0022615
28,"R_Date","05BDT5‐50",NA,"posterior",1599.5,0.0023052
28,"R_Date","05BDT5‐50",NA,"posterior",1600.5,0.001776
28,"R_Date","05BDT5‐50",NA,"posterior",1601.5,0.0019271
28,"R_Date","05BDT5‐50",NA,"posterior",1602.5,0.002049
28,"R_Date","05BDT5‐50",NA,"posterior",1603.5,0.0017802
28,"R_Date","05BDT5‐50",NA,"posterior",1604.5,0.0018698
28,"R_Date","05BDT5‐50",NA,"posterior",1605.5,0.0014969
28,"R_Date","05BDT5‐50",NA,"posterior",1606.5,0.0014573
28,"R_Date","05BDT5‐50",NA,"posterior",1607.5,0.0011448
28,"R_Date","05BDT5‐50",NA,"posterior",1608.5,0.0008521
28,"R_Date","05BDT5‐50",NA,"posterior",1609.5,0.0006187
28,"R_Date","05BDT5‐50",NA,"posterior",1610.5,0.0004281
28,"R_Date","05BDT5‐50",NA,"posterior",1611.5,0.00025314
28,"R_Date","05BDT5‐50",NA,"posterior",1612.5,0.00022604
28,"R_Date","05BDT5‐50",NA,"posterior",1613.5,0.00015
28,"R_Date","05BDT5‐50",NA,"posterior",1614.5,0.00011874
28,"R_Date","05BDT5‐50",NA,"posterior",1615.5,8.02e-05
28,"R_Date","05BDT5‐50",NA,"posterior",1616.5,5.001e-05
28,"R_Date","05BDT5‐50",NA,"posterior",1617.5,4.063e-05
28,"R_Date","05BDT5‐50",NA,"posterior",1618.5,9.376e-06
28,"R_Date","05BDT5‐50",NA,"posterior",1619.5,9.376e-06
28,"R_Date","05BDT5‐50",NA,"posterior",1620.5,9.376e-06
28,"R_Date","05BDT5‐50",NA,"posterior",1621.5,1.0328e-06
28,"R_Date","05BDT5‐50",NA,"posterior",1622.5,0
28,"R_Date","05BDT5‐50",NA,"posterior",1623.5,0
28,"R_Date","05BDT5‐50",NA,"posterior",1624.5,0
29,"R_Date","05BDT5‐09",NA,"likelihood",1447.5,0
29,"R_Date","05BDT5‐09",NA,"likelihood",1448.5,0
29,"R_Date","05BDT5‐09",NA,"likelihood",1449.5,1.0185e-08
29,"R_Date","05BDT5‐09",NA,"likelihood",1450.5,1.0185e-08
29,"R_Date","05BDT5‐09",NA,"likelihood",1451.5,2.0369e-08
29,"R_Date","05BDT5‐09",NA,"likelihood",1452.5,4.074e-08
29,"R_Date","05BDT5‐09",NA,"likelihood",1453.5,7.129e-08
29,"R_Date","05BDT5‐09",NA,"likelihood",1454.5,1.6295e-07
29,"R_Date","05BDT5‐09",NA,"likelihood",1455.5,4.379e-07
29,"R_Date","05BDT5‐09",NA,"likelihood",1456.5,1.4564e-06
29,"R_Date","05BDT5‐09",NA,"likelihood",1457.5,4.491e-06
29,"R_Date","05BDT5‐09",NA,"likelihood",1458.5,1.2822e-05
29,"R_Date","05BDT5‐09",NA,"likelihood",1459.5,2.8069e-05
29,"R_Date","05BDT5‐09",NA,"likelihood",1460.5,5.855e-05
29,"R_Date","05BDT5‐09",NA,"likelihood",1461.5,6.983e-05
29,"R_Date","05BDT5‐09",NA,"likelihood",1462.5,8.302e-05
29,"R_Date","05BDT5‐09",NA,"likelihood",1463.5,6.983e-05
29,"R_Date","05BDT5‐09",NA,"likelihood",1464.5,5.855e-05
29,"R_Date","05BDT5‐09",NA,"likelihood",1465.5,4.895e-05
29,"R_Date","05BDT5‐09",NA,"likelihood",1466.5,4.079e-05
29,"R_Date","05BDT5‐09",NA,"likelihood",1467.5,4.895e-05
29,"R_Date","05BDT5‐09",NA,"likelihood",1468.5,5.855e-05
29,"R_Date","05BDT5‐09",NA,"likelihood",1469.5,6.983e-05
29,"R_Date","05BDT5‐09",NA,"likelihood",1470.5,8.302e-05
29,"R_Date","05BDT5‐09",NA,"likelihood",1471.5,8.302e-05
29,"R_Date","05BDT5‐09",NA,"likelihood",1472.5,9.841e-05
29,"R_Date","05BDT5‐09",NA,"likelihood",1473.5,0.00013702
29,"R_Date","05BDT5‐09",NA,"likelihood",1474.5,0.00018846
29,"R_Date","05BDT5‐09",NA,"likelihood",1475.5,0.00029708
29,"R_Date","05BDT5‐09",NA,"likelihood",1476.5,0.0004556
29,"R_Date","05BDT5‐09",NA,"likelihood",1477.5,0.0006798
29,"R_Date","05BDT5‐09",NA,"likelihood",1478.5,0.0008742
29,"R_Date","05BDT5‐09",NA,"likelihood",1479.5,0.0011105
29,"R_Date","05BDT5‐09",NA,"likelihood",1480.5,0.0013935
29,"R_Date","05BDT5‐09",NA,"likelihood",1481.5,0.0015539
29,"R_Date","05BDT5‐09",NA,"likelihood",1482.5,0.0015952
29,"R_Date","05BDT5‐09",NA,"likelihood",1483.5,0.0017791
29,"R_Date","05BDT5‐09",NA,"likelihood",1484.5,0.0017791
29,"R_Date","05BDT5‐09",NA,"likelihood",1485.5,0.0017791
29,"R_Date","05BDT5‐09",NA,"likelihood",1486.5,0.0017791
29,"R_Date","05BDT5‐09",NA,"likelihood",1487.5,0.0017791
29,"R_Date","05BDT5‐09",NA,"likelihood",1488.5,0.0021152
29,"R_Date","05BDT5‐09",NA,"likelihood",1489.5,0.0023298
29,"R_Date","05BDT5‐09",NA,"likelihood",1490.5,0.0025585
29,"R_Date","05BDT5‐09",NA,"likelihood",1491.5,0.0028009
29,"R_Date","05BDT5‐09",NA,"likelihood",1492.5,0.0030569
29,"R_Date","05BDT5‐09",NA,"likelihood",1493.5,0.003608
29,"R_Date","05BDT5‐09",NA,"likelihood",1494.5,0.003902
29,"R_Date","05BDT5‐09",NA,"likelihood",1495.5,0.004521
29,"R_Date","05BDT5‐09",NA,"likelihood",1496.5,0.004845
29,"R_Date","05BDT5‐09",NA,"likelihood",1497.5,0.005175
29,"R_Date","05BDT5‐09",NA,"likelihood",1498.5,0.005175
29,"R_Date","05BDT5‐09",NA,"likelihood",1499.5,0.005512
29,"R_Date","05BDT5‐09",NA,"likelihood",1500.5,0.005512
29,"R_Date","05BDT5‐09",NA,"likelihood",1501.5,0.005512
29,"R_Date","05BDT5‐09",NA,"likelihood",1502.5,0.005852
29,"R_Date","05BDT5‐09",NA,"likelihood",1503.5,0.006194
29,"R_Date","05BDT5‐09",NA,"likelihood",1504.5,0.006536
29,"R_Date","05BDT5‐09",NA,"likelihood",1505.5,0.006875
29,"R_Date","05BDT5‐09",NA,"likelihood",1506.5,0.007211
29,"R_Date","05BDT5‐09",NA,"likelihood",1507.5,0.007539
29,"R_Date","05BDT5‐09",NA,"likelihood",1508.5,0.007858
29,"R_Date","05BDT5‐09",NA,"likelihood",1509.5,0.008459
29,"R_Date","05BDT5‐09",NA,"likelihood",1510.5,0.008736
29,"R_Date","05BDT5‐09",NA,"likelihood",1511.5,0.009233
29,"R_Date","05BDT5‐09",NA,"likelihood",1512.5,0.009691
29,"R_Date","05BDT5‐09",NA,"likelihood",1513.5,0.009899
29,"R_Date","05BDT5‐09",NA,"likelihood",1514.5,0.009899
29,"R_Date","05BDT5‐09",NA,"likelihood",1515.5,0.009638
29,"R_Date","05BDT5‐09",NA,"likelihood",1516.5,0.009638
29,"R_Date","05BDT5‐09",NA,"likelihood",1517.5,0.009638
29,"R_Date","05BDT5‐09",NA,"likelihood",1518.5,0.009802
29,"R_Date","05BDT5‐09",NA,"likelihood",1519.5,0.009939
29,"R_Date","05BDT5‐09",NA,"likelihood",1520.5,0.010169
29,"R_Date","05BDT5‐09",NA,"likelihood",1521.5,0.010169
29,"R_Date","05BDT5‐09",NA,"likelihood",1522.5,0.009935
29,"R_Date","05BDT5‐09",NA,"likelihood",1523.5,0.009442
29,"R_Date","05BDT5‐09",NA,"likelihood",1524.5,0.008728
29,"R_Date","05BDT5‐09",NA,"likelihood",1525.5,0.007614
29,"R_Date","05BDT5‐09",NA,"likelihood",1526.5,0.006175
29,"R_Date","05BDT5‐09",NA,"likelihood",1527.5,0.004751
29,"R_Date","05BDT5‐09",NA,"likelihood",1528.5,0.003469
29,"R_Date","05BDT5‐09",NA,"likelihood",1529.5,0.0026473
29,"R_Date","05BDT5‐09",NA,"likelihood",1530.5,0.0020998
29,"R_Date","05BDT5‐09",NA,"likelihood",1531.5,0.001713
29,"R_Date","05BDT5‐09",NA,"likelihood",1532.5,0.0013802
29,"R_Date","05BDT5‐09",NA,"likelihood",1533.5,0.0012332
29,"R_Date","05BDT5‐09",NA,"likelihood",1534.5,0.0012332
29,"R_Date","05BDT5‐09",NA,"likelihood",1535.5,0.0013802
29,"R_Date","05BDT5‐09",NA,"likelihood",1536.5,0.00154
29,"R_Date","05BDT5‐09",NA,"likelihood",1537.5,0.0017631
29,"R_Date","05BDT5‐09",NA,"likelihood",1538.5,0.0023141
29,"R_Date","05BDT5‐09",NA,"likelihood",1539.5,0.0027847
29,"R_Date","05BDT5‐09",NA,"likelihood",1540.5,0.003181
29,"R_Date","05BDT5‐09",NA,"likelihood",1541.5,0.003592
29,"R_Date","05BDT5‐09",NA,"likelihood",1542.5,0.003771
29,"R_Date","05BDT5‐09",NA,"likelihood",1543.5,0.00419
29,"R_Date","05BDT5‐09",NA,"likelihood",1544.5,0.003885
29,"R_Date","05BDT5‐09",NA,"likelihood",1545.5,0.003592
29,"R_Date","05BDT5‐09",NA,"likelihood",1546.5,0.00331
29,"R_Date","05BDT5‐09",NA,"likelihood",1547.5,0.0030405
29,"R_Date","05BDT5‐09",NA,"likelihood",1548.5,0.0030405
29,"R_Date","05BDT5‐09",NA,"likelihood",1549.5,0.0030405
29,"R_Date","05BDT5‐09",NA,"likelihood",1550.5,0.003592
29,"R_Date","05BDT5‐09",NA,"likelihood",1551.5,0.00419
29,"R_Date","05BDT5‐09",NA,"likelihood",1552.5,0.004829
29,"R_Date","05BDT5‐09",NA,"likelihood",1553.5,0.005497
29,"R_Date","05BDT5‐09",NA,"likelihood",1554.5,0.005837
29,"R_Date","05BDT5‐09",NA,"likelihood",1555.5,0.00618
29,"R_Date","05BDT5‐09",NA,"likelihood",1556.5,0.006522
29,"R_Date","05BDT5‐09",NA,"likelihood",1557.5,0.007199
29,"R_Date","05BDT5‐09",NA,"likelihood",1558.5,0.007528
29,"R_Date","05BDT5‐09",NA,"likelihood",1559.5,0.008156
29,"R_Date","05BDT5‐09",NA,"likelihood",1560.5,0.008728
29,"R_Date","05BDT5‐09",NA,"likelihood",1561.5,0.008988
29,"R_Date","05BDT5‐09",NA,"likelihood",1562.5,0.009226
29,"R_Date","05BDT5‐09",NA,"likelihood",1563.5,0.008988
29,"R_Date","05BDT5‐09",NA,"likelihood",1564.5,0.008728
29,"R_Date","05BDT5‐09",NA,"likelihood",1565.5,0.008156
29,"R_Date","05BDT5‐09",NA,"likelihood",1566.5,0.007848
29,"R_Date","05BDT5‐09",NA,"likelihood",1567.5,0.007528
29,"R_Date","05BDT5‐09",NA,"likelihood",1568.5,0.007614
29,"R_Date","05BDT5‐09",NA,"likelihood",1569.5,0.007528
29,"R_Date","05BDT5‐09",NA,"likelihood",1570.5,0.008156
29,"R_Date","05BDT5‐09",NA,"likelihood",1571.5,0.00845
29,"R_Date","05BDT5‐09",NA,"likelihood",1572.5,0.008988
29,"R_Date","05BDT5‐09",NA,"likelihood",1573.5,0.009226
29,"R_Date","05BDT5‐09",NA,"likelihood",1574.5,0.009634
29,"R_Date","05BDT5‐09",NA,"likelihood",1575.5,0.009798
29,"R_Date","05BDT5‐09",NA,"likelihood",1576.5,0.010043
29,"R_Date","05BDT5‐09",NA,"likelihood",1577.5,0.010121
29,"R_Date","05BDT5‐09",NA,"likelihood",1578.5,0.010169
29,"R_Date","05BDT5‐09",NA,"likelihood",1579.5,0.010169
29,"R_Date","05BDT5‐09",NA,"likelihood",1580.5,0.010185
29,"R_Date","05BDT5‐09",NA,"likelihood",1581.5,0.010185
29,"R_Date","05BDT5‐09",NA,"likelihood",1582.5,0.010185
29,"R_Date","05BDT5‐09",NA,"likelihood",1583.5,0.010185
29,"R_Date","05BDT5‐09",NA,"likelihood",1584.5,0.010185
29,"R_Date","05BDT5‐09",NA,"likelihood",1585.5,0.010169
29,"R_Date","05BDT5‐09",NA,"likelihood",1586.5,0.010169
29,"R_Date","05BDT5‐09",NA,"likelihood",1587.5,0.010185
29,"R_Date","05BDT5‐09",NA,"likelihood",1588.5,0.010169
29,"R_Date","05BDT5‐09",NA,"likelihood",1589.5,0.010046
29,"R_Date","05BDT5‐09",NA,"likelihood",1590.5,0.009802
29,"R_Date","05BDT5‐09",NA,"likelihood",1591.5,0.009233
29,"R_Date","05BDT5‐09",NA,"likelihood",1592.5,0.008736
29,"R_Date","05BDT5‐09",NA,"likelihood",1593.5,0.008166
29,"R_Date","05BDT5‐09",NA,"likelihood",1594.5,0.007539
29,"R_Date","05BDT5‐09",NA,"likelihood",1595.5,0.006875
29,"R_Date","05BDT5‐09",NA,"likelihood",1596.5,0.006875
29,"R_Date","05BDT5‐09",NA,"likelihood",1597.5,0.006536
29,"R_Date","05BDT5‐09",NA,"likelihood",1598.5,0.006194
29,"R_Date","05BDT5‐09",NA,"likelihood",1599.5,0.005852
29,"R_Date","05BDT5‐09",NA,"likelihood",1600.5,0.005512
29,"R_Date","05BDT5‐09",NA,"likelihood",1601.5,0.004845
29,"R_Date","05BDT5‐09",NA,"likelihood",1602.5,0.003902
29,"R_Date","05BDT5‐09",NA,"likelihood",1603.5,0.0030569
29,"R_Date","05BDT5‐09",NA,"likelihood",1604.5,0.0025585
29,"R_Date","05BDT5‐09",NA,"likelihood",1605.5,0.0023298
29,"R_Date","05BDT5‐09",NA,"likelihood",1606.5,0.0023298
29,"R_Date","05BDT5‐09",NA,"likelihood",1607.5,0.0028009
29,"R_Date","05BDT5‐09",NA,"likelihood",1608.5,0.003326
29,"R_Date","05BDT5‐09",NA,"likelihood",1609.5,0.003902
29,"R_Date","05BDT5‐09",NA,"likelihood",1610.5,0.004521
29,"R_Date","05BDT5‐09",NA,"likelihood",1611.5,0.004845
29,"R_Date","05BDT5‐09",NA,"likelihood",1612.5,0.004845
29,"R_Date","05BDT5‐09",NA,"likelihood",1613.5,0.004845
29,"R_Date","05BDT5‐09",NA,"likelihood",1614.5,0.004845
29,"R_Date","05BDT5‐09",NA,"likelihood",1615.5,0.005175
29,"R_Date","05BDT5‐09",NA,"likelihood",1616.5,0.005512
29,"R_Date","05BDT5‐09",NA,"likelihood",1617.5,0.006536
29,"R_Date","05BDT5‐09",NA,"likelihood",1618.5,0.007858
29,"R_Date","05BDT5‐09",NA,"likelihood",1619.5,0.008736
29,"R_Date","05BDT5‐09",NA,"likelihood",1620.5,0.009638
29,"R_Date","05BDT5‐09",NA,"likelihood",1621.5,0.010123
29,"R_Date","05BDT5‐09",NA,"likelihood",1622.5,0.010121
29,"R_Date","05BDT5‐09",NA,"likelihood",1623.5,0.009935
29,"R_Date","05BDT5‐09",NA,"likelihood",1624.5,0.009798
29,"R_Date","05BDT5‐09",NA,"likelihood",1625.5,0.009634
29,"R_Date","05BDT5‐09",NA,"likelihood",1626.5,0.009634
29,"R_Date","05BDT5‐09",NA,"likelihood",1627.5,0.009798
29,"R_Date","05BDT5‐09",NA,"likelihood",1628.5,0.009798
29,"R_Date","05BDT5‐09",NA,"likelihood",1629.5,0.009442
29,"R_Date","05BDT5‐09",NA,"likelihood",1630.5,0.008988
29,"R_Date","05BDT5‐09",NA,"likelihood",1631.5,0.00845
29,"R_Date","05BDT5‐09",NA,"likelihood",1632.5,0.007199
29,"R_Date","05BDT5‐09",NA,"likelihood",1633.5,0.005497
29,"R_Date","05BDT5‐09",NA,"likelihood",1634.5,0.00419
29,"R_Date","05BDT5‐09",NA,"likelihood",1635.5,0.0027847
29,"R_Date","05BDT5‐09",NA,"likelihood",1636.5,0.0018995
29,"R_Date","05BDT5‐09",NA,"likelihood",1637.5,0.0012332
29,"R_Date","05BDT5‐09",NA,"likelihood",1638.5,0.0008634
29,"R_Date","05BDT5‐09",NA,"likelihood",1639.5,0.000514
29,"R_Date","05BDT5‐09",NA,"likelihood",1640.5,0.00029122
29,"R_Date","05BDT5‐09",NA,"likelihood",1641.5,0.00013351
29,"R_Date","05BDT5‐09",NA,"likelihood",1642.5,6.766e-05
29,"R_Date","05BDT5‐09",NA,"likelihood",1643.5,3.262e-05
29,"R_Date","05BDT5‐09",NA,"likelihood",1644.5,1.4971e-05
29,"R_Date","05BDT5‐09",NA,"likelihood",1645.5,8.076e-06
29,"R_Date","05BDT5‐09",NA,"likelihood",1646.5,4.237e-06
29,"R_Date","05BDT5‐09",NA,"likelihood",1647.5,2.1591e-06
29,"R_Date","05BDT5‐09",NA,"likelihood",1648.5,8.453e-07
29,"R_Date","05BDT5‐09",NA,"likelihood",1649.5,4.074e-07
29,"R_Date","05BDT5‐09",NA,"likelihood",1650.5,2.4443e-07
29,"R_Date","05BDT5‐09",NA,"likelihood",1651.5,1.4258e-07
29,"R_Date","05BDT5‐09",NA,"likelihood",1652.5,8.148e-08
29,"R_Date","05BDT5‐09",NA,"likelihood",1653.5,6.111e-08
29,"R_Date","05BDT5‐09",NA,"likelihood",1654.5,4.074e-08
29,"R_Date","05BDT5‐09",NA,"likelihood",1655.5,3.0554e-08
29,"R_Date","05BDT5‐09",NA,"likelihood",1656.5,2.0369e-08
29,"R_Date","05BDT5‐09",NA,"likelihood",1657.5,1.0185e-08
29,"R_Date","05BDT5‐09",NA,"likelihood",1658.5,0
29,"R_Date","05BDT5‐09",NA,"likelihood",1659.5,0
29,"R_Date","05BDT5‐09",NA,"posterior",1464.5,0
29,"R_Date","05BDT5‐09",NA,"posterior",1465.5,3.1209e-06
29,"R_Date","05BDT5‐09",NA,"posterior",1466.5,3.1209e-06
29,"R_Date","05BDT5‐09",NA,"posterior",1467.5,9.384e-06
29,"R_Date","05BDT5‐09",NA,"posterior",1468.5,1.8746e-05
29,"R_Date","05BDT5‐09",NA,"posterior",1469.5,1.8746e-05
29,"R_Date","05BDT5‐09",NA,"posterior",1470.5,3.1251e-05
29,"R_Date","05BDT5‐09",NA,"posterior",1471.5,5e-05
29,"R_Date","05BDT5‐09",NA,"posterior",1472.5,6.355e-05
29,"R_Date","05BDT5‐09",NA,"posterior",1473.5,0.00011874
29,"R_Date","05BDT5‐09",NA,"posterior",1474.5,0.00019375
29,"R_Date","05BDT5‐09",NA,"posterior",1475.5,0.0003719
29,"R_Date","05BDT5‐09",NA,"posterior",1476.5,0.0005885
29,"R_Date","05BDT5‐09",NA,"posterior",1477.5,0.0008927
29,"R_Date","05BDT5‐09",NA,"posterior",1478.5,0.001375
29,"R_Date","05BDT5‐09",NA,"posterior",1479.5,0.0018135
29,"R_Date","05BDT5‐09",NA,"posterior",1480.5,0.0022615
29,"R_Date","05BDT5‐09",NA,"posterior",1481.5,0.0026604
29,"R_Date","05BDT5‐09",NA,"posterior",1482.5,0.0030344
29,"R_Date","05BDT5‐09",NA,"posterior",1483.5,0.003304
29,"R_Date","05BDT5‐09",NA,"posterior",1484.5,0.003594
29,"R_Date","05BDT5‐09",NA,"posterior",1485.5,0.003647
29,"R_Date","05BDT5‐09",NA,"posterior",1486.5,0.003704
29,"R_Date","05BDT5‐09",NA,"posterior",1487.5,0.003933
29,"R_Date","05BDT5‐09",NA,"posterior",1488.5,0.004603
29,"R_Date","05BDT5‐09",NA,"posterior",1489.5,0.005186
29,"R_Date","05BDT5‐09",NA,"posterior",1490.5,0.005761
29,"R_Date","05BDT5‐09",NA,"posterior",1491.5,0.006245
29,"R_Date","05BDT5‐09",NA,"posterior",1492.5,0.006843
29,"R_Date","05BDT5‐09",NA,"posterior",1493.5,0.008315
29,"R_Date","05BDT5‐09",NA,"posterior",1494.5,0.009118
29,"R_Date","05BDT5‐09",NA,"posterior",1495.5,0.010347
29,"R_Date","05BDT5‐09",NA,"posterior",1496.5,0.011326
29,"R_Date","05BDT5‐09",NA,"posterior",1497.5,0.011956
29,"R_Date","05BDT5‐09",NA,"posterior",1498.5,0.012379
29,"R_Date","05BDT5‐09",NA,"posterior",1499.5,0.012704
29,"R_Date","05BDT5‐09",NA,"posterior",1500.5,0.012744
29,"R_Date","05BDT5‐09",NA,"posterior",1501.5,0.012904
29,"R_Date","05BDT5‐09",NA,"posterior",1502.5,0.013832
29,"R_Date","05BDT5‐09",NA,"posterior",1503.5,0.014029
29,"R_Date","05BDT5‐09",NA,"posterior",1504.5,0.014803
29,"R_Date","05BDT5‐09",NA,"posterior",1505.5,0.015394
29,"R_Date","05BDT5‐09",NA,"posterior",1506.5,0.016409
29,"R_Date","05BDT5‐09",NA,"posterior",1507.5,0.016852
29,"R_Date","05BDT5‐09",NA,"posterior",1508.5,0.017599
29,"R_Date","05BDT5‐09",NA,"posterior",1509.5,0.018281
29,"R_Date","05BDT5‐09",NA,"posterior",1510.5,0.019354
29,"R_Date","05BDT5‐09",NA,"posterior",1511.5,0.019873
29,"R_Date","05BDT5‐09",NA,"posterior",1512.5,0.020844
29,"R_Date","05BDT5‐09",NA,"posterior",1513.5,0.020649
29,"R_Date","05BDT5‐09",NA,"posterior",1514.5,0.020946
29,"R_Date","05BDT5‐09",NA,"posterior",1515.5,0.020239
29,"R_Date","05BDT5‐09",NA,"posterior",1516.5,0.02017
29,"R_Date","05BDT5‐09",NA,"posterior",1517.5,0.01975
29,"R_Date","05BDT5‐09",NA,"posterior",1518.5,0.019855
29,"R_Date","05BDT5‐09",NA,"posterior",1519.5,0.01998
29,"R_Date","05BDT5‐09",NA,"posterior",1520.5,0.020101
29,"R_Date","05BDT5‐09",NA,"posterior",1521.5,0.019503
29,"R_Date","05BDT5‐09",NA,"posterior",1522.5,0.019277
29,"R_Date","05BDT5‐09",NA,"posterior",1523.5,0.01799
29,"R_Date","05BDT5‐09",NA,"posterior",1524.5,0.016596
29,"R_Date","05BDT5‐09",NA,"posterior",1525.5,0.014578
29,"R_Date","05BDT5‐09",NA,"posterior",1526.5,0.011316
29,"R_Date","05BDT5‐09",NA,"posterior",1527.5,0.008743
29,"R_Date","05BDT5‐09",NA,"posterior",1528.5,0.006393
29,"R_Date","05BDT5‐09",NA,"posterior",1529.5,0.004862
29,"R_Date","05BDT5‐09",NA,"posterior",1530.5,0.003556
29,"R_Date","05BDT5‐09",NA,"posterior",1531.5,0.0029771
29,"R_Date","05BDT5‐09",NA,"posterior",1532.5,0.0023885
29,"R_Date","05BDT5‐09",NA,"posterior",1533.5,0.0021615
29,"R_Date","05BDT5‐09",NA,"posterior",1534.5,0.0021135
29,"R_Date","05BDT5‐09",NA,"posterior",1535.5,0.0022552
29,"R_Date","05BDT5‐09",NA,"posterior",1536.5,0.002476
29,"R_Date","05BDT5‐09",NA,"posterior",1537.5,0.0029208
29,"R_Date","05BDT5‐09",NA,"posterior",1538.5,0.003692
29,"R_Date","05BDT5‐09",NA,"posterior",1539.5,0.004344
29,"R_Date","05BDT5‐09",NA,"posterior",1540.5,0.004999
29,"R_Date","05BDT5‐09",NA,"posterior",1541.5,0.005475
29,"R_Date","05BDT5‐09",NA,"posterior",1542.5,0.005641
29,"R_Date","05BDT5‐09",NA,"posterior",1543.5,0.006012
29,"R_Date","05BDT5‐09",NA,"posterior",1544.5,0.005792
29,"R_Date","05BDT5‐09",NA,"posterior",1545.5,0.005406
29,"R_Date","05BDT5‐09",NA,"posterior",1546.5,0.004794
29,"R_Date","05BDT5‐09",NA,"posterior",1547.5,0.004271
29,"R_Date","05BDT5‐09",NA,"posterior",1548.5,0.004181
29,"R_Date","05BDT5‐09",NA,"posterior",1549.5,0.004146
29,"R_Date","05BDT5‐09",NA,"posterior",1550.5,0.00468
29,"R_Date","05BDT5‐09",NA,"posterior",1551.5,0.005414
29,"R_Date","05BDT5‐09",NA,"posterior",1552.5,0.006253
29,"R_Date","05BDT5‐09",NA,"posterior",1553.5,0.006846
29,"R_Date","05BDT5‐09",NA,"posterior",1554.5,0.007099
29,"R_Date","05BDT5‐09",NA,"posterior",1555.5,0.007519
29,"R_Date","05BDT5‐09",NA,"posterior",1556.5,0.007659
29,"R_Date","05BDT5‐09",NA,"posterior",1557.5,0.008225
29,"R_Date","05BDT5‐09",NA,"posterior",1558.5,0.008471
29,"R_Date","05BDT5‐09",NA,"posterior",1559.5,0.008954
29,"R_Date","05BDT5‐09",NA,"posterior",1560.5,0.009302
29,"R_Date","05BDT5‐09",NA,"posterior",1561.5,0.009597
29,"R_Date","05BDT5‐09",NA,"posterior",1562.5,0.009348
29,"R_Date","05BDT5‐09",NA,"posterior",1563.5,0.009026
29,"R_Date","05BDT5‐09",NA,"posterior",1564.5,0.008348
29,"R_Date","05BDT5‐09",NA,"posterior",1565.5,0.007705
29,"R_Date","05BDT5‐09",NA,"posterior",1566.5,0.007743
29,"R_Date","05BDT5‐09",NA,"posterior",1567.5,0.006939
29,"R_Date","05BDT5‐09",NA,"posterior",1568.5,0.006517
29,"R_Date","05BDT5‐09",NA,"posterior",1569.5,0.006617
29,"R_Date","05BDT5‐09",NA,"posterior",1570.5,0.006704
29,"R_Date","05BDT5‐09",NA,"posterior",1571.5,0.006682
29,"R_Date","05BDT5‐09",NA,"posterior",1572.5,0.006973
29,"R_Date","05BDT5‐09",NA,"posterior",1573.5,0.006834
29,"R_Date","05BDT5‐09",NA,"posterior",1574.5,0.006974
29,"R_Date","05BDT5‐09",NA,"posterior",1575.5,0.007068
29,"R_Date","05BDT5‐09",NA,"posterior",1576.5,0.006796
29,"R_Date","05BDT5‐09",NA,"posterior",1577.5,0.006586
29,"R_Date","05BDT5‐09",NA,"posterior",1578.5,0.006186
29,"R_Date","05BDT5‐09",NA,"posterior",1579.5,0.006159
29,"R_Date","05BDT5‐09",NA,"posterior",1580.5,0.005736
29,"R_Date","05BDT5‐09",NA,"posterior",1581.5,0.005543
29,"R_Date","05BDT5‐09",NA,"posterior",1582.5,0.005428
29,"R_Date","05BDT5‐09",NA,"posterior",1583.5,0.005095
29,"R_Date","05BDT5‐09",NA,"posterior",1584.5,0.004595
29,"R_Date","05BDT5‐09",NA,"posterior",1585.5,0.004678
29,"R_Date","05BDT5‐09",NA,"posterior",1586.5,0.004428
29,"R_Date","05BDT5‐09",NA,"posterior",1587.5,0.004183
29,"R_Date","05BDT5‐09",NA,"posterior",1588.5,0.004013
29,"R_Date","05BDT5‐09",NA,"posterior",1589.5,0.003771
29,"R_Date","05BDT5‐09",NA,"posterior",1590.5,0.003309
29,"R_Date","05BDT5‐09",NA,"posterior",1591.5,0.0029479
29,"R_Date","05BDT5‐09",NA,"posterior",1592.5,0.0024948
29,"R_Date","05BDT5‐09",NA,"posterior",1593.5,0.0022979
29,"R_Date","05BDT5‐09",NA,"posterior",1594.5,0.0019479
29,"R_Date","05BDT5‐09",NA,"posterior",1595.5,0.0016917
29,"R_Date","05BDT5‐09",NA,"posterior",1596.5,0.0015021
29,"R_Date","05BDT5‐09",NA,"posterior",1597.5,0.0013052
29,"R_Date","05BDT5‐09",NA,"posterior",1598.5,0.0011302
29,"R_Date","05BDT5‐09",NA,"posterior",1599.5,0.000851
29,"R_Date","05BDT5‐09",NA,"posterior",1600.5,0.000776
29,"R_Date","05BDT5‐09",NA,"posterior",1601.5,0.0006479
29,"R_Date","05BDT5‐09",NA,"posterior",1602.5,0.0004708
29,"R_Date","05BDT5‐09",NA,"posterior",1603.5,0.0003292
29,"R_Date","05BDT5‐09",NA,"posterior",1604.5,0.00027188
29,"R_Date","05BDT5‐09",NA,"posterior",1605.5,0.0001927
29,"R_Date","05BDT5‐09",NA,"posterior",1606.5,0.00017291
29,"R_Date","05BDT5‐09",NA,"posterior",1607.5,0.00016562
29,"R_Date","05BDT5‐09",NA,"posterior",1608.5,0.0001625
29,"R_Date","05BDT5‐09",NA,"posterior",1609.5,0.00016874
29,"R_Date","05BDT5‐09",NA,"posterior",1610.5,0.0001125
29,"R_Date","05BDT5‐09",NA,"posterior",1611.5,0.00011874
29,"R_Date","05BDT5‐09",NA,"posterior",1612.5,8.125e-05
29,"R_Date","05BDT5‐09",NA,"posterior",1613.5,5.417e-05
29,"R_Date","05BDT5‐09",NA,"posterior",1614.5,5.417e-05
29,"R_Date","05BDT5‐09",NA,"posterior",1615.5,3.0204e-05
29,"R_Date","05BDT5‐09",NA,"posterior",1616.5,2.0841e-05
29,"R_Date","05BDT5‐09",NA,"posterior",1617.5,1.6673e-05
29,"R_Date","05BDT5‐09",NA,"posterior",1618.5,1.6673e-05
29,"R_Date","05BDT5‐09",NA,"posterior",1619.5,6.242e-06
29,"R_Date","05BDT5‐09",NA,"posterior",1620.5,1.041e-05
29,"R_Date","05BDT5‐09",NA,"posterior",1621.5,4.168e-06
29,"R_Date","05BDT5‐09",NA,"posterior",1622.5,3.1209e-06
29,"R_Date","05BDT5‐09",NA,"posterior",1623.5,0
29,"R_Date","05BDT5‐09",NA,"posterior",1624.5,0
29,"R_Date","05BDT5‐09",NA,"posterior",1625.5,0
30,"R_Date","05BDT5‐12",NA,"likelihood",1444.5,0
30,"R_Date","05BDT5‐12",NA,"likelihood",1445.5,0
30,"R_Date","05BDT5‐12",NA,"likelihood",1446.5,0
30,"R_Date","05BDT5‐12",NA,"likelihood",1447.5,1.0547e-08
30,"R_Date","05BDT5‐12",NA,"likelihood",1448.5,4.219e-08
30,"R_Date","05BDT5‐12",NA,"likelihood",1449.5,9.492e-08
30,"R_Date","05BDT5‐12",NA,"likelihood",1450.5,2.1094e-07
30,"R_Date","05BDT5‐12",NA,"likelihood",1451.5,3.481e-07
30,"R_Date","05BDT5‐12",NA,"likelihood",1452.5,5.695e-07
30,"R_Date","05BDT5‐12",NA,"likelihood",1453.5,9.281e-07
30,"R_Date","05BDT5‐12",NA,"likelihood",1454.5,1.8774e-06
30,"R_Date","05BDT5‐12",NA,"likelihood",1455.5,4.577e-06
30,"R_Date","05BDT5‐12",NA,"likelihood",1456.5,1.3078e-05
30,"R_Date","05BDT5‐12",NA,"likelihood",1457.5,3.456e-05
30,"R_Date","05BDT5‐12",NA,"likelihood",1458.5,8.467e-05
30,"R_Date","05BDT5‐12",NA,"likelihood",1459.5,0.00016413
30,"R_Date","05BDT5‐12",NA,"likelihood",1460.5,0.00030299
30,"R_Date","05BDT5‐12",NA,"likelihood",1461.5,0.0003505
30,"R_Date","05BDT5‐12",NA,"likelihood",1462.5,0.0004042
30,"R_Date","05BDT5‐12",NA,"likelihood",1463.5,0.0003505
30,"R_Date","05BDT5‐12",NA,"likelihood",1464.5,0.00030299
30,"R_Date","05BDT5‐12",NA,"likelihood",1465.5,0.00026113
30,"R_Date","05BDT5‐12",NA,"likelihood",1466.5,0.00022437
30,"R_Date","05BDT5‐12",NA,"likelihood",1467.5,0.00026113
30,"R_Date","05BDT5‐12",NA,"likelihood",1468.5,0.00030299
30,"R_Date","05BDT5‐12",NA,"likelihood",1469.5,0.0003505
30,"R_Date","05BDT5‐12",NA,"likelihood",1470.5,0.0004042
30,"R_Date","05BDT5‐12",NA,"likelihood",1471.5,0.0004042
30,"R_Date","05BDT5‐12",NA,"likelihood",1472.5,0.0004647
30,"R_Date","05BDT5‐12",NA,"likelihood",1473.5,0.0006086
30,"R_Date","05BDT5‐12",NA,"likelihood",1474.5,0.0007874
30,"R_Date","05BDT5‐12",NA,"likelihood",1475.5,0.0011326
30,"R_Date","05BDT5‐12",NA,"likelihood",1476.5,0.0015848
30,"R_Date","05BDT5‐12",NA,"likelihood",1477.5,0.0021572
30,"R_Date","05BDT5‐12",NA,"likelihood",1478.5,0.0026092
30,"R_Date","05BDT5‐12",NA,"likelihood",1479.5,0.0031176
30,"R_Date","05BDT5‐12",NA,"likelihood",1480.5,0.00368
30,"R_Date","05BDT5‐12",NA,"likelihood",1481.5,0.003979
30,"R_Date","05BDT5‐12",NA,"likelihood",1482.5,0.004185
30,"R_Date","05BDT5‐12",NA,"likelihood",1483.5,0.004519
30,"R_Date","05BDT5‐12",NA,"likelihood",1484.5,0.004519
30,"R_Date","05BDT5‐12",NA,"likelihood",1485.5,0.004519
30,"R_Date","05BDT5‐12",NA,"likelihood",1486.5,0.004519
30,"R_Date","05BDT5‐12",NA,"likelihood",1487.5,0.004519
30,"R_Date","05BDT5‐12",NA,"likelihood",1488.5,0.004941
30,"R_Date","05BDT5‐12",NA,"likelihood",1489.5,0.005278
30,"R_Date","05BDT5‐12",NA,"likelihood",1490.5,0.005621
30,"R_Date","05BDT5‐12",NA,"likelihood",1491.5,0.005968
30,"R_Date","05BDT5‐12",NA,"likelihood",1492.5,0.006317
30,"R_Date","05BDT5‐12",NA,"likelihood",1493.5,0.007012
30,"R_Date","05BDT5‐12",NA,"likelihood",1494.5,0.007354
30,"R_Date","05BDT5‐12",NA,"likelihood",1495.5,0.008014
30,"R_Date","05BDT5‐12",NA,"likelihood",1496.5,0.008328
30,"R_Date","05BDT5‐12",NA,"likelihood",1497.5,0.008627
30,"R_Date","05BDT5‐12",NA,"likelihood",1498.5,0.008627
30,"R_Date","05BDT5‐12",NA,"likelihood",1499.5,0.00891
30,"R_Date","05BDT5‐12",NA,"likelihood",1500.5,0.00891
30,"R_Date","05BDT5‐12",NA,"likelihood",1501.5,0.00891
30,"R_Date","05BDT5‐12",NA,"likelihood",1502.5,0.009174
30,"R_Date","05BDT5‐12",NA,"likelihood",1503.5,0.009416
30,"R_Date","05BDT5‐12",NA,"likelihood",1504.5,0.009635
30,"R_Date","05BDT5‐12",NA,"likelihood",1505.5,0.00983
30,"R_Date","05BDT5‐12",NA,"likelihood",1506.5,0.009997
30,"R_Date","05BDT5‐12",NA,"likelihood",1507.5,0.010136
30,"R_Date","05BDT5‐12",NA,"likelihood",1508.5,0.010245
30,"R_Date","05BDT5‐12",NA,"likelihood",1509.5,0.010371
30,"R_Date","05BDT5‐12",NA,"likelihood",1510.5,0.010387
30,"R_Date","05BDT5‐12",NA,"likelihood",1511.5,0.010322
30,"R_Date","05BDT5‐12",NA,"likelihood",1512.5,0.010547
30,"R_Date","05BDT5‐12",NA,"likelihood",1513.5,0.010427
30,"R_Date","05BDT5‐12",NA,"likelihood",1514.5,0.010427
30,"R_Date","05BDT5‐12",NA,"likelihood",1515.5,0.010133
30,"R_Date","05BDT5‐12",NA,"likelihood",1516.5,0.010133
30,"R_Date","05BDT5‐12",NA,"likelihood",1517.5,0.010133
30,"R_Date","05BDT5‐12",NA,"likelihood",1518.5,0.009993
30,"R_Date","05BDT5‐12",NA,"likelihood",1519.5,0.009825
30,"R_Date","05BDT5‐12",NA,"likelihood",1520.5,0.009166
30,"R_Date","05BDT5‐12",NA,"likelihood",1521.5,0.008618
30,"R_Date","05BDT5‐12",NA,"likelihood",1522.5,0.007677
30,"R_Date","05BDT5‐12",NA,"likelihood",1523.5,0.006652
30,"R_Date","05BDT5‐12",NA,"likelihood",1524.5,0.005606
30,"R_Date","05BDT5‐12",NA,"likelihood",1525.5,0.004168
30,"R_Date","05BDT5‐12",NA,"likelihood",1526.5,0.0029641
30,"R_Date","05BDT5‐12",NA,"likelihood",1527.5,0.0020002
30,"R_Date","05BDT5‐12",NA,"likelihood",1528.5,0.0012806
30,"R_Date","05BDT5‐12",NA,"likelihood",1529.5,0.0008855
30,"R_Date","05BDT5‐12",NA,"likelihood",1530.5,0.0006836
30,"R_Date","05BDT5‐12",NA,"likelihood",1531.5,0.0005242
30,"R_Date","05BDT5‐12",NA,"likelihood",1532.5,0.000397
30,"R_Date","05BDT5‐12",NA,"likelihood",1533.5,0.0003439
30,"R_Date","05BDT5‐12",NA,"likelihood",1534.5,0.0003439
30,"R_Date","05BDT5‐12",NA,"likelihood",1535.5,0.000397
30,"R_Date","05BDT5‐12",NA,"likelihood",1536.5,0.0004569
30,"R_Date","05BDT5‐12",NA,"likelihood",1537.5,0.0005171
30,"R_Date","05BDT5‐12",NA,"likelihood",1538.5,0.000777
30,"R_Date","05BDT5‐12",NA,"likelihood",1539.5,0.0009947
30,"R_Date","05BDT5‐12",NA,"likelihood",1540.5,0.0011362
30,"R_Date","05BDT5‐12",NA,"likelihood",1541.5,0.0014076
30,"R_Date","05BDT5‐12",NA,"likelihood",1542.5,0.0014387
30,"R_Date","05BDT5‐12",NA,"likelihood",1543.5,0.001747
30,"R_Date","05BDT5‐12",NA,"likelihood",1544.5,0.0015706
30,"R_Date","05BDT5‐12",NA,"likelihood",1545.5,0.0014076
30,"R_Date","05BDT5‐12",NA,"likelihood",1546.5,0.0012576
30,"R_Date","05BDT5‐12",NA,"likelihood",1547.5,0.0011202
30,"R_Date","05BDT5‐12",NA,"likelihood",1548.5,0.0011202
30,"R_Date","05BDT5‐12",NA,"likelihood",1549.5,0.0011202
30,"R_Date","05BDT5‐12",NA,"likelihood",1550.5,0.0014076
30,"R_Date","05BDT5‐12",NA,"likelihood",1551.5,0.001747
30,"R_Date","05BDT5‐12",NA,"likelihood",1552.5,0.0021415
30,"R_Date","05BDT5‐12",NA,"likelihood",1553.5,0.0025929
30,"R_Date","05BDT5‐12",NA,"likelihood",1554.5,0.00284
30,"R_Date","05BDT5‐12",NA,"likelihood",1555.5,0.0031009
30,"R_Date","05BDT5‐12",NA,"likelihood",1556.5,0.003375
30,"R_Date","05BDT5‐12",NA,"likelihood",1557.5,0.003963
30,"R_Date","05BDT5‐12",NA,"likelihood",1558.5,0.004274
30,"R_Date","05BDT5‐12",NA,"likelihood",1559.5,0.004925
30,"R_Date","05BDT5‐12",NA,"likelihood",1560.5,0.005606
30,"R_Date","05BDT5‐12",NA,"likelihood",1561.5,0.005953
30,"R_Date","05BDT5‐12",NA,"likelihood",1562.5,0.006303
30,"R_Date","05BDT5‐12",NA,"likelihood",1563.5,0.005953
30,"R_Date","05BDT5‐12",NA,"likelihood",1564.5,0.005606
30,"R_Date","05BDT5‐12",NA,"likelihood",1565.5,0.004925
30,"R_Date","05BDT5‐12",NA,"likelihood",1566.5,0.004595
30,"R_Date","05BDT5‐12",NA,"likelihood",1567.5,0.004274
30,"R_Date","05BDT5‐12",NA,"likelihood",1568.5,0.004168
30,"R_Date","05BDT5‐12",NA,"likelihood",1569.5,0.004274
30,"R_Date","05BDT5‐12",NA,"likelihood",1570.5,0.004925
30,"R_Date","05BDT5‐12",NA,"likelihood",1571.5,0.005262
30,"R_Date","05BDT5‐12",NA,"likelihood",1572.5,0.005953
30,"R_Date","05BDT5‐12",NA,"likelihood",1573.5,0.006303
30,"R_Date","05BDT5‐12",NA,"likelihood",1574.5,0.006999
30,"R_Date","05BDT5‐12",NA,"likelihood",1575.5,0.007342
30,"R_Date","05BDT5‐12",NA,"likelihood",1576.5,0.008003
30,"R_Date","05BDT5‐12",NA,"likelihood",1577.5,0.008318
30,"R_Date","05BDT5‐12",NA,"likelihood",1578.5,0.008618
30,"R_Date","05BDT5‐12",NA,"likelihood",1579.5,0.008618
30,"R_Date","05BDT5‐12",NA,"likelihood",1580.5,0.008902
30,"R_Date","05BDT5‐12",NA,"likelihood",1581.5,0.008902
30,"R_Date","05BDT5‐12",NA,"likelihood",1582.5,0.008902
30,"R_Date","05BDT5‐12",NA,"likelihood",1583.5,0.008902
30,"R_Date","05BDT5‐12",NA,"likelihood",1584.5,0.008902
30,"R_Date","05BDT5‐12",NA,"likelihood",1585.5,0.008618
30,"R_Date","05BDT5‐12",NA,"likelihood",1586.5,0.008618
30,"R_Date","05BDT5‐12",NA,"likelihood",1587.5,0.008902
30,"R_Date","05BDT5‐12",NA,"likelihood",1588.5,0.009166
30,"R_Date","05BDT5‐12",NA,"likelihood",1589.5,0.00963
30,"R_Date","05BDT5‐12",NA,"likelihood",1590.5,0.009993
30,"R_Date","05BDT5‐12",NA,"likelihood",1591.5,0.010322
30,"R_Date","05BDT5‐12",NA,"likelihood",1592.5,0.010387
30,"R_Date","05BDT5‐12",NA,"likelihood",1593.5,0.010324
30,"R_Date","05BDT5‐12",NA,"likelihood",1594.5,0.010136
30,"R_Date","05BDT5‐12",NA,"likelihood",1595.5,0.00983
30,"R_Date","05BDT5‐12",NA,"likelihood",1596.5,0.00983
30,"R_Date","05BDT5‐12",NA,"likelihood",1597.5,0.009635
30,"R_Date","05BDT5‐12",NA,"likelihood",1598.5,0.009416
30,"R_Date","05BDT5‐12",NA,"likelihood",1599.5,0.009174
30,"R_Date","05BDT5‐12",NA,"likelihood",1600.5,0.00891
30,"R_Date","05BDT5‐12",NA,"likelihood",1601.5,0.008328
30,"R_Date","05BDT5‐12",NA,"likelihood",1602.5,0.007354
30,"R_Date","05BDT5‐12",NA,"likelihood",1603.5,0.006317
30,"R_Date","05BDT5‐12",NA,"likelihood",1604.5,0.005621
30,"R_Date","05BDT5‐12",NA,"likelihood",1605.5,0.005278
30,"R_Date","05BDT5‐12",NA,"likelihood",1606.5,0.005278
30,"R_Date","05BDT5‐12",NA,"likelihood",1607.5,0.005968
30,"R_Date","05BDT5‐12",NA,"likelihood",1608.5,0.006665
30,"R_Date","05BDT5‐12",NA,"likelihood",1609.5,0.007354
30,"R_Date","05BDT5‐12",NA,"likelihood",1610.5,0.008014
30,"R_Date","05BDT5‐12",NA,"likelihood",1611.5,0.008328
30,"R_Date","05BDT5‐12",NA,"likelihood",1612.5,0.008328
30,"R_Date","05BDT5‐12",NA,"likelihood",1613.5,0.008328
30,"R_Date","05BDT5‐12",NA,"likelihood",1614.5,0.008328
30,"R_Date","05BDT5‐12",NA,"likelihood",1615.5,0.008627
30,"R_Date","05BDT5‐12",NA,"likelihood",1616.5,0.00891
30,"R_Date","05BDT5‐12",NA,"likelihood",1617.5,0.009635
30,"R_Date","05BDT5‐12",NA,"likelihood",1618.5,0.010245
30,"R_Date","05BDT5‐12",NA,"likelihood",1619.5,0.010387
30,"R_Date","05BDT5‐12",NA,"likelihood",1620.5,0.010133
30,"R_Date","05BDT5‐12",NA,"likelihood",1621.5,0.00941
30,"R_Date","05BDT5‐12",NA,"likelihood",1622.5,0.008318
30,"R_Date","05BDT5‐12",NA,"likelihood",1623.5,0.007677
30,"R_Date","05BDT5‐12",NA,"likelihood",1624.5,0.007342
30,"R_Date","05BDT5‐12",NA,"likelihood",1625.5,0.006999
30,"R_Date","05BDT5‐12",NA,"likelihood",1626.5,0.006999
30,"R_Date","05BDT5‐12",NA,"likelihood",1627.5,0.007342
30,"R_Date","05BDT5‐12",NA,"likelihood",1628.5,0.007342
30,"R_Date","05BDT5‐12",NA,"likelihood",1629.5,0.006652
30,"R_Date","05BDT5‐12",NA,"likelihood",1630.5,0.005953
30,"R_Date","05BDT5‐12",NA,"likelihood",1631.5,0.005262
30,"R_Date","05BDT5‐12",NA,"likelihood",1632.5,0.003963
30,"R_Date","05BDT5‐12",NA,"likelihood",1633.5,0.0025929
30,"R_Date","05BDT5‐12",NA,"likelihood",1634.5,0.001747
30,"R_Date","05BDT5‐12",NA,"likelihood",1635.5,0.0009947
30,"R_Date","05BDT5‐12",NA,"likelihood",1636.5,0.0005996
30,"R_Date","05BDT5‐12",NA,"likelihood",1637.5,0.0003439
30,"R_Date","05BDT5‐12",NA,"likelihood",1638.5,0.00021943
30,"R_Date","05BDT5‐12",NA,"likelihood",1639.5,0.00011542
30,"R_Date","05BDT5‐12",NA,"likelihood",1640.5,5.777e-05
30,"R_Date","05BDT5‐12",NA,"likelihood",1641.5,2.2676e-05
30,"R_Date","05BDT5‐12",NA,"likelihood",1642.5,1.0146e-05
30,"R_Date","05BDT5‐12",NA,"likelihood",1643.5,4.324e-06
30,"R_Date","05BDT5‐12",NA,"likelihood",1644.5,1.7508e-06
30,"R_Date","05BDT5‐12",NA,"likelihood",1645.5,8.649e-07
30,"R_Date","05BDT5‐12",NA,"likelihood",1646.5,4.113e-07
30,"R_Date","05BDT5‐12",NA,"likelihood",1647.5,1.8985e-07
30,"R_Date","05BDT5‐12",NA,"likelihood",1648.5,6.328e-08
30,"R_Date","05BDT5‐12",NA,"likelihood",1649.5,3.164e-08
30,"R_Date","05BDT5‐12",NA,"likelihood",1650.5,2.1094e-08
30,"R_Date","05BDT5‐12",NA,"likelihood",1651.5,1.0547e-08
30,"R_Date","05BDT5‐12",NA,"likelihood",1652.5,0
30,"R_Date","05BDT5‐12",NA,"likelihood",1653.5,0
30,"R_Date","05BDT5‐12",NA,"posterior",1458.5,0
30,"R_Date","05BDT5‐12",NA,"posterior",1459.5,2.0787e-06
30,"R_Date","05BDT5‐12",NA,"posterior",1460.5,1.0501e-06
30,"R_Date","05BDT5‐12",NA,"posterior",1461.5,7.286e-06
30,"R_Date","05BDT5‐12",NA,"posterior",1462.5,1.8751e-05
30,"R_Date","05BDT5‐12",NA,"posterior",1463.5,1.3544e-05
30,"R_Date","05BDT5‐12",NA,"posterior",1464.5,1.6673e-05
30,"R_Date","05BDT5‐12",NA,"posterior",1465.5,2.8116e-05
30,"R_Date","05BDT5‐12",NA,"posterior",1466.5,3.332e-05
30,"R_Date","05BDT5‐12",NA,"posterior",1467.5,4.063e-05
30,"R_Date","05BDT5‐12",NA,"posterior",1468.5,5e-05
30,"R_Date","05BDT5‐12",NA,"posterior",1469.5,0.00011251
30,"R_Date","05BDT5‐12",NA,"posterior",1470.5,0.00013855
30,"R_Date","05BDT5‐12",NA,"posterior",1471.5,0.00020521
30,"R_Date","05BDT5‐12",NA,"posterior",1472.5,0.00028125
30,"R_Date","05BDT5‐12",NA,"posterior",1473.5,0.0003948
30,"R_Date","05BDT5‐12",NA,"posterior",1474.5,0.0006385
30,"R_Date","05BDT5‐12",NA,"posterior",1475.5,0.0010625
30,"R_Date","05BDT5‐12",NA,"posterior",1476.5,0.0017448
30,"R_Date","05BDT5‐12",NA,"posterior",1477.5,0.0025417
30,"R_Date","05BDT5‐12",NA,"posterior",1478.5,0.00331
30,"R_Date","05BDT5‐12",NA,"posterior",1479.5,0.004291
30,"R_Date","05BDT5‐12",NA,"posterior",1480.5,0.005424
30,"R_Date","05BDT5‐12",NA,"posterior",1481.5,0.006032
30,"R_Date","05BDT5‐12",NA,"posterior",1482.5,0.006698
30,"R_Date","05BDT5‐12",NA,"posterior",1483.5,0.0076
30,"R_Date","05BDT5‐12",NA,"posterior",1484.5,0.007762
30,"R_Date","05BDT5‐12",NA,"posterior",1485.5,0.008165
30,"R_Date","05BDT5‐12",NA,"posterior",1486.5,0.008447
30,"R_Date","05BDT5‐12",NA,"posterior",1487.5,0.008579
30,"R_Date","05BDT5‐12",NA,"posterior",1488.5,0.009541
30,"R_Date","05BDT5‐12",NA,"posterior",1489.5,0.010576
30,"R_Date","05BDT5‐12",NA,"posterior",1490.5,0.0111
30,"R_Date","05BDT5‐12",NA,"posterior",1491.5,0.011808
30,"R_Date","05BDT5‐12",NA,"posterior",1492.5,0.013108
30,"R_Date","05BDT5‐12",NA,"posterior",1493.5,0.014366
30,"R_Date","05BDT5‐12",NA,"posterior",1494.5,0.015155
30,"R_Date","05BDT5‐12",NA,"posterior",1495.5,0.016437
30,"R_Date","05BDT5‐12",NA,"posterior",1496.5,0.017443
30,"R_Date","05BDT5‐12",NA,"posterior",1497.5,0.017961
30,"R_Date","05BDT5‐12",NA,"posterior",1498.5,0.018356
30,"R_Date","05BDT5‐12",NA,"posterior",1499.5,0.018767
30,"R_Date","05BDT5‐12",NA,"posterior",1500.5,0.018663
30,"R_Date","05BDT5‐12",NA,"posterior",1501.5,0.018954
30,"R_Date","05BDT5‐12",NA,"posterior",1502.5,0.019556
30,"R_Date","05BDT5‐12",NA,"posterior",1503.5,0.019935
30,"R_Date","05BDT5‐12",NA,"posterior",1504.5,0.020092
30,"R_Date","05BDT5‐12",NA,"posterior",1505.5,0.020558
30,"R_Date","05BDT5‐12",NA,"posterior",1506.5,0.020973
30,"R_Date","05BDT5‐12",NA,"posterior",1507.5,0.020962
30,"R_Date","05BDT5‐12",NA,"posterior",1508.5,0.021013
30,"R_Date","05BDT5‐12",NA,"posterior",1509.5,0.021173
30,"R_Date","05BDT5‐12",NA,"posterior",1510.5,0.02143
30,"R_Date","05BDT5‐12",NA,"posterior",1511.5,0.021142
30,"R_Date","05BDT5‐12",NA,"posterior",1512.5,0.021317
30,"R_Date","05BDT5‐12",NA,"posterior",1513.5,0.020963
30,"R_Date","05BDT5‐12",NA,"posterior",1514.5,0.020925
30,"R_Date","05BDT5‐12",NA,"posterior",1515.5,0.0203
30,"R_Date","05BDT5‐12",NA,"posterior",1516.5,0.019949
30,"R_Date","05BDT5‐12",NA,"posterior",1517.5,0.019797
30,"R_Date","05BDT5‐12",NA,"posterior",1518.5,0.019382
30,"R_Date","05BDT5‐12",NA,"posterior",1519.5,0.01875
30,"R_Date","05BDT5‐12",NA,"posterior",1520.5,0.017827
30,"R_Date","05BDT5‐12",NA,"posterior",1521.5,0.016949
30,"R_Date","05BDT5‐12",NA,"posterior",1522.5,0.014688
30,"R_Date","05BDT5‐12",NA,"posterior",1523.5,0.012569
30,"R_Date","05BDT5‐12",NA,"posterior",1524.5,0.010197
30,"R_Date","05BDT5‐12",NA,"posterior",1525.5,0.007646
30,"R_Date","05BDT5‐12",NA,"posterior",1526.5,0.005499
30,"R_Date","05BDT5‐12",NA,"posterior",1527.5,0.003791
30,"R_Date","05BDT5‐12",NA,"posterior",1528.5,0.0023698
30,"R_Date","05BDT5‐12",NA,"posterior",1529.5,0.0016198
30,"R_Date","05BDT5‐12",NA,"posterior",1530.5,0.0012708
30,"R_Date","05BDT5‐12",NA,"posterior",1531.5,0.0009552
30,"R_Date","05BDT5‐12",NA,"posterior",1532.5,0.0006594
30,"R_Date","05BDT5‐12",NA,"posterior",1533.5,0.0006177
30,"R_Date","05BDT5‐12",NA,"posterior",1534.5,0.0005812
30,"R_Date","05BDT5‐12",NA,"posterior",1535.5,0.0007198
30,"R_Date","05BDT5‐12",NA,"posterior",1536.5,0.0007823
30,"R_Date","05BDT5‐12",NA,"posterior",1537.5,0.0008989
30,"R_Date","05BDT5‐12",NA,"posterior",1538.5,0.0012531
30,"R_Date","05BDT5‐12",NA,"posterior",1539.5,0.0016125
30,"R_Date","05BDT5‐12",NA,"posterior",1540.5,0.0019281
30,"R_Date","05BDT5‐12",NA,"posterior",1541.5,0.0020562
30,"R_Date","05BDT5‐12",NA,"posterior",1542.5,0.0022562
30,"R_Date","05BDT5‐12",NA,"posterior",1543.5,0.0026135
30,"R_Date","05BDT5‐12",NA,"posterior",1544.5,0.0023979
30,"R_Date","05BDT5‐12",NA,"posterior",1545.5,0.0021521
30,"R_Date","05BDT5‐12",NA,"posterior",1546.5,0.0018656
30,"R_Date","05BDT5‐12",NA,"posterior",1547.5,0.0016406
30,"R_Date","05BDT5‐12",NA,"posterior",1548.5,0.0015864
30,"R_Date","05BDT5‐12",NA,"posterior",1549.5,0.0016271
30,"R_Date","05BDT5‐12",NA,"posterior",1550.5,0.0019187
30,"R_Date","05BDT5‐12",NA,"posterior",1551.5,0.0022916
30,"R_Date","05BDT5‐12",NA,"posterior",1552.5,0.0028875
30,"R_Date","05BDT5‐12",NA,"posterior",1553.5,0.003499
30,"R_Date","05BDT5‐12",NA,"posterior",1554.5,0.003666
30,"R_Date","05BDT5‐12",NA,"posterior",1555.5,0.003854
30,"R_Date","05BDT5‐12",NA,"posterior",1556.5,0.004236
30,"R_Date","05BDT5‐12",NA,"posterior",1557.5,0.004889
30,"R_Date","05BDT5‐12",NA,"posterior",1558.5,0.005294
30,"R_Date","05BDT5‐12",NA,"posterior",1559.5,0.005853
30,"R_Date","05BDT5‐12",NA,"posterior",1560.5,0.006508
30,"R_Date","05BDT5‐12",NA,"posterior",1561.5,0.006844
30,"R_Date","05BDT5‐12",NA,"posterior",1562.5,0.006893
30,"R_Date","05BDT5‐12",NA,"posterior",1563.5,0.006381
30,"R_Date","05BDT5‐12",NA,"posterior",1564.5,0.005909
30,"R_Date","05BDT5‐12",NA,"posterior",1565.5,0.005198
30,"R_Date","05BDT5‐12",NA,"posterior",1566.5,0.004701
30,"R_Date","05BDT5‐12",NA,"posterior",1567.5,0.004261
30,"R_Date","05BDT5‐12",NA,"posterior",1568.5,0.003912
30,"R_Date","05BDT5‐12",NA,"posterior",1569.5,0.003877
30,"R_Date","05BDT5‐12",NA,"posterior",1570.5,0.004434
30,"R_Date","05BDT5‐12",NA,"posterior",1571.5,0.00461
30,"R_Date","05BDT5‐12",NA,"posterior",1572.5,0.00487
30,"R_Date","05BDT5‐12",NA,"posterior",1573.5,0.005308
30,"R_Date","05BDT5‐12",NA,"posterior",1574.5,0.005577
30,"R_Date","05BDT5‐12",NA,"posterior",1575.5,0.005532
30,"R_Date","05BDT5‐12",NA,"posterior",1576.5,0.005732
30,"R_Date","05BDT5‐12",NA,"posterior",1577.5,0.005795
30,"R_Date","05BDT5‐12",NA,"posterior",1578.5,0.0058
30,"R_Date","05BDT5‐12",NA,"posterior",1579.5,0.005452
30,"R_Date","05BDT5‐12",NA,"posterior",1580.5,0.005622
30,"R_Date","05BDT5‐12",NA,"posterior",1581.5,0.005354
30,"R_Date","05BDT5‐12",NA,"posterior",1582.5,0.005059
30,"R_Date","05BDT5‐12",NA,"posterior",1583.5,0.004703
30,"R_Date","05BDT5‐12",NA,"posterior",1584.5,0.004445
30,"R_Date","05BDT5‐12",NA,"posterior",1585.5,0.00415
30,"R_Date","05BDT5‐12",NA,"posterior",1586.5,0.004109
30,"R_Date","05BDT5‐12",NA,"posterior",1587.5,0.003736
30,"R_Date","05BDT5‐12",NA,"posterior",1588.5,0.003658
30,"R_Date","05BDT5‐12",NA,"posterior",1589.5,0.003556
30,"R_Date","05BDT5‐12",NA,"posterior",1590.5,0.003543
30,"R_Date","05BDT5‐12",NA,"posterior",1591.5,0.003262
30,"R_Date","05BDT5‐12",NA,"posterior",1592.5,0.003356
30,"R_Date","05BDT5‐12",NA,"posterior",1593.5,0.002949
30,"R_Date","05BDT5‐12",NA,"posterior",1594.5,0.0027177
30,"R_Date","05BDT5‐12",NA,"posterior",1595.5,0.0023667
30,"R_Date","05BDT5‐12",NA,"posterior",1596.5,0.0022396
30,"R_Date","05BDT5‐12",NA,"posterior",1597.5,0.0020635
30,"R_Date","05BDT5‐12",NA,"posterior",1598.5,0.0017771
30,"R_Date","05BDT5‐12",NA,"posterior",1599.5,0.00155
30,"R_Date","05BDT5‐12",NA,"posterior",1600.5,0.0013156
30,"R_Date","05BDT5‐12",NA,"posterior",1601.5,0.0011833
30,"R_Date","05BDT5‐12",NA,"posterior",1602.5,0.0009385
30,"R_Date","05BDT5‐12",NA,"posterior",1603.5,0.0006104
30,"R_Date","05BDT5‐12",NA,"posterior",1604.5,0.0004875
30,"R_Date","05BDT5‐12",NA,"posterior",1605.5,0.0004135
30,"R_Date","05BDT5‐12",NA,"posterior",1606.5,0.000375
30,"R_Date","05BDT5‐12",NA,"posterior",1607.5,0.000325
30,"R_Date","05BDT5‐12",NA,"posterior",1608.5,0.00028853
30,"R_Date","05BDT5‐12",NA,"posterior",1609.5,0.00023646
30,"R_Date","05BDT5‐12",NA,"posterior",1610.5,0.00020832
30,"R_Date","05BDT5‐12",NA,"posterior",1611.5,0.00017395
30,"R_Date","05BDT5‐12",NA,"posterior",1612.5,0.00014583
30,"R_Date","05BDT5‐12",NA,"posterior",1613.5,0.0001073
30,"R_Date","05BDT5‐12",NA,"posterior",1614.5,7.813e-05
30,"R_Date","05BDT5‐12",NA,"posterior",1615.5,7.916e-05
30,"R_Date","05BDT5‐12",NA,"posterior",1616.5,3.853e-05
30,"R_Date","05BDT5‐12",NA,"posterior",1617.5,2.188e-05
30,"R_Date","05BDT5‐12",NA,"posterior",1618.5,1.5623e-05
30,"R_Date","05BDT5‐12",NA,"posterior",1619.5,1.3544e-05
30,"R_Date","05BDT5‐12",NA,"posterior",1620.5,3.1288e-06
30,"R_Date","05BDT5‐12",NA,"posterior",1621.5,1.3544e-05
30,"R_Date","05BDT5‐12",NA,"posterior",1622.5,5.208e-06
31,"R_Date","05BDT5‐16",NA,"likelihood",1443.5,0
31,"R_Date","05BDT5‐16",NA,"likelihood",1444.5,0
31,"R_Date","05BDT5‐16",NA,"likelihood",1445.5,1.0792e-08
31,"R_Date","05BDT5‐16",NA,"likelihood",1446.5,2.1583e-08
31,"R_Date","05BDT5‐16",NA,"likelihood",1447.5,5.396e-08
31,"R_Date","05BDT5‐16",NA,"likelihood",1448.5,1.7266e-07
31,"R_Date","05BDT5‐16",NA,"likelihood",1449.5,3.669e-07
31,"R_Date","05BDT5‐16",NA,"likelihood",1450.5,7.554e-07
31,"R_Date","05BDT5‐16",NA,"likelihood",1451.5,1.2194e-06
31,"R_Date","05BDT5‐16",NA,"likelihood",1452.5,1.9533e-06
31,"R_Date","05BDT5‐16",NA,"likelihood",1453.5,3.0648e-06
31,"R_Date","05BDT5‐16",NA,"likelihood",1454.5,5.903e-06
31,"R_Date","05BDT5‐16",NA,"likelihood",1455.5,1.3586e-05
31,"R_Date","05BDT5‐16",NA,"likelihood",1456.5,3.591e-05
31,"R_Date","05BDT5‐16",NA,"likelihood",1457.5,8.797e-05
31,"R_Date","05BDT5‐16",NA,"likelihood",1458.5,0.00019969
31,"R_Date","05BDT5‐16",NA,"likelihood",1459.5,0.0003641
31,"R_Date","05BDT5‐16",NA,"likelihood",1460.5,0.0006323
31,"R_Date","05BDT5‐16",NA,"likelihood",1461.5,0.0007204
31,"R_Date","05BDT5‐16",NA,"likelihood",1462.5,0.0008181
31,"R_Date","05BDT5‐16",NA,"likelihood",1463.5,0.0007204
31,"R_Date","05BDT5‐16",NA,"likelihood",1464.5,0.0006323
31,"R_Date","05BDT5‐16",NA,"likelihood",1465.5,0.0005534
31,"R_Date","05BDT5‐16",NA,"likelihood",1466.5,0.0004828
31,"R_Date","05BDT5‐16",NA,"likelihood",1467.5,0.0005534
31,"R_Date","05BDT5‐16",NA,"likelihood",1468.5,0.0006323
31,"R_Date","05BDT5‐16",NA,"likelihood",1469.5,0.0007204
31,"R_Date","05BDT5‐16",NA,"likelihood",1470.5,0.0008181
31,"R_Date","05BDT5‐16",NA,"likelihood",1471.5,0.0008181
31,"R_Date","05BDT5‐16",NA,"likelihood",1472.5,0.0009263
31,"R_Date","05BDT5‐16",NA,"likelihood",1473.5,0.0011767
31,"R_Date","05BDT5‐16",NA,"likelihood",1474.5,0.0014766
31,"R_Date","05BDT5‐16",NA,"likelihood",1475.5,0.0020285
31,"R_Date","05BDT5‐16",NA,"likelihood",1476.5,0.0027109
31,"R_Date","05BDT5‐16",NA,"likelihood",1477.5,0.003524
31,"R_Date","05BDT5‐16",NA,"likelihood",1478.5,0.004134
31,"R_Date","05BDT5‐16",NA,"likelihood",1479.5,0.004791
31,"R_Date","05BDT5‐16",NA,"likelihood",1480.5,0.005484
31,"R_Date","05BDT5‐16",NA,"likelihood",1481.5,0.00584
31,"R_Date","05BDT5‐16",NA,"likelihood",1482.5,0.006174
31,"R_Date","05BDT5‐16",NA,"likelihood",1483.5,0.006558
31,"R_Date","05BDT5‐16",NA,"likelihood",1484.5,0.006558
31,"R_Date","05BDT5‐16",NA,"likelihood",1485.5,0.006558
31,"R_Date","05BDT5‐16",NA,"likelihood",1486.5,0.006558
31,"R_Date","05BDT5‐16",NA,"likelihood",1487.5,0.006558
31,"R_Date","05BDT5‐16",NA,"likelihood",1488.5,0.006925
31,"R_Date","05BDT5‐16",NA,"likelihood",1489.5,0.007285
31,"R_Date","05BDT5‐16",NA,"likelihood",1490.5,0.00764
31,"R_Date","05BDT5‐16",NA,"likelihood",1491.5,0.007988
31,"R_Date","05BDT5‐16",NA,"likelihood",1492.5,0.008326
31,"R_Date","05BDT5‐16",NA,"likelihood",1493.5,0.008963
31,"R_Date","05BDT5‐16",NA,"likelihood",1494.5,0.009257
31,"R_Date","05BDT5‐16",NA,"likelihood",1495.5,0.009783
31,"R_Date","05BDT5‐16",NA,"likelihood",1496.5,0.010011
31,"R_Date","05BDT5‐16",NA,"likelihood",1497.5,0.010213
31,"R_Date","05BDT5‐16",NA,"likelihood",1498.5,0.010213
31,"R_Date","05BDT5‐16",NA,"likelihood",1499.5,0.010386
31,"R_Date","05BDT5‐16",NA,"likelihood",1500.5,0.010386
31,"R_Date","05BDT5‐16",NA,"likelihood",1501.5,0.010386
31,"R_Date","05BDT5‐16",NA,"likelihood",1502.5,0.010531
31,"R_Date","05BDT5‐16",NA,"likelihood",1503.5,0.010644
31,"R_Date","05BDT5‐16",NA,"likelihood",1504.5,0.010726
31,"R_Date","05BDT5‐16",NA,"likelihood",1505.5,0.010775
31,"R_Date","05BDT5‐16",NA,"likelihood",1506.5,0.010792
31,"R_Date","05BDT5‐16",NA,"likelihood",1507.5,0.010774
31,"R_Date","05BDT5‐16",NA,"likelihood",1508.5,0.010724
31,"R_Date","05BDT5‐16",NA,"likelihood",1509.5,0.010527
31,"R_Date","05BDT5‐16",NA,"likelihood",1510.5,0.010382
31,"R_Date","05BDT5‐16",NA,"likelihood",1511.5,0.010005
31,"R_Date","05BDT5‐16",NA,"likelihood",1512.5,0.010014
31,"R_Date","05BDT5‐16",NA,"likelihood",1513.5,0.009739
31,"R_Date","05BDT5‐16",NA,"likelihood",1514.5,0.009739
31,"R_Date","05BDT5‐16",NA,"likelihood",1515.5,0.009523
31,"R_Date","05BDT5‐16",NA,"likelihood",1516.5,0.009523
31,"R_Date","05BDT5‐16",NA,"likelihood",1517.5,0.009523
31,"R_Date","05BDT5‐16",NA,"likelihood",1518.5,0.009248
31,"R_Date","05BDT5‐16",NA,"likelihood",1519.5,0.008954
31,"R_Date","05BDT5‐16",NA,"likelihood",1520.5,0.007976
31,"R_Date","05BDT5‐16",NA,"likelihood",1521.5,0.007272
31,"R_Date","05BDT5‐16",NA,"likelihood",1522.5,0.006185
31,"R_Date","05BDT5‐16",NA,"likelihood",1523.5,0.005117
31,"R_Date","05BDT5‐16",NA,"likelihood",1524.5,0.004117
31,"R_Date","05BDT5‐16",NA,"likelihood",1525.5,0.002805
31,"R_Date","05BDT5‐16",NA,"likelihood",1526.5,0.0018681
31,"R_Date","05BDT5‐16",NA,"likelihood",1527.5,0.0011804
31,"R_Date","05BDT5‐16",NA,"likelihood",1528.5,0.0007077
31,"R_Date","05BDT5‐16",NA,"likelihood",1529.5,0.0004658
31,"R_Date","05BDT5‐16",NA,"likelihood",1530.5,0.0003573
31,"R_Date","05BDT5‐16",NA,"likelihood",1531.5,0.00026564
31,"R_Date","05BDT5‐16",NA,"likelihood",1532.5,0.00019506
31,"R_Date","05BDT5‐16",NA,"likelihood",1533.5,0.00016637
31,"R_Date","05BDT5‐16",NA,"likelihood",1534.5,0.00016637
31,"R_Date","05BDT5‐16",NA,"likelihood",1535.5,0.00019506
31,"R_Date","05BDT5‐16",NA,"likelihood",1536.5,0.00022798
31,"R_Date","05BDT5‐16",NA,"likelihood",1537.5,0.00025463
31,"R_Date","05BDT5‐16",NA,"likelihood",1538.5,0.0004125
31,"R_Date","05BDT5‐16",NA,"likelihood",1539.5,0.0005446
31,"R_Date","05BDT5‐16",NA,"likelihood",1540.5,0.0006176
31,"R_Date","05BDT5‐16",NA,"likelihood",1541.5,0.0008073
31,"R_Date","05BDT5‐16",NA,"likelihood",1542.5,0.0008082
31,"R_Date","05BDT5‐16",NA,"likelihood",1543.5,0.0010334
31,"R_Date","05BDT5‐16",NA,"likelihood",1544.5,0.0009148
31,"R_Date","05BDT5‐16",NA,"likelihood",1545.5,0.0008073
31,"R_Date","05BDT5‐16",NA,"likelihood",1546.5,0.0007103
31,"R_Date","05BDT5‐16",NA,"likelihood",1547.5,0.0006229
31,"R_Date","05BDT5‐16",NA,"likelihood",1548.5,0.0006229
31,"R_Date","05BDT5‐16",NA,"likelihood",1549.5,0.0006229
31,"R_Date","05BDT5‐16",NA,"likelihood",1550.5,0.0008073
31,"R_Date","05BDT5‐16",NA,"likelihood",1551.5,0.0010334
31,"R_Date","05BDT5‐16",NA,"likelihood",1552.5,0.0013066
31,"R_Date","05BDT5‐16",NA,"likelihood",1553.5,0.0016318
31,"R_Date","05BDT5‐16",NA,"likelihood",1554.5,0.001815
31,"R_Date","05BDT5‐16",NA,"likelihood",1555.5,0.0020127
31,"R_Date","05BDT5‐16",NA,"likelihood",1556.5,0.002225
31,"R_Date","05BDT5‐16",NA,"likelihood",1557.5,0.0026939
31,"R_Date","05BDT5‐16",NA,"likelihood",1558.5,0.0029506
31,"R_Date","05BDT5‐16",NA,"likelihood",1559.5,0.003507
31,"R_Date","05BDT5‐16",NA,"likelihood",1560.5,0.004117
31,"R_Date","05BDT5‐16",NA,"likelihood",1561.5,0.00444
31,"R_Date","05BDT5‐16",NA,"likelihood",1562.5,0.004774
31,"R_Date","05BDT5‐16",NA,"likelihood",1563.5,0.00444
31,"R_Date","05BDT5‐16",NA,"likelihood",1564.5,0.004117
31,"R_Date","05BDT5‐16",NA,"likelihood",1565.5,0.003507
31,"R_Date","05BDT5‐16",NA,"likelihood",1566.5,0.003222
31,"R_Date","05BDT5‐16",NA,"likelihood",1567.5,0.0029506
31,"R_Date","05BDT5‐16",NA,"likelihood",1568.5,0.002805
31,"R_Date","05BDT5‐16",NA,"likelihood",1569.5,0.0029506
31,"R_Date","05BDT5‐16",NA,"likelihood",1570.5,0.003507
31,"R_Date","05BDT5‐16",NA,"likelihood",1571.5,0.003806
31,"R_Date","05BDT5‐16",NA,"likelihood",1572.5,0.00444
31,"R_Date","05BDT5‐16",NA,"likelihood",1573.5,0.004774
31,"R_Date","05BDT5‐16",NA,"likelihood",1574.5,0.005467
31,"R_Date","05BDT5‐16",NA,"likelihood",1575.5,0.005824
31,"R_Date","05BDT5‐16",NA,"likelihood",1576.5,0.006548
31,"R_Date","05BDT5‐16",NA,"likelihood",1577.5,0.006911
31,"R_Date","05BDT5‐16",NA,"likelihood",1578.5,0.007272
31,"R_Date","05BDT5‐16",NA,"likelihood",1579.5,0.007272
31,"R_Date","05BDT5‐16",NA,"likelihood",1580.5,0.007628
31,"R_Date","05BDT5‐16",NA,"likelihood",1581.5,0.007628
31,"R_Date","05BDT5‐16",NA,"likelihood",1582.5,0.007628
31,"R_Date","05BDT5‐16",NA,"likelihood",1583.5,0.007628
31,"R_Date","05BDT5‐16",NA,"likelihood",1584.5,0.007628
31,"R_Date","05BDT5‐16",NA,"likelihood",1585.5,0.007272
31,"R_Date","05BDT5‐16",NA,"likelihood",1586.5,0.007272
31,"R_Date","05BDT5‐16",NA,"likelihood",1587.5,0.007628
31,"R_Date","05BDT5‐16",NA,"likelihood",1588.5,0.007976
31,"R_Date","05BDT5‐16",NA,"likelihood",1589.5,0.008642
31,"R_Date","05BDT5‐16",NA,"likelihood",1590.5,0.009248
31,"R_Date","05BDT5‐16",NA,"likelihood",1591.5,0.010005
31,"R_Date","05BDT5‐16",NA,"likelihood",1592.5,0.010382
31,"R_Date","05BDT5‐16",NA,"likelihood",1593.5,0.010642
31,"R_Date","05BDT5‐16",NA,"likelihood",1594.5,0.010774
31,"R_Date","05BDT5‐16",NA,"likelihood",1595.5,0.010775
31,"R_Date","05BDT5‐16",NA,"likelihood",1596.5,0.010775
31,"R_Date","05BDT5‐16",NA,"likelihood",1597.5,0.010726
31,"R_Date","05BDT5‐16",NA,"likelihood",1598.5,0.010644
31,"R_Date","05BDT5‐16",NA,"likelihood",1599.5,0.010531
31,"R_Date","05BDT5‐16",NA,"likelihood",1600.5,0.010386
31,"R_Date","05BDT5‐16",NA,"likelihood",1601.5,0.010011
31,"R_Date","05BDT5‐16",NA,"likelihood",1602.5,0.009257
31,"R_Date","05BDT5‐16",NA,"likelihood",1603.5,0.008326
31,"R_Date","05BDT5‐16",NA,"likelihood",1604.5,0.00764
31,"R_Date","05BDT5‐16",NA,"likelihood",1605.5,0.007285
31,"R_Date","05BDT5‐16",NA,"likelihood",1606.5,0.007285
31,"R_Date","05BDT5‐16",NA,"likelihood",1607.5,0.007988
31,"R_Date","05BDT5‐16",NA,"likelihood",1608.5,0.008652
31,"R_Date","05BDT5‐16",NA,"likelihood",1609.5,0.009257
31,"R_Date","05BDT5‐16",NA,"likelihood",1610.5,0.009783
31,"R_Date","05BDT5‐16",NA,"likelihood",1611.5,0.010011
31,"R_Date","05BDT5‐16",NA,"likelihood",1612.5,0.010011
31,"R_Date","05BDT5‐16",NA,"likelihood",1613.5,0.010011
31,"R_Date","05BDT5‐16",NA,"likelihood",1614.5,0.010011
31,"R_Date","05BDT5‐16",NA,"likelihood",1615.5,0.010213
31,"R_Date","05BDT5‐16",NA,"likelihood",1616.5,0.010386
31,"R_Date","05BDT5‐16",NA,"likelihood",1617.5,0.010726
31,"R_Date","05BDT5‐16",NA,"likelihood",1618.5,0.010724
31,"R_Date","05BDT5‐16",NA,"likelihood",1619.5,0.010382
31,"R_Date","05BDT5‐16",NA,"likelihood",1620.5,0.009523
31,"R_Date","05BDT5‐16",NA,"likelihood",1621.5,0.008315
31,"R_Date","05BDT5‐16",NA,"likelihood",1622.5,0.006911
31,"R_Date","05BDT5‐16",NA,"likelihood",1623.5,0.006185
31,"R_Date","05BDT5‐16",NA,"likelihood",1624.5,0.005824
31,"R_Date","05BDT5‐16",NA,"likelihood",1625.5,0.005467
31,"R_Date","05BDT5‐16",NA,"likelihood",1626.5,0.005467
31,"R_Date","05BDT5‐16",NA,"likelihood",1627.5,0.005824
31,"R_Date","05BDT5‐16",NA,"likelihood",1628.5,0.005824
31,"R_Date","05BDT5‐16",NA,"likelihood",1629.5,0.005117
31,"R_Date","05BDT5‐16",NA,"likelihood",1630.5,0.00444
31,"R_Date","05BDT5‐16",NA,"likelihood",1631.5,0.003806
31,"R_Date","05BDT5‐16",NA,"likelihood",1632.5,0.0026939
31,"R_Date","05BDT5‐16",NA,"likelihood",1633.5,0.0016318
31,"R_Date","05BDT5‐16",NA,"likelihood",1634.5,0.0010334
31,"R_Date","05BDT5‐16",NA,"likelihood",1635.5,0.0005446
31,"R_Date","05BDT5‐16",NA,"likelihood",1636.5,0.00030857
31,"R_Date","05BDT5‐16",NA,"likelihood",1637.5,0.00016637
31,"R_Date","05BDT5‐16",NA,"likelihood",1638.5,0.00010133
31,"R_Date","05BDT5‐16",NA,"likelihood",1639.5,5.009e-05
31,"R_Date","05BDT5‐16",NA,"likelihood",1640.5,2.3558e-05
31,"R_Date","05BDT5‐16",NA,"likelihood",1641.5,8.558e-06
31,"R_Date","05BDT5‐16",NA,"likelihood",1642.5,3.604e-06
31,"R_Date","05BDT5‐16",NA,"likelihood",1643.5,1.4461e-06
31,"R_Date","05BDT5‐16",NA,"likelihood",1644.5,5.504e-07
31,"R_Date","05BDT5‐16",NA,"likelihood",1645.5,2.59e-07
31,"R_Date","05BDT5‐16",NA,"likelihood",1646.5,1.1871e-07
31,"R_Date","05BDT5‐16",NA,"likelihood",1647.5,5.396e-08
31,"R_Date","05BDT5‐16",NA,"likelihood",1648.5,2.1583e-08
31,"R_Date","05BDT5‐16",NA,"likelihood",1649.5,1.0792e-08
31,"R_Date","05BDT5‐16",NA,"likelihood",1650.5,0
31,"R_Date","05BDT5‐16",NA,"likelihood",1651.5,0
31,"R_Date","05BDT5‐16",NA,"posterior",1456.5,0
31,"R_Date","05BDT5‐16",NA,"posterior",1457.5,0
31,"R_Date","05BDT5‐16",NA,"posterior",1458.5,0
31,"R_Date","05BDT5‐16",NA,"posterior",1459.5,3.1303e-06
31,"R_Date","05BDT5‐16",NA,"posterior",1460.5,5.21e-06
31,"R_Date","05BDT5‐16",NA,"posterior",1461.5,1.2499e-05
31,"R_Date","05BDT5‐16",NA,"posterior",1462.5,1.355e-05
31,"R_Date","05BDT5‐16",NA,"posterior",1463.5,2.3969e-05
31,"R_Date","05BDT5‐16",NA,"posterior",1464.5,3.75e-05
31,"R_Date","05BDT5‐16",NA,"posterior",1465.5,4.687e-05
31,"R_Date","05BDT5‐16",NA,"posterior",1466.5,5.834e-05
31,"R_Date","05BDT5‐16",NA,"posterior",1467.5,9.375e-05
31,"R_Date","05BDT5‐16",NA,"posterior",1468.5,0.00013959
31,"R_Date","05BDT5‐16",NA,"posterior",1469.5,0.00016354
31,"R_Date","05BDT5‐16",NA,"posterior",1470.5,0.00026458
31,"R_Date","05BDT5‐16",NA,"posterior",1471.5,0.0003823
31,"R_Date","05BDT5‐16",NA,"posterior",1472.5,0.0005406
31,"R_Date","05BDT5‐16",NA,"posterior",1473.5,0.0008031
31,"R_Date","05BDT5‐16",NA,"posterior",1474.5,0.0011531
31,"R_Date","05BDT5‐16",NA,"posterior",1475.5,0.0018604
31,"R_Date","05BDT5‐16",NA,"posterior",1476.5,0.0026812
31,"R_Date","05BDT5‐16",NA,"posterior",1477.5,0.003871
31,"R_Date","05BDT5‐16",NA,"posterior",1478.5,0.005112
31,"R_Date","05BDT5‐16",NA,"posterior",1479.5,0.00626
31,"R_Date","05BDT5‐16",NA,"posterior",1480.5,0.007688
31,"R_Date","05BDT5‐16",NA,"posterior",1481.5,0.008604
31,"R_Date","05BDT5‐16",NA,"posterior",1482.5,0.009494
31,"R_Date","05BDT5‐16",NA,"posterior",1483.5,0.010407
31,"R_Date","05BDT5‐16",NA,"posterior",1484.5,0.010956
31,"R_Date","05BDT5‐16",NA,"posterior",1485.5,0.011321
31,"R_Date","05BDT5‐16",NA,"posterior",1486.5,0.011539
31,"R_Date","05BDT5‐16",NA,"posterior",1487.5,0.011758
31,"R_Date","05BDT5‐16",NA,"posterior",1488.5,0.012929
31,"R_Date","05BDT5‐16",NA,"posterior",1489.5,0.013801
31,"R_Date","05BDT5‐16",NA,"posterior",1490.5,0.014771
31,"R_Date","05BDT5‐16",NA,"posterior",1491.5,0.01554
31,"R_Date","05BDT5‐16",NA,"posterior",1492.5,0.016466
31,"R_Date","05BDT5‐16",NA,"posterior",1493.5,0.017972
31,"R_Date","05BDT5‐16",NA,"posterior",1494.5,0.018568
31,"R_Date","05BDT5‐16",NA,"posterior",1495.5,0.019473
31,"R_Date","05BDT5‐16",NA,"posterior",1496.5,0.02068
31,"R_Date","05BDT5‐16",NA,"posterior",1497.5,0.020715
31,"R_Date","05BDT5‐16",NA,"posterior",1498.5,0.020852
31,"R_Date","05BDT5‐16",NA,"posterior",1499.5,0.020884
31,"R_Date","05BDT5‐16",NA,"posterior",1500.5,0.021405
31,"R_Date","05BDT5‐16",NA,"posterior",1501.5,0.021471
31,"R_Date","05BDT5‐16",NA,"posterior",1502.5,0.021911
31,"R_Date","05BDT5‐16",NA,"posterior",1503.5,0.021599
31,"R_Date","05BDT5‐16",NA,"posterior",1504.5,0.022033
31,"R_Date","05BDT5‐16",NA,"posterior",1505.5,0.02209
31,"R_Date","05BDT5‐16",NA,"posterior",1506.5,0.02221
31,"R_Date","05BDT5‐16",NA,"posterior",1507.5,0.022359
31,"R_Date","05BDT5‐16",NA,"posterior",1508.5,0.021856
31,"R_Date","05BDT5‐16",NA,"posterior",1509.5,0.021409
31,"R_Date","05BDT5‐16",NA,"posterior",1510.5,0.020832
31,"R_Date","05BDT5‐16",NA,"posterior",1511.5,0.020385
31,"R_Date","05BDT5‐16",NA,"posterior",1512.5,0.020057
31,"R_Date","05BDT5‐16",NA,"posterior",1513.5,0.019495
31,"R_Date","05BDT5‐16",NA,"posterior",1514.5,0.01927
31,"R_Date","05BDT5‐16",NA,"posterior",1515.5,0.018761
31,"R_Date","05BDT5‐16",NA,"posterior",1516.5,0.018838
31,"R_Date","05BDT5‐16",NA,"posterior",1517.5,0.018604
31,"R_Date","05BDT5‐16",NA,"posterior",1518.5,0.017495
31,"R_Date","05BDT5‐16",NA,"posterior",1519.5,0.016858
31,"R_Date","05BDT5‐16",NA,"posterior",1520.5,0.015254
31,"R_Date","05BDT5‐16",NA,"posterior",1521.5,0.013666
31,"R_Date","05BDT5‐16",NA,"posterior",1522.5,0.011686
31,"R_Date","05BDT5‐16",NA,"posterior",1523.5,0.009559
31,"R_Date","05BDT5‐16",NA,"posterior",1524.5,0.007295
31,"R_Date","05BDT5‐16",NA,"posterior",1525.5,0.005298
31,"R_Date","05BDT5‐16",NA,"posterior",1526.5,0.003418
31,"R_Date","05BDT5‐16",NA,"posterior",1527.5,0.0021271
31,"R_Date","05BDT5‐16",NA,"posterior",1528.5,0.0012125
31,"R_Date","05BDT5‐16",NA,"posterior",1529.5,0.0008708
31,"R_Date","05BDT5‐16",NA,"posterior",1530.5,0.0006313
31,"R_Date","05BDT5‐16",NA,"posterior",1531.5,0.0004583
31,"R_Date","05BDT5‐16",NA,"posterior",1532.5,0.0003438
31,"R_Date","05BDT5‐16",NA,"posterior",1533.5,0.00027708
31,"R_Date","05BDT5‐16",NA,"posterior",1534.5,0.00027084
31,"R_Date","05BDT5‐16",NA,"posterior",1535.5,0.0003583
31,"R_Date","05BDT5‐16",NA,"posterior",1536.5,0.0003719
31,"R_Date","05BDT5‐16",NA,"posterior",1537.5,0.000449
31,"R_Date","05BDT5‐16",NA,"posterior",1538.5,0.0006615
31,"R_Date","05BDT5‐16",NA,"posterior",1539.5,0.0008177
31,"R_Date","05BDT5‐16",NA,"posterior",1540.5,0.0010062
31,"R_Date","05BDT5‐16",NA,"posterior",1541.5,0.001174
31,"R_Date","05BDT5‐16",NA,"posterior",1542.5,0.0013698
31,"R_Date","05BDT5‐16",NA,"posterior",1543.5,0.001549
31,"R_Date","05BDT5‐16",NA,"posterior",1544.5,0.0013438
31,"R_Date","05BDT5‐16",NA,"posterior",1545.5,0.0012104
31,"R_Date","05BDT5‐16",NA,"posterior",1546.5,0.0010583
31,"R_Date","05BDT5‐16",NA,"posterior",1547.5,0.000976
31,"R_Date","05BDT5‐16",NA,"posterior",1548.5,0.0008917
31,"R_Date","05BDT5‐16",NA,"posterior",1549.5,0.0008635
31,"R_Date","05BDT5‐16",NA,"posterior",1550.5,0.0011385
31,"R_Date","05BDT5‐16",NA,"posterior",1551.5,0.0013927
31,"R_Date","05BDT5‐16",NA,"posterior",1552.5,0.0017833
31,"R_Date","05BDT5‐16",NA,"posterior",1553.5,0.0021875
31,"R_Date","05BDT5‐16",NA,"posterior",1554.5,0.0023719
31,"R_Date","05BDT5‐16",NA,"posterior",1555.5,0.0026552
31,"R_Date","05BDT5‐16",NA,"posterior",1556.5,0.0028823
31,"R_Date","05BDT5‐16",NA,"posterior",1557.5,0.003385
31,"R_Date","05BDT5‐16",NA,"posterior",1558.5,0.003732
31,"R_Date","05BDT5‐16",NA,"posterior",1559.5,0.00447
31,"R_Date","05BDT5‐16",NA,"posterior",1560.5,0.004827
31,"R_Date","05BDT5‐16",NA,"posterior",1561.5,0.00505
31,"R_Date","05BDT5‐16",NA,"posterior",1562.5,0.005402
31,"R_Date","05BDT5‐16",NA,"posterior",1563.5,0.004953
31,"R_Date","05BDT5‐16",NA,"posterior",1564.5,0.004436
31,"R_Date","05BDT5‐16",NA,"posterior",1565.5,0.003691
31,"R_Date","05BDT5‐16",NA,"posterior",1566.5,0.003378
31,"R_Date","05BDT5‐16",NA,"posterior",1567.5,0.0029385
31,"R_Date","05BDT5‐16",NA,"posterior",1568.5,0.0028083
31,"R_Date","05BDT5‐16",NA,"posterior",1569.5,0.0028698
31,"R_Date","05BDT5‐16",NA,"posterior",1570.5,0.003188
31,"R_Date","05BDT5‐16",NA,"posterior",1571.5,0.003609
31,"R_Date","05BDT5‐16",NA,"posterior",1572.5,0.00383
31,"R_Date","05BDT5‐16",NA,"posterior",1573.5,0.004015
31,"R_Date","05BDT5‐16",NA,"posterior",1574.5,0.004379
31,"R_Date","05BDT5‐16",NA,"posterior",1575.5,0.00478
31,"R_Date","05BDT5‐16",NA,"posterior",1576.5,0.004927
31,"R_Date","05BDT5‐16",NA,"posterior",1577.5,0.004906
31,"R_Date","05BDT5‐16",NA,"posterior",1578.5,0.004994
31,"R_Date","05BDT5‐16",NA,"posterior",1579.5,0.004617
31,"R_Date","05BDT5‐16",NA,"posterior",1580.5,0.004761
31,"R_Date","05BDT5‐16",NA,"posterior",1581.5,0.004551
31,"R_Date","05BDT5‐16",NA,"posterior",1582.5,0.004632
31,"R_Date","05BDT5‐16",NA,"posterior",1583.5,0.004261
31,"R_Date","05BDT5‐16",NA,"posterior",1584.5,0.004161
31,"R_Date","05BDT5‐16",NA,"posterior",1585.5,0.003753
31,"R_Date","05BDT5‐16",NA,"posterior",1586.5,0.003448
31,"R_Date","05BDT5‐16",NA,"posterior",1587.5,0.003345
31,"R_Date","05BDT5‐16",NA,"posterior",1588.5,0.003565
31,"R_Date","05BDT5‐16",NA,"posterior",1589.5,0.003594
31,"R_Date","05BDT5‐16",NA,"posterior",1590.5,0.003365
31,"R_Date","05BDT5‐16",NA,"posterior",1591.5,0.003358
31,"R_Date","05BDT5‐16",NA,"posterior",1592.5,0.003213
31,"R_Date","05BDT5‐16",NA,"posterior",1593.5,0.003236
31,"R_Date","05BDT5‐16",NA,"posterior",1594.5,0.0028802
31,"R_Date","05BDT5‐16",NA,"posterior",1595.5,0.0028177
31,"R_Date","05BDT5‐16",NA,"posterior",1596.5,0.0024562
31,"R_Date","05BDT5‐16",NA,"posterior",1597.5,0.0023906
31,"R_Date","05BDT5‐16",NA,"posterior",1598.5,0.0019937
31,"R_Date","05BDT5‐16",NA,"posterior",1599.5,0.0018792
31,"R_Date","05BDT5‐16",NA,"posterior",1600.5,0.0016865
31,"R_Date","05BDT5‐16",NA,"posterior",1601.5,0.0013323
31,"R_Date","05BDT5‐16",NA,"posterior",1602.5,0.0011313
31,"R_Date","05BDT5‐16",NA,"posterior",1603.5,0.0009427
31,"R_Date","05BDT5‐16",NA,"posterior",1604.5,0.0007198
31,"R_Date","05BDT5‐16",NA,"posterior",1605.5,0.0005917
31,"R_Date","05BDT5‐16",NA,"posterior",1606.5,0.0005156
31,"R_Date","05BDT5‐16",NA,"posterior",1607.5,0.0004886
31,"R_Date","05BDT5‐16",NA,"posterior",1608.5,0.0004312
31,"R_Date","05BDT5‐16",NA,"posterior",1609.5,0.0003906
31,"R_Date","05BDT5‐16",NA,"posterior",1610.5,0.00028437
31,"R_Date","05BDT5‐16",NA,"posterior",1611.5,0.00023542
31,"R_Date","05BDT5‐16",NA,"posterior",1612.5,0.00020208
31,"R_Date","05BDT5‐16",NA,"posterior",1613.5,0.00010625
31,"R_Date","05BDT5‐16",NA,"posterior",1614.5,0.00010938
31,"R_Date","05BDT5‐16",NA,"posterior",1615.5,7.499e-05
31,"R_Date","05BDT5‐16",NA,"posterior",1616.5,5.521e-05
31,"R_Date","05BDT5‐16",NA,"posterior",1617.5,3.647e-05
31,"R_Date","05BDT5‐16",NA,"posterior",1618.5,1.2499e-05
31,"R_Date","05BDT5‐16",NA,"posterior",1619.5,1.4578e-05
31,"R_Date","05BDT5‐16",NA,"posterior",1620.5,1.355e-05
31,"R_Date","05BDT5‐16",NA,"posterior",1621.5,7.289e-06
31,"R_Date","05BDT5‐16",NA,"posterior",1622.5,0
31,"R_Date","05BDT5‐16",NA,"posterior",1623.5,2.0794e-06
31,"R_Date","05BDT5‐16",NA,"posterior",1624.5,1.0509e-06
31,"R_Date","05BDT5‐16",NA,"posterior",1625.5,2.0794e-06
31,"R_Date","05BDT5‐16",NA,"posterior",1626.5,0
31,"R_Date","05BDT5‐16",NA,"posterior",1627.5,0
31,"R_Date","05BDT5‐16",NA,"posterior",1628.5,0
32,"R_Date","07BDT11‐89",NA,"likelihood",1434.5,0
32,"R_Date","07BDT11‐89",NA,"likelihood",1435.5,0
32,"R_Date","07BDT11‐89",NA,"likelihood",1436.5,2.0134e-08
32,"R_Date","07BDT11‐89",NA,"likelihood",1437.5,6.04e-08
32,"R_Date","07BDT11‐89",NA,"likelihood",1438.5,1.4094e-07
32,"R_Date","07BDT11‐89",NA,"likelihood",1439.5,3.221e-07
32,"R_Date","07BDT11‐89",NA,"likelihood",1440.5,5.235e-07
32,"R_Date","07BDT11‐89",NA,"likelihood",1441.5,1.1074e-06
32,"R_Date","07BDT11‐89",NA,"likelihood",1442.5,2.2751e-06
32,"R_Date","07BDT11‐89",NA,"likelihood",1443.5,4.57e-06
32,"R_Date","07BDT11‐89",NA,"likelihood",1444.5,1.1013e-05
32,"R_Date","07BDT11‐89",NA,"likelihood",1445.5,2.5349e-05
32,"R_Date","07BDT11‐89",NA,"likelihood",1446.5,4.582e-05
32,"R_Date","07BDT11‐89",NA,"likelihood",1447.5,9.676e-05
32,"R_Date","07BDT11‐89",NA,"likelihood",1448.5,0.00019455
32,"R_Date","07BDT11‐89",NA,"likelihood",1449.5,0.0003182
32,"R_Date","07BDT11‐89",NA,"likelihood",1450.5,0.0005062
32,"R_Date","07BDT11‐89",NA,"likelihood",1451.5,0.0006794
32,"R_Date","07BDT11‐89",NA,"likelihood",1452.5,0.0009008
32,"R_Date","07BDT11‐89",NA,"likelihood",1453.5,0.0011798
32,"R_Date","07BDT11‐89",NA,"likelihood",1454.5,0.0017283
32,"R_Date","07BDT11‐89",NA,"likelihood",1455.5,0.0027549
32,"R_Date","07BDT11‐89",NA,"likelihood",1456.5,0.004606
32,"R_Date","07BDT11‐89",NA,"likelihood",1457.5,0.007133
32,"R_Date","07BDT11‐89",NA,"likelihood",1458.5,0.010231
32,"R_Date","07BDT11‐89",NA,"likelihood",1459.5,0.01292
32,"R_Date","07BDT11‐89",NA,"likelihood",1460.5,0.015535
32,"R_Date","07BDT11‐89",NA,"likelihood",1461.5,0.016142
32,"R_Date","07BDT11‐89",NA,"likelihood",1462.5,0.016723
32,"R_Date","07BDT11‐89",NA,"likelihood",1463.5,0.016142
32,"R_Date","07BDT11‐89",NA,"likelihood",1464.5,0.015535
32,"R_Date","07BDT11‐89",NA,"likelihood",1465.5,0.014904
32,"R_Date","07BDT11‐89",NA,"likelihood",1466.5,0.014255
32,"R_Date","07BDT11‐89",NA,"likelihood",1467.5,0.014904
32,"R_Date","07BDT11‐89",NA,"likelihood",1468.5,0.015535
32,"R_Date","07BDT11‐89",NA,"likelihood",1469.5,0.016142
32,"R_Date","07BDT11‐89",NA,"likelihood",1470.5,0.016723
32,"R_Date","07BDT11‐89",NA,"likelihood",1471.5,0.016723
32,"R_Date","07BDT11‐89",NA,"likelihood",1472.5,0.017271
32,"R_Date","07BDT11‐89",NA,"likelihood",1473.5,0.018252
32,"R_Date","07BDT11‐89",NA,"likelihood",1474.5,0.019054
32,"R_Date","07BDT11‐89",NA,"likelihood",1475.5,0.019859
32,"R_Date","07BDT11‐89",NA,"likelihood",1476.5,0.020134
32,"R_Date","07BDT11‐89",NA,"likelihood",1477.5,0.019855
32,"R_Date","07BDT11‐89",NA,"likelihood",1478.5,0.01937
32,"R_Date","07BDT11‐89",NA,"likelihood",1479.5,0.018666
32,"R_Date","07BDT11‐89",NA,"likelihood",1480.5,0.017768
32,"R_Date","07BDT11‐89",NA,"likelihood",1481.5,0.017255
32,"R_Date","07BDT11‐89",NA,"likelihood",1482.5,0.017019
32,"R_Date","07BDT11‐89",NA,"likelihood",1483.5,0.01639
32,"R_Date","07BDT11‐89",NA,"likelihood",1484.5,0.01639
32,"R_Date","07BDT11‐89",NA,"likelihood",1485.5,0.01639
32,"R_Date","07BDT11‐89",NA,"likelihood",1486.5,0.01639
32,"R_Date","07BDT11‐89",NA,"likelihood",1487.5,0.01639
32,"R_Date","07BDT11‐89",NA,"likelihood",1488.5,0.015514
32,"R_Date","07BDT11‐89",NA,"likelihood",1489.5,0.014882
32,"R_Date","07BDT11‐89",NA,"likelihood",1490.5,0.014231
32,"R_Date","07BDT11‐89",NA,"likelihood",1491.5,0.013567
32,"R_Date","07BDT11‐89",NA,"likelihood",1492.5,0.012894
32,"R_Date","07BDT11‐89",NA,"likelihood",1493.5,0.01154
32,"R_Date","07BDT11‐89",NA,"likelihood",1494.5,0.010866
32,"R_Date","07BDT11‐89",NA,"likelihood",1495.5,0.009546
32,"R_Date","07BDT11‐89",NA,"likelihood",1496.5,0.008907
32,"R_Date","07BDT11‐89",NA,"likelihood",1497.5,0.008284
32,"R_Date","07BDT11‐89",NA,"likelihood",1498.5,0.008284
32,"R_Date","07BDT11‐89",NA,"likelihood",1499.5,0.007681
32,"R_Date","07BDT11‐89",NA,"likelihood",1500.5,0.007681
32,"R_Date","07BDT11‐89",NA,"likelihood",1501.5,0.007681
32,"R_Date","07BDT11‐89",NA,"likelihood",1502.5,0.0071
32,"R_Date","07BDT11‐89",NA,"likelihood",1503.5,0.006543
32,"R_Date","07BDT11‐89",NA,"likelihood",1504.5,0.006011
32,"R_Date","07BDT11‐89",NA,"likelihood",1505.5,0.005505
32,"R_Date","07BDT11‐89",NA,"likelihood",1506.5,0.005026
32,"R_Date","07BDT11‐89",NA,"likelihood",1507.5,0.004575
32,"R_Date","07BDT11‐89",NA,"likelihood",1508.5,0.004151
32,"R_Date","07BDT11‐89",NA,"likelihood",1509.5,0.003386
32,"R_Date","07BDT11‐89",NA,"likelihood",1510.5,0.0030444
32,"R_Date","07BDT11‐89",NA,"likelihood",1511.5,0.0024378
32,"R_Date","07BDT11‐89",NA,"likelihood",1512.5,0.0019475
32,"R_Date","07BDT11‐89",NA,"likelihood",1513.5,0.0017165
32,"R_Date","07BDT11‐89",NA,"likelihood",1514.5,0.0017165
32,"R_Date","07BDT11‐89",NA,"likelihood",1515.5,0.0019281
32,"R_Date","07BDT11‐89",NA,"likelihood",1516.5,0.0019281
32,"R_Date","07BDT11‐89",NA,"likelihood",1517.5,0.0019281
32,"R_Date","07BDT11‐89",NA,"likelihood",1518.5,0.0017068
32,"R_Date","07BDT11‐89",NA,"likelihood",1519.5,0.0015062
32,"R_Date","07BDT11‐89",NA,"likelihood",1520.5,0.0010161
32,"R_Date","07BDT11‐89",NA,"likelihood",1521.5,0.0007696
32,"R_Date","07BDT11‐89",NA,"likelihood",1522.5,0.0004956
32,"R_Date","07BDT11‐89",NA,"likelihood",1523.5,0.0003104
32,"R_Date","07BDT11‐89",NA,"likelihood",1524.5,0.00018906
32,"R_Date","07BDT11‐89",NA,"likelihood",1525.5,6.878e-05
32,"R_Date","07BDT11‐89",NA,"likelihood",1526.5,3.0845e-05
32,"R_Date","07BDT11‐89",NA,"likelihood",1527.5,1.3127e-05
32,"R_Date","07BDT11‐89",NA,"likelihood",1528.5,5.295e-06
32,"R_Date","07BDT11‐89",NA,"likelihood",1529.5,2.5973e-06
32,"R_Date","07BDT11‐89",NA,"likelihood",1530.5,2.1141e-06
32,"R_Date","07BDT11‐89",NA,"likelihood",1531.5,1.3087e-06
32,"R_Date","07BDT11‐89",NA,"likelihood",1532.5,8.054e-07
32,"R_Date","07BDT11‐89",NA,"likelihood",1533.5,6.242e-07
32,"R_Date","07BDT11‐89",NA,"likelihood",1534.5,6.242e-07
32,"R_Date","07BDT11‐89",NA,"likelihood",1535.5,8.054e-07
32,"R_Date","07BDT11‐89",NA,"likelihood",1536.5,1.0268e-06
32,"R_Date","07BDT11‐89",NA,"likelihood",1537.5,9.463e-07
32,"R_Date","07BDT11‐89",NA,"likelihood",1538.5,2.6979e-06
32,"R_Date","07BDT11‐89",NA,"likelihood",1539.5,4.268e-06
32,"R_Date","07BDT11‐89",NA,"likelihood",1540.5,4.188e-06
32,"R_Date","07BDT11‐89",NA,"likelihood",1541.5,8.376e-06
32,"R_Date","07BDT11‐89",NA,"likelihood",1542.5,6.684e-06
32,"R_Date","07BDT11‐89",NA,"likelihood",1543.5,1.2926e-05
32,"R_Date","07BDT11‐89",NA,"likelihood",1544.5,1.0429e-05
32,"R_Date","07BDT11‐89",NA,"likelihood",1545.5,8.376e-06
32,"R_Date","07BDT11‐89",NA,"likelihood",1546.5,6.725e-06
32,"R_Date","07BDT11‐89",NA,"likelihood",1547.5,5.376e-06
32,"R_Date","07BDT11‐89",NA,"likelihood",1548.5,5.376e-06
32,"R_Date","07BDT11‐89",NA,"likelihood",1549.5,5.376e-06
32,"R_Date","07BDT11‐89",NA,"likelihood",1550.5,8.376e-06
32,"R_Date","07BDT11‐89",NA,"likelihood",1551.5,1.2926e-05
32,"R_Date","07BDT11‐89",NA,"likelihood",1552.5,1.9671e-05
32,"R_Date","07BDT11‐89",NA,"likelihood",1553.5,2.9597e-05
32,"R_Date","07BDT11‐89",NA,"likelihood",1554.5,3.612e-05
32,"R_Date","07BDT11‐89",NA,"likelihood",1555.5,4.395e-05
32,"R_Date","07BDT11‐89",NA,"likelihood",1556.5,5.333e-05
32,"R_Date","07BDT11‐89",NA,"likelihood",1557.5,7.776e-05
32,"R_Date","07BDT11‐89",NA,"likelihood",1558.5,9.346e-05
32,"R_Date","07BDT11‐89",NA,"likelihood",1559.5,0.00013375
32,"R_Date","07BDT11‐89",NA,"likelihood",1560.5,0.00018906
32,"R_Date","07BDT11‐89",NA,"likelihood",1561.5,0.00022371
32,"R_Date","07BDT11‐89",NA,"likelihood",1562.5,0.00026394
32,"R_Date","07BDT11‐89",NA,"likelihood",1563.5,0.00022371
32,"R_Date","07BDT11‐89",NA,"likelihood",1564.5,0.00018906
32,"R_Date","07BDT11‐89",NA,"likelihood",1565.5,0.00013375
32,"R_Date","07BDT11‐89",NA,"likelihood",1566.5,0.00011196
32,"R_Date","07BDT11‐89",NA,"likelihood",1567.5,9.346e-05
32,"R_Date","07BDT11‐89",NA,"likelihood",1568.5,6.878e-05
32,"R_Date","07BDT11‐89",NA,"likelihood",1569.5,9.346e-05
32,"R_Date","07BDT11‐89",NA,"likelihood",1570.5,0.00013375
32,"R_Date","07BDT11‐89",NA,"likelihood",1571.5,0.00015926
32,"R_Date","07BDT11‐89",NA,"likelihood",1572.5,0.00022371
32,"R_Date","07BDT11‐89",NA,"likelihood",1573.5,0.00026394
32,"R_Date","07BDT11‐89",NA,"likelihood",1574.5,0.0003639
32,"R_Date","07BDT11‐89",NA,"likelihood",1575.5,0.0004253
32,"R_Date","07BDT11‐89",NA,"likelihood",1576.5,0.0005757
32,"R_Date","07BDT11‐89",NA,"likelihood",1577.5,0.0006667
32,"R_Date","07BDT11‐89",NA,"likelihood",1578.5,0.0007696
32,"R_Date","07BDT11‐89",NA,"likelihood",1579.5,0.0007696
32,"R_Date","07BDT11‐89",NA,"likelihood",1580.5,0.0008857
32,"R_Date","07BDT11‐89",NA,"likelihood",1581.5,0.0008857
32,"R_Date","07BDT11‐89",NA,"likelihood",1582.5,0.0008857
32,"R_Date","07BDT11‐89",NA,"likelihood",1583.5,0.0008857
32,"R_Date","07BDT11‐89",NA,"likelihood",1584.5,0.0008857
32,"R_Date","07BDT11‐89",NA,"likelihood",1585.5,0.0007696
32,"R_Date","07BDT11‐89",NA,"likelihood",1586.5,0.0007696
32,"R_Date","07BDT11‐89",NA,"likelihood",1587.5,0.0008857
32,"R_Date","07BDT11‐89",NA,"likelihood",1588.5,0.0010161
32,"R_Date","07BDT11‐89",NA,"likelihood",1589.5,0.0013251
32,"R_Date","07BDT11‐89",NA,"likelihood",1590.5,0.0017068
32,"R_Date","07BDT11‐89",NA,"likelihood",1591.5,0.0024378
32,"R_Date","07BDT11‐89",NA,"likelihood",1592.5,0.0030444
32,"R_Date","07BDT11‐89",NA,"likelihood",1593.5,0.003755
32,"R_Date","07BDT11‐89",NA,"likelihood",1594.5,0.004575
32,"R_Date","07BDT11‐89",NA,"likelihood",1595.5,0.005505
32,"R_Date","07BDT11‐89",NA,"likelihood",1596.5,0.005505
32,"R_Date","07BDT11‐89",NA,"likelihood",1597.5,0.006011
32,"R_Date","07BDT11‐89",NA,"likelihood",1598.5,0.006543
32,"R_Date","07BDT11‐89",NA,"likelihood",1599.5,0.0071
32,"R_Date","07BDT11‐89",NA,"likelihood",1600.5,0.007681
32,"R_Date","07BDT11‐89",NA,"likelihood",1601.5,0.008907
32,"R_Date","07BDT11‐89",NA,"likelihood",1602.5,0.010866
32,"R_Date","07BDT11‐89",NA,"likelihood",1603.5,0.012894
32,"R_Date","07BDT11‐89",NA,"likelihood",1604.5,0.014231
32,"R_Date","07BDT11‐89",NA,"likelihood",1605.5,0.014882
32,"R_Date","07BDT11‐89",NA,"likelihood",1606.5,0.014882
32,"R_Date","07BDT11‐89",NA,"likelihood",1607.5,0.013567
32,"R_Date","07BDT11‐89",NA,"likelihood",1608.5,0.012217
32,"R_Date","07BDT11‐89",NA,"likelihood",1609.5,0.010866
32,"R_Date","07BDT11‐89",NA,"likelihood",1610.5,0.009546
32,"R_Date","07BDT11‐89",NA,"likelihood",1611.5,0.008907
32,"R_Date","07BDT11‐89",NA,"likelihood",1612.5,0.008907
32,"R_Date","07BDT11‐89",NA,"likelihood",1613.5,0.008907
32,"R_Date","07BDT11‐89",NA,"likelihood",1614.5,0.008907
32,"R_Date","07BDT11‐89",NA,"likelihood",1615.5,0.008284
32,"R_Date","07BDT11‐89",NA,"likelihood",1616.5,0.007681
32,"R_Date","07BDT11‐89",NA,"likelihood",1617.5,0.006011
32,"R_Date","07BDT11‐89",NA,"likelihood",1618.5,0.004151
32,"R_Date","07BDT11‐89",NA,"likelihood",1619.5,0.0030444
32,"R_Date","07BDT11‐89",NA,"likelihood",1620.5,0.0019281
32,"R_Date","07BDT11‐89",NA,"likelihood",1621.5,0.0011622
32,"R_Date","07BDT11‐89",NA,"likelihood",1622.5,0.0006667
32,"R_Date","07BDT11‐89",NA,"likelihood",1623.5,0.0004956
32,"R_Date","07BDT11‐89",NA,"likelihood",1624.5,0.0004253
32,"R_Date","07BDT11‐89",NA,"likelihood",1625.5,0.0003639
32,"R_Date","07BDT11‐89",NA,"likelihood",1626.5,0.0003639
32,"R_Date","07BDT11‐89",NA,"likelihood",1627.5,0.0004253
32,"R_Date","07BDT11‐89",NA,"likelihood",1628.5,0.0004253
32,"R_Date","07BDT11‐89",NA,"likelihood",1629.5,0.0003104
32,"R_Date","07BDT11‐89",NA,"likelihood",1630.5,0.00022371
32,"R_Date","07BDT11‐89",NA,"likelihood",1631.5,0.00015926
32,"R_Date","07BDT11‐89",NA,"likelihood",1632.5,7.776e-05
32,"R_Date","07BDT11‐89",NA,"likelihood",1633.5,2.9597e-05
32,"R_Date","07BDT11‐89",NA,"likelihood",1634.5,1.2926e-05
32,"R_Date","07BDT11‐89",NA,"likelihood",1635.5,4.268e-06
32,"R_Date","07BDT11‐89",NA,"likelihood",1636.5,1.6711e-06
32,"R_Date","07BDT11‐89",NA,"likelihood",1637.5,6.242e-07
32,"R_Date","07BDT11‐89",NA,"likelihood",1638.5,2.8187e-07
32,"R_Date","07BDT11‐89",NA,"likelihood",1639.5,1.0067e-07
32,"R_Date","07BDT11‐89",NA,"likelihood",1640.5,4.027e-08
32,"R_Date","07BDT11‐89",NA,"likelihood",1641.5,0
32,"R_Date","07BDT11‐89",NA,"likelihood",1642.5,0
32,"R_Date","07BDT11‐89",NA,"likelihood",1643.5,0
32,"R_Date","07BDT11‐89",NA,"posterior",1454.5,0
32,"R_Date","07BDT11‐89",NA,"posterior",1455.5,1.0395e-06
32,"R_Date","07BDT11‐89",NA,"posterior",1456.5,5.197e-06
32,"R_Date","07BDT11‐89",NA,"posterior",1457.5,1.5626e-05
32,"R_Date","07BDT11‐89",NA,"posterior",1458.5,2.9173e-05
32,"R_Date","07BDT11‐89",NA,"posterior",1459.5,4.792e-05
32,"R_Date","07BDT11‐89",NA,"posterior",1460.5,0.00011146
32,"R_Date","07BDT11‐89",NA,"posterior",1461.5,0.00020102
32,"R_Date","07BDT11‐89",NA,"posterior",1462.5,0.00024582
32,"R_Date","07BDT11‐89",NA,"posterior",1463.5,0.0004385
32,"R_Date","07BDT11‐89",NA,"posterior",1464.5,0.0006323
32,"R_Date","07BDT11‐89",NA,"posterior",1465.5,0.0008865
32,"R_Date","07BDT11‐89",NA,"posterior",1466.5,0.0011833
32,"R_Date","07BDT11‐89",NA,"posterior",1467.5,0.0018333
32,"R_Date","07BDT11‐89",NA,"posterior",1468.5,0.0026896
32,"R_Date","07BDT11‐89",NA,"posterior",1469.5,0.00378
32,"R_Date","07BDT11‐89",NA,"posterior",1470.5,0.004628
32,"R_Date","07BDT11‐89",NA,"posterior",1471.5,0.006272
32,"R_Date","07BDT11‐89",NA,"posterior",1472.5,0.008244
32,"R_Date","07BDT11‐89",NA,"posterior",1473.5,0.010842
32,"R_Date","07BDT11‐89",NA,"posterior",1474.5,0.013855
32,"R_Date","07BDT11‐89",NA,"posterior",1475.5,0.016221
32,"R_Date","07BDT11‐89",NA,"posterior",1476.5,0.019719
32,"R_Date","07BDT11‐89",NA,"posterior",1477.5,0.02095
32,"R_Date","07BDT11‐89",NA,"posterior",1478.5,0.023036
32,"R_Date","07BDT11‐89",NA,"posterior",1479.5,0.023834
32,"R_Date","07BDT11‐89",NA,"posterior",1480.5,0.025463
32,"R_Date","07BDT11‐89",NA,"posterior",1481.5,0.026348
32,"R_Date","07BDT11‐89",NA,"posterior",1482.5,0.027532
32,"R_Date","07BDT11‐89",NA,"posterior",1483.5,0.02801
32,"R_Date","07BDT11‐89",NA,"posterior",1484.5,0.0295
32,"R_Date","07BDT11‐89",NA,"posterior",1485.5,0.03122
32,"R_Date","07BDT11‐89",NA,"posterior",1486.5,0.03239
32,"R_Date","07BDT11‐89",NA,"posterior",1487.5,0.03255
32,"R_Date","07BDT11‐89",NA,"posterior",1488.5,0.03353
32,"R_Date","07BDT11‐89",NA,"posterior",1489.5,0.0331
32,"R_Date","07BDT11‐89",NA,"posterior",1490.5,0.03218
32,"R_Date","07BDT11‐89",NA,"posterior",1491.5,0.031516
32,"R_Date","07BDT11‐89",NA,"posterior",1492.5,0.030789
32,"R_Date","07BDT11‐89",NA,"posterior",1493.5,0.029142
32,"R_Date","07BDT11‐89",NA,"posterior",1494.5,0.026896
32,"R_Date","07BDT11‐89",NA,"posterior",1495.5,0.024865
32,"R_Date","07BDT11‐89",NA,"posterior",1496.5,0.023076
32,"R_Date","07BDT11‐89",NA,"posterior",1497.5,0.021664
32,"R_Date","07BDT11‐89",NA,"posterior",1498.5,0.022149
32,"R_Date","07BDT11‐89",NA,"posterior",1499.5,0.020547
32,"R_Date","07BDT11‐89",NA,"posterior",1500.5,0.020563
32,"R_Date","07BDT11‐89",NA,"posterior",1501.5,0.020502
32,"R_Date","07BDT11‐89",NA,"posterior",1502.5,0.019347
32,"R_Date","07BDT11‐89",NA,"posterior",1503.5,0.017713
32,"R_Date","07BDT11‐89",NA,"posterior",1504.5,0.016497
32,"R_Date","07BDT11‐89",NA,"posterior",1505.5,0.015196
32,"R_Date","07BDT11‐89",NA,"posterior",1506.5,0.013695
32,"R_Date","07BDT11‐89",NA,"posterior",1507.5,0.012314
32,"R_Date","07BDT11‐89",NA,"posterior",1508.5,0.011563
32,"R_Date","07BDT11‐89",NA,"posterior",1509.5,0.009521
32,"R_Date","07BDT11‐89",NA,"posterior",1510.5,0.008224
32,"R_Date","07BDT11‐89",NA,"posterior",1511.5,0.006858
32,"R_Date","07BDT11‐89",NA,"posterior",1512.5,0.005425
32,"R_Date","07BDT11‐89",NA,"posterior",1513.5,0.004733
32,"R_Date","07BDT11‐89",NA,"posterior",1514.5,0.004608
32,"R_Date","07BDT11‐89",NA,"posterior",1515.5,0.00517
32,"R_Date","07BDT11‐89",NA,"posterior",1516.5,0.005177
32,"R_Date","07BDT11‐89",NA,"posterior",1517.5,0.00515
32,"R_Date","07BDT11‐89",NA,"posterior",1518.5,0.004778
32,"R_Date","07BDT11‐89",NA,"posterior",1519.5,0.003927
32,"R_Date","07BDT11‐89",NA,"posterior",1520.5,0.0028396
32,"R_Date","07BDT11‐89",NA,"posterior",1521.5,0.0020354
32,"R_Date","07BDT11‐89",NA,"posterior",1522.5,0.0014104
32,"R_Date","07BDT11‐89",NA,"posterior",1523.5,0.0007708
32,"R_Date","07BDT11‐89",NA,"posterior",1524.5,0.0004865
32,"R_Date","07BDT11‐89",NA,"posterior",1525.5,0.00020937
32,"R_Date","07BDT11‐89",NA,"posterior",1526.5,7.917e-05
32,"R_Date","07BDT11‐89",NA,"posterior",1527.5,4.688e-05
32,"R_Date","07BDT11‐89",NA,"posterior",1528.5,1.0428e-05
32,"R_Date","07BDT11‐89",NA,"posterior",1529.5,5.197e-06
32,"R_Date","07BDT11‐89",NA,"posterior",1530.5,9.389e-06
32,"R_Date","07BDT11‐89",NA,"posterior",1531.5,2.079e-06
32,"R_Date","07BDT11‐89",NA,"posterior",1532.5,1.0395e-06
32,"R_Date","07BDT11‐89",NA,"posterior",1533.5,1.0395e-06
32,"R_Date","07BDT11‐89",NA,"posterior",1534.5,0
32,"R_Date","07BDT11‐89",NA,"posterior",1535.5,3.1185e-06
32,"R_Date","07BDT11‐89",NA,"posterior",1536.5,1.0395e-06
32,"R_Date","07BDT11‐89",NA,"posterior",1537.5,1.0395e-06
32,"R_Date","07BDT11‐89",NA,"posterior",1538.5,8.349e-06
32,"R_Date","07BDT11‐89",NA,"posterior",1539.5,1.0428e-05
32,"R_Date","07BDT11‐89",NA,"posterior",1540.5,5.197e-06
32,"R_Date","07BDT11‐89",NA,"posterior",1541.5,1.3547e-05
32,"R_Date","07BDT11‐89",NA,"posterior",1542.5,2.3942e-05
32,"R_Date","07BDT11‐89",NA,"posterior",1543.5,3.229e-05
32,"R_Date","07BDT11‐89",NA,"posterior",1544.5,2.1863e-05
32,"R_Date","07BDT11‐89",NA,"posterior",1545.5,1.7705e-05
32,"R_Date","07BDT11‐89",NA,"posterior",1546.5,1.6665e-05
32,"R_Date","07BDT11‐89",NA,"posterior",1547.5,1.3547e-05
32,"R_Date","07BDT11‐89",NA,"posterior",1548.5,4.158e-06
32,"R_Date","07BDT11‐89",NA,"posterior",1549.5,1.6665e-05
32,"R_Date","07BDT11‐89",NA,"posterior",1550.5,1.8744e-05
32,"R_Date","07BDT11‐89",NA,"posterior",1551.5,2.1863e-05
32,"R_Date","07BDT11‐89",NA,"posterior",1552.5,4.688e-05
32,"R_Date","07BDT11‐89",NA,"posterior",1553.5,4.064e-05
32,"R_Date","07BDT11‐89",NA,"posterior",1554.5,9.168e-05
32,"R_Date","07BDT11‐89",NA,"posterior",1555.5,0.00011874
32,"R_Date","07BDT11‐89",NA,"posterior",1556.5,9.687e-05
32,"R_Date","07BDT11‐89",NA,"posterior",1557.5,0.00013228
32,"R_Date","07BDT11‐89",NA,"posterior",1558.5,0.00020626
32,"R_Date","07BDT11‐89",NA,"posterior",1559.5,0.00027604
32,"R_Date","07BDT11‐89",NA,"posterior",1560.5,0.0003281
32,"R_Date","07BDT11‐89",NA,"posterior",1561.5,0.0004042
32,"R_Date","07BDT11‐89",NA,"posterior",1562.5,0.0004729
32,"R_Date","07BDT11‐89",NA,"posterior",1563.5,0.0004292
32,"R_Date","07BDT11‐89",NA,"posterior",1564.5,0.0003208
32,"R_Date","07BDT11‐89",NA,"posterior",1565.5,0.0002198
32,"R_Date","07BDT11‐89",NA,"posterior",1566.5,0.00024478
32,"R_Date","07BDT11‐89",NA,"posterior",1567.5,0.00016146
32,"R_Date","07BDT11‐89",NA,"posterior",1568.5,0.00011874
32,"R_Date","07BDT11‐89",NA,"posterior",1569.5,0.00016458
32,"R_Date","07BDT11‐89",NA,"posterior",1570.5,0.00020102
32,"R_Date","07BDT11‐89",NA,"posterior",1571.5,0.00023543
32,"R_Date","07BDT11‐89",NA,"posterior",1572.5,0.0002927
32,"R_Date","07BDT11‐89",NA,"posterior",1573.5,0.0003479
32,"R_Date","07BDT11‐89",NA,"posterior",1574.5,0.0005125
32,"R_Date","07BDT11‐89",NA,"posterior",1575.5,0.0005552
32,"R_Date","07BDT11‐89",NA,"posterior",1576.5,0.0008083
32,"R_Date","07BDT11‐89",NA,"posterior",1577.5,0.0008271
32,"R_Date","07BDT11‐89",NA,"posterior",1578.5,0.0009021
32,"R_Date","07BDT11‐89",NA,"posterior",1579.5,0.0009844
32,"R_Date","07BDT11‐89",NA,"posterior",1580.5,0.0010375
32,"R_Date","07BDT11‐89",NA,"posterior",1581.5,0.0009802
32,"R_Date","07BDT11‐89",NA,"posterior",1582.5,0.0010323
32,"R_Date","07BDT11‐89",NA,"posterior",1583.5,0.0009562
32,"R_Date","07BDT11‐89",NA,"posterior",1584.5,0.0007885
32,"R_Date","07BDT11‐89",NA,"posterior",1585.5,0.0006833
32,"R_Date","07BDT11‐89",NA,"posterior",1586.5,0.0007063
32,"R_Date","07BDT11‐89",NA,"posterior",1587.5,0.0007365
32,"R_Date","07BDT11‐89",NA,"posterior",1588.5,0.0008062
32,"R_Date","07BDT11‐89",NA,"posterior",1589.5,0.0010292
32,"R_Date","07BDT11‐89",NA,"posterior",1590.5,0.0013354
32,"R_Date","07BDT11‐89",NA,"posterior",1591.5,0.0015458
32,"R_Date","07BDT11‐89",NA,"posterior",1592.5,0.0018739
32,"R_Date","07BDT11‐89",NA,"posterior",1593.5,0.0019729
32,"R_Date","07BDT11‐89",NA,"posterior",1594.5,0.0022083
32,"R_Date","07BDT11‐89",NA,"posterior",1595.5,0.0024531
32,"R_Date","07BDT11‐89",NA,"posterior",1596.5,0.0025177
32,"R_Date","07BDT11‐89",NA,"posterior",1597.5,0.0022823
32,"R_Date","07BDT11‐89",NA,"posterior",1598.5,0.0023646
32,"R_Date","07BDT11‐89",NA,"posterior",1599.5,0.0022448
32,"R_Date","07BDT11‐89",NA,"posterior",1600.5,0.0023927
32,"R_Date","07BDT11‐89",NA,"posterior",1601.5,0.0022
32,"R_Date","07BDT11‐89",NA,"posterior",1602.5,0.002251
32,"R_Date","07BDT11‐89",NA,"posterior",1603.5,0.0022594
32,"R_Date","07BDT11‐89",NA,"posterior",1604.5,0.0024271
32,"R_Date","07BDT11‐89",NA,"posterior",1605.5,0.0021417
32,"R_Date","07BDT11‐89",NA,"posterior",1606.5,0.0015
32,"R_Date","07BDT11‐89",NA,"posterior",1607.5,0.0011469
32,"R_Date","07BDT11‐89",NA,"posterior",1608.5,0.0010219
32,"R_Date","07BDT11‐89",NA,"posterior",1609.5,0.0006865
32,"R_Date","07BDT11‐89",NA,"posterior",1610.5,0.0003739
32,"R_Date","07BDT11‐89",NA,"posterior",1611.5,0.0003625
32,"R_Date","07BDT11‐89",NA,"posterior",1612.5,0.00029478
32,"R_Date","07BDT11‐89",NA,"posterior",1613.5,0.00022708
32,"R_Date","07BDT11‐89",NA,"posterior",1614.5,0.0001354
32,"R_Date","07BDT11‐89",NA,"posterior",1615.5,9.895e-05
32,"R_Date","07BDT11‐89",NA,"posterior",1616.5,4.376e-05
32,"R_Date","07BDT11‐89",NA,"posterior",1617.5,3.541e-05
32,"R_Date","07BDT11‐89",NA,"posterior",1618.5,1.1468e-05
32,"R_Date","07BDT11‐89",NA,"posterior",1619.5,1.0428e-05
32,"R_Date","07BDT11‐89",NA,"posterior",1620.5,7.276e-06
32,"R_Date","07BDT11‐89",NA,"posterior",1621.5,4.158e-06
33,"R_Date","07BDT11‐90",NA,"likelihood",1323.5,0
33,"R_Date","07BDT11‐90",NA,"likelihood",1324.5,0
33,"R_Date","07BDT11‐90",NA,"likelihood",1325.5,1.3229e-08
33,"R_Date","07BDT11‐90",NA,"likelihood",1326.5,1.3229e-08
33,"R_Date","07BDT11‐90",NA,"likelihood",1327.5,2.6457e-08
33,"R_Date","07BDT11‐90",NA,"likelihood",1328.5,5.291e-08
33,"R_Date","07BDT11‐90",NA,"likelihood",1329.5,6.614e-08
33,"R_Date","07BDT11‐90",NA,"likelihood",1330.5,7.937e-08
33,"R_Date","07BDT11‐90",NA,"likelihood",1331.5,7.937e-08
33,"R_Date","07BDT11‐90",NA,"likelihood",1332.5,7.937e-08
33,"R_Date","07BDT11‐90",NA,"likelihood",1333.5,6.614e-08
33,"R_Date","07BDT11‐90",NA,"likelihood",1334.5,6.614e-08
33,"R_Date","07BDT11‐90",NA,"likelihood",1335.5,5.291e-08
33,"R_Date","07BDT11‐90",NA,"likelihood",1336.5,3.969e-08
33,"R_Date","07BDT11‐90",NA,"likelihood",1337.5,3.969e-08
33,"R_Date","07BDT11‐90",NA,"likelihood",1338.5,2.6457e-08
33,"R_Date","07BDT11‐90",NA,"likelihood",1339.5,2.6457e-08
33,"R_Date","07BDT11‐90",NA,"likelihood",1340.5,2.6457e-08
33,"R_Date","07BDT11‐90",NA,"likelihood",1341.5,2.6457e-08
33,"R_Date","07BDT11‐90",NA,"likelihood",1342.5,2.6457e-08
33,"R_Date","07BDT11‐90",NA,"likelihood",1343.5,2.6457e-08
33,"R_Date","07BDT11‐90",NA,"likelihood",1344.5,2.6457e-08
33,"R_Date","07BDT11‐90",NA,"likelihood",1345.5,2.6457e-08
33,"R_Date","07BDT11‐90",NA,"likelihood",1346.5,2.6457e-08
33,"R_Date","07BDT11‐90",NA,"likelihood",1347.5,2.6457e-08
33,"R_Date","07BDT11‐90",NA,"likelihood",1348.5,2.6457e-08
33,"R_Date","07BDT11‐90",NA,"likelihood",1349.5,2.6457e-08
33,"R_Date","07BDT11‐90",NA,"likelihood",1350.5,2.6457e-08
33,"R_Date","07BDT11‐90",NA,"likelihood",1351.5,1.3229e-08
33,"R_Date","07BDT11‐90",NA,"likelihood",1352.5,1.3229e-08
33,"R_Date","07BDT11‐90",NA,"likelihood",1353.5,1.3229e-08
33,"R_Date","07BDT11‐90",NA,"likelihood",1354.5,0
33,"R_Date","07BDT11‐90",NA,"likelihood",1355.5,0
33,"R_Date","07BDT11‐90",NA,"likelihood",1356.5,0
33,"R_Date","07BDT11‐90",NA,"likelihood",1357.5,0
33,"R_Date","07BDT11‐90",NA,"likelihood",1358.5,0
33,"R_Date","07BDT11‐90",NA,"likelihood",1359.5,0
33,"R_Date","07BDT11‐90",NA,"likelihood",1360.5,0
33,"R_Date","07BDT11‐90",NA,"likelihood",1361.5,0
33,"R_Date","07BDT11‐90",NA,"likelihood",1362.5,0
33,"R_Date","07BDT11‐90",NA,"likelihood",1363.5,0
33,"R_Date","07BDT11‐90",NA,"likelihood",1364.5,0
33,"R_Date","07BDT11‐90",NA,"likelihood",1365.5,0
33,"R_Date","07BDT11‐90",NA,"likelihood",1366.5,0
33,"R_Date","07BDT11‐90",NA,"likelihood",1367.5,0
33,"R_Date","07BDT11‐90",NA,"likelihood",1368.5,0
33,"R_Date","07BDT11‐90",NA,"likelihood",1369.5,0
33,"R_Date","07BDT11‐90",NA,"likelihood",1370.5,0
33,"R_Date","07BDT11‐90",NA,"likelihood",1371.5,0
33,"R_Date","07BDT11‐90",NA,"likelihood",1372.5,0
33,"R_Date","07BDT11‐90",NA,"likelihood",1373.5,0
33,"R_Date","07BDT11‐90",NA,"likelihood",1374.5,0
33,"R_Date","07BDT11‐90",NA,"likelihood",1375.5,0
33,"R_Date","07BDT11‐90",NA,"likelihood",1376.5,0
33,"R_Date","07BDT11‐90",NA,"likelihood",1377.5,0
33,"R_Date","07BDT11‐90",NA,"likelihood",1378.5,0
33,"R_Date","07BDT11‐90",NA,"likelihood",1379.5,0
33,"R_Date","07BDT11‐90",NA,"likelihood",1380.5,0
33,"R_Date","07BDT11‐90",NA,"likelihood",1381.5,0
33,"R_Date","07BDT11‐90",NA,"likelihood",1382.5,0
33,"R_Date","07BDT11‐90",NA,"likelihood",1383.5,0
33,"R_Date","07BDT11‐90",NA,"likelihood",1384.5,0
33,"R_Date","07BDT11‐90",NA,"likelihood",1385.5,0
33,"R_Date","07BDT11‐90",NA,"likelihood",1386.5,0
33,"R_Date","07BDT11‐90",NA,"likelihood",1387.5,0
33,"R_Date","07BDT11‐90",NA,"likelihood",1388.5,0
33,"R_Date","07BDT11‐90",NA,"likelihood",1389.5,0
33,"R_Date","07BDT11‐90",NA,"likelihood",1390.5,0
33,"R_Date","07BDT11‐90",NA,"likelihood",1391.5,0
33,"R_Date","07BDT11‐90",NA,"likelihood",1392.5,0
33,"R_Date","07BDT11‐90",NA,"likelihood",1393.5,0
33,"R_Date","07BDT11‐90",NA,"likelihood",1394.5,1.3229e-08
33,"R_Date","07BDT11‐90",NA,"likelihood",1395.5,2.6457e-08
33,"R_Date","07BDT11‐90",NA,"likelihood",1396.5,5.291e-08
33,"R_Date","07BDT11‐90",NA,"likelihood",1397.5,1.0583e-07
33,"R_Date","07BDT11‐90",NA,"likelihood",1398.5,1.7197e-07
33,"R_Date","07BDT11‐90",NA,"likelihood",1399.5,2.9103e-07
33,"R_Date","07BDT11‐90",NA,"likelihood",1400.5,3.836e-07
33,"R_Date","07BDT11‐90",NA,"likelihood",1401.5,4.895e-07
33,"R_Date","07BDT11‐90",NA,"likelihood",1402.5,6.217e-07
33,"R_Date","07BDT11‐90",NA,"likelihood",1403.5,8.863e-07
33,"R_Date","07BDT11‐90",NA,"likelihood",1404.5,1.2567e-06
33,"R_Date","07BDT11‐90",NA,"likelihood",1405.5,1.7726e-06
33,"R_Date","07BDT11‐90",NA,"likelihood",1406.5,2.7913e-06
33,"R_Date","07BDT11‐90",NA,"likelihood",1407.5,4.815e-06
33,"R_Date","07BDT11‐90",NA,"likelihood",1408.5,7.355e-06
33,"R_Date","07BDT11‐90",NA,"likelihood",1409.5,1.1125e-05
33,"R_Date","07BDT11‐90",NA,"likelihood",1410.5,1.6628e-05
33,"R_Date","07BDT11‐90",NA,"likelihood",1411.5,2.2304e-05
33,"R_Date","07BDT11‐90",NA,"likelihood",1412.5,2.7039e-05
33,"R_Date","07BDT11‐90",NA,"likelihood",1413.5,3.267e-05
33,"R_Date","07BDT11‐90",NA,"likelihood",1414.5,3.588e-05
33,"R_Date","07BDT11‐90",NA,"likelihood",1415.5,3.588e-05
33,"R_Date","07BDT11‐90",NA,"likelihood",1416.5,3.588e-05
33,"R_Date","07BDT11‐90",NA,"likelihood",1417.5,3.588e-05
33,"R_Date","07BDT11‐90",NA,"likelihood",1418.5,3.937e-05
33,"R_Date","07BDT11‐90",NA,"likelihood",1419.5,4.317e-05
33,"R_Date","07BDT11‐90",NA,"likelihood",1420.5,5.178e-05
33,"R_Date","07BDT11‐90",NA,"likelihood",1421.5,7.388e-05
33,"R_Date","07BDT11‐90",NA,"likelihood",1422.5,0.00010419
33,"R_Date","07BDT11‐90",NA,"likelihood",1423.5,0.00015751
33,"R_Date","07BDT11‐90",NA,"likelihood",1424.5,0.00023384
33,"R_Date","07BDT11‐90",NA,"likelihood",1425.5,0.0003166
33,"R_Date","07BDT11‐90",NA,"likelihood",1426.5,0.0004236
33,"R_Date","07BDT11‐90",NA,"likelihood",1427.5,0.000523
33,"R_Date","07BDT11‐90",NA,"likelihood",1428.5,0.0005997
33,"R_Date","07BDT11‐90",NA,"likelihood",1429.5,0.0006414
33,"R_Date","07BDT11‐90",NA,"likelihood",1430.5,0.0006856
33,"R_Date","07BDT11‐90",NA,"likelihood",1431.5,0.0007323
33,"R_Date","07BDT11‐90",NA,"likelihood",1432.5,0.0008335
33,"R_Date","07BDT11‐90",NA,"likelihood",1433.5,0.000946
33,"R_Date","07BDT11‐90",NA,"likelihood",1434.5,0.0010704
33,"R_Date","07BDT11‐90",NA,"likelihood",1435.5,0.0013587
33,"R_Date","07BDT11‐90",NA,"likelihood",1436.5,0.0016122
33,"R_Date","07BDT11‐90",NA,"likelihood",1437.5,0.0020045
33,"R_Date","07BDT11‐90",NA,"likelihood",1438.5,0.002342
33,"R_Date","07BDT11‐90",NA,"likelihood",1439.5,0.0027181
33,"R_Date","07BDT11‐90",NA,"likelihood",1440.5,0.0029908
33,"R_Date","07BDT11‐90",NA,"likelihood",1441.5,0.003433
33,"R_Date","07BDT11‐90",NA,"likelihood",1442.5,0.003914
33,"R_Date","07BDT11‐90",NA,"likelihood",1443.5,0.004433
33,"R_Date","07BDT11‐90",NA,"likelihood",1444.5,0.00518
33,"R_Date","07BDT11‐90",NA,"likelihood",1445.5,0.005981
33,"R_Date","07BDT11‐90",NA,"likelihood",1446.5,0.00661
33,"R_Date","07BDT11‐90",NA,"likelihood",1447.5,0.007475
33,"R_Date","07BDT11‐90",NA,"likelihood",1448.5,0.008352
33,"R_Date","07BDT11‐90",NA,"likelihood",1449.5,0.009006
33,"R_Date","07BDT11‐90",NA,"likelihood",1450.5,0.009647
33,"R_Date","07BDT11‐90",NA,"likelihood",1451.5,0.010061
33,"R_Date","07BDT11‐90",NA,"likelihood",1452.5,0.010462
33,"R_Date","07BDT11‐90",NA,"likelihood",1453.5,0.010846
33,"R_Date","07BDT11‐90",NA,"likelihood",1454.5,0.011385
33,"R_Date","07BDT11‐90",NA,"likelihood",1455.5,0.012019
33,"R_Date","07BDT11‐90",NA,"likelihood",1456.5,0.012645
33,"R_Date","07BDT11‐90",NA,"likelihood",1457.5,0.013056
33,"R_Date","07BDT11‐90",NA,"likelihood",1458.5,0.013229
33,"R_Date","07BDT11‐90",NA,"likelihood",1459.5,0.013188
33,"R_Date","07BDT11‐90",NA,"likelihood",1460.5,0.01299
33,"R_Date","07BDT11‐90",NA,"likelihood",1461.5,0.012917
33,"R_Date","07BDT11‐90",NA,"likelihood",1462.5,0.012834
33,"R_Date","07BDT11‐90",NA,"likelihood",1463.5,0.012917
33,"R_Date","07BDT11‐90",NA,"likelihood",1464.5,0.01299
33,"R_Date","07BDT11‐90",NA,"likelihood",1465.5,0.013054
33,"R_Date","07BDT11‐90",NA,"likelihood",1466.5,0.013109
33,"R_Date","07BDT11‐90",NA,"likelihood",1467.5,0.013054
33,"R_Date","07BDT11‐90",NA,"likelihood",1468.5,0.01299
33,"R_Date","07BDT11‐90",NA,"likelihood",1469.5,0.012917
33,"R_Date","07BDT11‐90",NA,"likelihood",1470.5,0.012834
33,"R_Date","07BDT11‐90",NA,"likelihood",1471.5,0.012834
33,"R_Date","07BDT11‐90",NA,"likelihood",1472.5,0.012742
33,"R_Date","07BDT11‐90",NA,"likelihood",1473.5,0.012531
33,"R_Date","07BDT11‐90",NA,"likelihood",1474.5,0.012287
33,"R_Date","07BDT11‐90",NA,"likelihood",1475.5,0.011862
33,"R_Date","07BDT11‐90",NA,"likelihood",1476.5,0.011374
33,"R_Date","07BDT11‐90",NA,"likelihood",1477.5,0.010831
33,"R_Date","07BDT11‐90",NA,"likelihood",1478.5,0.010444
33,"R_Date","07BDT11‐90",NA,"likelihood",1479.5,0.01004
33,"R_Date","07BDT11‐90",NA,"likelihood",1480.5,0.009623
33,"R_Date","07BDT11‐90",NA,"likelihood",1481.5,0.00941
33,"R_Date","07BDT11‐90",NA,"likelihood",1482.5,0.009213
33,"R_Date","07BDT11‐90",NA,"likelihood",1483.5,0.008992
33,"R_Date","07BDT11‐90",NA,"likelihood",1484.5,0.008992
33,"R_Date","07BDT11‐90",NA,"likelihood",1485.5,0.008992
33,"R_Date","07BDT11‐90",NA,"likelihood",1486.5,0.008992
33,"R_Date","07BDT11‐90",NA,"likelihood",1487.5,0.008992
33,"R_Date","07BDT11‐90",NA,"likelihood",1488.5,0.008759
33,"R_Date","07BDT11‐90",NA,"likelihood",1489.5,0.008539
33,"R_Date","07BDT11‐90",NA,"likelihood",1490.5,0.008318
33,"R_Date","07BDT11‐90",NA,"likelihood",1491.5,0.008097
33,"R_Date","07BDT11‐90",NA,"likelihood",1492.5,0.007876
33,"R_Date","07BDT11‐90",NA,"likelihood",1493.5,0.007434
33,"R_Date","07BDT11‐90",NA,"likelihood",1494.5,0.007214
33,"R_Date","07BDT11‐90",NA,"likelihood",1495.5,0.006778
33,"R_Date","07BDT11‐90",NA,"likelihood",1496.5,0.006563
33,"R_Date","07BDT11‐90",NA,"likelihood",1497.5,0.006349
33,"R_Date","07BDT11‐90",NA,"likelihood",1498.5,0.006349
33,"R_Date","07BDT11‐90",NA,"likelihood",1499.5,0.006138
33,"R_Date","07BDT11‐90",NA,"likelihood",1500.5,0.006138
33,"R_Date","07BDT11‐90",NA,"likelihood",1501.5,0.006138
33,"R_Date","07BDT11‐90",NA,"likelihood",1502.5,0.00593
33,"R_Date","07BDT11‐90",NA,"likelihood",1503.5,0.005723
33,"R_Date","07BDT11‐90",NA,"likelihood",1504.5,0.00552
33,"R_Date","07BDT11‐90",NA,"likelihood",1505.5,0.00532
33,"R_Date","07BDT11‐90",NA,"likelihood",1506.5,0.005124
33,"R_Date","07BDT11‐90",NA,"likelihood",1507.5,0.004931
33,"R_Date","07BDT11‐90",NA,"likelihood",1508.5,0.004741
33,"R_Date","07BDT11‐90",NA,"likelihood",1509.5,0.004374
33,"R_Date","07BDT11‐90",NA,"likelihood",1510.5,0.004196
33,"R_Date","07BDT11‐90",NA,"likelihood",1511.5,0.003853
33,"R_Date","07BDT11‐90",NA,"likelihood",1512.5,0.003645
33,"R_Date","07BDT11‐90",NA,"likelihood",1513.5,0.003484
33,"R_Date","07BDT11‐90",NA,"likelihood",1514.5,0.003484
33,"R_Date","07BDT11‐90",NA,"likelihood",1515.5,0.003527
33,"R_Date","07BDT11‐90",NA,"likelihood",1516.5,0.003527
33,"R_Date","07BDT11‐90",NA,"likelihood",1517.5,0.003527
33,"R_Date","07BDT11‐90",NA,"likelihood",1518.5,0.003371
33,"R_Date","07BDT11‐90",NA,"likelihood",1519.5,0.003219
33,"R_Date","07BDT11‐90",NA,"likelihood",1520.5,0.0027899
33,"R_Date","07BDT11‐90",NA,"likelihood",1521.5,0.0025266
33,"R_Date","07BDT11‐90",NA,"likelihood",1522.5,0.0021649
33,"R_Date","07BDT11‐90",NA,"likelihood",1523.5,0.0018421
33,"R_Date","07BDT11‐90",NA,"likelihood",1524.5,0.0015566
33,"R_Date","07BDT11‐90",NA,"likelihood",1525.5,0.0011964
33,"R_Date","07BDT11‐90",NA,"likelihood",1526.5,0.0009305
33,"R_Date","07BDT11‐90",NA,"likelihood",1527.5,0.0007146
33,"R_Date","07BDT11‐90",NA,"likelihood",1528.5,0.0005419
33,"R_Date","07BDT11‐90",NA,"likelihood",1529.5,0.0004367
33,"R_Date","07BDT11‐90",NA,"likelihood",1530.5,0.0003659
33,"R_Date","07BDT11‐90",NA,"likelihood",1531.5,0.00031488
33,"R_Date","07BDT11‐90",NA,"likelihood",1532.5,0.00027012
33,"R_Date","07BDT11‐90",NA,"likelihood",1533.5,0.00024988
33,"R_Date","07BDT11‐90",NA,"likelihood",1534.5,0.00024988
33,"R_Date","07BDT11‐90",NA,"likelihood",1535.5,0.00027012
33,"R_Date","07BDT11‐90",NA,"likelihood",1536.5,0.00029176
33,"R_Date","07BDT11‐90",NA,"likelihood",1537.5,0.000324
33,"R_Date","07BDT11‐90",NA,"likelihood",1538.5,0.000394
33,"R_Date","07BDT11‐90",NA,"likelihood",1539.5,0.0004558
33,"R_Date","07BDT11‐90",NA,"likelihood",1540.5,0.0005047
33,"R_Date","07BDT11‐90",NA,"likelihood",1541.5,0.0005637
33,"R_Date","07BDT11‐90",NA,"likelihood",1542.5,0.0005814
33,"R_Date","07BDT11‐90",NA,"likelihood",1543.5,0.000647
33,"R_Date","07BDT11‐90",NA,"likelihood",1544.5,0.0006042
33,"R_Date","07BDT11‐90",NA,"likelihood",1545.5,0.0005637
33,"R_Date","07BDT11‐90",NA,"likelihood",1546.5,0.0005256
33,"R_Date","07BDT11‐90",NA,"likelihood",1547.5,0.0004896
33,"R_Date","07BDT11‐90",NA,"likelihood",1548.5,0.0004896
33,"R_Date","07BDT11‐90",NA,"likelihood",1549.5,0.0004896
33,"R_Date","07BDT11‐90",NA,"likelihood",1550.5,0.0005637
33,"R_Date","07BDT11‐90",NA,"likelihood",1551.5,0.000647
33,"R_Date","07BDT11‐90",NA,"likelihood",1552.5,0.0007403
33,"R_Date","07BDT11‐90",NA,"likelihood",1553.5,0.0008445
33,"R_Date","07BDT11‐90",NA,"likelihood",1554.5,0.0009009
33,"R_Date","07BDT11‐90",NA,"likelihood",1555.5,0.0009603
33,"R_Date","07BDT11‐90",NA,"likelihood",1556.5,0.0010228
33,"R_Date","07BDT11‐90",NA,"likelihood",1557.5,0.0011577
33,"R_Date","07BDT11‐90",NA,"likelihood",1558.5,0.0012302
33,"R_Date","07BDT11‐90",NA,"likelihood",1559.5,0.001386
33,"R_Date","07BDT11‐90",NA,"likelihood",1560.5,0.0015566
33,"R_Date","07BDT11‐90",NA,"likelihood",1561.5,0.0016478
33,"R_Date","07BDT11‐90",NA,"likelihood",1562.5,0.0017429
33,"R_Date","07BDT11‐90",NA,"likelihood",1563.5,0.0016478
33,"R_Date","07BDT11‐90",NA,"likelihood",1564.5,0.0015566
33,"R_Date","07BDT11‐90",NA,"likelihood",1565.5,0.001386
33,"R_Date","07BDT11‐90",NA,"likelihood",1566.5,0.0013063
33,"R_Date","07BDT11‐90",NA,"likelihood",1567.5,0.0012302
33,"R_Date","07BDT11‐90",NA,"likelihood",1568.5,0.0011964
33,"R_Date","07BDT11‐90",NA,"likelihood",1569.5,0.0012302
33,"R_Date","07BDT11‐90",NA,"likelihood",1570.5,0.001386
33,"R_Date","07BDT11‐90",NA,"likelihood",1571.5,0.0014694
33,"R_Date","07BDT11‐90",NA,"likelihood",1572.5,0.0016478
33,"R_Date","07BDT11‐90",NA,"likelihood",1573.5,0.0017429
33,"R_Date","07BDT11‐90",NA,"likelihood",1574.5,0.0019455
33,"R_Date","07BDT11‐90",NA,"likelihood",1575.5,0.002053
33,"R_Date","07BDT11‐90",NA,"likelihood",1576.5,0.002281
33,"R_Date","07BDT11‐90",NA,"likelihood",1577.5,0.0024016
33,"R_Date","07BDT11‐90",NA,"likelihood",1578.5,0.0025266
33,"R_Date","07BDT11‐90",NA,"likelihood",1579.5,0.0025266
33,"R_Date","07BDT11‐90",NA,"likelihood",1580.5,0.002656
33,"R_Date","07BDT11‐90",NA,"likelihood",1581.5,0.002656
33,"R_Date","07BDT11‐90",NA,"likelihood",1582.5,0.002656
33,"R_Date","07BDT11‐90",NA,"likelihood",1583.5,0.002656
33,"R_Date","07BDT11‐90",NA,"likelihood",1584.5,0.002656
33,"R_Date","07BDT11‐90",NA,"likelihood",1585.5,0.0025266
33,"R_Date","07BDT11‐90",NA,"likelihood",1586.5,0.0025266
33,"R_Date","07BDT11‐90",NA,"likelihood",1587.5,0.002656
33,"R_Date","07BDT11‐90",NA,"likelihood",1588.5,0.0027899
33,"R_Date","07BDT11‐90",NA,"likelihood",1589.5,0.0030712
33,"R_Date","07BDT11‐90",NA,"likelihood",1590.5,0.003371
33,"R_Date","07BDT11‐90",NA,"likelihood",1591.5,0.003853
33,"R_Date","07BDT11‐90",NA,"likelihood",1592.5,0.004196
33,"R_Date","07BDT11‐90",NA,"likelihood",1593.5,0.004555
33,"R_Date","07BDT11‐90",NA,"likelihood",1594.5,0.004931
33,"R_Date","07BDT11‐90",NA,"likelihood",1595.5,0.00532
33,"R_Date","07BDT11‐90",NA,"likelihood",1596.5,0.00532
33,"R_Date","07BDT11‐90",NA,"likelihood",1597.5,0.00552
33,"R_Date","07BDT11‐90",NA,"likelihood",1598.5,0.005723
33,"R_Date","07BDT11‐90",NA,"likelihood",1599.5,0.00593
33,"R_Date","07BDT11‐90",NA,"likelihood",1600.5,0.006138
33,"R_Date","07BDT11‐90",NA,"likelihood",1601.5,0.006563
33,"R_Date","07BDT11‐90",NA,"likelihood",1602.5,0.007214
33,"R_Date","07BDT11‐90",NA,"likelihood",1603.5,0.007876
33,"R_Date","07BDT11‐90",NA,"likelihood",1604.5,0.008318
33,"R_Date","07BDT11‐90",NA,"likelihood",1605.5,0.008539
33,"R_Date","07BDT11‐90",NA,"likelihood",1606.5,0.008539
33,"R_Date","07BDT11‐90",NA,"likelihood",1607.5,0.008097
33,"R_Date","07BDT11‐90",NA,"likelihood",1608.5,0.007655
33,"R_Date","07BDT11‐90",NA,"likelihood",1609.5,0.007214
33,"R_Date","07BDT11‐90",NA,"likelihood",1610.5,0.006778
33,"R_Date","07BDT11‐90",NA,"likelihood",1611.5,0.006563
33,"R_Date","07BDT11‐90",NA,"likelihood",1612.5,0.006563
33,"R_Date","07BDT11‐90",NA,"likelihood",1613.5,0.006563
33,"R_Date","07BDT11‐90",NA,"likelihood",1614.5,0.006563
33,"R_Date","07BDT11‐90",NA,"likelihood",1615.5,0.006349
33,"R_Date","07BDT11‐90",NA,"likelihood",1616.5,0.006138
33,"R_Date","07BDT11‐90",NA,"likelihood",1617.5,0.00552
33,"R_Date","07BDT11‐90",NA,"likelihood",1618.5,0.004741
33,"R_Date","07BDT11‐90",NA,"likelihood",1619.5,0.004196
33,"R_Date","07BDT11‐90",NA,"likelihood",1620.5,0.003527
33,"R_Date","07BDT11‐90",NA,"likelihood",1621.5,0.0029283
33,"R_Date","07BDT11‐90",NA,"likelihood",1622.5,0.0024016
33,"R_Date","07BDT11‐90",NA,"likelihood",1623.5,0.0021649
33,"R_Date","07BDT11‐90",NA,"likelihood",1624.5,0.002053
33,"R_Date","07BDT11‐90",NA,"likelihood",1625.5,0.0019455
33,"R_Date","07BDT11‐90",NA,"likelihood",1626.5,0.0019455
33,"R_Date","07BDT11‐90",NA,"likelihood",1627.5,0.002053
33,"R_Date","07BDT11‐90",NA,"likelihood",1628.5,0.002053
33,"R_Date","07BDT11‐90",NA,"likelihood",1629.5,0.0018421
33,"R_Date","07BDT11‐90",NA,"likelihood",1630.5,0.0016478
33,"R_Date","07BDT11‐90",NA,"likelihood",1631.5,0.0014694
33,"R_Date","07BDT11‐90",NA,"likelihood",1632.5,0.0011577
33,"R_Date","07BDT11‐90",NA,"likelihood",1633.5,0.0008445
33,"R_Date","07BDT11‐90",NA,"likelihood",1634.5,0.000647
33,"R_Date","07BDT11‐90",NA,"likelihood",1635.5,0.0004558
33,"R_Date","07BDT11‐90",NA,"likelihood",1636.5,0.0003396
33,"R_Date","07BDT11‐90",NA,"likelihood",1637.5,0.00024988
33,"R_Date","07BDT11‐90",NA,"likelihood",1638.5,0.00019691
33,"R_Date","07BDT11‐90",NA,"likelihood",1639.5,0.00014177
33,"R_Date","07BDT11‐90",NA,"likelihood",1640.5,0.0001008
33,"R_Date","07BDT11‐90",NA,"likelihood",1641.5,6.466e-05
33,"R_Date","07BDT11‐90",NA,"likelihood",1642.5,4.47e-05
33,"R_Date","07BDT11‐90",NA,"likelihood",1643.5,3.0519e-05
33,"R_Date","07BDT11‐90",NA,"likelihood",1644.5,2.0571e-05
33,"R_Date","07BDT11‐90",NA,"likelihood",1645.5,1.5173e-05
33,"R_Date","07BDT11‐90",NA,"likelihood",1646.5,1.1125e-05
33,"R_Date","07BDT11‐90",NA,"likelihood",1647.5,8.083e-06
33,"R_Date","07BDT11‐90",NA,"likelihood",1648.5,5.239e-06
33,"R_Date","07BDT11‐90",NA,"likelihood",1649.5,3.744e-06
33,"R_Date","07BDT11‐90",NA,"likelihood",1650.5,2.9897e-06
33,"R_Date","07BDT11‐90",NA,"likelihood",1651.5,2.3679e-06
33,"R_Date","07BDT11‐90",NA,"likelihood",1652.5,1.8785e-06
33,"R_Date","07BDT11‐90",NA,"likelihood",1653.5,1.6668e-06
33,"R_Date","07BDT11‐90",NA,"likelihood",1654.5,1.3096e-06
33,"R_Date","07BDT11‐90",NA,"likelihood",1655.5,1.1641e-06
33,"R_Date","07BDT11‐90",NA,"likelihood",1656.5,9.128e-07
33,"R_Date","07BDT11‐90",NA,"likelihood",1657.5,6.35e-07
33,"R_Date","07BDT11‐90",NA,"likelihood",1658.5,4.365e-07
33,"R_Date","07BDT11‐90",NA,"likelihood",1659.5,2.9103e-07
33,"R_Date","07BDT11‐90",NA,"likelihood",1660.5,1.7197e-07
33,"R_Date","07BDT11‐90",NA,"likelihood",1661.5,1.0583e-07
33,"R_Date","07BDT11‐90",NA,"likelihood",1662.5,5.291e-08
33,"R_Date","07BDT11‐90",NA,"likelihood",1663.5,3.969e-08
33,"R_Date","07BDT11‐90",NA,"likelihood",1664.5,2.6457e-08
33,"R_Date","07BDT11‐90",NA,"likelihood",1665.5,1.3229e-08
33,"R_Date","07BDT11‐90",NA,"likelihood",1666.5,1.3229e-08
33,"R_Date","07BDT11‐90",NA,"likelihood",1667.5,0
33,"R_Date","07BDT11‐90",NA,"likelihood",1668.5,0
33,"R_Date","07BDT11‐90",NA,"likelihood",1669.5,0
33,"R_Date","07BDT11‐90",NA,"likelihood",1670.5,0
33,"R_Date","07BDT11‐90",NA,"likelihood",1671.5,0
33,"R_Date","07BDT11‐90",NA,"likelihood",1672.5,0
33,"R_Date","07BDT11‐90",NA,"likelihood",1673.5,0
33,"R_Date","07BDT11‐90",NA,"likelihood",1674.5,0
33,"R_Date","07BDT11‐90",NA,"likelihood",1675.5,0
33,"R_Date","07BDT11‐90",NA,"likelihood",1676.5,0
33,"R_Date","07BDT11‐90",NA,"likelihood",1677.5,0
33,"R_Date","07BDT11‐90",NA,"likelihood",1678.5,0
33,"R_Date","07BDT11‐90",NA,"likelihood",1679.5,0
33,"R_Date","07BDT11‐90",NA,"likelihood",1680.5,0
33,"R_Date","07BDT11‐90",NA,"likelihood",1681.5,0
33,"R_Date","07BDT11‐90",NA,"likelihood",1682.5,0
33,"R_Date","07BDT11‐90",NA,"likelihood",1683.5,0
33,"R_Date","07BDT11‐90",NA,"likelihood",1684.5,0
33,"R_Date","07BDT11‐90",NA,"likelihood",1685.5,0
33,"R_Date","07BDT11‐90",NA,"likelihood",1686.5,0
33,"R_Date","07BDT11‐90",NA,"likelihood",1687.5,0
33,"R_Date","07BDT11‐90",NA,"likelihood",1688.5,0
33,"R_Date","07BDT11‐90",NA,"likelihood",1689.5,0
33,"R_Date","07BDT11‐90",NA,"likelihood",1690.5,0
33,"R_Date","07BDT11‐90",NA,"likelihood",1691.5,0
33,"R_Date","07BDT11‐90",NA,"likelihood",1692.5,0
33,"R_Date","07BDT11‐90",NA,"likelihood",1693.5,0
33,"R_Date","07BDT11‐90",NA,"likelihood",1694.5,0
33,"R_Date","07BDT11‐90",NA,"likelihood",1695.5,0
33,"R_Date","07BDT11‐90",NA,"likelihood",1696.5,0
33,"R_Date","07BDT11‐90",NA,"likelihood",1697.5,0
33,"R_Date","07BDT11‐90",NA,"likelihood",1698.5,0
33,"R_Date","07BDT11‐90",NA,"likelihood",1699.5,0
33,"R_Date","07BDT11‐90",NA,"likelihood",1700.5,0
33,"R_Date","07BDT11‐90",NA,"likelihood",1701.5,0
33,"R_Date","07BDT11‐90",NA,"likelihood",1702.5,0
33,"R_Date","07BDT11‐90",NA,"likelihood",1703.5,0
33,"R_Date","07BDT11‐90",NA,"likelihood",1704.5,0
33,"R_Date","07BDT11‐90",NA,"likelihood",1705.5,0
33,"R_Date","07BDT11‐90",NA,"likelihood",1706.5,0
33,"R_Date","07BDT11‐90",NA,"likelihood",1707.5,0
33,"R_Date","07BDT11‐90",NA,"likelihood",1708.5,0
33,"R_Date","07BDT11‐90",NA,"likelihood",1709.5,0
33,"R_Date","07BDT11‐90",NA,"likelihood",1710.5,0
33,"R_Date","07BDT11‐90",NA,"likelihood",1711.5,0
33,"R_Date","07BDT11‐90",NA,"likelihood",1712.5,0
33,"R_Date","07BDT11‐90",NA,"likelihood",1713.5,0
33,"R_Date","07BDT11‐90",NA,"likelihood",1714.5,0
33,"R_Date","07BDT11‐90",NA,"likelihood",1715.5,0
33,"R_Date","07BDT11‐90",NA,"likelihood",1716.5,0
33,"R_Date","07BDT11‐90",NA,"likelihood",1717.5,0
33,"R_Date","07BDT11‐90",NA,"likelihood",1718.5,0
33,"R_Date","07BDT11‐90",NA,"likelihood",1719.5,0
33,"R_Date","07BDT11‐90",NA,"likelihood",1720.5,0
33,"R_Date","07BDT11‐90",NA,"likelihood",1721.5,0
33,"R_Date","07BDT11‐90",NA,"likelihood",1722.5,0
33,"R_Date","07BDT11‐90",NA,"likelihood",1723.5,0
33,"R_Date","07BDT11‐90",NA,"likelihood",1724.5,0
33,"R_Date","07BDT11‐90",NA,"likelihood",1725.5,0
33,"R_Date","07BDT11‐90",NA,"likelihood",1726.5,0
33,"R_Date","07BDT11‐90",NA,"likelihood",1727.5,0
33,"R_Date","07BDT11‐90",NA,"likelihood",1728.5,0
33,"R_Date","07BDT11‐90",NA,"likelihood",1729.5,0
33,"R_Date","07BDT11‐90",NA,"likelihood",1730.5,0
33,"R_Date","07BDT11‐90",NA,"likelihood",1731.5,0
33,"R_Date","07BDT11‐90",NA,"likelihood",1732.5,0
33,"R_Date","07BDT11‐90",NA,"likelihood",1733.5,0
33,"R_Date","07BDT11‐90",NA,"likelihood",1734.5,0
33,"R_Date","07BDT11‐90",NA,"likelihood",1735.5,0
33,"R_Date","07BDT11‐90",NA,"likelihood",1736.5,0
33,"R_Date","07BDT11‐90",NA,"likelihood",1737.5,0
33,"R_Date","07BDT11‐90",NA,"likelihood",1738.5,0
33,"R_Date","07BDT11‐90",NA,"likelihood",1739.5,0
33,"R_Date","07BDT11‐90",NA,"likelihood",1740.5,0
33,"R_Date","07BDT11‐90",NA,"likelihood",1741.5,0
33,"R_Date","07BDT11‐90",NA,"likelihood",1742.5,0
33,"R_Date","07BDT11‐90",NA,"likelihood",1743.5,0
33,"R_Date","07BDT11‐90",NA,"likelihood",1744.5,0
33,"R_Date","07BDT11‐90",NA,"likelihood",1745.5,0
33,"R_Date","07BDT11‐90",NA,"likelihood",1746.5,0
33,"R_Date","07BDT11‐90",NA,"likelihood",1747.5,0
33,"R_Date","07BDT11‐90",NA,"likelihood",1748.5,0
33,"R_Date","07BDT11‐90",NA,"likelihood",1749.5,0
33,"R_Date","07BDT11‐90",NA,"likelihood",1750.5,0
33,"R_Date","07BDT11‐90",NA,"likelihood",1751.5,0
33,"R_Date","07BDT11‐90",NA,"likelihood",1752.5,0
33,"R_Date","07BDT11‐90",NA,"likelihood",1753.5,0
33,"R_Date","07BDT11‐90",NA,"likelihood",1754.5,0
33,"R_Date","07BDT11‐90",NA,"likelihood",1755.5,0
33,"R_Date","07BDT11‐90",NA,"likelihood",1756.5,0
33,"R_Date","07BDT11‐90",NA,"likelihood",1757.5,0
33,"R_Date","07BDT11‐90",NA,"likelihood",1758.5,0
33,"R_Date","07BDT11‐90",NA,"likelihood",1759.5,0
33,"R_Date","07BDT11‐90",NA,"likelihood",1760.5,0
33,"R_Date","07BDT11‐90",NA,"likelihood",1761.5,0
33,"R_Date","07BDT11‐90",NA,"likelihood",1762.5,0
33,"R_Date","07BDT11‐90",NA,"likelihood",1763.5,0
33,"R_Date","07BDT11‐90",NA,"likelihood",1764.5,0
33,"R_Date","07BDT11‐90",NA,"likelihood",1765.5,0
33,"R_Date","07BDT11‐90",NA,"likelihood",1766.5,0
33,"R_Date","07BDT11‐90",NA,"likelihood",1767.5,0
33,"R_Date","07BDT11‐90",NA,"likelihood",1768.5,0
33,"R_Date","07BDT11‐90",NA,"likelihood",1769.5,0
33,"R_Date","07BDT11‐90",NA,"likelihood",1770.5,0
33,"R_Date","07BDT11‐90",NA,"likelihood",1771.5,0
33,"R_Date","07BDT11‐90",NA,"likelihood",1772.5,0
33,"R_Date","07BDT11‐90",NA,"likelihood",1773.5,0
33,"R_Date","07BDT11‐90",NA,"likelihood",1774.5,0
33,"R_Date","07BDT11‐90",NA,"likelihood",1775.5,0
33,"R_Date","07BDT11‐90",NA,"likelihood",1776.5,0
33,"R_Date","07BDT11‐90",NA,"likelihood",1777.5,0
33,"R_Date","07BDT11‐90",NA,"likelihood",1778.5,0
33,"R_Date","07BDT11‐90",NA,"likelihood",1779.5,0
33,"R_Date","07BDT11‐90",NA,"likelihood",1780.5,0
33,"R_Date","07BDT11‐90",NA,"likelihood",1781.5,0
33,"R_Date","07BDT11‐90",NA,"likelihood",1782.5,0
33,"R_Date","07BDT11‐90",NA,"likelihood",1783.5,0
33,"R_Date","07BDT11‐90",NA,"likelihood",1784.5,1.3229e-08
33,"R_Date","07BDT11‐90",NA,"likelihood",1785.5,2.6457e-08
33,"R_Date","07BDT11‐90",NA,"likelihood",1786.5,3.969e-08
33,"R_Date","07BDT11‐90",NA,"likelihood",1787.5,5.291e-08
33,"R_Date","07BDT11‐90",NA,"likelihood",1788.5,9.26e-08
33,"R_Date","07BDT11‐90",NA,"likelihood",1789.5,1.3229e-07
33,"R_Date","07BDT11‐90",NA,"likelihood",1790.5,1.5874e-07
33,"R_Date","07BDT11‐90",NA,"likelihood",1791.5,1.3229e-07
33,"R_Date","07BDT11‐90",NA,"likelihood",1792.5,1.0583e-07
33,"R_Date","07BDT11‐90",NA,"likelihood",1793.5,5.291e-08
33,"R_Date","07BDT11‐90",NA,"likelihood",1794.5,2.6457e-08
33,"R_Date","07BDT11‐90",NA,"likelihood",1795.5,1.3229e-08
33,"R_Date","07BDT11‐90",NA,"likelihood",1796.5,0
33,"R_Date","07BDT11‐90",NA,"likelihood",1797.5,0
33,"R_Date","07BDT11‐90",NA,"posterior",1449.5,0
33,"R_Date","07BDT11‐90",NA,"posterior",1450.5,0
33,"R_Date","07BDT11‐90",NA,"posterior",1451.5,3.124e-06
33,"R_Date","07BDT11‐90",NA,"posterior",1452.5,1.0489e-06
33,"R_Date","07BDT11‐90",NA,"posterior",1453.5,0
33,"R_Date","07BDT11‐90",NA,"posterior",1454.5,2.0751e-06
33,"R_Date","07BDT11‐90",NA,"posterior",1455.5,8.323e-06
33,"R_Date","07BDT11‐90",NA,"posterior",1456.5,1.2496e-05
33,"R_Date","07BDT11‐90",NA,"posterior",1457.5,2.3966e-05
33,"R_Date","07BDT11‐90",NA,"posterior",1458.5,5.313e-05
33,"R_Date","07BDT11‐90",NA,"posterior",1459.5,7.083e-05
33,"R_Date","07BDT11‐90",NA,"posterior",1460.5,0.00012603
33,"R_Date","07BDT11‐90",NA,"posterior",1461.5,0.0002125
33,"R_Date","07BDT11‐90",NA,"posterior",1462.5,0.00025311
33,"R_Date","07BDT11‐90",NA,"posterior",1463.5,0.0004448
33,"R_Date","07BDT11‐90",NA,"posterior",1464.5,0.0006511
33,"R_Date","07BDT11‐90",NA,"posterior",1465.5,0.000951
33,"R_Date","07BDT11‐90",NA,"posterior",1466.5,0.0014302
33,"R_Date","07BDT11‐90",NA,"posterior",1467.5,0.0019833
33,"R_Date","07BDT11‐90",NA,"posterior",1468.5,0.0027625
33,"R_Date","07BDT11‐90",NA,"posterior",1469.5,0.003934
33,"R_Date","07BDT11‐90",NA,"posterior",1470.5,0.005129
33,"R_Date","07BDT11‐90",NA,"posterior",1471.5,0.006333
33,"R_Date","07BDT11‐90",NA,"posterior",1472.5,0.007824
33,"R_Date","07BDT11‐90",NA,"posterior",1473.5,0.009611
33,"R_Date","07BDT11‐90",NA,"posterior",1474.5,0.011308
33,"R_Date","07BDT11‐90",NA,"posterior",1475.5,0.013023
33,"R_Date","07BDT11‐90",NA,"posterior",1476.5,0.013957
33,"R_Date","07BDT11‐90",NA,"posterior",1477.5,0.01556
33,"R_Date","07BDT11‐90",NA,"posterior",1478.5,0.016196
33,"R_Date","07BDT11‐90",NA,"posterior",1479.5,0.016644
33,"R_Date","07BDT11‐90",NA,"posterior",1480.5,0.017529
33,"R_Date","07BDT11‐90",NA,"posterior",1481.5,0.018398
33,"R_Date","07BDT11‐90",NA,"posterior",1482.5,0.018731
33,"R_Date","07BDT11‐90",NA,"posterior",1483.5,0.019245
33,"R_Date","07BDT11‐90",NA,"posterior",1484.5,0.019953
33,"R_Date","07BDT11‐90",NA,"posterior",1485.5,0.020684
33,"R_Date","07BDT11‐90",NA,"posterior",1486.5,0.021441
33,"R_Date","07BDT11‐90",NA,"posterior",1487.5,0.022345
33,"R_Date","07BDT11‐90",NA,"posterior",1488.5,0.022701
33,"R_Date","07BDT11‐90",NA,"posterior",1489.5,0.022803
33,"R_Date","07BDT11‐90",NA,"posterior",1490.5,0.022631
33,"R_Date","07BDT11‐90",NA,"posterior",1491.5,0.022527
33,"R_Date","07BDT11‐90",NA,"posterior",1492.5,0.022004
33,"R_Date","07BDT11‐90",NA,"posterior",1493.5,0.021589
33,"R_Date","07BDT11‐90",NA,"posterior",1494.5,0.021064
33,"R_Date","07BDT11‐90",NA,"posterior",1495.5,0.020192
33,"R_Date","07BDT11‐90",NA,"posterior",1496.5,0.019535
33,"R_Date","07BDT11‐90",NA,"posterior",1497.5,0.018968
33,"R_Date","07BDT11‐90",NA,"posterior",1498.5,0.018731
33,"R_Date","07BDT11‐90",NA,"posterior",1499.5,0.018479
33,"R_Date","07BDT11‐90",NA,"posterior",1500.5,0.018249
33,"R_Date","07BDT11‐90",NA,"posterior",1501.5,0.018068
33,"R_Date","07BDT11‐90",NA,"posterior",1502.5,0.017924
33,"R_Date","07BDT11‐90",NA,"posterior",1503.5,0.01733
33,"R_Date","07BDT11‐90",NA,"posterior",1504.5,0.016744
33,"R_Date","07BDT11‐90",NA,"posterior",1505.5,0.016039
33,"R_Date","07BDT11‐90",NA,"posterior",1506.5,0.015387
33,"R_Date","07BDT11‐90",NA,"posterior",1507.5,0.014986
33,"R_Date","07BDT11‐90",NA,"posterior",1508.5,0.014262
33,"R_Date","07BDT11‐90",NA,"posterior",1509.5,0.013398
33,"R_Date","07BDT11‐90",NA,"posterior",1510.5,0.012433
33,"R_Date","07BDT11‐90",NA,"posterior",1511.5,0.011969
33,"R_Date","07BDT11‐90",NA,"posterior",1512.5,0.010948
33,"R_Date","07BDT11‐90",NA,"posterior",1513.5,0.010273
33,"R_Date","07BDT11‐90",NA,"posterior",1514.5,0.01059
33,"R_Date","07BDT11‐90",NA,"posterior",1515.5,0.010521
33,"R_Date","07BDT11‐90",NA,"posterior",1516.5,0.010362
33,"R_Date","07BDT11‐90",NA,"posterior",1517.5,0.010622
33,"R_Date","07BDT11‐90",NA,"posterior",1518.5,0.009839
33,"R_Date","07BDT11‐90",NA,"posterior",1519.5,0.009191
33,"R_Date","07BDT11‐90",NA,"posterior",1520.5,0.008222
33,"R_Date","07BDT11‐90",NA,"posterior",1521.5,0.007079
33,"R_Date","07BDT11‐90",NA,"posterior",1522.5,0.006162
33,"R_Date","07BDT11‐90",NA,"posterior",1523.5,0.005253
33,"R_Date","07BDT11‐90",NA,"posterior",1524.5,0.004281
33,"R_Date","07BDT11‐90",NA,"posterior",1525.5,0.003436
33,"R_Date","07BDT11‐90",NA,"posterior",1526.5,0.0025708
33,"R_Date","07BDT11‐90",NA,"posterior",1527.5,0.0019708
33,"R_Date","07BDT11‐90",NA,"posterior",1528.5,0.0014552
33,"R_Date","07BDT11‐90",NA,"posterior",1529.5,0.0011083
33,"R_Date","07BDT11‐90",NA,"posterior",1530.5,0.0010188
33,"R_Date","07BDT11‐90",NA,"posterior",1531.5,0.0008719
33,"R_Date","07BDT11‐90",NA,"posterior",1532.5,0.0007219
33,"R_Date","07BDT11‐90",NA,"posterior",1533.5,0.0006396
33,"R_Date","07BDT11‐90",NA,"posterior",1534.5,0.0006771
33,"R_Date","07BDT11‐90",NA,"posterior",1535.5,0.0007083
33,"R_Date","07BDT11‐90",NA,"posterior",1536.5,0.0006927
33,"R_Date","07BDT11‐90",NA,"posterior",1537.5,0.0008083
33,"R_Date","07BDT11‐90",NA,"posterior",1538.5,0.0009938
33,"R_Date","07BDT11‐90",NA,"posterior",1539.5,0.0010886
33,"R_Date","07BDT11‐90",NA,"posterior",1540.5,0.0012729
33,"R_Date","07BDT11‐90",NA,"posterior",1541.5,0.0013854
33,"R_Date","07BDT11‐90",NA,"posterior",1542.5,0.0014479
33,"R_Date","07BDT11‐90",NA,"posterior",1543.5,0.0014969
33,"R_Date","07BDT11‐90",NA,"posterior",1544.5,0.0014458
33,"R_Date","07BDT11‐90",NA,"posterior",1545.5,0.0012854
33,"R_Date","07BDT11‐90",NA,"posterior",1546.5,0.0011969
33,"R_Date","07BDT11‐90",NA,"posterior",1547.5,0.0011636
33,"R_Date","07BDT11‐90",NA,"posterior",1548.5,0.0010115
33,"R_Date","07BDT11‐90",NA,"posterior",1549.5,0.0011104
33,"R_Date","07BDT11‐90",NA,"posterior",1550.5,0.0012687
33,"R_Date","07BDT11‐90",NA,"posterior",1551.5,0.0013323
33,"R_Date","07BDT11‐90",NA,"posterior",1552.5,0.0016135
33,"R_Date","07BDT11‐90",NA,"posterior",1553.5,0.0018146
33,"R_Date","07BDT11‐90",NA,"posterior",1554.5,0.0018969
33,"R_Date","07BDT11‐90",NA,"posterior",1555.5,0.0019385
33,"R_Date","07BDT11‐90",NA,"posterior",1556.5,0.0019833
33,"R_Date","07BDT11‐90",NA,"posterior",1557.5,0.0022687
33,"R_Date","07BDT11‐90",NA,"posterior",1558.5,0.0025
33,"R_Date","07BDT11‐90",NA,"posterior",1559.5,0.0027448
33,"R_Date","07BDT11‐90",NA,"posterior",1560.5,0.0029531
33,"R_Date","07BDT11‐90",NA,"posterior",1561.5,0.0029458
33,"R_Date","07BDT11‐90",NA,"posterior",1562.5,0.003249
33,"R_Date","07BDT11‐90",NA,"posterior",1563.5,0.003051
33,"R_Date","07BDT11‐90",NA,"posterior",1564.5,0.00265
33,"R_Date","07BDT11‐90",NA,"posterior",1565.5,0.0024646
33,"R_Date","07BDT11‐90",NA,"posterior",1566.5,0.0022114
33,"R_Date","07BDT11‐90",NA,"posterior",1567.5,0.0020177
33,"R_Date","07BDT11‐90",NA,"posterior",1568.5,0.0019135
33,"R_Date","07BDT11‐90",NA,"posterior",1569.5,0.0018979
33,"R_Date","07BDT11‐90",NA,"posterior",1570.5,0.0020458
33,"R_Date","07BDT11‐90",NA,"posterior",1571.5,0.0021177
33,"R_Date","07BDT11‐90",NA,"posterior",1572.5,0.0023812
33,"R_Date","07BDT11‐90",NA,"posterior",1573.5,0.0025062
33,"R_Date","07BDT11‐90",NA,"posterior",1574.5,0.002625
33,"R_Date","07BDT11‐90",NA,"posterior",1575.5,0.0027781
33,"R_Date","07BDT11‐90",NA,"posterior",1576.5,0.002876
33,"R_Date","07BDT11‐90",NA,"posterior",1577.5,0.0030083
33,"R_Date","07BDT11‐90",NA,"posterior",1578.5,0.0031146
33,"R_Date","07BDT11‐90",NA,"posterior",1579.5,0.0028521
33,"R_Date","07BDT11‐90",NA,"posterior",1580.5,0.0030875
33,"R_Date","07BDT11‐90",NA,"posterior",1581.5,0.0028021
33,"R_Date","07BDT11‐90",NA,"posterior",1582.5,0.0025854
33,"R_Date","07BDT11‐90",NA,"posterior",1583.5,0.0025104
33,"R_Date","07BDT11‐90",NA,"posterior",1584.5,0.0024396
33,"R_Date","07BDT11‐90",NA,"posterior",1585.5,0.0021375
33,"R_Date","07BDT11‐90",NA,"posterior",1586.5,0.0021792
33,"R_Date","07BDT11‐90",NA,"posterior",1587.5,0.0020385
33,"R_Date","07BDT11‐90",NA,"posterior",1588.5,0.0019958
33,"R_Date","07BDT11‐90",NA,"posterior",1589.5,0.0020854
33,"R_Date","07BDT11‐90",NA,"posterior",1590.5,0.0022135
33,"R_Date","07BDT11‐90",NA,"posterior",1591.5,0.0023167
33,"R_Date","07BDT11‐90",NA,"posterior",1592.5,0.0023406
33,"R_Date","07BDT11‐90",NA,"posterior",1593.5,0.0024031
33,"R_Date","07BDT11‐90",NA,"posterior",1594.5,0.0023771
33,"R_Date","07BDT11‐90",NA,"posterior",1595.5,0.0023833
33,"R_Date","07BDT11‐90",NA,"posterior",1596.5,0.0023719
33,"R_Date","07BDT11‐90",NA,"posterior",1597.5,0.0020896
33,"R_Date","07BDT11‐90",NA,"posterior",1598.5,0.0019833
33,"R_Date","07BDT11‐90",NA,"posterior",1599.5,0.0019312
33,"R_Date","07BDT11‐90",NA,"posterior",1600.5,0.0015938
33,"R_Date","07BDT11‐90",NA,"posterior",1601.5,0.0015771
33,"R_Date","07BDT11‐90",NA,"posterior",1602.5,0.0015365
33,"R_Date","07BDT11‐90",NA,"posterior",1603.5,0.00135
33,"R_Date","07BDT11‐90",NA,"posterior",1604.5,0.0013458
33,"R_Date","07BDT11‐90",NA,"posterior",1605.5,0.0011781
33,"R_Date","07BDT11‐90",NA,"posterior",1606.5,0.0011104
33,"R_Date","07BDT11‐90",NA,"posterior",1607.5,0.000825
33,"R_Date","07BDT11‐90",NA,"posterior",1608.5,0.0006375
33,"R_Date","07BDT11‐90",NA,"posterior",1609.5,0.0004781
33,"R_Date","07BDT11‐90",NA,"posterior",1610.5,0.0003927
33,"R_Date","07BDT11‐90",NA,"posterior",1611.5,0.00026458
33,"R_Date","07BDT11‐90",NA,"posterior",1612.5,0.00018541
33,"R_Date","07BDT11‐90",NA,"posterior",1613.5,0.00015625
33,"R_Date","07BDT11‐90",NA,"posterior",1614.5,0.00013645
33,"R_Date","07BDT11‐90",NA,"posterior",1615.5,6.77e-05
33,"R_Date","07BDT11‐90",NA,"posterior",1616.5,3.854e-05
33,"R_Date","07BDT11‐90",NA,"posterior",1617.5,3.541e-05
33,"R_Date","07BDT11‐90",NA,"posterior",1618.5,1.562e-05
33,"R_Date","07BDT11‐90",NA,"posterior",1619.5,2.0751e-06
33,"R_Date","07BDT11‐90",NA,"posterior",1620.5,6.248e-06
33,"R_Date","07BDT11‐90",NA,"posterior",1621.5,1.0489e-06
33,"R_Date","07BDT11‐90",NA,"posterior",1622.5,0
33,"R_Date","07BDT11‐90",NA,"posterior",1623.5,1.0489e-06
33,"R_Date","07BDT11‐90",NA,"posterior",1624.5,0
33,"R_Date","07BDT11‐90",NA,"posterior",1625.5,0
33,"R_Date","07BDT11‐90",NA,"posterior",1626.5,0
34,"Calculate","Event 4",NA,"posterior",1488.5,0
34,"Calculate","Event 4",NA,"posterior",1489.5,5.201e-06
34,"Calculate","Event 4",NA,"posterior",1490.5,2.6037e-05
34,"Calculate","Event 4",NA,"posterior",1491.5,3.229e-05
34,"Calculate","Event 4",NA,"posterior",1492.5,6.251e-05
34,"Calculate","Event 4",NA,"posterior",1493.5,6.042e-05
34,"Calculate","Event 4",NA,"posterior",1494.5,9.791e-05
34,"Calculate","Event 4",NA,"posterior",1495.5,0.00016875
34,"Calculate","Event 4",NA,"posterior",1496.5,0.00019583
34,"Calculate","Event 4",NA,"posterior",1497.5,0.00027916
34,"Calculate","Event 4",NA,"posterior",1498.5,0.0003823
34,"Calculate","Event 4",NA,"posterior",1499.5,0.0005125
34,"Calculate","Event 4",NA,"posterior",1500.5,0.0006646
34,"Calculate","Event 4",NA,"posterior",1501.5,0.000775
34,"Calculate","Event 4",NA,"posterior",1502.5,0.0009417
34,"Calculate","Event 4",NA,"posterior",1503.5,0.0011375
34,"Calculate","Event 4",NA,"posterior",1504.5,0.0013104
34,"Calculate","Event 4",NA,"posterior",1505.5,0.0014875
34,"Calculate","Event 4",NA,"posterior",1506.5,0.0017062
34,"Calculate","Event 4",NA,"posterior",1507.5,0.0019469
34,"Calculate","Event 4",NA,"posterior",1508.5,0.0021177
34,"Calculate","Event 4",NA,"posterior",1509.5,0.0023313
34,"Calculate","Event 4",NA,"posterior",1510.5,0.0026177
34,"Calculate","Event 4",NA,"posterior",1511.5,0.0028073
34,"Calculate","Event 4",NA,"posterior",1512.5,0.0030177
34,"Calculate","Event 4",NA,"posterior",1513.5,0.003313
34,"Calculate","Event 4",NA,"posterior",1514.5,0.003557
34,"Calculate","Event 4",NA,"posterior",1515.5,0.003758
34,"Calculate","Event 4",NA,"posterior",1516.5,0.00406
34,"Calculate","Event 4",NA,"posterior",1517.5,0.004077
34,"Calculate","Event 4",NA,"posterior",1518.5,0.004185
34,"Calculate","Event 4",NA,"posterior",1519.5,0.004433
34,"Calculate","Event 4",NA,"posterior",1520.5,0.004629
34,"Calculate","Event 4",NA,"posterior",1521.5,0.004814
34,"Calculate","Event 4",NA,"posterior",1522.5,0.004955
34,"Calculate","Event 4",NA,"posterior",1523.5,0.005243
34,"Calculate","Event 4",NA,"posterior",1524.5,0.005397
34,"Calculate","Event 4",NA,"posterior",1525.5,0.005667
34,"Calculate","Event 4",NA,"posterior",1526.5,0.005718
34,"Calculate","Event 4",NA,"posterior",1527.5,0.005967
34,"Calculate","Event 4",NA,"posterior",1528.5,0.006041
34,"Calculate","Event 4",NA,"posterior",1529.5,0.00629
34,"Calculate","Event 4",NA,"posterior",1530.5,0.006382
34,"Calculate","Event 4",NA,"posterior",1531.5,0.006356
34,"Calculate","Event 4",NA,"posterior",1532.5,0.006619
34,"Calculate","Event 4",NA,"posterior",1533.5,0.006689
34,"Calculate","Event 4",NA,"posterior",1534.5,0.00672
34,"Calculate","Event 4",NA,"posterior",1535.5,0.006876
34,"Calculate","Event 4",NA,"posterior",1536.5,0.006869
34,"Calculate","Event 4",NA,"posterior",1537.5,0.006731
34,"Calculate","Event 4",NA,"posterior",1538.5,0.006917
34,"Calculate","Event 4",NA,"posterior",1539.5,0.007025
34,"Calculate","Event 4",NA,"posterior",1540.5,0.007061
34,"Calculate","Event 4",NA,"posterior",1541.5,0.007287
34,"Calculate","Event 4",NA,"posterior",1542.5,0.007375
34,"Calculate","Event 4",NA,"posterior",1543.5,0.007462
34,"Calculate","Event 4",NA,"posterior",1544.5,0.007509
34,"Calculate","Event 4",NA,"posterior",1545.5,0.007641
34,"Calculate","Event 4",NA,"posterior",1546.5,0.007776
34,"Calculate","Event 4",NA,"posterior",1547.5,0.007937
34,"Calculate","Event 4",NA,"posterior",1548.5,0.007874
34,"Calculate","Event 4",NA,"posterior",1549.5,0.008228
34,"Calculate","Event 4",NA,"posterior",1550.5,0.00823
34,"Calculate","Event 4",NA,"posterior",1551.5,0.008294
34,"Calculate","Event 4",NA,"posterior",1552.5,0.008584
34,"Calculate","Event 4",NA,"posterior",1553.5,0.008724
34,"Calculate","Event 4",NA,"posterior",1554.5,0.009087
34,"Calculate","Event 4",NA,"posterior",1555.5,0.009075
34,"Calculate","Event 4",NA,"posterior",1556.5,0.00925
34,"Calculate","Event 4",NA,"posterior",1557.5,0.009398
34,"Calculate","Event 4",NA,"posterior",1558.5,0.009743
34,"Calculate","Event 4",NA,"posterior",1559.5,0.009969
34,"Calculate","Event 4",NA,"posterior",1560.5,0.010297
34,"Calculate","Event 4",NA,"posterior",1561.5,0.010324
34,"Calculate","Event 4",NA,"posterior",1562.5,0.010781
34,"Calculate","Event 4",NA,"posterior",1563.5,0.011143
34,"Calculate","Event 4",NA,"posterior",1564.5,0.011467
34,"Calculate","Event 4",NA,"posterior",1565.5,0.011774
34,"Calculate","Event 4",NA,"posterior",1566.5,0.011825
34,"Calculate","Event 4",NA,"posterior",1567.5,0.011977
34,"Calculate","Event 4",NA,"posterior",1568.5,0.012206
34,"Calculate","Event 4",NA,"posterior",1569.5,0.0126
34,"Calculate","Event 4",NA,"posterior",1570.5,0.012518
34,"Calculate","Event 4",NA,"posterior",1571.5,0.012842
34,"Calculate","Event 4",NA,"posterior",1572.5,0.013125
34,"Calculate","Event 4",NA,"posterior",1573.5,0.013435
34,"Calculate","Event 4",NA,"posterior",1574.5,0.013631
34,"Calculate","Event 4",NA,"posterior",1575.5,0.013855
34,"Calculate","Event 4",NA,"posterior",1576.5,0.014015
34,"Calculate","Event 4",NA,"posterior",1577.5,0.014205
34,"Calculate","Event 4",NA,"posterior",1578.5,0.014599
34,"Calculate","Event 4",NA,"posterior",1579.5,0.014474
34,"Calculate","Event 4",NA,"posterior",1580.5,0.014687
34,"Calculate","Event 4",NA,"posterior",1581.5,0.01491
34,"Calculate","Event 4",NA,"posterior",1582.5,0.015102
34,"Calculate","Event 4",NA,"posterior",1583.5,0.015076
34,"Calculate","Event 4",NA,"posterior",1584.5,0.014936
34,"Calculate","Event 4",NA,"posterior",1585.5,0.015086
34,"Calculate","Event 4",NA,"posterior",1586.5,0.015106
34,"Calculate","Event 4",NA,"posterior",1587.5,0.015075
34,"Calculate","Event 4",NA,"posterior",1588.5,0.015253
34,"Calculate","Event 4",NA,"posterior",1589.5,0.015204
34,"Calculate","Event 4",NA,"posterior",1590.5,0.015028
34,"Calculate","Event 4",NA,"posterior",1591.5,0.0152
34,"Calculate","Event 4",NA,"posterior",1592.5,0.014834
34,"Calculate","Event 4",NA,"posterior",1593.5,0.014393
34,"Calculate","Event 4",NA,"posterior",1594.5,0.014154
34,"Calculate","Event 4",NA,"posterior",1595.5,0.013849
34,"Calculate","Event 4",NA,"posterior",1596.5,0.01344
34,"Calculate","Event 4",NA,"posterior",1597.5,0.013074
34,"Calculate","Event 4",NA,"posterior",1598.5,0.012697
34,"Calculate","Event 4",NA,"posterior",1599.5,0.012145
34,"Calculate","Event 4",NA,"posterior",1600.5,0.011566
34,"Calculate","Event 4",NA,"posterior",1601.5,0.01119
34,"Calculate","Event 4",NA,"posterior",1602.5,0.010471
34,"Calculate","Event 4",NA,"posterior",1603.5,0.010169
34,"Calculate","Event 4",NA,"posterior",1604.5,0.009619
34,"Calculate","Event 4",NA,"posterior",1605.5,0.009009
34,"Calculate","Event 4",NA,"posterior",1606.5,0.008637
34,"Calculate","Event 4",NA,"posterior",1607.5,0.007971
34,"Calculate","Event 4",NA,"posterior",1608.5,0.007234
34,"Calculate","Event 4",NA,"posterior",1609.5,0.006312
34,"Calculate","Event 4",NA,"posterior",1610.5,0.00568
34,"Calculate","Event 4",NA,"posterior",1611.5,0.004756
34,"Calculate","Event 4",NA,"posterior",1612.5,0.00392
34,"Calculate","Event 4",NA,"posterior",1613.5,0.003294
34,"Calculate","Event 4",NA,"posterior",1614.5,0.0025198
34,"Calculate","Event 4",NA,"posterior",1615.5,0.0020875
34,"Calculate","Event 4",NA,"posterior",1616.5,0.001574
34,"Calculate","Event 4",NA,"posterior",1617.5,0.0011365
34,"Calculate","Event 4",NA,"posterior",1618.5,0.000725
34,"Calculate","Event 4",NA,"posterior",1619.5,0.0004687
34,"Calculate","Event 4",NA,"posterior",1620.5,0.0003198
34,"Calculate","Event 4",NA,"posterior",1621.5,0.00020209
34,"Calculate","Event 4",NA,"posterior",1622.5,0.00013751
34,"Calculate","Event 4",NA,"posterior",1623.5,7.396e-05
34,"Calculate","Event 4",NA,"posterior",1624.5,4.062e-05
34,"Calculate","Event 4",NA,"posterior",1625.5,2.9164e-05
34,"Calculate","Event 4",NA,"posterior",1626.5,1.8746e-05
34,"Calculate","Event 4",NA,"posterior",1627.5,1.0418e-05
34,"Calculate","Event 4",NA,"posterior",1628.5,5.201e-06
34,"Calculate","Event 4",NA,"posterior",1629.5,1.0372e-06
34,"Calculate","Event 4",NA,"posterior",1630.5,1.0372e-06
36,"R_Date","05BDT5‐71",NA,"likelihood",1429.5,0
36,"R_Date","05BDT5‐71",NA,"likelihood",1430.5,7.976e-09
36,"R_Date","05BDT5‐71",NA,"likelihood",1431.5,7.976e-09
36,"R_Date","05BDT5‐71",NA,"likelihood",1432.5,7.976e-09
36,"R_Date","05BDT5‐71",NA,"likelihood",1433.5,1.5953e-08
36,"R_Date","05BDT5‐71",NA,"likelihood",1434.5,2.3929e-08
36,"R_Date","05BDT5‐71",NA,"likelihood",1435.5,4.786e-08
36,"R_Date","05BDT5‐71",NA,"likelihood",1436.5,7.976e-08
36,"R_Date","05BDT5‐71",NA,"likelihood",1437.5,1.5953e-07
36,"R_Date","05BDT5‐71",NA,"likelihood",1438.5,2.6322e-07
36,"R_Date","05BDT5‐71",NA,"likelihood",1439.5,4.307e-07
36,"R_Date","05BDT5‐71",NA,"likelihood",1440.5,5.903e-07
36,"R_Date","05BDT5‐71",NA,"likelihood",1441.5,9.572e-07
36,"R_Date","05BDT5‐71",NA,"likelihood",1442.5,1.5155e-06
36,"R_Date","05BDT5‐71",NA,"likelihood",1443.5,2.377e-06
36,"R_Date","05BDT5‐71",NA,"likelihood",1444.5,4.251e-06
36,"R_Date","05BDT5‐71",NA,"likelihood",1445.5,7.45e-06
36,"R_Date","05BDT5‐71",NA,"likelihood",1446.5,1.1175e-05
36,"R_Date","05BDT5‐71",NA,"likelihood",1447.5,1.8856e-05
36,"R_Date","05BDT5‐71",NA,"likelihood",1448.5,3.1124e-05
36,"R_Date","05BDT5‐71",NA,"likelihood",1449.5,4.469e-05
36,"R_Date","05BDT5‐71",NA,"likelihood",1450.5,6.34e-05
36,"R_Date","05BDT5‐71",NA,"likelihood",1451.5,7.95e-05
36,"R_Date","05BDT5‐71",NA,"likelihood",1452.5,9.916e-05
36,"R_Date","05BDT5‐71",NA,"likelihood",1453.5,0.00012301
36,"R_Date","05BDT5‐71",NA,"likelihood",1454.5,0.00016826
36,"R_Date","05BDT5‐71",NA,"likelihood",1455.5,0.0002507
36,"R_Date","05BDT5‐71",NA,"likelihood",1456.5,0.0004003
36,"R_Date","05BDT5‐71",NA,"likelihood",1457.5,0.0006179
36,"R_Date","05BDT5‐71",NA,"likelihood",1458.5,0.0009219
36,"R_Date","05BDT5‐71",NA,"likelihood",1459.5,0.0012391
36,"R_Date","05BDT5‐71",NA,"likelihood",1460.5,0.0016296
36,"R_Date","05BDT5‐71",NA,"likelihood",1461.5,0.0017392
36,"R_Date","05BDT5‐71",NA,"likelihood",1462.5,0.0018536
36,"R_Date","05BDT5‐71",NA,"likelihood",1463.5,0.0017392
36,"R_Date","05BDT5‐71",NA,"likelihood",1464.5,0.0016296
36,"R_Date","05BDT5‐71",NA,"likelihood",1465.5,0.0015249
36,"R_Date","05BDT5‐71",NA,"likelihood",1466.5,0.0014249
36,"R_Date","05BDT5‐71",NA,"likelihood",1467.5,0.0015249
36,"R_Date","05BDT5‐71",NA,"likelihood",1468.5,0.0016296
36,"R_Date","05BDT5‐71",NA,"likelihood",1469.5,0.0017392
36,"R_Date","05BDT5‐71",NA,"likelihood",1470.5,0.0018536
36,"R_Date","05BDT5‐71",NA,"likelihood",1471.5,0.0018536
36,"R_Date","05BDT5‐71",NA,"likelihood",1472.5,0.0019729
36,"R_Date","05BDT5‐71",NA,"likelihood",1473.5,0.0022258
36,"R_Date","05BDT5‐71",NA,"likelihood",1474.5,0.0024975
36,"R_Date","05BDT5‐71",NA,"likelihood",1475.5,0.0029383
36,"R_Date","05BDT5‐71",NA,"likelihood",1476.5,0.003415
36,"R_Date","05BDT5‐71",NA,"likelihood",1477.5,0.00392
36,"R_Date","05BDT5‐71",NA,"likelihood",1478.5,0.004268
36,"R_Date","05BDT5‐71",NA,"likelihood",1479.5,0.004622
36,"R_Date","05BDT5‐71",NA,"likelihood",1480.5,0.004978
36,"R_Date","05BDT5‐71",NA,"likelihood",1481.5,0.005155
36,"R_Date","05BDT5‐71",NA,"likelihood",1482.5,0.005345
36,"R_Date","05BDT5‐71",NA,"likelihood",1483.5,0.005526
36,"R_Date","05BDT5‐71",NA,"likelihood",1484.5,0.005526
36,"R_Date","05BDT5‐71",NA,"likelihood",1485.5,0.005526
36,"R_Date","05BDT5‐71",NA,"likelihood",1486.5,0.005526
36,"R_Date","05BDT5‐71",NA,"likelihood",1487.5,0.005526
36,"R_Date","05BDT5‐71",NA,"likelihood",1488.5,0.00568
36,"R_Date","05BDT5‐71",NA,"likelihood",1489.5,0.00585
36,"R_Date","05BDT5‐71",NA,"likelihood",1490.5,0.006017
36,"R_Date","05BDT5‐71",NA,"likelihood",1491.5,0.006181
36,"R_Date","05BDT5‐71",NA,"likelihood",1492.5,0.00634
36,"R_Date","05BDT5‐71",NA,"likelihood",1493.5,0.006643
36,"R_Date","05BDT5‐71",NA,"likelihood",1494.5,0.006786
36,"R_Date","05BDT5‐71",NA,"likelihood",1495.5,0.007053
36,"R_Date","05BDT5‐71",NA,"likelihood",1496.5,0.007175
36,"R_Date","05BDT5‐71",NA,"likelihood",1497.5,0.00729
36,"R_Date","05BDT5‐71",NA,"likelihood",1498.5,0.00729
36,"R_Date","05BDT5‐71",NA,"likelihood",1499.5,0.007396
36,"R_Date","05BDT5‐71",NA,"likelihood",1500.5,0.007396
36,"R_Date","05BDT5‐71",NA,"likelihood",1501.5,0.007396
36,"R_Date","05BDT5‐71",NA,"likelihood",1502.5,0.007493
36,"R_Date","05BDT5‐71",NA,"likelihood",1503.5,0.007581
36,"R_Date","05BDT5‐71",NA,"likelihood",1504.5,0.00766
36,"R_Date","05BDT5‐71",NA,"likelihood",1505.5,0.007728
36,"R_Date","05BDT5‐71",NA,"likelihood",1506.5,0.007787
36,"R_Date","05BDT5‐71",NA,"likelihood",1507.5,0.007835
36,"R_Date","05BDT5‐71",NA,"likelihood",1508.5,0.007873
36,"R_Date","05BDT5‐71",NA,"likelihood",1509.5,0.007917
36,"R_Date","05BDT5‐71",NA,"likelihood",1510.5,0.007922
36,"R_Date","05BDT5‐71",NA,"likelihood",1511.5,0.0079
36,"R_Date","05BDT5‐71",NA,"likelihood",1512.5,0.007976
36,"R_Date","05BDT5‐71",NA,"likelihood",1513.5,0.007937
36,"R_Date","05BDT5‐71",NA,"likelihood",1514.5,0.007937
36,"R_Date","05BDT5‐71",NA,"likelihood",1515.5,0.007834
36,"R_Date","05BDT5‐71",NA,"likelihood",1516.5,0.007834
36,"R_Date","05BDT5‐71",NA,"likelihood",1517.5,0.007834
36,"R_Date","05BDT5‐71",NA,"likelihood",1518.5,0.007786
36,"R_Date","05BDT5‐71",NA,"likelihood",1519.5,0.007727
36,"R_Date","05BDT5‐71",NA,"likelihood",1520.5,0.00749
36,"R_Date","05BDT5‐71",NA,"likelihood",1521.5,0.007286
36,"R_Date","05BDT5‐71",NA,"likelihood",1522.5,0.006917
36,"R_Date","05BDT5‐71",NA,"likelihood",1523.5,0.006486
36,"R_Date","05BDT5‐71",NA,"likelihood",1524.5,0.006007
36,"R_Date","05BDT5‐71",NA,"likelihood",1525.5,0.005332
36,"R_Date","05BDT5‐71",NA,"likelihood",1526.5,0.004599
36,"R_Date","05BDT5‐71",NA,"likelihood",1527.5,0.003877
36,"R_Date","05BDT5‐71",NA,"likelihood",1528.5,0.003194
36,"R_Date","05BDT5‐71",NA,"likelihood",1529.5,0.0027213
36,"R_Date","05BDT5‐71",NA,"likelihood",1530.5,0.0023344
36,"R_Date","05BDT5‐71",NA,"likelihood",1531.5,0.0020718
36,"R_Date","05BDT5‐71",NA,"likelihood",1532.5,0.0018284
36,"R_Date","05BDT5‐71",NA,"likelihood",1533.5,0.0017141
36,"R_Date","05BDT5‐71",NA,"likelihood",1534.5,0.0017141
36,"R_Date","05BDT5‐71",NA,"likelihood",1535.5,0.0018284
36,"R_Date","05BDT5‐71",NA,"likelihood",1536.5,0.0019477
36,"R_Date","05BDT5‐71",NA,"likelihood",1537.5,0.0021541
36,"R_Date","05BDT5‐71",NA,"likelihood",1538.5,0.0024727
36,"R_Date","05BDT5‐71",NA,"likelihood",1539.5,0.0027629
36,"R_Date","05BDT5‐71",NA,"likelihood",1540.5,0.0030325
36,"R_Date","05BDT5‐71",NA,"likelihood",1541.5,0.003229
36,"R_Date","05BDT5‐71",NA,"likelihood",1542.5,0.00336
36,"R_Date","05BDT5‐71",NA,"likelihood",1543.5,0.003559
36,"R_Date","05BDT5‐71",NA,"likelihood",1544.5,0.003392
36,"R_Date","05BDT5‐71",NA,"likelihood",1545.5,0.003229
36,"R_Date","05BDT5‐71",NA,"likelihood",1546.5,0.0030701
36,"R_Date","05BDT5‐71",NA,"likelihood",1547.5,0.0029145
36,"R_Date","05BDT5‐71",NA,"likelihood",1548.5,0.0029145
36,"R_Date","05BDT5‐71",NA,"likelihood",1549.5,0.0029145
36,"R_Date","05BDT5‐71",NA,"likelihood",1550.5,0.003229
36,"R_Date","05BDT5‐71",NA,"likelihood",1551.5,0.003559
36,"R_Date","05BDT5‐71",NA,"likelihood",1552.5,0.003899
36,"R_Date","05BDT5‐71",NA,"likelihood",1553.5,0.004249
36,"R_Date","05BDT5‐71",NA,"likelihood",1554.5,0.004427
36,"R_Date","05BDT5‐71",NA,"likelihood",1555.5,0.004605
36,"R_Date","05BDT5‐71",NA,"likelihood",1556.5,0.004784
36,"R_Date","05BDT5‐71",NA,"likelihood",1557.5,0.005141
36,"R_Date","05BDT5‐71",NA,"likelihood",1558.5,0.005318
36,"R_Date","05BDT5‐71",NA,"likelihood",1559.5,0.005668
36,"R_Date","05BDT5‐71",NA,"likelihood",1560.5,0.006007
36,"R_Date","05BDT5‐71",NA,"likelihood",1561.5,0.006171
36,"R_Date","05BDT5‐71",NA,"likelihood",1562.5,0.006331
36,"R_Date","05BDT5‐71",NA,"likelihood",1563.5,0.006171
36,"R_Date","05BDT5‐71",NA,"likelihood",1564.5,0.006007
36,"R_Date","05BDT5‐71",NA,"likelihood",1565.5,0.005668
36,"R_Date","05BDT5‐71",NA,"likelihood",1566.5,0.005494
36,"R_Date","05BDT5‐71",NA,"likelihood",1567.5,0.005318
36,"R_Date","05BDT5‐71",NA,"likelihood",1568.5,0.005332
36,"R_Date","05BDT5‐71",NA,"likelihood",1569.5,0.005318
36,"R_Date","05BDT5‐71",NA,"likelihood",1570.5,0.005668
36,"R_Date","05BDT5‐71",NA,"likelihood",1571.5,0.005839
36,"R_Date","05BDT5‐71",NA,"likelihood",1572.5,0.006171
36,"R_Date","05BDT5‐71",NA,"likelihood",1573.5,0.006331
36,"R_Date","05BDT5‐71",NA,"likelihood",1574.5,0.006636
36,"R_Date","05BDT5‐71",NA,"likelihood",1575.5,0.00678
36,"R_Date","05BDT5‐71",NA,"likelihood",1576.5,0.007048
36,"R_Date","05BDT5‐71",NA,"likelihood",1577.5,0.007171
36,"R_Date","05BDT5‐71",NA,"likelihood",1578.5,0.007286
36,"R_Date","05BDT5‐71",NA,"likelihood",1579.5,0.007286
36,"R_Date","05BDT5‐71",NA,"likelihood",1580.5,0.007392
36,"R_Date","05BDT5‐71",NA,"likelihood",1581.5,0.007392
36,"R_Date","05BDT5‐71",NA,"likelihood",1582.5,0.007392
36,"R_Date","05BDT5‐71",NA,"likelihood",1583.5,0.007392
36,"R_Date","05BDT5‐71",NA,"likelihood",1584.5,0.007392
36,"R_Date","05BDT5‐71",NA,"likelihood",1585.5,0.007286
36,"R_Date","05BDT5‐71",NA,"likelihood",1586.5,0.007286
36,"R_Date","05BDT5‐71",NA,"likelihood",1587.5,0.007392
36,"R_Date","05BDT5‐71",NA,"likelihood",1588.5,0.00749
36,"R_Date","05BDT5‐71",NA,"likelihood",1589.5,0.007658
36,"R_Date","05BDT5‐71",NA,"likelihood",1590.5,0.007786
36,"R_Date","05BDT5‐71",NA,"likelihood",1591.5,0.0079
36,"R_Date","05BDT5‐71",NA,"likelihood",1592.5,0.007922
36,"R_Date","05BDT5‐71",NA,"likelihood",1593.5,0.0079
36,"R_Date","05BDT5‐71",NA,"likelihood",1594.5,0.007835
36,"R_Date","05BDT5‐71",NA,"likelihood",1595.5,0.007728
36,"R_Date","05BDT5‐71",NA,"likelihood",1596.5,0.007728
36,"R_Date","05BDT5‐71",NA,"likelihood",1597.5,0.00766
36,"R_Date","05BDT5‐71",NA,"likelihood",1598.5,0.007581
36,"R_Date","05BDT5‐71",NA,"likelihood",1599.5,0.007493
36,"R_Date","05BDT5‐71",NA,"likelihood",1600.5,0.007396
36,"R_Date","05BDT5‐71",NA,"likelihood",1601.5,0.007175
36,"R_Date","05BDT5‐71",NA,"likelihood",1602.5,0.006786
36,"R_Date","05BDT5‐71",NA,"likelihood",1603.5,0.00634
36,"R_Date","05BDT5‐71",NA,"likelihood",1604.5,0.006017
36,"R_Date","05BDT5‐71",NA,"likelihood",1605.5,0.00585
36,"R_Date","05BDT5‐71",NA,"likelihood",1606.5,0.00585
36,"R_Date","05BDT5‐71",NA,"likelihood",1607.5,0.006181
36,"R_Date","05BDT5‐71",NA,"likelihood",1608.5,0.006494
36,"R_Date","05BDT5‐71",NA,"likelihood",1609.5,0.006786
36,"R_Date","05BDT5‐71",NA,"likelihood",1610.5,0.007053
36,"R_Date","05BDT5‐71",NA,"likelihood",1611.5,0.007175
36,"R_Date","05BDT5‐71",NA,"likelihood",1612.5,0.007175
36,"R_Date","05BDT5‐71",NA,"likelihood",1613.5,0.007175
36,"R_Date","05BDT5‐71",NA,"likelihood",1614.5,0.007175
36,"R_Date","05BDT5‐71",NA,"likelihood",1615.5,0.00729
36,"R_Date","05BDT5‐71",NA,"likelihood",1616.5,0.007396
36,"R_Date","05BDT5‐71",NA,"likelihood",1617.5,0.00766
36,"R_Date","05BDT5‐71",NA,"likelihood",1618.5,0.007873
36,"R_Date","05BDT5‐71",NA,"likelihood",1619.5,0.007922
36,"R_Date","05BDT5‐71",NA,"likelihood",1620.5,0.007834
36,"R_Date","05BDT5‐71",NA,"likelihood",1621.5,0.007579
36,"R_Date","05BDT5‐71",NA,"likelihood",1622.5,0.007171
36,"R_Date","05BDT5‐71",NA,"likelihood",1623.5,0.006917
36,"R_Date","05BDT5‐71",NA,"likelihood",1624.5,0.00678
36,"R_Date","05BDT5‐71",NA,"likelihood",1625.5,0.006636
36,"R_Date","05BDT5‐71",NA,"likelihood",1626.5,0.006636
36,"R_Date","05BDT5‐71",NA,"likelihood",1627.5,0.00678
36,"R_Date","05BDT5‐71",NA,"likelihood",1628.5,0.00678
36,"R_Date","05BDT5‐71",NA,"likelihood",1629.5,0.006486
36,"R_Date","05BDT5‐71",NA,"likelihood",1630.5,0.006171
36,"R_Date","05BDT5‐71",NA,"likelihood",1631.5,0.005839
36,"R_Date","05BDT5‐71",NA,"likelihood",1632.5,0.005141
36,"R_Date","05BDT5‐71",NA,"likelihood",1633.5,0.004249
36,"R_Date","05BDT5‐71",NA,"likelihood",1634.5,0.003559
36,"R_Date","05BDT5‐71",NA,"likelihood",1635.5,0.0027629
36,"R_Date","05BDT5‐71",NA,"likelihood",1636.5,0.0022007
36,"R_Date","05BDT5‐71",NA,"likelihood",1637.5,0.0017141
36,"R_Date","05BDT5‐71",NA,"likelihood",1638.5,0.0014005
36,"R_Date","05BDT5‐71",NA,"likelihood",1639.5,0.001049
36,"R_Date","05BDT5‐71",NA,"likelihood",1640.5,0.0007683
36,"R_Date","05BDT5‐71",NA,"likelihood",1641.5,0.0005045
36,"R_Date","05BDT5‐71",NA,"likelihood",1642.5,0.0003513
36,"R_Date","05BDT5‐71",NA,"likelihood",1643.5,0.0002392
36,"R_Date","05BDT5‐71",NA,"likelihood",1644.5,0.00015926
36,"R_Date","05BDT5‐71",NA,"likelihood",1645.5,0.00011566
36,"R_Date","05BDT5‐71",NA,"likelihood",1646.5,8.294e-05
36,"R_Date","05BDT5‐71",NA,"likelihood",1647.5,5.872e-05
36,"R_Date","05BDT5‐71",NA,"likelihood",1648.5,3.633e-05
36,"R_Date","05BDT5‐71",NA,"likelihood",1649.5,2.4974e-05
36,"R_Date","05BDT5‐71",NA,"likelihood",1650.5,1.9311e-05
36,"R_Date","05BDT5‐71",NA,"likelihood",1651.5,1.4852e-05
36,"R_Date","05BDT5‐71",NA,"likelihood",1652.5,1.1358e-05
36,"R_Date","05BDT5‐71",NA,"likelihood",1653.5,9.915e-06
36,"R_Date","05BDT5‐71",NA,"likelihood",1654.5,7.514e-06
36,"R_Date","05BDT5‐71",NA,"likelihood",1655.5,6.533e-06
36,"R_Date","05BDT5‐71",NA,"likelihood",1656.5,4.905e-06
36,"R_Date","05BDT5‐71",NA,"likelihood",1657.5,3.167e-06
36,"R_Date","05BDT5‐71",NA,"likelihood",1658.5,2.018e-06
36,"R_Date","05BDT5‐71",NA,"likelihood",1659.5,1.2682e-06
36,"R_Date","05BDT5‐71",NA,"likelihood",1660.5,6.7e-07
36,"R_Date","05BDT5‐71",NA,"likelihood",1661.5,3.43e-07
36,"R_Date","05BDT5‐71",NA,"likelihood",1662.5,1.7548e-07
36,"R_Date","05BDT5‐71",NA,"likelihood",1663.5,8.774e-08
36,"R_Date","05BDT5‐71",NA,"likelihood",1664.5,4.786e-08
36,"R_Date","05BDT5‐71",NA,"likelihood",1665.5,2.3929e-08
36,"R_Date","05BDT5‐71",NA,"likelihood",1666.5,7.976e-09
36,"R_Date","05BDT5‐71",NA,"likelihood",1667.5,7.976e-09
36,"R_Date","05BDT5‐71",NA,"likelihood",1668.5,0
36,"R_Date","05BDT5‐71",NA,"likelihood",1669.5,0
36,"R_Date","05BDT5‐71",NA,"likelihood",1670.5,0
36,"R_Date","05BDT5‐71",NA,"likelihood",1671.5,0
36,"R_Date","05BDT5‐71",NA,"likelihood",1672.5,0
36,"R_Date","05BDT5‐71",NA,"likelihood",1673.5,0
36,"R_Date","05BDT5‐71",NA,"likelihood",1674.5,0
36,"R_Date","05BDT5‐71",NA,"likelihood",1675.5,0
36,"R_Date","05BDT5‐71",NA,"likelihood",1676.5,0
36,"R_Date","05BDT5‐71",NA,"likelihood",1677.5,0
36,"R_Date","05BDT5‐71",NA,"likelihood",1678.5,0
36,"R_Date","05BDT5‐71",NA,"likelihood",1679.5,0
36,"R_Date","05BDT5‐71",NA,"likelihood",1680.5,0
36,"R_Date","05BDT5‐71",NA,"likelihood",1681.5,0
36,"R_Date","05BDT5‐71",NA,"likelihood",1682.5,0
36,"R_Date","05BDT5‐71",NA,"likelihood",1683.5,0
36,"R_Date","05BDT5‐71",NA,"likelihood",1684.5,0
36,"R_Date","05BDT5‐71",NA,"likelihood",1685.5,0
36,"R_Date","05BDT5‐71",NA,"likelihood",1686.5,0
36,"R_Date","05BDT5‐71",NA,"likelihood",1687.5,0
36,"R_Date","05BDT5‐71",NA,"likelihood",1688.5,0
36,"R_Date","05BDT5‐71",NA,"likelihood",1689.5,0
36,"R_Date","05BDT5‐71",NA,"likelihood",1690.5,0
36,"R_Date","05BDT5‐71",NA,"likelihood",1691.5,0
36,"R_Date","05BDT5‐71",NA,"likelihood",1692.5,0
36,"R_Date","05BDT5‐71",NA,"likelihood",1693.5,0
36,"R_Date","05BDT5‐71",NA,"likelihood",1694.5,0
36,"R_Date","05BDT5‐71",NA,"likelihood",1695.5,0
36,"R_Date","05BDT5‐71",NA,"likelihood",1696.5,0
36,"R_Date","05BDT5‐71",NA,"likelihood",1697.5,0
36,"R_Date","05BDT5‐71",NA,"likelihood",1698.5,0
36,"R_Date","05BDT5‐71",NA,"likelihood",1699.5,0
36,"R_Date","05BDT5‐71",NA,"likelihood",1700.5,0
36,"R_Date","05BDT5‐71",NA,"likelihood",1701.5,0
36,"R_Date","05BDT5‐71",NA,"likelihood",1702.5,0
36,"R_Date","05BDT5‐71",NA,"likelihood",1703.5,0
36,"R_Date","05BDT5‐71",NA,"likelihood",1704.5,0
36,"R_Date","05BDT5‐71",NA,"likelihood",1705.5,0
36,"R_Date","05BDT5‐71",NA,"likelihood",1706.5,0
36,"R_Date","05BDT5‐71",NA,"likelihood",1707.5,0
36,"R_Date","05BDT5‐71",NA,"likelihood",1708.5,0
36,"R_Date","05BDT5‐71",NA,"likelihood",1709.5,0
36,"R_Date","05BDT5‐71",NA,"likelihood",1710.5,0
36,"R_Date","05BDT5‐71",NA,"likelihood",1711.5,0
36,"R_Date","05BDT5‐71",NA,"likelihood",1712.5,0
36,"R_Date","05BDT5‐71",NA,"likelihood",1713.5,0
36,"R_Date","05BDT5‐71",NA,"likelihood",1714.5,0
36,"R_Date","05BDT5‐71",NA,"likelihood",1715.5,0
36,"R_Date","05BDT5‐71",NA,"likelihood",1716.5,0
36,"R_Date","05BDT5‐71",NA,"likelihood",1717.5,0
36,"R_Date","05BDT5‐71",NA,"likelihood",1718.5,0
36,"R_Date","05BDT5‐71",NA,"likelihood",1719.5,0
36,"R_Date","05BDT5‐71",NA,"likelihood",1720.5,0
36,"R_Date","05BDT5‐71",NA,"likelihood",1721.5,0
36,"R_Date","05BDT5‐71",NA,"likelihood",1722.5,0
36,"R_Date","05BDT5‐71",NA,"likelihood",1723.5,0
36,"R_Date","05BDT5‐71",NA,"likelihood",1724.5,0
36,"R_Date","05BDT5‐71",NA,"likelihood",1725.5,0
36,"R_Date","05BDT5‐71",NA,"likelihood",1726.5,0
36,"R_Date","05BDT5‐71",NA,"likelihood",1727.5,0
36,"R_Date","05BDT5‐71",NA,"likelihood",1728.5,0
36,"R_Date","05BDT5‐71",NA,"likelihood",1729.5,0
36,"R_Date","05BDT5‐71",NA,"likelihood",1730.5,0
36,"R_Date","05BDT5‐71",NA,"likelihood",1731.5,0
36,"R_Date","05BDT5‐71",NA,"likelihood",1732.5,0
36,"R_Date","05BDT5‐71",NA,"likelihood",1733.5,0
36,"R_Date","05BDT5‐71",NA,"likelihood",1734.5,0
36,"R_Date","05BDT5‐71",NA,"likelihood",1735.5,0
36,"R_Date","05BDT5‐71",NA,"likelihood",1736.5,0
36,"R_Date","05BDT5‐71",NA,"likelihood",1737.5,0
36,"R_Date","05BDT5‐71",NA,"likelihood",1738.5,0
36,"R_Date","05BDT5‐71",NA,"likelihood",1739.5,0
36,"R_Date","05BDT5‐71",NA,"likelihood",1740.5,0
36,"R_Date","05BDT5‐71",NA,"likelihood",1741.5,0
36,"R_Date","05BDT5‐71",NA,"likelihood",1742.5,0
36,"R_Date","05BDT5‐71",NA,"likelihood",1743.5,0
36,"R_Date","05BDT5‐71",NA,"likelihood",1744.5,0
36,"R_Date","05BDT5‐71",NA,"likelihood",1745.5,0
36,"R_Date","05BDT5‐71",NA,"likelihood",1746.5,0
36,"R_Date","05BDT5‐71",NA,"likelihood",1747.5,0
36,"R_Date","05BDT5‐71",NA,"likelihood",1748.5,0
36,"R_Date","05BDT5‐71",NA,"likelihood",1749.5,0
36,"R_Date","05BDT5‐71",NA,"likelihood",1750.5,0
36,"R_Date","05BDT5‐71",NA,"likelihood",1751.5,0
36,"R_Date","05BDT5‐71",NA,"likelihood",1752.5,0
36,"R_Date","05BDT5‐71",NA,"likelihood",1753.5,0
36,"R_Date","05BDT5‐71",NA,"likelihood",1754.5,0
36,"R_Date","05BDT5‐71",NA,"likelihood",1755.5,0
36,"R_Date","05BDT5‐71",NA,"likelihood",1756.5,0
36,"R_Date","05BDT5‐71",NA,"likelihood",1757.5,0
36,"R_Date","05BDT5‐71",NA,"likelihood",1758.5,0
36,"R_Date","05BDT5‐71",NA,"likelihood",1759.5,0
36,"R_Date","05BDT5‐71",NA,"likelihood",1760.5,0
36,"R_Date","05BDT5‐71",NA,"likelihood",1761.5,0
36,"R_Date","05BDT5‐71",NA,"likelihood",1762.5,0
36,"R_Date","05BDT5‐71",NA,"likelihood",1763.5,0
36,"R_Date","05BDT5‐71",NA,"likelihood",1764.5,0
36,"R_Date","05BDT5‐71",NA,"likelihood",1765.5,0
36,"R_Date","05BDT5‐71",NA,"likelihood",1766.5,0
36,"R_Date","05BDT5‐71",NA,"likelihood",1767.5,0
36,"R_Date","05BDT5‐71",NA,"likelihood",1768.5,0
36,"R_Date","05BDT5‐71",NA,"likelihood",1769.5,0
36,"R_Date","05BDT5‐71",NA,"likelihood",1770.5,0
36,"R_Date","05BDT5‐71",NA,"likelihood",1771.5,0
36,"R_Date","05BDT5‐71",NA,"likelihood",1772.5,0
36,"R_Date","05BDT5‐71",NA,"likelihood",1773.5,0
36,"R_Date","05BDT5‐71",NA,"likelihood",1774.5,0
36,"R_Date","05BDT5‐71",NA,"likelihood",1775.5,0
36,"R_Date","05BDT5‐71",NA,"likelihood",1776.5,0
36,"R_Date","05BDT5‐71",NA,"likelihood",1777.5,0
36,"R_Date","05BDT5‐71",NA,"likelihood",1778.5,0
36,"R_Date","05BDT5‐71",NA,"likelihood",1779.5,0
36,"R_Date","05BDT5‐71",NA,"likelihood",1780.5,0
36,"R_Date","05BDT5‐71",NA,"likelihood",1781.5,0
36,"R_Date","05BDT5‐71",NA,"likelihood",1782.5,0
36,"R_Date","05BDT5‐71",NA,"likelihood",1783.5,7.976e-09
36,"R_Date","05BDT5‐71",NA,"likelihood",1784.5,1.5953e-08
36,"R_Date","05BDT5‐71",NA,"likelihood",1785.5,4.786e-08
36,"R_Date","05BDT5‐71",NA,"likelihood",1786.5,1.0369e-07
36,"R_Date","05BDT5‐71",NA,"likelihood",1787.5,1.7548e-07
36,"R_Date","05BDT5‐71",NA,"likelihood",1788.5,2.9513e-07
36,"R_Date","05BDT5‐71",NA,"likelihood",1789.5,4.786e-07
36,"R_Date","05BDT5‐71",NA,"likelihood",1790.5,5.663e-07
36,"R_Date","05BDT5‐71",NA,"likelihood",1791.5,4.786e-07
36,"R_Date","05BDT5‐71",NA,"likelihood",1792.5,3.43e-07
36,"R_Date","05BDT5‐71",NA,"likelihood",1793.5,1.7548e-07
36,"R_Date","05BDT5‐71",NA,"likelihood",1794.5,5.583e-08
36,"R_Date","05BDT5‐71",NA,"likelihood",1795.5,1.5953e-08
36,"R_Date","05BDT5‐71",NA,"likelihood",1796.5,0
36,"R_Date","05BDT5‐71",NA,"likelihood",1797.5,0
36,"R_Date","05BDT5‐71",NA,"likelihood",1798.5,0
36,"R_Date","05BDT5‐71",NA,"posterior",1495.5,0
36,"R_Date","05BDT5‐71",NA,"posterior",1496.5,1.0412e-05
36,"R_Date","05BDT5‐71",NA,"posterior",1497.5,1.7715e-05
36,"R_Date","05BDT5‐71",NA,"posterior",1498.5,3.436e-05
36,"R_Date","05BDT5‐71",NA,"posterior",1499.5,4.375e-05
36,"R_Date","05BDT5‐71",NA,"posterior",1500.5,5.834e-05
36,"R_Date","05BDT5‐71",NA,"posterior",1501.5,8.647e-05
36,"R_Date","05BDT5‐71",NA,"posterior",1502.5,0.00011979
36,"R_Date","05BDT5‐71",NA,"posterior",1503.5,0.000175
36,"R_Date","05BDT5‐71",NA,"posterior",1504.5,0.00021666
36,"R_Date","05BDT5‐71",NA,"posterior",1505.5,0.00030104
36,"R_Date","05BDT5‐71",NA,"posterior",1506.5,0.0003552
36,"R_Date","05BDT5‐71",NA,"posterior",1507.5,0.0003948
36,"R_Date","05BDT5‐71",NA,"posterior",1508.5,0.0004625
36,"R_Date","05BDT5‐71",NA,"posterior",1509.5,0.0005396
36,"R_Date","05BDT5‐71",NA,"posterior",1510.5,0.0005896
36,"R_Date","05BDT5‐71",NA,"posterior",1511.5,0.0007021
36,"R_Date","05BDT5‐71",NA,"posterior",1512.5,0.0007989
36,"R_Date","05BDT5‐71",NA,"posterior",1513.5,0.0009188
36,"R_Date","05BDT5‐71",NA,"posterior",1514.5,0.0010438
36,"R_Date","05BDT5‐71",NA,"posterior",1515.5,0.0011531
36,"R_Date","05BDT5‐71",NA,"posterior",1516.5,0.0013354
36,"R_Date","05BDT5‐71",NA,"posterior",1517.5,0.001376
36,"R_Date","05BDT5‐71",NA,"posterior",1518.5,0.0014865
36,"R_Date","05BDT5‐71",NA,"posterior",1519.5,0.0015875
36,"R_Date","05BDT5‐71",NA,"posterior",1520.5,0.0016823
36,"R_Date","05BDT5‐71",NA,"posterior",1521.5,0.001575
36,"R_Date","05BDT5‐71",NA,"posterior",1522.5,0.0015729
36,"R_Date","05BDT5‐71",NA,"posterior",1523.5,0.0016281
36,"R_Date","05BDT5‐71",NA,"posterior",1524.5,0.0015354
36,"R_Date","05BDT5‐71",NA,"posterior",1525.5,0.0014437
36,"R_Date","05BDT5‐71",NA,"posterior",1526.5,0.0012542
36,"R_Date","05BDT5‐71",NA,"posterior",1527.5,0.0010833
36,"R_Date","05BDT5‐71",NA,"posterior",1528.5,0.0009896
36,"R_Date","05BDT5‐71",NA,"posterior",1529.5,0.0008708
36,"R_Date","05BDT5‐71",NA,"posterior",1530.5,0.0007813
36,"R_Date","05BDT5‐71",NA,"posterior",1531.5,0.0007094
36,"R_Date","05BDT5‐71",NA,"posterior",1532.5,0.0007094
36,"R_Date","05BDT5‐71",NA,"posterior",1533.5,0.0007011
36,"R_Date","05BDT5‐71",NA,"posterior",1534.5,0.0007344
36,"R_Date","05BDT5‐71",NA,"posterior",1535.5,0.0007989
36,"R_Date","05BDT5‐71",NA,"posterior",1536.5,0.0008885
36,"R_Date","05BDT5‐71",NA,"posterior",1537.5,0.0010229
36,"R_Date","05BDT5‐71",NA,"posterior",1538.5,0.0012188
36,"R_Date","05BDT5‐71",NA,"posterior",1539.5,0.0014063
36,"R_Date","05BDT5‐71",NA,"posterior",1540.5,0.0015854
36,"R_Date","05BDT5‐71",NA,"posterior",1541.5,0.001749
36,"R_Date","05BDT5‐71",NA,"posterior",1542.5,0.0020292
36,"R_Date","05BDT5‐71",NA,"posterior",1543.5,0.0021646
36,"R_Date","05BDT5‐71",NA,"posterior",1544.5,0.002101
36,"R_Date","05BDT5‐71",NA,"posterior",1545.5,0.0020615
36,"R_Date","05BDT5‐71",NA,"posterior",1546.5,0.0020948
36,"R_Date","05BDT5‐71",NA,"posterior",1547.5,0.0020375
36,"R_Date","05BDT5‐71",NA,"posterior",1548.5,0.0021396
36,"R_Date","05BDT5‐71",NA,"posterior",1549.5,0.0021563
36,"R_Date","05BDT5‐71",NA,"posterior",1550.5,0.0025208
36,"R_Date","05BDT5‐71",NA,"posterior",1551.5,0.0028635
36,"R_Date","05BDT5‐71",NA,"posterior",1552.5,0.003197
36,"R_Date","05BDT5‐71",NA,"posterior",1553.5,0.003636
36,"R_Date","05BDT5‐71",NA,"posterior",1554.5,0.003902
36,"R_Date","05BDT5‐71",NA,"posterior",1555.5,0.004194
36,"R_Date","05BDT5‐71",NA,"posterior",1556.5,0.004639
36,"R_Date","05BDT5‐71",NA,"posterior",1557.5,0.004919
36,"R_Date","05BDT5‐71",NA,"posterior",1558.5,0.005372
36,"R_Date","05BDT5‐71",NA,"posterior",1559.5,0.005967
36,"R_Date","05BDT5‐71",NA,"posterior",1560.5,0.006617
36,"R_Date","05BDT5‐71",NA,"posterior",1561.5,0.006971
36,"R_Date","05BDT5‐71",NA,"posterior",1562.5,0.007126
36,"R_Date","05BDT5‐71",NA,"posterior",1563.5,0.00746
36,"R_Date","05BDT5‐71",NA,"posterior",1564.5,0.007164
36,"R_Date","05BDT5‐71",NA,"posterior",1565.5,0.007221
36,"R_Date","05BDT5‐71",NA,"posterior",1566.5,0.007246
36,"R_Date","05BDT5‐71",NA,"posterior",1567.5,0.007329
36,"R_Date","05BDT5‐71",NA,"posterior",1568.5,0.007366
36,"R_Date","05BDT5‐71",NA,"posterior",1569.5,0.007716
36,"R_Date","05BDT5‐71",NA,"posterior",1570.5,0.008434
36,"R_Date","05BDT5‐71",NA,"posterior",1571.5,0.009152
36,"R_Date","05BDT5‐71",NA,"posterior",1572.5,0.009792
36,"R_Date","05BDT5‐71",NA,"posterior",1573.5,0.010358
36,"R_Date","05BDT5‐71",NA,"posterior",1574.5,0.011136
36,"R_Date","05BDT5‐71",NA,"posterior",1575.5,0.011855
36,"R_Date","05BDT5‐71",NA,"posterior",1576.5,0.012484
36,"R_Date","05BDT5‐71",NA,"posterior",1577.5,0.012981
36,"R_Date","05BDT5‐71",NA,"posterior",1578.5,0.013902
36,"R_Date","05BDT5‐71",NA,"posterior",1579.5,0.014314
36,"R_Date","05BDT5‐71",NA,"posterior",1580.5,0.01479
36,"R_Date","05BDT5‐71",NA,"posterior",1581.5,0.015422
36,"R_Date","05BDT5‐71",NA,"posterior",1582.5,0.015667
36,"R_Date","05BDT5‐71",NA,"posterior",1583.5,0.016095
36,"R_Date","05BDT5‐71",NA,"posterior",1584.5,0.016209
36,"R_Date","05BDT5‐71",NA,"posterior",1585.5,0.016196
36,"R_Date","05BDT5‐71",NA,"posterior",1586.5,0.017024
36,"R_Date","05BDT5‐71",NA,"posterior",1587.5,0.017204
36,"R_Date","05BDT5‐71",NA,"posterior",1588.5,0.01791
36,"R_Date","05BDT5‐71",NA,"posterior",1589.5,0.018878
36,"R_Date","05BDT5‐71",NA,"posterior",1590.5,0.019519
36,"R_Date","05BDT5‐71",NA,"posterior",1591.5,0.020189
36,"R_Date","05BDT5‐71",NA,"posterior",1592.5,0.020844
36,"R_Date","05BDT5‐71",NA,"posterior",1593.5,0.021077
36,"R_Date","05BDT5‐71",NA,"posterior",1594.5,0.021196
36,"R_Date","05BDT5‐71",NA,"posterior",1595.5,0.021253
36,"R_Date","05BDT5‐71",NA,"posterior",1596.5,0.021206
36,"R_Date","05BDT5‐71",NA,"posterior",1597.5,0.021292
36,"R_Date","05BDT5‐71",NA,"posterior",1598.5,0.021231
36,"R_Date","05BDT5‐71",NA,"posterior",1599.5,0.020497
36,"R_Date","05BDT5‐71",NA,"posterior",1600.5,0.020676
36,"R_Date","05BDT5‐71",NA,"posterior",1601.5,0.019977
36,"R_Date","05BDT5‐71",NA,"posterior",1602.5,0.018556
36,"R_Date","05BDT5‐71",NA,"posterior",1603.5,0.017602
36,"R_Date","05BDT5‐71",NA,"posterior",1604.5,0.016802
36,"R_Date","05BDT5‐71",NA,"posterior",1605.5,0.016593
36,"R_Date","05BDT5‐71",NA,"posterior",1606.5,0.016211
36,"R_Date","05BDT5‐71",NA,"posterior",1607.5,0.016542
36,"R_Date","05BDT5‐71",NA,"posterior",1608.5,0.017067
36,"R_Date","05BDT5‐71",NA,"posterior",1609.5,0.017403
36,"R_Date","05BDT5‐71",NA,"posterior",1610.5,0.017392
36,"R_Date","05BDT5‐71",NA,"posterior",1611.5,0.016604
36,"R_Date","05BDT5‐71",NA,"posterior",1612.5,0.016092
36,"R_Date","05BDT5‐71",NA,"posterior",1613.5,0.014716
36,"R_Date","05BDT5‐71",NA,"posterior",1614.5,0.013794
36,"R_Date","05BDT5‐71",NA,"posterior",1615.5,0.013091
36,"R_Date","05BDT5‐71",NA,"posterior",1616.5,0.011868
36,"R_Date","05BDT5‐71",NA,"posterior",1617.5,0.011256
36,"R_Date","05BDT5‐71",NA,"posterior",1618.5,0.009974
36,"R_Date","05BDT5‐71",NA,"posterior",1619.5,0.00873
36,"R_Date","05BDT5‐71",NA,"posterior",1620.5,0.00729
36,"R_Date","05BDT5‐71",NA,"posterior",1621.5,0.005626
36,"R_Date","05BDT5‐71",NA,"posterior",1622.5,0.004533
36,"R_Date","05BDT5‐71",NA,"posterior",1623.5,0.003523
36,"R_Date","05BDT5‐71",NA,"posterior",1624.5,0.0026979
36,"R_Date","05BDT5‐71",NA,"posterior",1625.5,0.0020417
36,"R_Date","05BDT5‐71",NA,"posterior",1626.5,0.0016125
36,"R_Date","05BDT5‐71",NA,"posterior",1627.5,0.0012365
36,"R_Date","05BDT5‐71",NA,"posterior",1628.5,0.0009365
36,"R_Date","05BDT5‐71",NA,"posterior",1629.5,0.0006583
36,"R_Date","05BDT5‐71",NA,"posterior",1630.5,0.000375
36,"R_Date","05BDT5‐71",NA,"posterior",1631.5,0.00022708
36,"R_Date","05BDT5‐71",NA,"posterior",1632.5,0.00012187
36,"R_Date","05BDT5‐71",NA,"posterior",1633.5,6.875e-05
36,"R_Date","05BDT5‐71",NA,"posterior",1634.5,2.8126e-05
36,"R_Date","05BDT5‐71",NA,"posterior",1635.5,8.325e-06
36,"R_Date","05BDT5‐71",NA,"posterior",1636.5,3.1299e-06
36,"R_Date","05BDT5‐71",NA,"posterior",1637.5,4.173e-06
36,"R_Date","05BDT5‐71",NA,"posterior",1638.5,0
37,"R_Date","07BDT11‐19",NA,"likelihood",1439.5,0
37,"R_Date","07BDT11‐19",NA,"likelihood",1440.5,0
37,"R_Date","07BDT11‐19",NA,"likelihood",1441.5,1.3862e-08
37,"R_Date","07BDT11‐19",NA,"likelihood",1442.5,2.7724e-08
37,"R_Date","07BDT11‐19",NA,"likelihood",1443.5,6.931e-08
37,"R_Date","07BDT11‐19",NA,"likelihood",1444.5,2.0793e-07
37,"R_Date","07BDT11‐19",NA,"likelihood",1445.5,5.822e-07
37,"R_Date","07BDT11‐19",NA,"likelihood",1446.5,1.2199e-06
37,"R_Date","07BDT11‐19",NA,"likelihood",1447.5,3.0913e-06
37,"R_Date","07BDT11‐19",NA,"likelihood",1448.5,7.472e-06
37,"R_Date","07BDT11‐19",NA,"likelihood",1449.5,1.4015e-05
37,"R_Date","07BDT11‐19",NA,"likelihood",1450.5,2.5576e-05
37,"R_Date","07BDT11‐19",NA,"likelihood",1451.5,3.762e-05
37,"R_Date","07BDT11‐19",NA,"likelihood",1452.5,5.466e-05
37,"R_Date","07BDT11‐19",NA,"likelihood",1453.5,7.846e-05
37,"R_Date","07BDT11‐19",NA,"likelihood",1454.5,0.00013188
37,"R_Date","07BDT11‐19",NA,"likelihood",1455.5,0.00025256
37,"R_Date","07BDT11‐19",NA,"likelihood",1456.5,0.0005311
37,"R_Date","07BDT11‐19",NA,"likelihood",1457.5,0.0010347
37,"R_Date","07BDT11‐19",NA,"likelihood",1458.5,0.0018675
37,"R_Date","07BDT11‐19",NA,"likelihood",1459.5,0.0028346
37,"R_Date","07BDT11‐19",NA,"likelihood",1460.5,0.004097
37,"R_Date","07BDT11‐19",NA,"likelihood",1461.5,0.004458
37,"R_Date","07BDT11‐19",NA,"likelihood",1462.5,0.004835
37,"R_Date","07BDT11‐19",NA,"likelihood",1463.5,0.004458
37,"R_Date","07BDT11‐19",NA,"likelihood",1464.5,0.004097
37,"R_Date","07BDT11‐19",NA,"likelihood",1465.5,0.003754
37,"R_Date","07BDT11‐19",NA,"likelihood",1466.5,0.003429
37,"R_Date","07BDT11‐19",NA,"likelihood",1467.5,0.003754
37,"R_Date","07BDT11‐19",NA,"likelihood",1468.5,0.004097
37,"R_Date","07BDT11‐19",NA,"likelihood",1469.5,0.004458
37,"R_Date","07BDT11‐19",NA,"likelihood",1470.5,0.004835
37,"R_Date","07BDT11‐19",NA,"likelihood",1471.5,0.004835
37,"R_Date","07BDT11‐19",NA,"likelihood",1472.5,0.005229
37,"R_Date","07BDT11‐19",NA,"likelihood",1473.5,0.006059
37,"R_Date","07BDT11‐19",NA,"likelihood",1474.5,0.006936
37,"R_Date","07BDT11‐19",NA,"likelihood",1475.5,0.0083
37,"R_Date","07BDT11‐19",NA,"likelihood",1476.5,0.009663
37,"R_Date","07BDT11‐19",NA,"likelihood",1477.5,0.010943
37,"R_Date","07BDT11‐19",NA,"likelihood",1478.5,0.011708
37,"R_Date","07BDT11‐19",NA,"likelihood",1479.5,0.012373
37,"R_Date","07BDT11‐19",NA,"likelihood",1480.5,0.012917
37,"R_Date","07BDT11‐19",NA,"likelihood",1481.5,0.013136
37,"R_Date","07BDT11‐19",NA,"likelihood",1482.5,0.013705
37,"R_Date","07BDT11‐19",NA,"likelihood",1483.5,0.013862
37,"R_Date","07BDT11‐19",NA,"likelihood",1484.5,0.013862
37,"R_Date","07BDT11‐19",NA,"likelihood",1485.5,0.013862
37,"R_Date","07BDT11‐19",NA,"likelihood",1486.5,0.013862
37,"R_Date","07BDT11‐19",NA,"likelihood",1487.5,0.013862
37,"R_Date","07BDT11‐19",NA,"likelihood",1488.5,0.013566
37,"R_Date","07BDT11‐19",NA,"likelihood",1489.5,0.013628
37,"R_Date","07BDT11‐19",NA,"likelihood",1490.5,0.013649
37,"R_Date","07BDT11‐19",NA,"likelihood",1491.5,0.013627
37,"R_Date","07BDT11‐19",NA,"likelihood",1492.5,0.013564
37,"R_Date","07BDT11‐19",NA,"likelihood",1493.5,0.013315
37,"R_Date","07BDT11‐19",NA,"likelihood",1494.5,0.013131
37,"R_Date","07BDT11‐19",NA,"likelihood",1495.5,0.012654
37,"R_Date","07BDT11‐19",NA,"likelihood",1496.5,0.012365
37,"R_Date","07BDT11‐19",NA,"likelihood",1497.5,0.012045
37,"R_Date","07BDT11‐19",NA,"likelihood",1498.5,0.012045
37,"R_Date","07BDT11‐19",NA,"likelihood",1499.5,0.011697
37,"R_Date","07BDT11‐19",NA,"likelihood",1500.5,0.011697
37,"R_Date","07BDT11‐19",NA,"likelihood",1501.5,0.011697
37,"R_Date","07BDT11‐19",NA,"likelihood",1502.5,0.011325
37,"R_Date","07BDT11‐19",NA,"likelihood",1503.5,0.01093
37,"R_Date","07BDT11‐19",NA,"likelihood",1504.5,0.010517
37,"R_Date","07BDT11‐19",NA,"likelihood",1505.5,0.010088
37,"R_Date","07BDT11‐19",NA,"likelihood",1506.5,0.009647
37,"R_Date","07BDT11‐19",NA,"likelihood",1507.5,0.009197
37,"R_Date","07BDT11‐19",NA,"likelihood",1508.5,0.008741
37,"R_Date","07BDT11‐19",NA,"likelihood",1509.5,0.007823
37,"R_Date","07BDT11‐19",NA,"likelihood",1510.5,0.007366
37,"R_Date","07BDT11‐19",NA,"likelihood",1511.5,0.006471
37,"R_Date","07BDT11‐19",NA,"likelihood",1512.5,0.005915
37,"R_Date","07BDT11‐19",NA,"likelihood",1513.5,0.005477
37,"R_Date","07BDT11‐19",NA,"likelihood",1514.5,0.005477
37,"R_Date","07BDT11‐19",NA,"likelihood",1515.5,0.005616
37,"R_Date","07BDT11‐19",NA,"likelihood",1516.5,0.005616
37,"R_Date","07BDT11‐19",NA,"likelihood",1517.5,0.005616
37,"R_Date","07BDT11‐19",NA,"likelihood",1518.5,0.005207
37,"R_Date","07BDT11‐19",NA,"likelihood",1519.5,0.004813
37,"R_Date","07BDT11‐19",NA,"likelihood",1520.5,0.003732
37,"R_Date","07BDT11‐19",NA,"likelihood",1521.5,0.0031013
37,"R_Date","07BDT11‐19",NA,"likelihood",1522.5,0.0022956
37,"R_Date","07BDT11‐19",NA,"likelihood",1523.5,0.0016526
37,"R_Date","07BDT11‐19",NA,"likelihood",1524.5,0.0011571
37,"R_Date","07BDT11‐19",NA,"likelihood",1525.5,0.0005891
37,"R_Date","07BDT11‐19",NA,"likelihood",1526.5,0.000322
37,"R_Date","07BDT11‐19",NA,"likelihood",1527.5,0.00016701
37,"R_Date","07BDT11‐19",NA,"likelihood",1528.5,8.216e-05
37,"R_Date","07BDT11‐19",NA,"likelihood",1529.5,4.662e-05
37,"R_Date","07BDT11‐19",NA,"likelihood",1530.5,3.615e-05
37,"R_Date","07BDT11‐19",NA,"likelihood",1531.5,2.4495e-05
37,"R_Date","07BDT11‐19",NA,"likelihood",1532.5,1.6385e-05
37,"R_Date","07BDT11‐19",NA,"likelihood",1533.5,1.3335e-05
37,"R_Date","07BDT11‐19",NA,"likelihood",1534.5,1.3335e-05
37,"R_Date","07BDT11‐19",NA,"likelihood",1535.5,1.6385e-05
37,"R_Date","07BDT11‐19",NA,"likelihood",1536.5,2.0059e-05
37,"R_Date","07BDT11‐19",NA,"likelihood",1537.5,2.0918e-05
37,"R_Date","07BDT11‐19",NA,"likelihood",1538.5,4.372e-05
37,"R_Date","07BDT11‐19",NA,"likelihood",1539.5,6.335e-05
37,"R_Date","07BDT11‐19",NA,"likelihood",1540.5,6.824e-05
37,"R_Date","07BDT11‐19",NA,"likelihood",1541.5,0.00010796
37,"R_Date","07BDT11‐19",NA,"likelihood",1542.5,9.859e-05
37,"R_Date","07BDT11‐19",NA,"likelihood",1543.5,0.00015165
37,"R_Date","07BDT11‐19",NA,"likelihood",1544.5,0.00012816
37,"R_Date","07BDT11‐19",NA,"likelihood",1545.5,0.00010796
37,"R_Date","07BDT11‐19",NA,"likelihood",1546.5,9.066e-05
37,"R_Date","07BDT11‐19",NA,"likelihood",1547.5,7.591e-05
37,"R_Date","07BDT11‐19",NA,"likelihood",1548.5,7.591e-05
37,"R_Date","07BDT11‐19",NA,"likelihood",1549.5,7.591e-05
37,"R_Date","07BDT11‐19",NA,"likelihood",1550.5,0.00010796
37,"R_Date","07BDT11‐19",NA,"likelihood",1551.5,0.00015165
37,"R_Date","07BDT11‐19",NA,"likelihood",1552.5,0.00021041
37,"R_Date","07BDT11‐19",NA,"likelihood",1553.5,0.00028835
37,"R_Date","07BDT11‐19",NA,"likelihood",1554.5,0.000336
37,"R_Date","07BDT11‐19",NA,"likelihood",1555.5,0.0003903
37,"R_Date","07BDT11‐19",NA,"likelihood",1556.5,0.0004519
37,"R_Date","07BDT11‐19",NA,"likelihood",1557.5,0.0006004
37,"R_Date","07BDT11‐19",NA,"likelihood",1558.5,0.0006888
37,"R_Date","07BDT11‐19",NA,"likelihood",1559.5,0.0008983
37,"R_Date","07BDT11‐19",NA,"likelihood",1560.5,0.0011571
37,"R_Date","07BDT11‐19",NA,"likelihood",1561.5,0.0013071
37,"R_Date","07BDT11‐19",NA,"likelihood",1562.5,0.001472
37,"R_Date","07BDT11‐19",NA,"likelihood",1563.5,0.0013071
37,"R_Date","07BDT11‐19",NA,"likelihood",1564.5,0.0011571
37,"R_Date","07BDT11‐19",NA,"likelihood",1565.5,0.0008983
37,"R_Date","07BDT11‐19",NA,"likelihood",1566.5,0.0007878
37,"R_Date","07BDT11‐19",NA,"likelihood",1567.5,0.0006888
37,"R_Date","07BDT11‐19",NA,"likelihood",1568.5,0.0005891
37,"R_Date","07BDT11‐19",NA,"likelihood",1569.5,0.0006888
37,"R_Date","07BDT11‐19",NA,"likelihood",1570.5,0.0008983
37,"R_Date","07BDT11‐19",NA,"likelihood",1571.5,0.0010211
37,"R_Date","07BDT11‐19",NA,"likelihood",1572.5,0.0013071
37,"R_Date","07BDT11‐19",NA,"likelihood",1573.5,0.001472
37,"R_Date","07BDT11‐19",NA,"likelihood",1574.5,0.0018496
37,"R_Date","07BDT11‐19",NA,"likelihood",1575.5,0.0020638
37,"R_Date","07BDT11‐19",NA,"likelihood",1576.5,0.0025456
37,"R_Date","07BDT11‐19",NA,"likelihood",1577.5,0.0028141
37,"R_Date","07BDT11‐19",NA,"likelihood",1578.5,0.0031013
37,"R_Date","07BDT11‐19",NA,"likelihood",1579.5,0.0031013
37,"R_Date","07BDT11‐19",NA,"likelihood",1580.5,0.003407
37,"R_Date","07BDT11‐19",NA,"likelihood",1581.5,0.003407
37,"R_Date","07BDT11‐19",NA,"likelihood",1582.5,0.003407
37,"R_Date","07BDT11‐19",NA,"likelihood",1583.5,0.003407
37,"R_Date","07BDT11‐19",NA,"likelihood",1584.5,0.003407
37,"R_Date","07BDT11‐19",NA,"likelihood",1585.5,0.0031013
37,"R_Date","07BDT11‐19",NA,"likelihood",1586.5,0.0031013
37,"R_Date","07BDT11‐19",NA,"likelihood",1587.5,0.003407
37,"R_Date","07BDT11‐19",NA,"likelihood",1588.5,0.003732
37,"R_Date","07BDT11‐19",NA,"likelihood",1589.5,0.004435
37,"R_Date","07BDT11‐19",NA,"likelihood",1590.5,0.005207
37,"R_Date","07BDT11‐19",NA,"likelihood",1591.5,0.006471
37,"R_Date","07BDT11‐19",NA,"likelihood",1592.5,0.007366
37,"R_Date","07BDT11‐19",NA,"likelihood",1593.5,0.008282
37,"R_Date","07BDT11‐19",NA,"likelihood",1594.5,0.009197
37,"R_Date","07BDT11‐19",NA,"likelihood",1595.5,0.010088
37,"R_Date","07BDT11‐19",NA,"likelihood",1596.5,0.010088
37,"R_Date","07BDT11‐19",NA,"likelihood",1597.5,0.010517
37,"R_Date","07BDT11‐19",NA,"likelihood",1598.5,0.01093
37,"R_Date","07BDT11‐19",NA,"likelihood",1599.5,0.011325
37,"R_Date","07BDT11‐19",NA,"likelihood",1600.5,0.011697
37,"R_Date","07BDT11‐19",NA,"likelihood",1601.5,0.012365
37,"R_Date","07BDT11‐19",NA,"likelihood",1602.5,0.013131
37,"R_Date","07BDT11‐19",NA,"likelihood",1603.5,0.013564
37,"R_Date","07BDT11‐19",NA,"likelihood",1604.5,0.013649
37,"R_Date","07BDT11‐19",NA,"likelihood",1605.5,0.013628
37,"R_Date","07BDT11‐19",NA,"likelihood",1606.5,0.013628
37,"R_Date","07BDT11‐19",NA,"likelihood",1607.5,0.013627
37,"R_Date","07BDT11‐19",NA,"likelihood",1608.5,0.01346
37,"R_Date","07BDT11‐19",NA,"likelihood",1609.5,0.013131
37,"R_Date","07BDT11‐19",NA,"likelihood",1610.5,0.012654
37,"R_Date","07BDT11‐19",NA,"likelihood",1611.5,0.012365
37,"R_Date","07BDT11‐19",NA,"likelihood",1612.5,0.012365
37,"R_Date","07BDT11‐19",NA,"likelihood",1613.5,0.012365
37,"R_Date","07BDT11‐19",NA,"likelihood",1614.5,0.012365
37,"R_Date","07BDT11‐19",NA,"likelihood",1615.5,0.012045
37,"R_Date","07BDT11‐19",NA,"likelihood",1616.5,0.011697
37,"R_Date","07BDT11‐19",NA,"likelihood",1617.5,0.010517
37,"R_Date","07BDT11‐19",NA,"likelihood",1618.5,0.008741
37,"R_Date","07BDT11‐19",NA,"likelihood",1619.5,0.007366
37,"R_Date","07BDT11‐19",NA,"likelihood",1620.5,0.005616
37,"R_Date","07BDT11‐19",NA,"likelihood",1621.5,0.004075
37,"R_Date","07BDT11‐19",NA,"likelihood",1622.5,0.0028141
37,"R_Date","07BDT11‐19",NA,"likelihood",1623.5,0.0022956
37,"R_Date","07BDT11‐19",NA,"likelihood",1624.5,0.0020638
37,"R_Date","07BDT11‐19",NA,"likelihood",1625.5,0.0018496
37,"R_Date","07BDT11‐19",NA,"likelihood",1626.5,0.0018496
37,"R_Date","07BDT11‐19",NA,"likelihood",1627.5,0.0020638
37,"R_Date","07BDT11‐19",NA,"likelihood",1628.5,0.0020638
37,"R_Date","07BDT11‐19",NA,"likelihood",1629.5,0.0016526
37,"R_Date","07BDT11‐19",NA,"likelihood",1630.5,0.0013071
37,"R_Date","07BDT11‐19",NA,"likelihood",1631.5,0.0010211
37,"R_Date","07BDT11‐19",NA,"likelihood",1632.5,0.0006004
37,"R_Date","07BDT11‐19",NA,"likelihood",1633.5,0.00028835
37,"R_Date","07BDT11‐19",NA,"likelihood",1634.5,0.00015165
37,"R_Date","07BDT11‐19",NA,"likelihood",1635.5,6.335e-05
37,"R_Date","07BDT11‐19",NA,"likelihood",1636.5,2.9804e-05
37,"R_Date","07BDT11‐19",NA,"likelihood",1637.5,1.3335e-05
37,"R_Date","07BDT11‐19",NA,"likelihood",1638.5,7.07e-06
37,"R_Date","07BDT11‐19",NA,"likelihood",1639.5,2.8972e-06
37,"R_Date","07BDT11‐19",NA,"likelihood",1640.5,1.1367e-06
37,"R_Date","07BDT11‐19",NA,"likelihood",1641.5,3.188e-07
37,"R_Date","07BDT11‐19",NA,"likelihood",1642.5,1.109e-07
37,"R_Date","07BDT11‐19",NA,"likelihood",1643.5,4.159e-08
37,"R_Date","07BDT11‐19",NA,"likelihood",1644.5,1.3862e-08
37,"R_Date","07BDT11‐19",NA,"likelihood",1645.5,0
37,"R_Date","07BDT11‐19",NA,"likelihood",1646.5,0
37,"R_Date","07BDT11‐19",NA,"posterior",1492.5,0
37,"R_Date","07BDT11‐19",NA,"posterior",1493.5,2.095e-06
37,"R_Date","07BDT11‐19",NA,"posterior",1494.5,1.1449e-05
37,"R_Date","07BDT11‐19",NA,"posterior",1495.5,1.9799e-05
37,"R_Date","07BDT11‐19",NA,"posterior",1496.5,2.9153e-05
37,"R_Date","07BDT11‐19",NA,"posterior",1497.5,4.479e-05
37,"R_Date","07BDT11‐19",NA,"posterior",1498.5,3.75e-05
37,"R_Date","07BDT11‐19",NA,"posterior",1499.5,0.00010416
37,"R_Date","07BDT11‐19",NA,"posterior",1500.5,0.00012083
37,"R_Date","07BDT11‐19",NA,"posterior",1501.5,0.00020519
37,"R_Date","07BDT11‐19",NA,"posterior",1502.5,0.00026979
37,"R_Date","07BDT11‐19",NA,"posterior",1503.5,0.0003219
37,"R_Date","07BDT11‐19",NA,"posterior",1504.5,0.0004302
37,"R_Date","07BDT11‐19",NA,"posterior",1505.5,0.0004635
37,"R_Date","07BDT11‐19",NA,"posterior",1506.5,0.0005406
37,"R_Date","07BDT11‐19",NA,"posterior",1507.5,0.0007052
37,"R_Date","07BDT11‐19",NA,"posterior",1508.5,0.0008469
37,"R_Date","07BDT11‐19",NA,"posterior",1509.5,0.0009448
37,"R_Date","07BDT11‐19",NA,"posterior",1510.5,0.0010052
37,"R_Date","07BDT11‐19",NA,"posterior",1511.5,0.0010729
37,"R_Date","07BDT11‐19",NA,"posterior",1512.5,0.001199
37,"R_Date","07BDT11‐19",NA,"posterior",1513.5,0.0014146
37,"R_Date","07BDT11‐19",NA,"posterior",1514.5,0.0015698
37,"R_Date","07BDT11‐19",NA,"posterior",1515.5,0.0019313
37,"R_Date","07BDT11‐19",NA,"posterior",1516.5,0.0019073
37,"R_Date","07BDT11‐19",NA,"posterior",1517.5,0.0024802
37,"R_Date","07BDT11‐19",NA,"posterior",1518.5,0.0026031
37,"R_Date","07BDT11‐19",NA,"posterior",1519.5,0.0026136
37,"R_Date","07BDT11‐19",NA,"posterior",1520.5,0.0024896
37,"R_Date","07BDT11‐19",NA,"posterior",1521.5,0.0021688
37,"R_Date","07BDT11‐19",NA,"posterior",1522.5,0.0018531
37,"R_Date","07BDT11‐19",NA,"posterior",1523.5,0.0016521
37,"R_Date","07BDT11‐19",NA,"posterior",1524.5,0.00105
37,"R_Date","07BDT11‐19",NA,"posterior",1525.5,0.0006261
37,"R_Date","07BDT11‐19",NA,"posterior",1526.5,0.0003969
37,"R_Date","07BDT11‐19",NA,"posterior",1527.5,0.00019271
37,"R_Date","07BDT11‐19",NA,"posterior",1528.5,8.646e-05
37,"R_Date","07BDT11‐19",NA,"posterior",1529.5,6.875e-05
37,"R_Date","07BDT11‐19",NA,"posterior",1530.5,4.999e-05
37,"R_Date","07BDT11‐19",NA,"posterior",1531.5,2.396e-05
37,"R_Date","07BDT11‐19",NA,"posterior",1532.5,1.7704e-05
37,"R_Date","07BDT11‐19",NA,"posterior",1533.5,2.2927e-05
37,"R_Date","07BDT11‐19",NA,"posterior",1534.5,2.1865e-05
37,"R_Date","07BDT11‐19",NA,"posterior",1535.5,3.334e-05
37,"R_Date","07BDT11‐19",NA,"posterior",1536.5,3.75e-05
37,"R_Date","07BDT11‐19",NA,"posterior",1537.5,6.459e-05
37,"R_Date","07BDT11‐19",NA,"posterior",1538.5,9.478e-05
37,"R_Date","07BDT11‐19",NA,"posterior",1539.5,0.00013334
37,"R_Date","07BDT11‐19",NA,"posterior",1540.5,0.00016875
37,"R_Date","07BDT11‐19",NA,"posterior",1541.5,0.00027604
37,"R_Date","07BDT11‐19",NA,"posterior",1542.5,0.00029271
37,"R_Date","07BDT11‐19",NA,"posterior",1543.5,0.0004261
37,"R_Date","07BDT11‐19",NA,"posterior",1544.5,0.0003292
37,"R_Date","07BDT11‐19",NA,"posterior",1545.5,0.00028436
37,"R_Date","07BDT11‐19",NA,"posterior",1546.5,0.00027188
37,"R_Date","07BDT11‐19",NA,"posterior",1547.5,0.00025208
37,"R_Date","07BDT11‐19",NA,"posterior",1548.5,0.00024583
37,"R_Date","07BDT11‐19",NA,"posterior",1549.5,0.00027188
37,"R_Date","07BDT11‐19",NA,"posterior",1550.5,0.0003562
37,"R_Date","07BDT11‐19",NA,"posterior",1551.5,0.0004896
37,"R_Date","07BDT11‐19",NA,"posterior",1552.5,0.0007052
37,"R_Date","07BDT11‐19",NA,"posterior",1553.5,0.001001
37,"R_Date","07BDT11‐19",NA,"posterior",1554.5,0.0011677
37,"R_Date","07BDT11‐19",NA,"posterior",1555.5,0.001326
37,"R_Date","07BDT11‐19",NA,"posterior",1556.5,0.0016229
37,"R_Date","07BDT11‐19",NA,"posterior",1557.5,0.0020688
37,"R_Date","07BDT11‐19",NA,"posterior",1558.5,0.0024688
37,"R_Date","07BDT11‐19",NA,"posterior",1559.5,0.003399
37,"R_Date","07BDT11‐19",NA,"posterior",1560.5,0.0044
37,"R_Date","07BDT11‐19",NA,"posterior",1561.5,0.005029
37,"R_Date","07BDT11‐19",NA,"posterior",1562.5,0.00558
37,"R_Date","07BDT11‐19",NA,"posterior",1563.5,0.005332
37,"R_Date","07BDT11‐19",NA,"posterior",1564.5,0.004372
37,"R_Date","07BDT11‐19",NA,"posterior",1565.5,0.003582
37,"R_Date","07BDT11‐19",NA,"posterior",1566.5,0.0031281
37,"R_Date","07BDT11‐19",NA,"posterior",1567.5,0.0027698
37,"R_Date","07BDT11‐19",NA,"posterior",1568.5,0.0024823
37,"R_Date","07BDT11‐19",NA,"posterior",1569.5,0.0028573
37,"R_Date","07BDT11‐19",NA,"posterior",1570.5,0.003531
37,"R_Date","07BDT11‐19",NA,"posterior",1571.5,0.004222
37,"R_Date","07BDT11‐19",NA,"posterior",1572.5,0.005299
37,"R_Date","07BDT11‐19",NA,"posterior",1573.5,0.00609
37,"R_Date","07BDT11‐19",NA,"posterior",1574.5,0.007323
37,"R_Date","07BDT11‐19",NA,"posterior",1575.5,0.008434
37,"R_Date","07BDT11‐19",NA,"posterior",1576.5,0.010074
37,"R_Date","07BDT11‐19",NA,"posterior",1577.5,0.011485
37,"R_Date","07BDT11‐19",NA,"posterior",1578.5,0.012611
37,"R_Date","07BDT11‐19",NA,"posterior",1579.5,0.012269
37,"R_Date","07BDT11‐19",NA,"posterior",1580.5,0.013362
37,"R_Date","07BDT11‐19",NA,"posterior",1581.5,0.013383
37,"R_Date","07BDT11‐19",NA,"posterior",1582.5,0.013504
37,"R_Date","07BDT11‐19",NA,"posterior",1583.5,0.013251
37,"R_Date","07BDT11‐19",NA,"posterior",1584.5,0.0127
37,"R_Date","07BDT11‐19",NA,"posterior",1585.5,0.011597
37,"R_Date","07BDT11‐19",NA,"posterior",1586.5,0.011317
37,"R_Date","07BDT11‐19",NA,"posterior",1587.5,0.01204
37,"R_Date","07BDT11‐19",NA,"posterior",1588.5,0.013222
37,"R_Date","07BDT11‐19",NA,"posterior",1589.5,0.015331
37,"R_Date","07BDT11‐19",NA,"posterior",1590.5,0.017714
37,"R_Date","07BDT11‐19",NA,"posterior",1591.5,0.020706
37,"R_Date","07BDT11‐19",NA,"posterior",1592.5,0.023586
37,"R_Date","07BDT11‐19",NA,"posterior",1593.5,0.025155
37,"R_Date","07BDT11‐19",NA,"posterior",1594.5,0.027473
37,"R_Date","07BDT11‐19",NA,"posterior",1595.5,0.028722
37,"R_Date","07BDT11‐19",NA,"posterior",1596.5,0.028222
37,"R_Date","07BDT11‐19",NA,"posterior",1597.5,0.02814
37,"R_Date","07BDT11‐19",NA,"posterior",1598.5,0.028341
37,"R_Date","07BDT11‐19",NA,"posterior",1599.5,0.028375
37,"R_Date","07BDT11‐19",NA,"posterior",1600.5,0.027885
37,"R_Date","07BDT11‐19",NA,"posterior",1601.5,0.028336
37,"R_Date","07BDT11‐19",NA,"posterior",1602.5,0.029507
37,"R_Date","07BDT11‐19",NA,"posterior",1603.5,0.029239
37,"R_Date","07BDT11‐19",NA,"posterior",1604.5,0.028404
37,"R_Date","07BDT11‐19",NA,"posterior",1605.5,0.027883
37,"R_Date","07BDT11‐19",NA,"posterior",1606.5,0.026994
37,"R_Date","07BDT11‐19",NA,"posterior",1607.5,0.026231
37,"R_Date","07BDT11‐19",NA,"posterior",1608.5,0.025453
37,"R_Date","07BDT11‐19",NA,"posterior",1609.5,0.023959
37,"R_Date","07BDT11‐19",NA,"posterior",1610.5,0.02175
37,"R_Date","07BDT11‐19",NA,"posterior",1611.5,0.020304
37,"R_Date","07BDT11‐19",NA,"posterior",1612.5,0.019361
37,"R_Date","07BDT11‐19",NA,"posterior",1613.5,0.018274
37,"R_Date","07BDT11‐19",NA,"posterior",1614.5,0.01704
37,"R_Date","07BDT11‐19",NA,"posterior",1615.5,0.015838
37,"R_Date","07BDT11‐19",NA,"posterior",1616.5,0.014043
37,"R_Date","07BDT11‐19",NA,"posterior",1617.5,0.011808
37,"R_Date","07BDT11‐19",NA,"posterior",1618.5,0.008884
37,"R_Date","07BDT11‐19",NA,"posterior",1619.5,0.006758
37,"R_Date","07BDT11‐19",NA,"posterior",1620.5,0.004538
37,"R_Date","07BDT11‐19",NA,"posterior",1621.5,0.0029177
37,"R_Date","07BDT11‐19",NA,"posterior",1622.5,0.0017792
37,"R_Date","07BDT11‐19",NA,"posterior",1623.5,0.0012333
37,"R_Date","07BDT11‐19",NA,"posterior",1624.5,0.0008917
37,"R_Date","07BDT11‐19",NA,"posterior",1625.5,0.0006427
37,"R_Date","07BDT11‐19",NA,"posterior",1626.5,0.0004844
37,"R_Date","07BDT11‐19",NA,"posterior",1627.5,0.0004531
37,"R_Date","07BDT11‐19",NA,"posterior",1628.5,0.0003167
37,"R_Date","07BDT11‐19",NA,"posterior",1629.5,0.0001802
37,"R_Date","07BDT11‐19",NA,"posterior",1630.5,0.00012709
37,"R_Date","07BDT11‐19",NA,"posterior",1631.5,4.689e-05
37,"R_Date","07BDT11‐19",NA,"posterior",1632.5,1.3544e-05
37,"R_Date","07BDT11‐19",NA,"posterior",1633.5,5.223e-06
37,"R_Date","07BDT11‐19",NA,"posterior",1634.5,2.095e-06
37,"R_Date","07BDT11‐19",NA,"posterior",1635.5,1.0328e-06
38,"R_Date","05BDT5‐60",NA,"likelihood",1431.5,0
38,"R_Date","05BDT5‐60",NA,"likelihood",1432.5,0
38,"R_Date","05BDT5‐60",NA,"likelihood",1433.5,7.917e-09
38,"R_Date","05BDT5‐60",NA,"likelihood",1434.5,7.917e-09
38,"R_Date","05BDT5‐60",NA,"likelihood",1435.5,1.5835e-08
38,"R_Date","05BDT5‐60",NA,"likelihood",1436.5,3.167e-08
38,"R_Date","05BDT5‐60",NA,"likelihood",1437.5,6.334e-08
38,"R_Date","05BDT5‐60",NA,"likelihood",1438.5,1.1084e-07
38,"R_Date","05BDT5‐60",NA,"likelihood",1439.5,1.821e-07
38,"R_Date","05BDT5‐60",NA,"likelihood",1440.5,2.6127e-07
38,"R_Date","05BDT5‐60",NA,"likelihood",1441.5,4.275e-07
38,"R_Date","05BDT5‐60",NA,"likelihood",1442.5,6.888e-07
38,"R_Date","05BDT5‐60",NA,"likelihood",1443.5,1.1005e-06
38,"R_Date","05BDT5‐60",NA,"likelihood",1444.5,2.0189e-06
38,"R_Date","05BDT5‐60",NA,"likelihood",1445.5,3.634e-06
38,"R_Date","05BDT5‐60",NA,"likelihood",1446.5,5.566e-06
38,"R_Date","05BDT5‐60",NA,"likelihood",1447.5,9.651e-06
38,"R_Date","05BDT5‐60",NA,"likelihood",1448.5,1.6357e-05
38,"R_Date","05BDT5‐60",NA,"likelihood",1449.5,2.3974e-05
38,"R_Date","05BDT5‐60",NA,"likelihood",1450.5,3.47e-05
38,"R_Date","05BDT5‐60",NA,"likelihood",1451.5,4.411e-05
38,"R_Date","05BDT5‐60",NA,"likelihood",1452.5,5.576e-05
38,"R_Date","05BDT5‐60",NA,"likelihood",1453.5,7.012e-05
38,"R_Date","05BDT5‐60",NA,"likelihood",1454.5,9.787e-05
38,"R_Date","05BDT5‐60",NA,"likelihood",1455.5,0.0001498
38,"R_Date","05BDT5‐60",NA,"likelihood",1456.5,0.00024742
38,"R_Date","05BDT5‐60",NA,"likelihood",1457.5,0.0003951
38,"R_Date","05BDT5‐60",NA,"likelihood",1458.5,0.0006098
38,"R_Date","05BDT5‐60",NA,"likelihood",1459.5,0.0008422
38,"R_Date","05BDT5‐60",NA,"likelihood",1460.5,0.0011381
38,"R_Date","05BDT5‐60",NA,"likelihood",1461.5,0.0012229
38,"R_Date","05BDT5‐60",NA,"likelihood",1462.5,0.0013123
38,"R_Date","05BDT5‐60",NA,"likelihood",1463.5,0.0012229
38,"R_Date","05BDT5‐60",NA,"likelihood",1464.5,0.0011381
38,"R_Date","05BDT5‐60",NA,"likelihood",1465.5,0.0010577
38,"R_Date","05BDT5‐60",NA,"likelihood",1466.5,0.0009817
38,"R_Date","05BDT5‐60",NA,"likelihood",1467.5,0.0010577
38,"R_Date","05BDT5‐60",NA,"likelihood",1468.5,0.0011381
38,"R_Date","05BDT5‐60",NA,"likelihood",1469.5,0.0012229
38,"R_Date","05BDT5‐60",NA,"likelihood",1470.5,0.0013123
38,"R_Date","05BDT5‐60",NA,"likelihood",1471.5,0.0013123
38,"R_Date","05BDT5‐60",NA,"likelihood",1472.5,0.0014063
38,"R_Date","05BDT5‐60",NA,"likelihood",1473.5,0.0016083
38,"R_Date","05BDT5‐60",NA,"likelihood",1474.5,0.0018294
38,"R_Date","05BDT5‐60",NA,"likelihood",1475.5,0.0021967
38,"R_Date","05BDT5‐60",NA,"likelihood",1476.5,0.0026057
38,"R_Date","05BDT5‐60",NA,"likelihood",1477.5,0.003053
38,"R_Date","05BDT5‐60",NA,"likelihood",1478.5,0.00337
38,"R_Date","05BDT5‐60",NA,"likelihood",1479.5,0.0037
38,"R_Date","05BDT5‐60",NA,"likelihood",1480.5,0.004039
38,"R_Date","05BDT5‐60",NA,"likelihood",1481.5,0.004212
38,"R_Date","05BDT5‐60",NA,"likelihood",1482.5,0.004376
38,"R_Date","05BDT5‐60",NA,"likelihood",1483.5,0.004556
38,"R_Date","05BDT5‐60",NA,"likelihood",1484.5,0.004556
38,"R_Date","05BDT5‐60",NA,"likelihood",1485.5,0.004556
38,"R_Date","05BDT5‐60",NA,"likelihood",1486.5,0.004556
38,"R_Date","05BDT5‐60",NA,"likelihood",1487.5,0.004556
38,"R_Date","05BDT5‐60",NA,"likelihood",1488.5,0.004737
38,"R_Date","05BDT5‐60",NA,"likelihood",1489.5,0.004913
38,"R_Date","05BDT5‐60",NA,"likelihood",1490.5,0.005088
38,"R_Date","05BDT5‐60",NA,"likelihood",1491.5,0.005262
38,"R_Date","05BDT5‐60",NA,"likelihood",1492.5,0.005435
38,"R_Date","05BDT5‐60",NA,"likelihood",1493.5,0.005773
38,"R_Date","05BDT5‐60",NA,"likelihood",1494.5,0.005938
38,"R_Date","05BDT5‐60",NA,"likelihood",1495.5,0.006257
38,"R_Date","05BDT5‐60",NA,"likelihood",1496.5,0.006409
38,"R_Date","05BDT5‐60",NA,"likelihood",1497.5,0.006556
38,"R_Date","05BDT5‐60",NA,"likelihood",1498.5,0.006556
38,"R_Date","05BDT5‐60",NA,"likelihood",1499.5,0.006698
38,"R_Date","05BDT5‐60",NA,"likelihood",1500.5,0.006698
38,"R_Date","05BDT5‐60",NA,"likelihood",1501.5,0.006698
38,"R_Date","05BDT5‐60",NA,"likelihood",1502.5,0.006833
38,"R_Date","05BDT5‐60",NA,"likelihood",1503.5,0.006961
38,"R_Date","05BDT5‐60",NA,"likelihood",1504.5,0.007081
38,"R_Date","05BDT5‐60",NA,"likelihood",1505.5,0.007194
38,"R_Date","05BDT5‐60",NA,"likelihood",1506.5,0.007299
38,"R_Date","05BDT5‐60",NA,"likelihood",1507.5,0.007395
38,"R_Date","05BDT5‐60",NA,"likelihood",1508.5,0.007482
38,"R_Date","05BDT5‐60",NA,"likelihood",1509.5,0.007627
38,"R_Date","05BDT5‐60",NA,"likelihood",1510.5,0.007685
38,"R_Date","05BDT5‐60",NA,"likelihood",1511.5,0.00777
38,"R_Date","05BDT5‐60",NA,"likelihood",1512.5,0.007901
38,"R_Date","05BDT5‐60",NA,"likelihood",1513.5,0.007917
38,"R_Date","05BDT5‐60",NA,"likelihood",1514.5,0.007917
38,"R_Date","05BDT5‐60",NA,"likelihood",1515.5,0.007813
38,"R_Date","05BDT5‐60",NA,"likelihood",1516.5,0.007813
38,"R_Date","05BDT5‐60",NA,"likelihood",1517.5,0.007813
38,"R_Date","05BDT5‐60",NA,"likelihood",1518.5,0.007818
38,"R_Date","05BDT5‐60",NA,"likelihood",1519.5,0.007813
38,"R_Date","05BDT5‐60",NA,"likelihood",1520.5,0.007732
38,"R_Date","05BDT5‐60",NA,"likelihood",1521.5,0.007626
38,"R_Date","05BDT5‐60",NA,"likelihood",1522.5,0.007392
38,"R_Date","05BDT5‐60",NA,"likelihood",1523.5,0.007077
38,"R_Date","05BDT5‐60",NA,"likelihood",1524.5,0.006691
38,"R_Date","05BDT5‐60",NA,"likelihood",1525.5,0.006131
38,"R_Date","05BDT5‐60",NA,"likelihood",1526.5,0.005441
38,"R_Date","05BDT5‐60",NA,"likelihood",1527.5,0.00472
38,"R_Date","05BDT5‐60",NA,"likelihood",1528.5,0.004002
38,"R_Date","05BDT5‐60",NA,"likelihood",1529.5,0.003483
38,"R_Date","05BDT5‐60",NA,"likelihood",1530.5,0.0030299
38,"R_Date","05BDT5‐60",NA,"likelihood",1531.5,0.0027268
38,"R_Date","05BDT5‐60",NA,"likelihood",1532.5,0.0024404
38,"R_Date","05BDT5‐60",NA,"likelihood",1533.5,0.0023039
38,"R_Date","05BDT5‐60",NA,"likelihood",1534.5,0.0023039
38,"R_Date","05BDT5‐60",NA,"likelihood",1535.5,0.0024404
38,"R_Date","05BDT5‐60",NA,"likelihood",1536.5,0.0025814
38,"R_Date","05BDT5‐60",NA,"likelihood",1537.5,0.0028372
38,"R_Date","05BDT5‐60",NA,"likelihood",1538.5,0.003187
38,"R_Date","05BDT5‐60",NA,"likelihood",1539.5,0.003512
38,"R_Date","05BDT5‐60",NA,"likelihood",1540.5,0.003826
38,"R_Date","05BDT5‐60",NA,"likelihood",1541.5,0.00402
38,"R_Date","05BDT5‐60",NA,"likelihood",1542.5,0.004179
38,"R_Date","05BDT5‐60",NA,"likelihood",1543.5,0.004369
38,"R_Date","05BDT5‐60",NA,"likelihood",1544.5,0.004194
38,"R_Date","05BDT5‐60",NA,"likelihood",1545.5,0.00402
38,"R_Date","05BDT5‐60",NA,"likelihood",1546.5,0.003848
38,"R_Date","05BDT5‐60",NA,"likelihood",1547.5,0.003679
38,"R_Date","05BDT5‐60",NA,"likelihood",1548.5,0.003679
38,"R_Date","05BDT5‐60",NA,"likelihood",1549.5,0.003679
38,"R_Date","05BDT5‐60",NA,"likelihood",1550.5,0.00402
38,"R_Date","05BDT5‐60",NA,"likelihood",1551.5,0.004369
38,"R_Date","05BDT5‐60",NA,"likelihood",1552.5,0.004721
38,"R_Date","05BDT5‐60",NA,"likelihood",1553.5,0.005074
38,"R_Date","05BDT5‐60",NA,"likelihood",1554.5,0.005249
38,"R_Date","05BDT5‐60",NA,"likelihood",1555.5,0.005422
38,"R_Date","05BDT5‐60",NA,"likelihood",1556.5,0.005594
38,"R_Date","05BDT5‐60",NA,"likelihood",1557.5,0.005928
38,"R_Date","05BDT5‐60",NA,"likelihood",1558.5,0.006091
38,"R_Date","05BDT5‐60",NA,"likelihood",1559.5,0.006402
38,"R_Date","05BDT5‐60",NA,"likelihood",1560.5,0.006691
38,"R_Date","05BDT5‐60",NA,"likelihood",1561.5,0.006827
38,"R_Date","05BDT5‐60",NA,"likelihood",1562.5,0.006956
38,"R_Date","05BDT5‐60",NA,"likelihood",1563.5,0.006827
38,"R_Date","05BDT5‐60",NA,"likelihood",1564.5,0.006691
38,"R_Date","05BDT5‐60",NA,"likelihood",1565.5,0.006402
38,"R_Date","05BDT5‐60",NA,"likelihood",1566.5,0.006249
38,"R_Date","05BDT5‐60",NA,"likelihood",1567.5,0.006091
38,"R_Date","05BDT5‐60",NA,"likelihood",1568.5,0.006131
38,"R_Date","05BDT5‐60",NA,"likelihood",1569.5,0.006091
38,"R_Date","05BDT5‐60",NA,"likelihood",1570.5,0.006402
38,"R_Date","05BDT5‐60",NA,"likelihood",1571.5,0.00655
38,"R_Date","05BDT5‐60",NA,"likelihood",1572.5,0.006827
38,"R_Date","05BDT5‐60",NA,"likelihood",1573.5,0.006956
38,"R_Date","05BDT5‐60",NA,"likelihood",1574.5,0.00719
38,"R_Date","05BDT5‐60",NA,"likelihood",1575.5,0.007296
38,"R_Date","05BDT5‐60",NA,"likelihood",1576.5,0.007479
38,"R_Date","05BDT5‐60",NA,"likelihood",1577.5,0.007557
38,"R_Date","05BDT5‐60",NA,"likelihood",1578.5,0.007626
38,"R_Date","05BDT5‐60",NA,"likelihood",1579.5,0.007626
38,"R_Date","05BDT5‐60",NA,"likelihood",1580.5,0.007684
38,"R_Date","05BDT5‐60",NA,"likelihood",1581.5,0.007684
38,"R_Date","05BDT5‐60",NA,"likelihood",1582.5,0.007684
38,"R_Date","05BDT5‐60",NA,"likelihood",1583.5,0.007684
38,"R_Date","05BDT5‐60",NA,"likelihood",1584.5,0.007684
38,"R_Date","05BDT5‐60",NA,"likelihood",1585.5,0.007626
38,"R_Date","05BDT5‐60",NA,"likelihood",1586.5,0.007626
38,"R_Date","05BDT5‐60",NA,"likelihood",1587.5,0.007684
38,"R_Date","05BDT5‐60",NA,"likelihood",1588.5,0.007732
38,"R_Date","05BDT5‐60",NA,"likelihood",1589.5,0.007797
38,"R_Date","05BDT5‐60",NA,"likelihood",1590.5,0.007818
38,"R_Date","05BDT5‐60",NA,"likelihood",1591.5,0.00777
38,"R_Date","05BDT5‐60",NA,"likelihood",1592.5,0.007685
38,"R_Date","05BDT5‐60",NA,"likelihood",1593.5,0.00756
38,"R_Date","05BDT5‐60",NA,"likelihood",1594.5,0.007395
38,"R_Date","05BDT5‐60",NA,"likelihood",1595.5,0.007194
38,"R_Date","05BDT5‐60",NA,"likelihood",1596.5,0.007194
38,"R_Date","05BDT5‐60",NA,"likelihood",1597.5,0.007081
38,"R_Date","05BDT5‐60",NA,"likelihood",1598.5,0.006961
38,"R_Date","05BDT5‐60",NA,"likelihood",1599.5,0.006833
38,"R_Date","05BDT5‐60",NA,"likelihood",1600.5,0.006698
38,"R_Date","05BDT5‐60",NA,"likelihood",1601.5,0.006409
38,"R_Date","05BDT5‐60",NA,"likelihood",1602.5,0.005938
38,"R_Date","05BDT5‐60",NA,"likelihood",1603.5,0.005435
38,"R_Date","05BDT5‐60",NA,"likelihood",1604.5,0.005088
38,"R_Date","05BDT5‐60",NA,"likelihood",1605.5,0.004913
38,"R_Date","05BDT5‐60",NA,"likelihood",1606.5,0.004913
38,"R_Date","05BDT5‐60",NA,"likelihood",1607.5,0.005262
38,"R_Date","05BDT5‐60",NA,"likelihood",1608.5,0.005605
38,"R_Date","05BDT5‐60",NA,"likelihood",1609.5,0.005938
38,"R_Date","05BDT5‐60",NA,"likelihood",1610.5,0.006257
38,"R_Date","05BDT5‐60",NA,"likelihood",1611.5,0.006409
38,"R_Date","05BDT5‐60",NA,"likelihood",1612.5,0.006409
38,"R_Date","05BDT5‐60",NA,"likelihood",1613.5,0.006409
38,"R_Date","05BDT5‐60",NA,"likelihood",1614.5,0.006409
38,"R_Date","05BDT5‐60",NA,"likelihood",1615.5,0.006556
38,"R_Date","05BDT5‐60",NA,"likelihood",1616.5,0.006698
38,"R_Date","05BDT5‐60",NA,"likelihood",1617.5,0.007081
38,"R_Date","05BDT5‐60",NA,"likelihood",1618.5,0.007482
38,"R_Date","05BDT5‐60",NA,"likelihood",1619.5,0.007685
38,"R_Date","05BDT5‐60",NA,"likelihood",1620.5,0.007813
38,"R_Date","05BDT5‐60",NA,"likelihood",1621.5,0.00777
38,"R_Date","05BDT5‐60",NA,"likelihood",1622.5,0.007557
38,"R_Date","05BDT5‐60",NA,"likelihood",1623.5,0.007392
38,"R_Date","05BDT5‐60",NA,"likelihood",1624.5,0.007296
38,"R_Date","05BDT5‐60",NA,"likelihood",1625.5,0.00719
38,"R_Date","05BDT5‐60",NA,"likelihood",1626.5,0.00719
38,"R_Date","05BDT5‐60",NA,"likelihood",1627.5,0.007296
38,"R_Date","05BDT5‐60",NA,"likelihood",1628.5,0.007296
38,"R_Date","05BDT5‐60",NA,"likelihood",1629.5,0.007077
38,"R_Date","05BDT5‐60",NA,"likelihood",1630.5,0.006827
38,"R_Date","05BDT5‐60",NA,"likelihood",1631.5,0.00655
38,"R_Date","05BDT5‐60",NA,"likelihood",1632.5,0.005928
38,"R_Date","05BDT5‐60",NA,"likelihood",1633.5,0.005074
38,"R_Date","05BDT5‐60",NA,"likelihood",1634.5,0.004369
38,"R_Date","05BDT5‐60",NA,"likelihood",1635.5,0.003512
38,"R_Date","05BDT5‐60",NA,"likelihood",1636.5,0.0028764
38,"R_Date","05BDT5‐60",NA,"likelihood",1637.5,0.0023039
38,"R_Date","05BDT5‐60",NA,"likelihood",1638.5,0.0019222
38,"R_Date","05BDT5‐60",NA,"likelihood",1639.5,0.0014806
38,"R_Date","05BDT5‐60",NA,"likelihood",1640.5,0.0011152
38,"R_Date","05BDT5‐60",NA,"likelihood",1641.5,0.0007583
38,"R_Date","05BDT5‐60",NA,"likelihood",1642.5,0.0005431
38,"R_Date","05BDT5‐60",NA,"likelihood",1643.5,0.0003803
38,"R_Date","05BDT5‐60",NA,"likelihood",1644.5,0.00026043
38,"R_Date","05BDT5‐60",NA,"likelihood",1645.5,0.00019317
38,"R_Date","05BDT5‐60",NA,"likelihood",1646.5,0.00014147
38,"R_Date","05BDT5‐60",NA,"likelihood",1647.5,0.00010231
38,"R_Date","05BDT5‐60",NA,"likelihood",1648.5,6.511e-05
38,"R_Date","05BDT5‐60",NA,"likelihood",1649.5,4.571e-05
38,"R_Date","05BDT5‐60",NA,"likelihood",1650.5,3.586e-05
38,"R_Date","05BDT5‐60",NA,"likelihood",1651.5,2.7972e-05
38,"R_Date","05BDT5‐60",NA,"likelihood",1652.5,2.1694e-05
38,"R_Date","05BDT5‐60",NA,"likelihood",1653.5,1.9065e-05
38,"R_Date","05BDT5‐60",NA,"likelihood",1654.5,1.4655e-05
38,"R_Date","05BDT5‐60",NA,"likelihood",1655.5,1.2826e-05
38,"R_Date","05BDT5‐60",NA,"likelihood",1656.5,9.778e-06
38,"R_Date","05BDT5‐60",NA,"likelihood",1657.5,6.445e-06
38,"R_Date","05BDT5‐60",NA,"likelihood",1658.5,4.188e-06
38,"R_Date","05BDT5‐60",NA,"likelihood",1659.5,2.6919e-06
38,"R_Date","05BDT5‐60",NA,"likelihood",1660.5,1.4647e-06
38,"R_Date","05BDT5‐60",NA,"likelihood",1661.5,7.759e-07
38,"R_Date","05BDT5‐60",NA,"likelihood",1662.5,4.038e-07
38,"R_Date","05BDT5‐60",NA,"likelihood",1663.5,2.0585e-07
38,"R_Date","05BDT5‐60",NA,"likelihood",1664.5,1.1876e-07
38,"R_Date","05BDT5‐60",NA,"likelihood",1665.5,5.542e-08
38,"R_Date","05BDT5‐60",NA,"likelihood",1666.5,3.167e-08
38,"R_Date","05BDT5‐60",NA,"likelihood",1667.5,7.917e-09
38,"R_Date","05BDT5‐60",NA,"likelihood",1668.5,7.917e-09
38,"R_Date","05BDT5‐60",NA,"likelihood",1669.5,0
38,"R_Date","05BDT5‐60",NA,"likelihood",1670.5,0
38,"R_Date","05BDT5‐60",NA,"likelihood",1671.5,0
38,"R_Date","05BDT5‐60",NA,"likelihood",1672.5,0
38,"R_Date","05BDT5‐60",NA,"likelihood",1673.5,0
38,"R_Date","05BDT5‐60",NA,"likelihood",1674.5,0
38,"R_Date","05BDT5‐60",NA,"likelihood",1675.5,0
38,"R_Date","05BDT5‐60",NA,"likelihood",1676.5,0
38,"R_Date","05BDT5‐60",NA,"likelihood",1677.5,0
38,"R_Date","05BDT5‐60",NA,"likelihood",1678.5,0
38,"R_Date","05BDT5‐60",NA,"likelihood",1679.5,0
38,"R_Date","05BDT5‐60",NA,"likelihood",1680.5,0
38,"R_Date","05BDT5‐60",NA,"likelihood",1681.5,0
38,"R_Date","05BDT5‐60",NA,"likelihood",1682.5,0
38,"R_Date","05BDT5‐60",NA,"likelihood",1683.5,0
38,"R_Date","05BDT5‐60",NA,"likelihood",1684.5,0
38,"R_Date","05BDT5‐60",NA,"likelihood",1685.5,0
38,"R_Date","05BDT5‐60",NA,"likelihood",1686.5,0
38,"R_Date","05BDT5‐60",NA,"likelihood",1687.5,0
38,"R_Date","05BDT5‐60",NA,"likelihood",1688.5,0
38,"R_Date","05BDT5‐60",NA,"likelihood",1689.5,0
38,"R_Date","05BDT5‐60",NA,"likelihood",1690.5,0
38,"R_Date","05BDT5‐60",NA,"likelihood",1691.5,0
38,"R_Date","05BDT5‐60",NA,"likelihood",1692.5,0
38,"R_Date","05BDT5‐60",NA,"likelihood",1693.5,0
38,"R_Date","05BDT5‐60",NA,"likelihood",1694.5,0
38,"R_Date","05BDT5‐60",NA,"likelihood",1695.5,0
38,"R_Date","05BDT5‐60",NA,"likelihood",1696.5,0
38,"R_Date","05BDT5‐60",NA,"likelihood",1697.5,0
38,"R_Date","05BDT5‐60",NA,"likelihood",1698.5,0
38,"R_Date","05BDT5‐60",NA,"likelihood",1699.5,0
38,"R_Date","05BDT5‐60",NA,"likelihood",1700.5,0
38,"R_Date","05BDT5‐60",NA,"likelihood",1701.5,0
38,"R_Date","05BDT5‐60",NA,"likelihood",1702.5,0
38,"R_Date","05BDT5‐60",NA,"likelihood",1703.5,0
38,"R_Date","05BDT5‐60",NA,"likelihood",1704.5,0
38,"R_Date","05BDT5‐60",NA,"likelihood",1705.5,0
38,"R_Date","05BDT5‐60",NA,"likelihood",1706.5,0
38,"R_Date","05BDT5‐60",NA,"likelihood",1707.5,0
38,"R_Date","05BDT5‐60",NA,"likelihood",1708.5,0
38,"R_Date","05BDT5‐60",NA,"likelihood",1709.5,0
38,"R_Date","05BDT5‐60",NA,"likelihood",1710.5,0
38,"R_Date","05BDT5‐60",NA,"likelihood",1711.5,0
38,"R_Date","05BDT5‐60",NA,"likelihood",1712.5,0
38,"R_Date","05BDT5‐60",NA,"likelihood",1713.5,0
38,"R_Date","05BDT5‐60",NA,"likelihood",1714.5,0
38,"R_Date","05BDT5‐60",NA,"likelihood",1715.5,0
38,"R_Date","05BDT5‐60",NA,"likelihood",1716.5,0
38,"R_Date","05BDT5‐60",NA,"likelihood",1717.5,0
38,"R_Date","05BDT5‐60",NA,"likelihood",1718.5,0
38,"R_Date","05BDT5‐60",NA,"likelihood",1719.5,0
38,"R_Date","05BDT5‐60",NA,"likelihood",1720.5,0
38,"R_Date","05BDT5‐60",NA,"likelihood",1721.5,0
38,"R_Date","05BDT5‐60",NA,"likelihood",1722.5,0
38,"R_Date","05BDT5‐60",NA,"likelihood",1723.5,0
38,"R_Date","05BDT5‐60",NA,"likelihood",1724.5,0
38,"R_Date","05BDT5‐60",NA,"likelihood",1725.5,0
38,"R_Date","05BDT5‐60",NA,"likelihood",1726.5,0
38,"R_Date","05BDT5‐60",NA,"likelihood",1727.5,0
38,"R_Date","05BDT5‐60",NA,"likelihood",1728.5,0
38,"R_Date","05BDT5‐60",NA,"likelihood",1729.5,0
38,"R_Date","05BDT5‐60",NA,"likelihood",1730.5,0
38,"R_Date","05BDT5‐60",NA,"likelihood",1731.5,0
38,"R_Date","05BDT5‐60",NA,"likelihood",1732.5,0
38,"R_Date","05BDT5‐60",NA,"likelihood",1733.5,0
38,"R_Date","05BDT5‐60",NA,"likelihood",1734.5,0
38,"R_Date","05BDT5‐60",NA,"likelihood",1735.5,0
38,"R_Date","05BDT5‐60",NA,"likelihood",1736.5,0
38,"R_Date","05BDT5‐60",NA,"likelihood",1737.5,0
38,"R_Date","05BDT5‐60",NA,"likelihood",1738.5,0
38,"R_Date","05BDT5‐60",NA,"likelihood",1739.5,0
38,"R_Date","05BDT5‐60",NA,"likelihood",1740.5,0
38,"R_Date","05BDT5‐60",NA,"likelihood",1741.5,0
38,"R_Date","05BDT5‐60",NA,"likelihood",1742.5,0
38,"R_Date","05BDT5‐60",NA,"likelihood",1743.5,0
38,"R_Date","05BDT5‐60",NA,"likelihood",1744.5,0
38,"R_Date","05BDT5‐60",NA,"likelihood",1745.5,0
38,"R_Date","05BDT5‐60",NA,"likelihood",1746.5,0
38,"R_Date","05BDT5‐60",NA,"likelihood",1747.5,0
38,"R_Date","05BDT5‐60",NA,"likelihood",1748.5,0
38,"R_Date","05BDT5‐60",NA,"likelihood",1749.5,0
38,"R_Date","05BDT5‐60",NA,"likelihood",1750.5,0
38,"R_Date","05BDT5‐60",NA,"likelihood",1751.5,0
38,"R_Date","05BDT5‐60",NA,"likelihood",1752.5,0
38,"R_Date","05BDT5‐60",NA,"likelihood",1753.5,0
38,"R_Date","05BDT5‐60",NA,"likelihood",1754.5,0
38,"R_Date","05BDT5‐60",NA,"likelihood",1755.5,0
38,"R_Date","05BDT5‐60",NA,"likelihood",1756.5,0
38,"R_Date","05BDT5‐60",NA,"likelihood",1757.5,0
38,"R_Date","05BDT5‐60",NA,"likelihood",1758.5,0
38,"R_Date","05BDT5‐60",NA,"likelihood",1759.5,0
38,"R_Date","05BDT5‐60",NA,"likelihood",1760.5,0
38,"R_Date","05BDT5‐60",NA,"likelihood",1761.5,0
38,"R_Date","05BDT5‐60",NA,"likelihood",1762.5,0
38,"R_Date","05BDT5‐60",NA,"likelihood",1763.5,0
38,"R_Date","05BDT5‐60",NA,"likelihood",1764.5,0
38,"R_Date","05BDT5‐60",NA,"likelihood",1765.5,0
38,"R_Date","05BDT5‐60",NA,"likelihood",1766.5,0
38,"R_Date","05BDT5‐60",NA,"likelihood",1767.5,0
38,"R_Date","05BDT5‐60",NA,"likelihood",1768.5,0
38,"R_Date","05BDT5‐60",NA,"likelihood",1769.5,0
38,"R_Date","05BDT5‐60",NA,"likelihood",1770.5,0
38,"R_Date","05BDT5‐60",NA,"likelihood",1771.5,0
38,"R_Date","05BDT5‐60",NA,"likelihood",1772.5,0
38,"R_Date","05BDT5‐60",NA,"likelihood",1773.5,0
38,"R_Date","05BDT5‐60",NA,"likelihood",1774.5,0
38,"R_Date","05BDT5‐60",NA,"likelihood",1775.5,0
38,"R_Date","05BDT5‐60",NA,"likelihood",1776.5,0
38,"R_Date","05BDT5‐60",NA,"likelihood",1777.5,0
38,"R_Date","05BDT5‐60",NA,"likelihood",1778.5,0
38,"R_Date","05BDT5‐60",NA,"likelihood",1779.5,0
38,"R_Date","05BDT5‐60",NA,"likelihood",1780.5,0
38,"R_Date","05BDT5‐60",NA,"likelihood",1781.5,0
38,"R_Date","05BDT5‐60",NA,"likelihood",1782.5,7.917e-09
38,"R_Date","05BDT5‐60",NA,"likelihood",1783.5,2.3752e-08
38,"R_Date","05BDT5‐60",NA,"likelihood",1784.5,4.75e-08
38,"R_Date","05BDT5‐60",NA,"likelihood",1785.5,1.1876e-07
38,"R_Date","05BDT5‐60",NA,"likelihood",1786.5,2.4544e-07
38,"R_Date","05BDT5‐60",NA,"likelihood",1787.5,4.038e-07
38,"R_Date","05BDT5‐60",NA,"likelihood",1788.5,6.571e-07
38,"R_Date","05BDT5‐60",NA,"likelihood",1789.5,1.0688e-06
38,"R_Date","05BDT5‐60",NA,"likelihood",1790.5,1.2509e-06
38,"R_Date","05BDT5‐60",NA,"likelihood",1791.5,1.0688e-06
38,"R_Date","05BDT5‐60",NA,"likelihood",1792.5,7.759e-07
38,"R_Date","05BDT5‐60",NA,"likelihood",1793.5,4.038e-07
38,"R_Date","05BDT5‐60",NA,"likelihood",1794.5,1.4251e-07
38,"R_Date","05BDT5‐60",NA,"likelihood",1795.5,3.167e-08
38,"R_Date","05BDT5‐60",NA,"likelihood",1796.5,7.917e-09
38,"R_Date","05BDT5‐60",NA,"likelihood",1797.5,0
38,"R_Date","05BDT5‐60",NA,"likelihood",1798.5,0
38,"R_Date","05BDT5‐60",NA,"posterior",1504.5,0
38,"R_Date","05BDT5‐60",NA,"posterior",1505.5,9.373e-06
38,"R_Date","05BDT5‐60",NA,"posterior",1506.5,1.7712e-05
38,"R_Date","05BDT5‐60",NA,"posterior",1507.5,2.1882e-05
38,"R_Date","05BDT5‐60",NA,"posterior",1508.5,3.332e-05
38,"R_Date","05BDT5‐60",NA,"posterior",1509.5,4.166e-05
38,"R_Date","05BDT5‐60",NA,"posterior",1510.5,5.207e-05
38,"R_Date","05BDT5‐60",NA,"posterior",1511.5,7.709e-05
38,"R_Date","05BDT5‐60",NA,"posterior",1512.5,9.063e-05
38,"R_Date","05BDT5‐60",NA,"posterior",1513.5,0.00012395
38,"R_Date","05BDT5‐60",NA,"posterior",1514.5,0.0001375
38,"R_Date","05BDT5‐60",NA,"posterior",1515.5,0.00016041
38,"R_Date","05BDT5‐60",NA,"posterior",1516.5,0.00020938
38,"R_Date","05BDT5‐60",NA,"posterior",1517.5,0.00025938
38,"R_Date","05BDT5‐60",NA,"posterior",1518.5,0.0003729
38,"R_Date","05BDT5‐60",NA,"posterior",1519.5,0.0003885
38,"R_Date","05BDT5‐60",NA,"posterior",1520.5,0.0005698
38,"R_Date","05BDT5‐60",NA,"posterior",1521.5,0.0005292
38,"R_Date","05BDT5‐60",NA,"posterior",1522.5,0.0005729
38,"R_Date","05BDT5‐60",NA,"posterior",1523.5,0.0005719
38,"R_Date","05BDT5‐60",NA,"posterior",1524.5,0.000576
38,"R_Date","05BDT5‐60",NA,"posterior",1525.5,0.0006302
38,"R_Date","05BDT5‐60",NA,"posterior",1526.5,0.0004917
38,"R_Date","05BDT5‐60",NA,"posterior",1527.5,0.0004896
38,"R_Date","05BDT5‐60",NA,"posterior",1528.5,0.000424
38,"R_Date","05BDT5‐60",NA,"posterior",1529.5,0.0003458
38,"R_Date","05BDT5‐60",NA,"posterior",1530.5,0.0003833
38,"R_Date","05BDT5‐60",NA,"posterior",1531.5,0.00026772
38,"R_Date","05BDT5‐60",NA,"posterior",1532.5,0.00022499
38,"R_Date","05BDT5‐60",NA,"posterior",1533.5,0.00022499
38,"R_Date","05BDT5‐60",NA,"posterior",1534.5,0.00023437
38,"R_Date","05BDT5‐60",NA,"posterior",1535.5,0.00023437
38,"R_Date","05BDT5‐60",NA,"posterior",1536.5,0.00026979
38,"R_Date","05BDT5‐60",NA,"posterior",1537.5,0.0002448
38,"R_Date","05BDT5‐60",NA,"posterior",1538.5,0.00027813
38,"R_Date","05BDT5‐60",NA,"posterior",1539.5,0.000324
38,"R_Date","05BDT5‐60",NA,"posterior",1540.5,0.00031459
38,"R_Date","05BDT5‐60",NA,"posterior",1541.5,0.000325
38,"R_Date","05BDT5‐60",NA,"posterior",1542.5,0.0003979
38,"R_Date","05BDT5‐60",NA,"posterior",1543.5,0.0003771
38,"R_Date","05BDT5‐60",NA,"posterior",1544.5,0.000374
38,"R_Date","05BDT5‐60",NA,"posterior",1545.5,0.0003417
38,"R_Date","05BDT5‐60",NA,"posterior",1546.5,0.0003646
38,"R_Date","05BDT5‐60",NA,"posterior",1547.5,0.0003354
38,"R_Date","05BDT5‐60",NA,"posterior",1548.5,0.0003417
38,"R_Date","05BDT5‐60",NA,"posterior",1549.5,0.0003396
38,"R_Date","05BDT5‐60",NA,"posterior",1550.5,0.0003406
38,"R_Date","05BDT5‐60",NA,"posterior",1551.5,0.0003917
38,"R_Date","05BDT5‐60",NA,"posterior",1552.5,0.0004115
38,"R_Date","05BDT5‐60",NA,"posterior",1553.5,0.000451
38,"R_Date","05BDT5‐60",NA,"posterior",1554.5,0.0004719
38,"R_Date","05BDT5‐60",NA,"posterior",1555.5,0.0005177
38,"R_Date","05BDT5‐60",NA,"posterior",1556.5,0.0005938
38,"R_Date","05BDT5‐60",NA,"posterior",1557.5,0.0005854
38,"R_Date","05BDT5‐60",NA,"posterior",1558.5,0.0007042
38,"R_Date","05BDT5‐60",NA,"posterior",1559.5,0.0007573
38,"R_Date","05BDT5‐60",NA,"posterior",1560.5,0.000899
38,"R_Date","05BDT5‐60",NA,"posterior",1561.5,0.0009604
38,"R_Date","05BDT5‐60",NA,"posterior",1562.5,0.0011
38,"R_Date","05BDT5‐60",NA,"posterior",1563.5,0.001275
38,"R_Date","05BDT5‐60",NA,"posterior",1564.5,0.001351
38,"R_Date","05BDT5‐60",NA,"posterior",1565.5,0.0013792
38,"R_Date","05BDT5‐60",NA,"posterior",1566.5,0.0014073
38,"R_Date","05BDT5‐60",NA,"posterior",1567.5,0.0014312
38,"R_Date","05BDT5‐60",NA,"posterior",1568.5,0.0015511
38,"R_Date","05BDT5‐60",NA,"posterior",1569.5,0.0014792
38,"R_Date","05BDT5‐60",NA,"posterior",1570.5,0.0016167
38,"R_Date","05BDT5‐60",NA,"posterior",1571.5,0.0017771
38,"R_Date","05BDT5‐60",NA,"posterior",1572.5,0.0020104
38,"R_Date","05BDT5‐60",NA,"posterior",1573.5,0.0021667
38,"R_Date","05BDT5‐60",NA,"posterior",1574.5,0.0024948
38,"R_Date","05BDT5‐60",NA,"posterior",1575.5,0.0027958
38,"R_Date","05BDT5‐60",NA,"posterior",1576.5,0.0031219
38,"R_Date","05BDT5‐60",NA,"posterior",1577.5,0.0034
38,"R_Date","05BDT5‐60",NA,"posterior",1578.5,0.003814
38,"R_Date","05BDT5‐60",NA,"posterior",1579.5,0.004281
38,"R_Date","05BDT5‐60",NA,"posterior",1580.5,0.004772
38,"R_Date","05BDT5‐60",NA,"posterior",1581.5,0.005269
38,"R_Date","05BDT5‐60",NA,"posterior",1582.5,0.005793
38,"R_Date","05BDT5‐60",NA,"posterior",1583.5,0.006505
38,"R_Date","05BDT5‐60",NA,"posterior",1584.5,0.006718
38,"R_Date","05BDT5‐60",NA,"posterior",1585.5,0.007458
38,"R_Date","05BDT5‐60",NA,"posterior",1586.5,0.007657
38,"R_Date","05BDT5‐60",NA,"posterior",1587.5,0.00831
38,"R_Date","05BDT5‐60",NA,"posterior",1588.5,0.008933
38,"R_Date","05BDT5‐60",NA,"posterior",1589.5,0.009559
38,"R_Date","05BDT5‐60",NA,"posterior",1590.5,0.01041
38,"R_Date","05BDT5‐60",NA,"posterior",1591.5,0.011279
38,"R_Date","05BDT5‐60",NA,"posterior",1592.5,0.012211
38,"R_Date","05BDT5‐60",NA,"posterior",1593.5,0.013166
38,"R_Date","05BDT5‐60",NA,"posterior",1594.5,0.014355
38,"R_Date","05BDT5‐60",NA,"posterior",1595.5,0.015524
38,"R_Date","05BDT5‐60",NA,"posterior",1596.5,0.017178
38,"R_Date","05BDT5‐60",NA,"posterior",1597.5,0.018273
38,"R_Date","05BDT5‐60",NA,"posterior",1598.5,0.019477
38,"R_Date","05BDT5‐60",NA,"posterior",1599.5,0.020485
38,"R_Date","05BDT5‐60",NA,"posterior",1600.5,0.021427
38,"R_Date","05BDT5‐60",NA,"posterior",1601.5,0.022266
38,"R_Date","05BDT5‐60",NA,"posterior",1602.5,0.021528
38,"R_Date","05BDT5‐60",NA,"posterior",1603.5,0.021109
38,"R_Date","05BDT5‐60",NA,"posterior",1604.5,0.020824
38,"R_Date","05BDT5‐60",NA,"posterior",1605.5,0.020504
38,"R_Date","05BDT5‐60",NA,"posterior",1606.5,0.021645
38,"R_Date","05BDT5‐60",NA,"posterior",1607.5,0.023291
38,"R_Date","05BDT5‐60",NA,"posterior",1608.5,0.02553
38,"R_Date","05BDT5‐60",NA,"posterior",1609.5,0.02776
38,"R_Date","05BDT5‐60",NA,"posterior",1610.5,0.029616
38,"R_Date","05BDT5‐60",NA,"posterior",1611.5,0.03046
38,"R_Date","05BDT5‐60",NA,"posterior",1612.5,0.030652
38,"R_Date","05BDT5‐60",NA,"posterior",1613.5,0.030678
38,"R_Date","05BDT5‐60",NA,"posterior",1614.5,0.030262
38,"R_Date","05BDT5‐60",NA,"posterior",1615.5,0.03006
38,"R_Date","05BDT5‐60",NA,"posterior",1616.5,0.030183
38,"R_Date","05BDT5‐60",NA,"posterior",1617.5,0.0309
38,"R_Date","05BDT5‐60",NA,"posterior",1618.5,0.031349
38,"R_Date","05BDT5‐60",NA,"posterior",1619.5,0.030502
38,"R_Date","05BDT5‐60",NA,"posterior",1620.5,0.028764
38,"R_Date","05BDT5‐60",NA,"posterior",1621.5,0.026573
38,"R_Date","05BDT5‐60",NA,"posterior",1622.5,0.023169
38,"R_Date","05BDT5‐60",NA,"posterior",1623.5,0.02024
38,"R_Date","05BDT5‐60",NA,"posterior",1624.5,0.017231
38,"R_Date","05BDT5‐60",NA,"posterior",1625.5,0.015288
38,"R_Date","05BDT5‐60",NA,"posterior",1626.5,0.012493
38,"R_Date","05BDT5‐60",NA,"posterior",1627.5,0.010821
38,"R_Date","05BDT5‐60",NA,"posterior",1628.5,0.009017
38,"R_Date","05BDT5‐60",NA,"posterior",1629.5,0.007099
38,"R_Date","05BDT5‐60",NA,"posterior",1630.5,0.005525
38,"R_Date","05BDT5‐60",NA,"posterior",1631.5,0.004044
38,"R_Date","05BDT5‐60",NA,"posterior",1632.5,0.002726
38,"R_Date","05BDT5‐60",NA,"posterior",1633.5,0.0017146
38,"R_Date","05BDT5‐60",NA,"posterior",1634.5,0.0010844
38,"R_Date","05BDT5‐60",NA,"posterior",1635.5,0.0006187
38,"R_Date","05BDT5‐60",NA,"posterior",1636.5,0.0003531
38,"R_Date","05BDT5‐60",NA,"posterior",1637.5,0.00021665
38,"R_Date","05BDT5‐60",NA,"posterior",1638.5,0.00011355
38,"R_Date","05BDT5‐60",NA,"posterior",1639.5,4.79e-05
38,"R_Date","05BDT5‐60",NA,"posterior",1640.5,2.1882e-05
38,"R_Date","05BDT5‐60",NA,"posterior",1641.5,1.8747e-05
38,"R_Date","05BDT5‐60",NA,"posterior",1642.5,4.169e-06
38,"R_Date","05BDT5‐60",NA,"posterior",1643.5,4.169e-06
38,"R_Date","05BDT5‐60",NA,"posterior",1644.5,1.0345e-06
38,"R_Date","05BDT5‐60",NA,"posterior",1645.5,1.0345e-06
38,"R_Date","05BDT5‐60",NA,"posterior",1646.5,0
39,"Calculate","Event 3",NA,"posterior",1509.5,0
39,"Calculate","Event 3",NA,"posterior",1510.5,2.0945e-06
39,"Calculate","Event 3",NA,"posterior",1511.5,2.0945e-06
39,"Calculate","Event 3",NA,"posterior",1512.5,4.152e-06
39,"Calculate","Event 3",NA,"posterior",1513.5,7.276e-06
39,"Calculate","Event 3",NA,"posterior",1514.5,8.341e-06
39,"Calculate","Event 3",NA,"posterior",1515.5,1.4588e-05
39,"Calculate","Event 3",NA,"posterior",1516.5,2.1864e-05
39,"Calculate","Event 3",NA,"posterior",1517.5,2.0835e-05
39,"Calculate","Event 3",NA,"posterior",1518.5,2.6053e-05
39,"Calculate","Event 3",NA,"posterior",1519.5,5.104e-05
39,"Calculate","Event 3",NA,"posterior",1520.5,5.207e-05
39,"Calculate","Event 3",NA,"posterior",1521.5,7.5e-05
39,"Calculate","Event 3",NA,"posterior",1522.5,8.646e-05
39,"Calculate","Event 3",NA,"posterior",1523.5,9.583e-05
39,"Calculate","Event 3",NA,"posterior",1524.5,9.271e-05
39,"Calculate","Event 3",NA,"posterior",1525.5,0.00012082
39,"Calculate","Event 3",NA,"posterior",1526.5,0.00013019
39,"Calculate","Event 3",NA,"posterior",1527.5,0.00015624
39,"Calculate","Event 3",NA,"posterior",1528.5,0.0001479
39,"Calculate","Event 3",NA,"posterior",1529.5,0.00015312
39,"Calculate","Event 3",NA,"posterior",1530.5,0.00020001
39,"Calculate","Event 3",NA,"posterior",1531.5,0.0001823
39,"Calculate","Event 3",NA,"posterior",1532.5,0.00020104
39,"Calculate","Event 3",NA,"posterior",1533.5,0.00018854
39,"Calculate","Event 3",NA,"posterior",1534.5,0.00020523
39,"Calculate","Event 3",NA,"posterior",1535.5,0.00020207
39,"Calculate","Event 3",NA,"posterior",1536.5,0.00018542
39,"Calculate","Event 3",NA,"posterior",1537.5,0.00021353
39,"Calculate","Event 3",NA,"posterior",1538.5,0.00021353
39,"Calculate","Event 3",NA,"posterior",1539.5,0.0002146
39,"Calculate","Event 3",NA,"posterior",1540.5,0.00021665
39,"Calculate","Event 3",NA,"posterior",1541.5,0.00022709
39,"Calculate","Event 3",NA,"posterior",1542.5,0.00021147
39,"Calculate","Event 3",NA,"posterior",1543.5,0.00021147
39,"Calculate","Event 3",NA,"posterior",1544.5,0.00022084
39,"Calculate","Event 3",NA,"posterior",1545.5,0.00024168
39,"Calculate","Event 3",NA,"posterior",1546.5,0.00025729
39,"Calculate","Event 3",NA,"posterior",1547.5,0.00026769
39,"Calculate","Event 3",NA,"posterior",1548.5,0.0002771
39,"Calculate","Event 3",NA,"posterior",1549.5,0.00030624
39,"Calculate","Event 3",NA,"posterior",1550.5,0.00027813
39,"Calculate","Event 3",NA,"posterior",1551.5,0.00028959
39,"Calculate","Event 3",NA,"posterior",1552.5,0.0002552
39,"Calculate","Event 3",NA,"posterior",1553.5,0.0003208
39,"Calculate","Event 3",NA,"posterior",1554.5,0.0003177
39,"Calculate","Event 3",NA,"posterior",1555.5,0.00030936
39,"Calculate","Event 3",NA,"posterior",1556.5,0.0003385
39,"Calculate","Event 3",NA,"posterior",1557.5,0.00030418
39,"Calculate","Event 3",NA,"posterior",1558.5,0.0003708
39,"Calculate","Event 3",NA,"posterior",1559.5,0.0003771
39,"Calculate","Event 3",NA,"posterior",1560.5,0.0004063
39,"Calculate","Event 3",NA,"posterior",1561.5,0.0004312
39,"Calculate","Event 3",NA,"posterior",1562.5,0.0004365
39,"Calculate","Event 3",NA,"posterior",1563.5,0.0005177
39,"Calculate","Event 3",NA,"posterior",1564.5,0.0004625
39,"Calculate","Event 3",NA,"posterior",1565.5,0.0005531
39,"Calculate","Event 3",NA,"posterior",1566.5,0.0006334
39,"Calculate","Event 3",NA,"posterior",1567.5,0.0006313
39,"Calculate","Event 3",NA,"posterior",1568.5,0.0006989
39,"Calculate","Event 3",NA,"posterior",1569.5,0.000701
39,"Calculate","Event 3",NA,"posterior",1570.5,0.0007739
39,"Calculate","Event 3",NA,"posterior",1571.5,0.0007698
39,"Calculate","Event 3",NA,"posterior",1572.5,0.0008583
39,"Calculate","Event 3",NA,"posterior",1573.5,0.0009333
39,"Calculate","Event 3",NA,"posterior",1574.5,0.0009531
39,"Calculate","Event 3",NA,"posterior",1575.5,0.0010604
39,"Calculate","Event 3",NA,"posterior",1576.5,0.0012104
39,"Calculate","Event 3",NA,"posterior",1577.5,0.001326
39,"Calculate","Event 3",NA,"posterior",1578.5,0.0013812
39,"Calculate","Event 3",NA,"posterior",1579.5,0.0014781
39,"Calculate","Event 3",NA,"posterior",1580.5,0.0015709
39,"Calculate","Event 3",NA,"posterior",1581.5,0.0018573
39,"Calculate","Event 3",NA,"posterior",1582.5,0.0020583
39,"Calculate","Event 3",NA,"posterior",1583.5,0.0022823
39,"Calculate","Event 3",NA,"posterior",1584.5,0.0025063
39,"Calculate","Event 3",NA,"posterior",1585.5,0.0027458
39,"Calculate","Event 3",NA,"posterior",1586.5,0.0031104
39,"Calculate","Event 3",NA,"posterior",1587.5,0.00341
39,"Calculate","Event 3",NA,"posterior",1588.5,0.003648
39,"Calculate","Event 3",NA,"posterior",1589.5,0.003985
39,"Calculate","Event 3",NA,"posterior",1590.5,0.004462
39,"Calculate","Event 3",NA,"posterior",1591.5,0.004765
39,"Calculate","Event 3",NA,"posterior",1592.5,0.005173
39,"Calculate","Event 3",NA,"posterior",1593.5,0.005902
39,"Calculate","Event 3",NA,"posterior",1594.5,0.006195
39,"Calculate","Event 3",NA,"posterior",1595.5,0.006848
39,"Calculate","Event 3",NA,"posterior",1596.5,0.007677
39,"Calculate","Event 3",NA,"posterior",1597.5,0.008355
39,"Calculate","Event 3",NA,"posterior",1598.5,0.009128
39,"Calculate","Event 3",NA,"posterior",1599.5,0.010053
39,"Calculate","Event 3",NA,"posterior",1600.5,0.010975
39,"Calculate","Event 3",NA,"posterior",1601.5,0.011893
39,"Calculate","Event 3",NA,"posterior",1602.5,0.013042
39,"Calculate","Event 3",NA,"posterior",1603.5,0.013869
39,"Calculate","Event 3",NA,"posterior",1604.5,0.01477
39,"Calculate","Event 3",NA,"posterior",1605.5,0.015965
39,"Calculate","Event 3",NA,"posterior",1606.5,0.016969
39,"Calculate","Event 3",NA,"posterior",1607.5,0.018067
39,"Calculate","Event 3",NA,"posterior",1608.5,0.019117
39,"Calculate","Event 3",NA,"posterior",1609.5,0.02028
39,"Calculate","Event 3",NA,"posterior",1610.5,0.022046
39,"Calculate","Event 3",NA,"posterior",1611.5,0.023775
39,"Calculate","Event 3",NA,"posterior",1612.5,0.025569
39,"Calculate","Event 3",NA,"posterior",1613.5,0.02724
39,"Calculate","Event 3",NA,"posterior",1614.5,0.028737
39,"Calculate","Event 3",NA,"posterior",1615.5,0.030098
39,"Calculate","Event 3",NA,"posterior",1616.5,0.031241
39,"Calculate","Event 3",NA,"posterior",1617.5,0.03273
39,"Calculate","Event 3",NA,"posterior",1618.5,0.03392
39,"Calculate","Event 3",NA,"posterior",1619.5,0.0351
39,"Calculate","Event 3",NA,"posterior",1620.5,0.03604
39,"Calculate","Event 3",NA,"posterior",1621.5,0.03664
39,"Calculate","Event 3",NA,"posterior",1622.5,0.03675
39,"Calculate","Event 3",NA,"posterior",1623.5,0.0363
39,"Calculate","Event 3",NA,"posterior",1624.5,0.03521
39,"Calculate","Event 3",NA,"posterior",1625.5,0.03408
39,"Calculate","Event 3",NA,"posterior",1626.5,0.03258
39,"Calculate","Event 3",NA,"posterior",1627.5,0.030291
39,"Calculate","Event 3",NA,"posterior",1628.5,0.027616
39,"Calculate","Event 3",NA,"posterior",1629.5,0.025257
39,"Calculate","Event 3",NA,"posterior",1630.5,0.021694
39,"Calculate","Event 3",NA,"posterior",1631.5,0.018719
39,"Calculate","Event 3",NA,"posterior",1632.5,0.015455
39,"Calculate","Event 3",NA,"posterior",1633.5,0.012181
39,"Calculate","Event 3",NA,"posterior",1634.5,0.009695
39,"Calculate","Event 3",NA,"posterior",1635.5,0.007389
39,"Calculate","Event 3",NA,"posterior",1636.5,0.005221
39,"Calculate","Event 3",NA,"posterior",1637.5,0.003993
39,"Calculate","Event 3",NA,"posterior",1638.5,0.0028094
39,"Calculate","Event 3",NA,"posterior",1639.5,0.0019135
39,"Calculate","Event 3",NA,"posterior",1640.5,0.0013021
39,"Calculate","Event 3",NA,"posterior",1641.5,0.0008854
39,"Calculate","Event 3",NA,"posterior",1642.5,0.0005615
39,"Calculate","Event 3",NA,"posterior",1643.5,0.0003646
39,"Calculate","Event 3",NA,"posterior",1644.5,0.00028335
39,"Calculate","Event 3",NA,"posterior",1645.5,0.00018751
39,"Calculate","Event 3",NA,"posterior",1646.5,0.00012604
39,"Calculate","Event 3",NA,"posterior",1647.5,8.437e-05
39,"Calculate","Event 3",NA,"posterior",1648.5,4.376e-05
39,"Calculate","Event 3",NA,"posterior",1649.5,3.752e-05
39,"Calculate","Event 3",NA,"posterior",1650.5,3.0205e-05
39,"Calculate","Event 3",NA,"posterior",1651.5,1.874e-05
39,"Calculate","Event 3",NA,"posterior",1652.5,1.1465e-05
39,"Calculate","Event 3",NA,"posterior",1653.5,4.152e-06
39,"Calculate","Event 3",NA,"posterior",1654.5,8.341e-06
39,"Calculate","Event 3",NA,"posterior",1655.5,2.0945e-06
39,"Calculate","Event 3",NA,"posterior",1656.5,1.0289e-06
41,"R_Date","05BDT5‐85",NA,"likelihood",1438.5,0
41,"R_Date","05BDT5‐85",NA,"likelihood",1439.5,1.1308e-08
41,"R_Date","05BDT5‐85",NA,"likelihood",1440.5,1.1308e-08
41,"R_Date","05BDT5‐85",NA,"likelihood",1441.5,2.2616e-08
41,"R_Date","05BDT5‐85",NA,"likelihood",1442.5,2.2616e-08
41,"R_Date","05BDT5‐85",NA,"likelihood",1443.5,4.523e-08
41,"R_Date","05BDT5‐85",NA,"likelihood",1444.5,7.916e-08
41,"R_Date","05BDT5‐85",NA,"likelihood",1445.5,1.47e-07
41,"R_Date","05BDT5‐85",NA,"likelihood",1446.5,2.3747e-07
41,"R_Date","05BDT5‐85",NA,"likelihood",1447.5,4.071e-07
41,"R_Date","05BDT5‐85",NA,"likelihood",1448.5,7.237e-07
41,"R_Date","05BDT5‐85",NA,"likelihood",1449.5,1.0856e-06
41,"R_Date","05BDT5‐85",NA,"likelihood",1450.5,1.6057e-06
41,"R_Date","05BDT5‐85",NA,"likelihood",1451.5,2.092e-06
41,"R_Date","05BDT5‐85",NA,"likelihood",1452.5,2.7026e-06
41,"R_Date","05BDT5‐85",NA,"likelihood",1453.5,3.483e-06
41,"R_Date","05BDT5‐85",NA,"likelihood",1454.5,5.043e-06
41,"R_Date","05BDT5‐85",NA,"likelihood",1455.5,8.187e-06
41,"R_Date","05BDT5‐85",NA,"likelihood",1456.5,1.4644e-05
41,"R_Date","05BDT5‐85",NA,"likelihood",1457.5,2.5579e-05
41,"R_Date","05BDT5‐85",NA,"likelihood",1458.5,4.363e-05
41,"R_Date","05BDT5‐85",NA,"likelihood",1459.5,6.57e-05
41,"R_Date","05BDT5‐85",NA,"likelihood",1460.5,9.743e-05
41,"R_Date","05BDT5‐85",NA,"likelihood",1461.5,0.00010726
41,"R_Date","05BDT5‐85",NA,"likelihood",1462.5,0.00011797
41,"R_Date","05BDT5‐85",NA,"likelihood",1463.5,0.00010726
41,"R_Date","05BDT5‐85",NA,"likelihood",1464.5,9.743e-05
41,"R_Date","05BDT5‐85",NA,"likelihood",1465.5,8.843e-05
41,"R_Date","05BDT5‐85",NA,"likelihood",1466.5,8.016e-05
41,"R_Date","05BDT5‐85",NA,"likelihood",1467.5,8.843e-05
41,"R_Date","05BDT5‐85",NA,"likelihood",1468.5,9.743e-05
41,"R_Date","05BDT5‐85",NA,"likelihood",1469.5,0.00010726
41,"R_Date","05BDT5‐85",NA,"likelihood",1470.5,0.00011797
41,"R_Date","05BDT5‐85",NA,"likelihood",1471.5,0.00011797
41,"R_Date","05BDT5‐85",NA,"likelihood",1472.5,0.0001296
41,"R_Date","05BDT5‐85",NA,"likelihood",1473.5,0.00015599
41,"R_Date","05BDT5‐85",NA,"likelihood",1474.5,0.00018703
41,"R_Date","05BDT5‐85",NA,"likelihood",1475.5,0.00024376
41,"R_Date","05BDT5‐85",NA,"likelihood",1476.5,0.00031492
41,"R_Date","05BDT5‐85",NA,"likelihood",1477.5,0.0004033
41,"R_Date","05BDT5‐85",NA,"likelihood",1478.5,0.0004733
41,"R_Date","05BDT5‐85",NA,"likelihood",1479.5,0.0005532
41,"R_Date","05BDT5‐85",NA,"likelihood",1480.5,0.0006442
41,"R_Date","05BDT5‐85",NA,"likelihood",1481.5,0.0006941
41,"R_Date","05BDT5‐85",NA,"likelihood",1482.5,0.0007162
41,"R_Date","05BDT5‐85",NA,"likelihood",1483.5,0.0007713
41,"R_Date","05BDT5‐85",NA,"likelihood",1484.5,0.0007713
41,"R_Date","05BDT5‐85",NA,"likelihood",1485.5,0.0007713
41,"R_Date","05BDT5‐85",NA,"likelihood",1486.5,0.0007713
41,"R_Date","05BDT5‐85",NA,"likelihood",1487.5,0.0007713
41,"R_Date","05BDT5‐85",NA,"likelihood",1488.5,0.0008632
41,"R_Date","05BDT5‐85",NA,"likelihood",1489.5,0.0009265
41,"R_Date","05BDT5‐85",NA,"likelihood",1490.5,0.0009934
41,"R_Date","05BDT5‐85",NA,"likelihood",1491.5,0.0010642
41,"R_Date","05BDT5‐85",NA,"likelihood",1492.5,0.0011388
41,"R_Date","05BDT5‐85",NA,"likelihood",1493.5,0.0013003
41,"R_Date","05BDT5‐85",NA,"likelihood",1494.5,0.0013874
41,"R_Date","05BDT5‐85",NA,"likelihood",1495.5,0.0015749
41,"R_Date","05BDT5‐85",NA,"likelihood",1496.5,0.0016755
41,"R_Date","05BDT5‐85",NA,"likelihood",1497.5,0.0017808
41,"R_Date","05BDT5‐85",NA,"likelihood",1498.5,0.0017808
41,"R_Date","05BDT5‐85",NA,"likelihood",1499.5,0.0018908
41,"R_Date","05BDT5‐85",NA,"likelihood",1500.5,0.0018908
41,"R_Date","05BDT5‐85",NA,"likelihood",1501.5,0.0018908
41,"R_Date","05BDT5‐85",NA,"likelihood",1502.5,0.0020056
41,"R_Date","05BDT5‐85",NA,"likelihood",1503.5,0.0021253
41,"R_Date","05BDT5‐85",NA,"likelihood",1504.5,0.00225
41,"R_Date","05BDT5‐85",NA,"likelihood",1505.5,0.0023796
41,"R_Date","05BDT5‐85",NA,"likelihood",1506.5,0.0025142
41,"R_Date","05BDT5‐85",NA,"likelihood",1507.5,0.0026538
41,"R_Date","05BDT5‐85",NA,"likelihood",1508.5,0.0027984
41,"R_Date","05BDT5‐85",NA,"likelihood",1509.5,0.0031026
41,"R_Date","05BDT5‐85",NA,"likelihood",1510.5,0.003262
41,"R_Date","05BDT5‐85",NA,"likelihood",1511.5,0.003595
41,"R_Date","05BDT5‐85",NA,"likelihood",1512.5,0.003725
41,"R_Date","05BDT5‐85",NA,"likelihood",1513.5,0.003905
41,"R_Date","05BDT5‐85",NA,"likelihood",1514.5,0.003905
41,"R_Date","05BDT5‐85",NA,"likelihood",1515.5,0.003947
41,"R_Date","05BDT5‐85",NA,"likelihood",1516.5,0.003947
41,"R_Date","05BDT5‐85",NA,"likelihood",1517.5,0.003947
41,"R_Date","05BDT5‐85",NA,"likelihood",1518.5,0.004129
41,"R_Date","05BDT5‐85",NA,"likelihood",1519.5,0.004316
41,"R_Date","05BDT5‐85",NA,"likelihood",1520.5,0.004899
41,"R_Date","05BDT5‐85",NA,"likelihood",1521.5,0.005304
41,"R_Date","05BDT5‐85",NA,"likelihood",1522.5,0.005931
41,"R_Date","05BDT5‐85",NA,"likelihood",1523.5,0.006575
41,"R_Date","05BDT5‐85",NA,"likelihood",1524.5,0.007223
41,"R_Date","05BDT5‐85",NA,"likelihood",1525.5,0.008099
41,"R_Date","05BDT5‐85",NA,"likelihood",1526.5,0.008928
41,"R_Date","05BDT5‐85",NA,"likelihood",1527.5,0.009684
41,"R_Date","05BDT5‐85",NA,"likelihood",1528.5,0.010335
41,"R_Date","05BDT5‐85",NA,"likelihood",1529.5,0.010736
41,"R_Date","05BDT5‐85",NA,"likelihood",1530.5,0.010953
41,"R_Date","05BDT5‐85",NA,"likelihood",1531.5,0.011107
41,"R_Date","05BDT5‐85",NA,"likelihood",1532.5,0.011218
41,"R_Date","05BDT5‐85",NA,"likelihood",1533.5,0.011258
41,"R_Date","05BDT5‐85",NA,"likelihood",1534.5,0.011258
41,"R_Date","05BDT5‐85",NA,"likelihood",1535.5,0.011218
41,"R_Date","05BDT5‐85",NA,"likelihood",1536.5,0.011168
41,"R_Date","05BDT5‐85",NA,"likelihood",1537.5,0.011136
41,"R_Date","05BDT5‐85",NA,"likelihood",1538.5,0.010861
41,"R_Date","05BDT5‐85",NA,"likelihood",1539.5,0.010646
41,"R_Date","05BDT5‐85",NA,"likelihood",1540.5,0.010477
41,"R_Date","05BDT5‐85",NA,"likelihood",1541.5,0.010256
41,"R_Date","05BDT5‐85",NA,"likelihood",1542.5,0.010183
41,"R_Date","05BDT5‐85",NA,"likelihood",1543.5,0.009953
41,"R_Date","05BDT5‐85",NA,"likelihood",1544.5,0.010108
41,"R_Date","05BDT5‐85",NA,"likelihood",1545.5,0.010256
41,"R_Date","05BDT5‐85",NA,"likelihood",1546.5,0.010395
41,"R_Date","05BDT5‐85",NA,"likelihood",1547.5,0.010525
41,"R_Date","05BDT5‐85",NA,"likelihood",1548.5,0.010525
41,"R_Date","05BDT5‐85",NA,"likelihood",1549.5,0.010525
41,"R_Date","05BDT5‐85",NA,"likelihood",1550.5,0.010256
41,"R_Date","05BDT5‐85",NA,"likelihood",1551.5,0.009953
41,"R_Date","05BDT5‐85",NA,"likelihood",1552.5,0.009622
41,"R_Date","05BDT5‐85",NA,"likelihood",1553.5,0.009264
41,"R_Date","05BDT5‐85",NA,"likelihood",1554.5,0.009077
41,"R_Date","05BDT5‐85",NA,"likelihood",1555.5,0.008885
41,"R_Date","05BDT5‐85",NA,"likelihood",1556.5,0.008688
41,"R_Date","05BDT5‐85",NA,"likelihood",1557.5,0.008282
41,"R_Date","05BDT5‐85",NA,"likelihood",1558.5,0.008074
41,"R_Date","05BDT5‐85",NA,"likelihood",1559.5,0.007652
41,"R_Date","05BDT5‐85",NA,"likelihood",1560.5,0.007223
41,"R_Date","05BDT5‐85",NA,"likelihood",1561.5,0.007007
41,"R_Date","05BDT5‐85",NA,"likelihood",1562.5,0.006791
41,"R_Date","05BDT5‐85",NA,"likelihood",1563.5,0.007007
41,"R_Date","05BDT5‐85",NA,"likelihood",1564.5,0.007223
41,"R_Date","05BDT5‐85",NA,"likelihood",1565.5,0.007652
41,"R_Date","05BDT5‐85",NA,"likelihood",1566.5,0.007864
41,"R_Date","05BDT5‐85",NA,"likelihood",1567.5,0.008074
41,"R_Date","05BDT5‐85",NA,"likelihood",1568.5,0.008099
41,"R_Date","05BDT5‐85",NA,"likelihood",1569.5,0.008074
41,"R_Date","05BDT5‐85",NA,"likelihood",1570.5,0.007652
41,"R_Date","05BDT5‐85",NA,"likelihood",1571.5,0.007438
41,"R_Date","05BDT5‐85",NA,"likelihood",1572.5,0.007007
41,"R_Date","05BDT5‐85",NA,"likelihood",1573.5,0.006791
41,"R_Date","05BDT5‐85",NA,"likelihood",1574.5,0.006359
41,"R_Date","05BDT5‐85",NA,"likelihood",1575.5,0.006145
41,"R_Date","05BDT5‐85",NA,"likelihood",1576.5,0.00572
41,"R_Date","05BDT5‐85",NA,"likelihood",1577.5,0.005511
41,"R_Date","05BDT5‐85",NA,"likelihood",1578.5,0.005304
41,"R_Date","05BDT5‐85",NA,"likelihood",1579.5,0.005304
41,"R_Date","05BDT5‐85",NA,"likelihood",1580.5,0.0051
41,"R_Date","05BDT5‐85",NA,"likelihood",1581.5,0.0051
41,"R_Date","05BDT5‐85",NA,"likelihood",1582.5,0.0051
41,"R_Date","05BDT5‐85",NA,"likelihood",1583.5,0.0051
41,"R_Date","05BDT5‐85",NA,"likelihood",1584.5,0.0051
41,"R_Date","05BDT5‐85",NA,"likelihood",1585.5,0.005304
41,"R_Date","05BDT5‐85",NA,"likelihood",1586.5,0.005304
41,"R_Date","05BDT5‐85",NA,"likelihood",1587.5,0.0051
41,"R_Date","05BDT5‐85",NA,"likelihood",1588.5,0.004899
41,"R_Date","05BDT5‐85",NA,"likelihood",1589.5,0.004506
41,"R_Date","05BDT5‐85",NA,"likelihood",1590.5,0.004129
41,"R_Date","05BDT5‐85",NA,"likelihood",1591.5,0.003595
41,"R_Date","05BDT5‐85",NA,"likelihood",1592.5,0.003262
41,"R_Date","05BDT5‐85",NA,"likelihood",1593.5,0.0029481
41,"R_Date","05BDT5‐85",NA,"likelihood",1594.5,0.0026538
41,"R_Date","05BDT5‐85",NA,"likelihood",1595.5,0.0023796
41,"R_Date","05BDT5‐85",NA,"likelihood",1596.5,0.0023796
41,"R_Date","05BDT5‐85",NA,"likelihood",1597.5,0.00225
41,"R_Date","05BDT5‐85",NA,"likelihood",1598.5,0.0021253
41,"R_Date","05BDT5‐85",NA,"likelihood",1599.5,0.0020056
41,"R_Date","05BDT5‐85",NA,"likelihood",1600.5,0.0018908
41,"R_Date","05BDT5‐85",NA,"likelihood",1601.5,0.0016755
41,"R_Date","05BDT5‐85",NA,"likelihood",1602.5,0.0013874
41,"R_Date","05BDT5‐85",NA,"likelihood",1603.5,0.0011388
41,"R_Date","05BDT5‐85",NA,"likelihood",1604.5,0.0009934
41,"R_Date","05BDT5‐85",NA,"likelihood",1605.5,0.0009265
41,"R_Date","05BDT5‐85",NA,"likelihood",1606.5,0.0009265
41,"R_Date","05BDT5‐85",NA,"likelihood",1607.5,0.0010642
41,"R_Date","05BDT5‐85",NA,"likelihood",1608.5,0.0012175
41,"R_Date","05BDT5‐85",NA,"likelihood",1609.5,0.0013874
41,"R_Date","05BDT5‐85",NA,"likelihood",1610.5,0.0015749
41,"R_Date","05BDT5‐85",NA,"likelihood",1611.5,0.0016755
41,"R_Date","05BDT5‐85",NA,"likelihood",1612.5,0.0016755
41,"R_Date","05BDT5‐85",NA,"likelihood",1613.5,0.0016755
41,"R_Date","05BDT5‐85",NA,"likelihood",1614.5,0.0016755
41,"R_Date","05BDT5‐85",NA,"likelihood",1615.5,0.0017808
41,"R_Date","05BDT5‐85",NA,"likelihood",1616.5,0.0018908
41,"R_Date","05BDT5‐85",NA,"likelihood",1617.5,0.00225
41,"R_Date","05BDT5‐85",NA,"likelihood",1618.5,0.0027984
41,"R_Date","05BDT5‐85",NA,"likelihood",1619.5,0.003262
41,"R_Date","05BDT5‐85",NA,"likelihood",1620.5,0.003947
41,"R_Date","05BDT5‐85",NA,"likelihood",1621.5,0.004701
41,"R_Date","05BDT5‐85",NA,"likelihood",1622.5,0.005511
41,"R_Date","05BDT5‐85",NA,"likelihood",1623.5,0.005931
41,"R_Date","05BDT5‐85",NA,"likelihood",1624.5,0.006145
41,"R_Date","05BDT5‐85",NA,"likelihood",1625.5,0.006359
41,"R_Date","05BDT5‐85",NA,"likelihood",1626.5,0.006359
41,"R_Date","05BDT5‐85",NA,"likelihood",1627.5,0.006145
41,"R_Date","05BDT5‐85",NA,"likelihood",1628.5,0.006145
41,"R_Date","05BDT5‐85",NA,"likelihood",1629.5,0.006575
41,"R_Date","05BDT5‐85",NA,"likelihood",1630.5,0.007007
41,"R_Date","05BDT5‐85",NA,"likelihood",1631.5,0.007438
41,"R_Date","05BDT5‐85",NA,"likelihood",1632.5,0.008282
41,"R_Date","05BDT5‐85",NA,"likelihood",1633.5,0.009264
41,"R_Date","05BDT5‐85",NA,"likelihood",1634.5,0.009953
41,"R_Date","05BDT5‐85",NA,"likelihood",1635.5,0.010646
41,"R_Date","05BDT5‐85",NA,"likelihood",1636.5,0.011035
41,"R_Date","05BDT5‐85",NA,"likelihood",1637.5,0.011258
41,"R_Date","05BDT5‐85",NA,"likelihood",1638.5,0.011308
41,"R_Date","05BDT5‐85",NA,"likelihood",1639.5,0.011217
41,"R_Date","05BDT5‐85",NA,"likelihood",1640.5,0.01095
41,"R_Date","05BDT5‐85",NA,"likelihood",1641.5,0.010389
41,"R_Date","05BDT5‐85",NA,"likelihood",1642.5,0.009782
41,"R_Date","05BDT5‐85",NA,"likelihood",1643.5,0.009064
41,"R_Date","05BDT5‐85",NA,"likelihood",1644.5,0.008264
41,"R_Date","05BDT5‐85",NA,"likelihood",1645.5,0.00763
41,"R_Date","05BDT5‐85",NA,"likelihood",1646.5,0.006981
41,"R_Date","05BDT5‐85",NA,"likelihood",1647.5,0.006329
41,"R_Date","05BDT5‐85",NA,"likelihood",1648.5,0.005476
41,"R_Date","05BDT5‐85",NA,"likelihood",1649.5,0.00486
41,"R_Date","05BDT5‐85",NA,"likelihood",1650.5,0.004466
41,"R_Date","05BDT5‐85",NA,"likelihood",1651.5,0.004087
41,"R_Date","05BDT5‐85",NA,"likelihood",1652.5,0.003726
41,"R_Date","05BDT5‐85",NA,"likelihood",1653.5,0.003552
41,"R_Date","05BDT5‐85",NA,"likelihood",1654.5,0.003218
41,"R_Date","05BDT5‐85",NA,"likelihood",1655.5,0.003058
41,"R_Date","05BDT5‐85",NA,"likelihood",1656.5,0.0027536
41,"R_Date","05BDT5‐85",NA,"likelihood",1657.5,0.0023351
41,"R_Date","05BDT5‐85",NA,"likelihood",1658.5,0.0019621
41,"R_Date","05BDT5‐85",NA,"likelihood",1659.5,0.0016337
41,"R_Date","05BDT5‐85",NA,"likelihood",1660.5,0.0012615
41,"R_Date","05BDT5‐85",NA,"likelihood",1661.5,0.0009584
41,"R_Date","05BDT5‐85",NA,"likelihood",1662.5,0.0007163
41,"R_Date","05BDT5‐85",NA,"likelihood",1663.5,0.0005267
41,"R_Date","05BDT5‐85",NA,"likelihood",1664.5,0.0004137
41,"R_Date","05BDT5‐85",NA,"likelihood",1665.5,0.0002956
41,"R_Date","05BDT5‐85",NA,"likelihood",1666.5,0.00020777
41,"R_Date","05BDT5‐85",NA,"likelihood",1667.5,0.00013066
41,"R_Date","05BDT5‐85",NA,"likelihood",1668.5,8.008e-05
41,"R_Date","05BDT5‐85",NA,"likelihood",1669.5,5.314e-05
41,"R_Date","05BDT5‐85",NA,"likelihood",1670.5,3.1097e-05
41,"R_Date","05BDT5‐85",NA,"likelihood",1671.5,1.9879e-05
41,"R_Date","05BDT5‐85",NA,"likelihood",1672.5,1.2495e-05
41,"R_Date","05BDT5‐85",NA,"likelihood",1673.5,9.849e-06
41,"R_Date","05BDT5‐85",NA,"likelihood",1674.5,8.73e-06
41,"R_Date","05BDT5‐85",NA,"likelihood",1675.5,8.73e-06
41,"R_Date","05BDT5‐85",NA,"likelihood",1676.5,8.73e-06
41,"R_Date","05BDT5‐85",NA,"likelihood",1677.5,8.73e-06
41,"R_Date","05BDT5‐85",NA,"likelihood",1678.5,7.735e-06
41,"R_Date","05BDT5‐85",NA,"likelihood",1679.5,6.038e-06
41,"R_Date","05BDT5‐85",NA,"likelihood",1680.5,4.704e-06
41,"R_Date","05BDT5‐85",NA,"likelihood",1681.5,3.2e-06
41,"R_Date","05BDT5‐85",NA,"likelihood",1682.5,2.4651e-06
41,"R_Date","05BDT5‐85",NA,"likelihood",1683.5,1.651e-06
41,"R_Date","05BDT5‐85",NA,"likelihood",1684.5,9.612e-07
41,"R_Date","05BDT5‐85",NA,"likelihood",1685.5,6.332e-07
41,"R_Date","05BDT5‐85",NA,"likelihood",1686.5,3.392e-07
41,"R_Date","05BDT5‐85",NA,"likelihood",1687.5,2.1485e-07
41,"R_Date","05BDT5‐85",NA,"likelihood",1688.5,1.357e-07
41,"R_Date","05BDT5‐85",NA,"likelihood",1689.5,9.046e-08
41,"R_Date","05BDT5‐85",NA,"likelihood",1690.5,5.654e-08
41,"R_Date","05BDT5‐85",NA,"likelihood",1691.5,3.392e-08
41,"R_Date","05BDT5‐85",NA,"likelihood",1692.5,2.2616e-08
41,"R_Date","05BDT5‐85",NA,"likelihood",1693.5,1.1308e-08
41,"R_Date","05BDT5‐85",NA,"likelihood",1694.5,1.1308e-08
41,"R_Date","05BDT5‐85",NA,"likelihood",1695.5,0
41,"R_Date","05BDT5‐85",NA,"likelihood",1696.5,0
41,"R_Date","05BDT5‐85",NA,"likelihood",1697.5,0
41,"R_Date","05BDT5‐85",NA,"likelihood",1698.5,0
41,"R_Date","05BDT5‐85",NA,"likelihood",1699.5,0
41,"R_Date","05BDT5‐85",NA,"likelihood",1700.5,0
41,"R_Date","05BDT5‐85",NA,"likelihood",1701.5,0
41,"R_Date","05BDT5‐85",NA,"likelihood",1702.5,0
41,"R_Date","05BDT5‐85",NA,"likelihood",1703.5,0
41,"R_Date","05BDT5‐85",NA,"likelihood",1704.5,0
41,"R_Date","05BDT5‐85",NA,"likelihood",1705.5,0
41,"R_Date","05BDT5‐85",NA,"likelihood",1706.5,0
41,"R_Date","05BDT5‐85",NA,"likelihood",1707.5,0
41,"R_Date","05BDT5‐85",NA,"likelihood",1708.5,0
41,"R_Date","05BDT5‐85",NA,"likelihood",1709.5,0
41,"R_Date","05BDT5‐85",NA,"likelihood",1710.5,0
41,"R_Date","05BDT5‐85",NA,"likelihood",1711.5,0
41,"R_Date","05BDT5‐85",NA,"likelihood",1712.5,0
41,"R_Date","05BDT5‐85",NA,"likelihood",1713.5,0
41,"R_Date","05BDT5‐85",NA,"likelihood",1714.5,0
41,"R_Date","05BDT5‐85",NA,"likelihood",1715.5,0
41,"R_Date","05BDT5‐85",NA,"likelihood",1716.5,0
41,"R_Date","05BDT5‐85",NA,"likelihood",1717.5,0
41,"R_Date","05BDT5‐85",NA,"likelihood",1718.5,0
41,"R_Date","05BDT5‐85",NA,"likelihood",1719.5,0
41,"R_Date","05BDT5‐85",NA,"likelihood",1720.5,0
41,"R_Date","05BDT5‐85",NA,"likelihood",1721.5,0
41,"R_Date","05BDT5‐85",NA,"likelihood",1722.5,0
41,"R_Date","05BDT5‐85",NA,"likelihood",1723.5,0
41,"R_Date","05BDT5‐85",NA,"likelihood",1724.5,0
41,"R_Date","05BDT5‐85",NA,"likelihood",1725.5,1.1308e-08
41,"R_Date","05BDT5‐85",NA,"likelihood",1726.5,1.1308e-08
41,"R_Date","05BDT5‐85",NA,"likelihood",1727.5,2.2616e-08
41,"R_Date","05BDT5‐85",NA,"likelihood",1728.5,5.654e-08
41,"R_Date","05BDT5‐85",NA,"likelihood",1729.5,1.2439e-07
41,"R_Date","05BDT5‐85",NA,"likelihood",1730.5,2.2616e-07
41,"R_Date","05BDT5‐85",NA,"likelihood",1731.5,4.749e-07
41,"R_Date","05BDT5‐85",NA,"likelihood",1732.5,7.237e-07
41,"R_Date","05BDT5‐85",NA,"likelihood",1733.5,9.612e-07
41,"R_Date","05BDT5‐85",NA,"likelihood",1734.5,1.0969e-06
41,"R_Date","05BDT5‐85",NA,"likelihood",1735.5,1.2665e-06
41,"R_Date","05BDT5‐85",NA,"likelihood",1736.5,1.4474e-06
41,"R_Date","05BDT5‐85",NA,"likelihood",1737.5,1.651e-06
41,"R_Date","05BDT5‐85",NA,"likelihood",1738.5,2.1598e-06
41,"R_Date","05BDT5‐85",NA,"likelihood",1739.5,2.8157e-06
41,"R_Date","05BDT5‐85",NA,"likelihood",1740.5,4.139e-06
41,"R_Date","05BDT5‐85",NA,"likelihood",1741.5,6.038e-06
41,"R_Date","05BDT5‐85",NA,"likelihood",1742.5,8.73e-06
41,"R_Date","05BDT5‐85",NA,"likelihood",1743.5,1.1104e-05
41,"R_Date","05BDT5‐85",NA,"likelihood",1744.5,1.4056e-05
41,"R_Date","05BDT5‐85",NA,"likelihood",1745.5,1.4056e-05
41,"R_Date","05BDT5‐85",NA,"likelihood",1746.5,1.4056e-05
41,"R_Date","05BDT5‐85",NA,"likelihood",1747.5,1.4056e-05
41,"R_Date","05BDT5‐85",NA,"likelihood",1748.5,1.2495e-05
41,"R_Date","05BDT5‐85",NA,"likelihood",1749.5,1.1104e-05
41,"R_Date","05BDT5‐85",NA,"likelihood",1750.5,9.849e-06
41,"R_Date","05BDT5‐85",NA,"likelihood",1751.5,7.735e-06
41,"R_Date","05BDT5‐85",NA,"likelihood",1752.5,5.337e-06
41,"R_Date","05BDT5‐85",NA,"likelihood",1753.5,3.641e-06
41,"R_Date","05BDT5‐85",NA,"likelihood",1754.5,2.4651e-06
41,"R_Date","05BDT5‐85",NA,"likelihood",1755.5,1.4022e-06
41,"R_Date","05BDT5‐85",NA,"likelihood",1756.5,1.063e-06
41,"R_Date","05BDT5‐85",NA,"likelihood",1757.5,9.612e-07
41,"R_Date","05BDT5‐85",NA,"likelihood",1758.5,8.368e-07
41,"R_Date","05BDT5‐85",NA,"likelihood",1759.5,9.612e-07
41,"R_Date","05BDT5‐85",NA,"likelihood",1760.5,1.2665e-06
41,"R_Date","05BDT5‐85",NA,"likelihood",1761.5,2.1598e-06
41,"R_Date","05BDT5‐85",NA,"likelihood",1762.5,3.2e-06
41,"R_Date","05BDT5‐85",NA,"likelihood",1763.5,4.704e-06
41,"R_Date","05BDT5‐85",NA,"likelihood",1764.5,6.841e-06
41,"R_Date","05BDT5‐85",NA,"likelihood",1765.5,9.849e-06
41,"R_Date","05BDT5‐85",NA,"likelihood",1766.5,1.2495e-05
41,"R_Date","05BDT5‐85",NA,"likelihood",1767.5,1.7731e-05
41,"R_Date","05BDT5‐85",NA,"likelihood",1768.5,2.2265e-05
41,"R_Date","05BDT5‐85",NA,"likelihood",1769.5,2.4912e-05
41,"R_Date","05BDT5‐85",NA,"likelihood",1770.5,2.4912e-05
41,"R_Date","05BDT5‐85",NA,"likelihood",1771.5,1.9879e-05
41,"R_Date","05BDT5‐85",NA,"likelihood",1772.5,1.5797e-05
41,"R_Date","05BDT5‐85",NA,"likelihood",1773.5,1.1104e-05
41,"R_Date","05BDT5‐85",NA,"likelihood",1774.5,7.735e-06
41,"R_Date","05BDT5‐85",NA,"likelihood",1775.5,6.841e-06
41,"R_Date","05BDT5‐85",NA,"likelihood",1776.5,6.841e-06
41,"R_Date","05BDT5‐85",NA,"likelihood",1777.5,8.73e-06
41,"R_Date","05BDT5‐85",NA,"likelihood",1778.5,1.2495e-05
41,"R_Date","05BDT5‐85",NA,"likelihood",1779.5,2.2265e-05
41,"R_Date","05BDT5‐85",NA,"likelihood",1780.5,3.864e-05
41,"R_Date","05BDT5‐85",NA,"likelihood",1781.5,7.238e-05
41,"R_Date","05BDT5‐85",NA,"likelihood",1782.5,0.00011871
41,"R_Date","05BDT5‐85",NA,"likelihood",1783.5,0.00018975
41,"R_Date","05BDT5‐85",NA,"likelihood",1784.5,0.00027109
41,"R_Date","05BDT5‐85",NA,"likelihood",1785.5,0.0004137
41,"R_Date","05BDT5‐85",NA,"likelihood",1786.5,0.0005696
41,"R_Date","05BDT5‐85",NA,"likelihood",1787.5,0.0007163
41,"R_Date","05BDT5‐85",NA,"likelihood",1788.5,0.0008925
41,"R_Date","05BDT5‐85",NA,"likelihood",1789.5,0.0011018
41,"R_Date","05BDT5‐85",NA,"likelihood",1790.5,0.0011796
41,"R_Date","05BDT5‐85",NA,"likelihood",1791.5,0.0011018
41,"R_Date","05BDT5‐85",NA,"likelihood",1792.5,0.0009584
41,"R_Date","05BDT5‐85",NA,"likelihood",1793.5,0.0007163
41,"R_Date","05BDT5‐85",NA,"likelihood",1794.5,0.0004488
41,"R_Date","05BDT5‐85",NA,"likelihood",1795.5,0.00022727
41,"R_Date","05BDT5‐85",NA,"likelihood",1796.5,9.77e-05
41,"R_Date","05BDT5‐85",NA,"likelihood",1797.5,3.864e-05
41,"R_Date","05BDT5‐85",NA,"likelihood",1798.5,1.4056e-05
41,"R_Date","05BDT5‐85",NA,"likelihood",1799.5,6.038e-06
41,"R_Date","05BDT5‐85",NA,"likelihood",1800.5,2.8157e-06
41,"R_Date","05BDT5‐85",NA,"likelihood",1801.5,1.651e-06
41,"R_Date","05BDT5‐85",NA,"likelihood",1802.5,1.2665e-06
41,"R_Date","05BDT5‐85",NA,"likelihood",1803.5,9.612e-07
41,"R_Date","05BDT5‐85",NA,"likelihood",1804.5,7.237e-07
41,"R_Date","05BDT5‐85",NA,"likelihood",1805.5,6.332e-07
41,"R_Date","05BDT5‐85",NA,"likelihood",1806.5,4.071e-07
41,"R_Date","05BDT5‐85",NA,"likelihood",1807.5,2.6008e-07
41,"R_Date","05BDT5‐85",NA,"likelihood",1808.5,1.2439e-07
41,"R_Date","05BDT5‐85",NA,"likelihood",1809.5,4.523e-08
41,"R_Date","05BDT5‐85",NA,"likelihood",1810.5,2.2616e-08
41,"R_Date","05BDT5‐85",NA,"likelihood",1811.5,1.1308e-08
41,"R_Date","05BDT5‐85",NA,"likelihood",1812.5,0
41,"R_Date","05BDT5‐85",NA,"likelihood",1813.5,0
41,"R_Date","05BDT5‐85",NA,"likelihood",1814.5,0
41,"R_Date","05BDT5‐85",NA,"likelihood",1815.5,0
41,"R_Date","05BDT5‐85",NA,"likelihood",1816.5,0
41,"R_Date","05BDT5‐85",NA,"likelihood",1817.5,0
41,"R_Date","05BDT5‐85",NA,"likelihood",1818.5,0
41,"R_Date","05BDT5‐85",NA,"likelihood",1819.5,0
41,"R_Date","05BDT5‐85",NA,"likelihood",1820.5,0
41,"R_Date","05BDT5‐85",NA,"likelihood",1821.5,0
41,"R_Date","05BDT5‐85",NA,"likelihood",1822.5,0
41,"R_Date","05BDT5‐85",NA,"likelihood",1823.5,0
41,"R_Date","05BDT5‐85",NA,"likelihood",1824.5,0
41,"R_Date","05BDT5‐85",NA,"likelihood",1825.5,0
41,"R_Date","05BDT5‐85",NA,"likelihood",1826.5,0
41,"R_Date","05BDT5‐85",NA,"likelihood",1827.5,0
41,"R_Date","05BDT5‐85",NA,"likelihood",1828.5,0
41,"R_Date","05BDT5‐85",NA,"likelihood",1829.5,0
41,"R_Date","05BDT5‐85",NA,"likelihood",1830.5,0
41,"R_Date","05BDT5‐85",NA,"likelihood",1831.5,0
41,"R_Date","05BDT5‐85",NA,"likelihood",1832.5,0
41,"R_Date","05BDT5‐85",NA,"likelihood",1833.5,0
41,"R_Date","05BDT5‐85",NA,"likelihood",1834.5,0
41,"R_Date","05BDT5‐85",NA,"likelihood",1835.5,0
41,"R_Date","05BDT5‐85",NA,"likelihood",1836.5,0
41,"R_Date","05BDT5‐85",NA,"likelihood",1837.5,0
41,"R_Date","05BDT5‐85",NA,"likelihood",1838.5,1.1308e-08
41,"R_Date","05BDT5‐85",NA,"likelihood",1839.5,1.1308e-08
41,"R_Date","05BDT5‐85",NA,"likelihood",1840.5,1.1308e-08
41,"R_Date","05BDT5‐85",NA,"likelihood",1841.5,1.1308e-08
41,"R_Date","05BDT5‐85",NA,"likelihood",1842.5,1.1308e-08
41,"R_Date","05BDT5‐85",NA,"likelihood",1843.5,1.1308e-08
41,"R_Date","05BDT5‐85",NA,"likelihood",1844.5,0
41,"R_Date","05BDT5‐85",NA,"likelihood",1845.5,0
41,"R_Date","05BDT5‐85",NA,"likelihood",1846.5,0
41,"R_Date","05BDT5‐85",NA,"likelihood",1847.5,0
41,"R_Date","05BDT5‐85",NA,"likelihood",1848.5,0
41,"R_Date","05BDT5‐85",NA,"likelihood",1849.5,0
41,"R_Date","05BDT5‐85",NA,"likelihood",1850.5,0
41,"R_Date","05BDT5‐85",NA,"likelihood",1851.5,0
41,"R_Date","05BDT5‐85",NA,"likelihood",1852.5,0
41,"R_Date","05BDT5‐85",NA,"likelihood",1853.5,1.1308e-08
41,"R_Date","05BDT5‐85",NA,"likelihood",1854.5,1.1308e-08
41,"R_Date","05BDT5‐85",NA,"likelihood",1855.5,1.1308e-08
41,"R_Date","05BDT5‐85",NA,"likelihood",1856.5,0
41,"R_Date","05BDT5‐85",NA,"likelihood",1857.5,0
41,"R_Date","05BDT5‐85",NA,"likelihood",1858.5,0
41,"R_Date","05BDT5‐85",NA,"likelihood",1859.5,0
41,"R_Date","05BDT5‐85",NA,"likelihood",1860.5,0
41,"R_Date","05BDT5‐85",NA,"likelihood",1861.5,0
41,"R_Date","05BDT5‐85",NA,"likelihood",1862.5,0
41,"R_Date","05BDT5‐85",NA,"likelihood",1863.5,1.1308e-08
41,"R_Date","05BDT5‐85",NA,"likelihood",1864.5,1.1308e-08
41,"R_Date","05BDT5‐85",NA,"likelihood",1865.5,1.1308e-08
41,"R_Date","05BDT5‐85",NA,"likelihood",1866.5,0
41,"R_Date","05BDT5‐85",NA,"likelihood",1867.5,0
41,"R_Date","05BDT5‐85",NA,"likelihood",1868.5,0
41,"R_Date","05BDT5‐85",NA,"likelihood",1869.5,0
41,"R_Date","05BDT5‐85",NA,"likelihood",1870.5,0
41,"R_Date","05BDT5‐85",NA,"likelihood",1871.5,0
41,"R_Date","05BDT5‐85",NA,"likelihood",1872.5,0
41,"R_Date","05BDT5‐85",NA,"likelihood",1873.5,1.1308e-08
41,"R_Date","05BDT5‐85",NA,"likelihood",1874.5,1.1308e-08
41,"R_Date","05BDT5‐85",NA,"likelihood",1875.5,1.1308e-08
41,"R_Date","05BDT5‐85",NA,"likelihood",1876.5,1.1308e-08
41,"R_Date","05BDT5‐85",NA,"likelihood",1877.5,1.1308e-08
41,"R_Date","05BDT5‐85",NA,"likelihood",1878.5,0
41,"R_Date","05BDT5‐85",NA,"likelihood",1879.5,0
41,"R_Date","05BDT5‐85",NA,"likelihood",1880.5,0
41,"R_Date","05BDT5‐85",NA,"likelihood",1881.5,0
41,"R_Date","05BDT5‐85",NA,"likelihood",1882.5,0
41,"R_Date","05BDT5‐85",NA,"likelihood",1883.5,0
41,"R_Date","05BDT5‐85",NA,"likelihood",1884.5,0
41,"R_Date","05BDT5‐85",NA,"likelihood",1885.5,0
41,"R_Date","05BDT5‐85",NA,"likelihood",1886.5,0
41,"R_Date","05BDT5‐85",NA,"likelihood",1887.5,0
41,"R_Date","05BDT5‐85",NA,"likelihood",1888.5,0
41,"R_Date","05BDT5‐85",NA,"likelihood",1889.5,0
41,"R_Date","05BDT5‐85",NA,"likelihood",1890.5,0
41,"R_Date","05BDT5‐85",NA,"likelihood",1891.5,0
41,"R_Date","05BDT5‐85",NA,"likelihood",1892.5,0
41,"R_Date","05BDT5‐85",NA,"likelihood",1893.5,0
41,"R_Date","05BDT5‐85",NA,"likelihood",1894.5,0
41,"R_Date","05BDT5‐85",NA,"likelihood",1895.5,0
41,"R_Date","05BDT5‐85",NA,"likelihood",1896.5,0
41,"R_Date","05BDT5‐85",NA,"likelihood",1897.5,0
41,"R_Date","05BDT5‐85",NA,"likelihood",1898.5,0
41,"R_Date","05BDT5‐85",NA,"likelihood",1899.5,0
41,"R_Date","05BDT5‐85",NA,"likelihood",1900.5,0
41,"R_Date","05BDT5‐85",NA,"likelihood",1901.5,0
41,"R_Date","05BDT5‐85",NA,"likelihood",1902.5,0
41,"R_Date","05BDT5‐85",NA,"likelihood",1903.5,0
41,"R_Date","05BDT5‐85",NA,"likelihood",1904.5,0
41,"R_Date","05BDT5‐85",NA,"likelihood",1905.5,0
41,"R_Date","05BDT5‐85",NA,"likelihood",1906.5,0
41,"R_Date","05BDT5‐85",NA,"likelihood",1907.5,0
41,"R_Date","05BDT5‐85",NA,"likelihood",1908.5,0
41,"R_Date","05BDT5‐85",NA,"likelihood",1909.5,0
41,"R_Date","05BDT5‐85",NA,"likelihood",1910.5,0
41,"R_Date","05BDT5‐85",NA,"likelihood",1911.5,0
41,"R_Date","05BDT5‐85",NA,"likelihood",1912.5,0
41,"R_Date","05BDT5‐85",NA,"likelihood",1913.5,0
41,"R_Date","05BDT5‐85",NA,"likelihood",1914.5,0
41,"R_Date","05BDT5‐85",NA,"likelihood",1915.5,0
41,"R_Date","05BDT5‐85",NA,"likelihood",1916.5,0
41,"R_Date","05BDT5‐85",NA,"likelihood",1917.5,1.1308e-08
41,"R_Date","05BDT5‐85",NA,"likelihood",1918.5,1.1308e-08
41,"R_Date","05BDT5‐85",NA,"likelihood",1919.5,2.2616e-08
41,"R_Date","05BDT5‐85",NA,"likelihood",1920.5,3.392e-08
41,"R_Date","05BDT5‐85",NA,"likelihood",1921.5,5.654e-08
41,"R_Date","05BDT5‐85",NA,"likelihood",1922.5,5.654e-08
41,"R_Date","05BDT5‐85",NA,"likelihood",1923.5,9.046e-08
41,"R_Date","05BDT5‐85",NA,"likelihood",1924.5,1.47e-07
41,"R_Date","05BDT5‐85",NA,"likelihood",1925.5,2.2616e-07
41,"R_Date","05BDT5‐85",NA,"likelihood",1926.5,4.071e-07
41,"R_Date","05BDT5‐85",NA,"likelihood",1927.5,6.332e-07
41,"R_Date","05BDT5‐85",NA,"likelihood",1928.5,1.0969e-06
41,"R_Date","05BDT5‐85",NA,"likelihood",1929.5,1.4474e-06
41,"R_Date","05BDT5‐85",NA,"likelihood",1930.5,1.651e-06
41,"R_Date","05BDT5‐85",NA,"likelihood",1931.5,1.8884e-06
41,"R_Date","05BDT5‐85",NA,"likelihood",1932.5,1.651e-06
41,"R_Date","05BDT5‐85",NA,"likelihood",1933.5,1.4474e-06
41,"R_Date","05BDT5‐85",NA,"likelihood",1934.5,1.2665e-06
41,"R_Date","05BDT5‐85",NA,"likelihood",1935.5,1.0969e-06
41,"R_Date","05BDT5‐85",NA,"likelihood",1936.5,1.0969e-06
41,"R_Date","05BDT5‐85",NA,"likelihood",1937.5,1.5153e-06
41,"R_Date","05BDT5‐85",NA,"likelihood",1938.5,1.9789e-06
41,"R_Date","05BDT5‐85",NA,"likelihood",1939.5,2.9175e-06
41,"R_Date","05BDT5‐85",NA,"likelihood",1940.5,4.84e-06
41,"R_Date","05BDT5‐85",NA,"likelihood",1941.5,7.916e-06
41,"R_Date","05BDT5‐85",NA,"likelihood",1942.5,1.271e-05
41,"R_Date","05BDT5‐85",NA,"likelihood",1943.5,1.7957e-05
41,"R_Date","05BDT5‐85",NA,"likelihood",1944.5,2.8044e-05
41,"R_Date","05BDT5‐85",NA,"likelihood",1945.5,3.876e-05
41,"R_Date","05BDT5‐85",NA,"likelihood",1946.5,4.786e-05
41,"R_Date","05BDT5‐85",NA,"likelihood",1947.5,6.516e-05
41,"R_Date","05BDT5‐85",NA,"likelihood",1948.5,7.964e-05
41,"R_Date","05BDT5‐85",NA,"likelihood",1949.5,9.695e-05
41,"R_Date","05BDT5‐85",NA,"likelihood",1950.5,9.223e-05
41,"R_Date","05BDT5‐85",NA,"posterior",1521.5,0
41,"R_Date","05BDT5‐85",NA,"posterior",1522.5,3.129e-06
41,"R_Date","05BDT5‐85",NA,"posterior",1523.5,6.258e-06
41,"R_Date","05BDT5‐85",NA,"posterior",1524.5,7.287e-06
41,"R_Date","05BDT5‐85",NA,"posterior",1525.5,7.287e-06
41,"R_Date","05BDT5‐85",NA,"posterior",1526.5,9.387e-06
41,"R_Date","05BDT5‐85",NA,"posterior",1527.5,1.3545e-05
41,"R_Date","05BDT5‐85",NA,"posterior",1528.5,1.2516e-05
41,"R_Date","05BDT5‐85",NA,"posterior",1529.5,2.2931e-05
41,"R_Date","05BDT5‐85",NA,"posterior",1530.5,1.9802e-05
41,"R_Date","05BDT5‐85",NA,"posterior",1531.5,6.258e-06
41,"R_Date","05BDT5‐85",NA,"posterior",1532.5,3.0218e-05
41,"R_Date","05BDT5‐85",NA,"posterior",1533.5,3.0218e-05
41,"R_Date","05BDT5‐85",NA,"posterior",1534.5,2.396e-05
41,"R_Date","05BDT5‐85",NA,"posterior",1535.5,5.002e-05
41,"R_Date","05BDT5‐85",NA,"posterior",1536.5,3.853e-05
41,"R_Date","05BDT5‐85",NA,"posterior",1537.5,5.208e-05
41,"R_Date","05BDT5‐85",NA,"posterior",1538.5,6.249e-05
41,"R_Date","05BDT5‐85",NA,"posterior",1539.5,5.521e-05
41,"R_Date","05BDT5‐85",NA,"posterior",1540.5,4.063e-05
41,"R_Date","05BDT5‐85",NA,"posterior",1541.5,6.352e-05
41,"R_Date","05BDT5‐85",NA,"posterior",1542.5,5.521e-05
41,"R_Date","05BDT5‐85",NA,"posterior",1543.5,5.311e-05
41,"R_Date","05BDT5‐85",NA,"posterior",1544.5,6.562e-05
41,"R_Date","05BDT5‐85",NA,"posterior",1545.5,5.731e-05
41,"R_Date","05BDT5‐85",NA,"posterior",1546.5,7.707e-05
41,"R_Date","05BDT5‐85",NA,"posterior",1547.5,9.271e-05
41,"R_Date","05BDT5‐85",NA,"posterior",1548.5,9.168e-05
41,"R_Date","05BDT5‐85",NA,"posterior",1549.5,0.00010103
41,"R_Date","05BDT5‐85",NA,"posterior",1550.5,0.00011041
41,"R_Date","05BDT5‐85",NA,"posterior",1551.5,8.958e-05
41,"R_Date","05BDT5‐85",NA,"posterior",1552.5,9.271e-05
41,"R_Date","05BDT5‐85",NA,"posterior",1553.5,0.0001396
41,"R_Date","05BDT5‐85",NA,"posterior",1554.5,0.00012499
41,"R_Date","05BDT5‐85",NA,"posterior",1555.5,9.481e-05
41,"R_Date","05BDT5‐85",NA,"posterior",1556.5,0.00014792
41,"R_Date","05BDT5‐85",NA,"posterior",1557.5,0.00010626
41,"R_Date","05BDT5‐85",NA,"posterior",1558.5,0.00010939
41,"R_Date","05BDT5‐85",NA,"posterior",1559.5,0.00013437
41,"R_Date","05BDT5‐85",NA,"posterior",1560.5,0.00010523
41,"R_Date","05BDT5‐85",NA,"posterior",1561.5,0.0001198
41,"R_Date","05BDT5‐85",NA,"posterior",1562.5,0.00011564
41,"R_Date","05BDT5‐85",NA,"posterior",1563.5,0.00013227
41,"R_Date","05BDT5‐85",NA,"posterior",1564.5,0.00015521
41,"R_Date","05BDT5‐85",NA,"posterior",1565.5,0.00014792
41,"R_Date","05BDT5‐85",NA,"posterior",1566.5,0.00021251
41,"R_Date","05BDT5‐85",NA,"posterior",1567.5,0.0002177
41,"R_Date","05BDT5‐85",NA,"posterior",1568.5,0.0002375
41,"R_Date","05BDT5‐85",NA,"posterior",1569.5,0.00023853
41,"R_Date","05BDT5‐85",NA,"posterior",1570.5,0.0002375
41,"R_Date","05BDT5‐85",NA,"posterior",1571.5,0.00020103
41,"R_Date","05BDT5‐85",NA,"posterior",1572.5,0.00028439
41,"R_Date","05BDT5‐85",NA,"posterior",1573.5,0.00026978
41,"R_Date","05BDT5‐85",NA,"posterior",1574.5,0.00027706
41,"R_Date","05BDT5‐85",NA,"posterior",1575.5,0.0002198
41,"R_Date","05BDT5‐85",NA,"posterior",1576.5,0.00028229
41,"R_Date","05BDT5‐85",NA,"posterior",1577.5,0.00025936
41,"R_Date","05BDT5‐85",NA,"posterior",1578.5,0.00028542
41,"R_Date","05BDT5‐85",NA,"posterior",1579.5,0.0003427
41,"R_Date","05BDT5‐85",NA,"posterior",1580.5,0.00030522
41,"R_Date","05BDT5‐85",NA,"posterior",1581.5,0.0003375
41,"R_Date","05BDT5‐85",NA,"posterior",1582.5,0.0003792
41,"R_Date","05BDT5‐85",NA,"posterior",1583.5,0.000476
41,"R_Date","05BDT5‐85",NA,"posterior",1584.5,0.0004833
41,"R_Date","05BDT5‐85",NA,"posterior",1585.5,0.0005406
41,"R_Date","05BDT5‐85",NA,"posterior",1586.5,0.000575
41,"R_Date","05BDT5‐85",NA,"posterior",1587.5,0.0006208
41,"R_Date","05BDT5‐85",NA,"posterior",1588.5,0.0006531
41,"R_Date","05BDT5‐85",NA,"posterior",1589.5,0.0006719
41,"R_Date","05BDT5‐85",NA,"posterior",1590.5,0.0006636
41,"R_Date","05BDT5‐85",NA,"posterior",1591.5,0.0006636
41,"R_Date","05BDT5‐85",NA,"posterior",1592.5,0.0007062
41,"R_Date","05BDT5‐85",NA,"posterior",1593.5,0.0006636
41,"R_Date","05BDT5‐85",NA,"posterior",1594.5,0.0007239
41,"R_Date","05BDT5‐85",NA,"posterior",1595.5,0.0006594
41,"R_Date","05BDT5‐85",NA,"posterior",1596.5,0.0006864
41,"R_Date","05BDT5‐85",NA,"posterior",1597.5,0.0007062
41,"R_Date","05BDT5‐85",NA,"posterior",1598.5,0.0007239
41,"R_Date","05BDT5‐85",NA,"posterior",1599.5,0.0007917
41,"R_Date","05BDT5‐85",NA,"posterior",1600.5,0.0008354
41,"R_Date","05BDT5‐85",NA,"posterior",1601.5,0.0008042
41,"R_Date","05BDT5‐85",NA,"posterior",1602.5,0.0007719
41,"R_Date","05BDT5‐85",NA,"posterior",1603.5,0.0007062
41,"R_Date","05BDT5‐85",NA,"posterior",1604.5,0.0006281
41,"R_Date","05BDT5‐85",NA,"posterior",1605.5,0.0007208
41,"R_Date","05BDT5‐85",NA,"posterior",1606.5,0.0007198
41,"R_Date","05BDT5‐85",NA,"posterior",1607.5,0.0008927
41,"R_Date","05BDT5‐85",NA,"posterior",1608.5,0.0011146
41,"R_Date","05BDT5‐85",NA,"posterior",1609.5,0.001351
41,"R_Date","05BDT5‐85",NA,"posterior",1610.5,0.0017115
41,"R_Date","05BDT5‐85",NA,"posterior",1611.5,0.0019229
41,"R_Date","05BDT5‐85",NA,"posterior",1612.5,0.002124
41,"R_Date","05BDT5‐85",NA,"posterior",1613.5,0.0022646
41,"R_Date","05BDT5‐85",NA,"posterior",1614.5,0.0025198
41,"R_Date","05BDT5‐85",NA,"posterior",1615.5,0.0027958
41,"R_Date","05BDT5‐85",NA,"posterior",1616.5,0.003278
41,"R_Date","05BDT5‐85",NA,"posterior",1617.5,0.004384
41,"R_Date","05BDT5‐85",NA,"posterior",1618.5,0.005383
41,"R_Date","05BDT5‐85",NA,"posterior",1619.5,0.006906
41,"R_Date","05BDT5‐85",NA,"posterior",1620.5,0.008997
41,"R_Date","05BDT5‐85",NA,"posterior",1621.5,0.01134
41,"R_Date","05BDT5‐85",NA,"posterior",1622.5,0.014059
41,"R_Date","05BDT5‐85",NA,"posterior",1623.5,0.015511
41,"R_Date","05BDT5‐85",NA,"posterior",1624.5,0.017586
41,"R_Date","05BDT5‐85",NA,"posterior",1625.5,0.019149
41,"R_Date","05BDT5‐85",NA,"posterior",1626.5,0.020019
41,"R_Date","05BDT5‐85",NA,"posterior",1627.5,0.02029
41,"R_Date","05BDT5‐85",NA,"posterior",1628.5,0.020848
41,"R_Date","05BDT5‐85",NA,"posterior",1629.5,0.022875
41,"R_Date","05BDT5‐85",NA,"posterior",1630.5,0.024921
41,"R_Date","05BDT5‐85",NA,"posterior",1631.5,0.027657
41,"R_Date","05BDT5‐85",NA,"posterior",1632.5,0.031127
41,"R_Date","05BDT5‐85",NA,"posterior",1633.5,0.03557
41,"R_Date","05BDT5‐85",NA,"posterior",1634.5,0.03816
41,"R_Date","05BDT5‐85",NA,"posterior",1635.5,0.04014
41,"R_Date","05BDT5‐85",NA,"posterior",1636.5,0.04243
41,"R_Date","05BDT5‐85",NA,"posterior",1637.5,0.0427
41,"R_Date","05BDT5‐85",NA,"posterior",1638.5,0.04286
41,"R_Date","05BDT5‐85",NA,"posterior",1639.5,0.04252
41,"R_Date","05BDT5‐85",NA,"posterior",1640.5,0.04124
41,"R_Date","05BDT5‐85",NA,"posterior",1641.5,0.03852
41,"R_Date","05BDT5‐85",NA,"posterior",1642.5,0.0366
41,"R_Date","05BDT5‐85",NA,"posterior",1643.5,0.03272
41,"R_Date","05BDT5‐85",NA,"posterior",1644.5,0.030277
41,"R_Date","05BDT5‐85",NA,"posterior",1645.5,0.027097
41,"R_Date","05BDT5‐85",NA,"posterior",1646.5,0.024866
41,"R_Date","05BDT5‐85",NA,"posterior",1647.5,0.022072
41,"R_Date","05BDT5‐85",NA,"posterior",1648.5,0.01874
41,"R_Date","05BDT5‐85",NA,"posterior",1649.5,0.016643
41,"R_Date","05BDT5‐85",NA,"posterior",1650.5,0.014888
41,"R_Date","05BDT5‐85",NA,"posterior",1651.5,0.013669
41,"R_Date","05BDT5‐85",NA,"posterior",1652.5,0.012498
41,"R_Date","05BDT5‐85",NA,"posterior",1653.5,0.01162
41,"R_Date","05BDT5‐85",NA,"posterior",1654.5,0.01012
41,"R_Date","05BDT5‐85",NA,"posterior",1655.5,0.009508
41,"R_Date","05BDT5‐85",NA,"posterior",1656.5,0.008358
41,"R_Date","05BDT5‐85",NA,"posterior",1657.5,0.007151
41,"R_Date","05BDT5‐85",NA,"posterior",1658.5,0.006029
41,"R_Date","05BDT5‐85",NA,"posterior",1659.5,0.00488
41,"R_Date","05BDT5‐85",NA,"posterior",1660.5,0.003788
41,"R_Date","05BDT5‐85",NA,"posterior",1661.5,0.0026208
41,"R_Date","05BDT5‐85",NA,"posterior",1662.5,0.0018917
41,"R_Date","05BDT5‐85",NA,"posterior",1663.5,0.0014625
41,"R_Date","05BDT5‐85",NA,"posterior",1664.5,0.0011354
41,"R_Date","05BDT5‐85",NA,"posterior",1665.5,0.0008188
41,"R_Date","05BDT5‐85",NA,"posterior",1666.5,0.0005302
41,"R_Date","05BDT5‐85",NA,"posterior",1667.5,0.00031354
41,"R_Date","05BDT5‐85",NA,"posterior",1668.5,0.0002177
41,"R_Date","05BDT5‐85",NA,"posterior",1669.5,0.0001354
41,"R_Date","05BDT5‐85",NA,"posterior",1670.5,9.374e-05
41,"R_Date","05BDT5‐85",NA,"posterior",1671.5,4.376e-05
41,"R_Date","05BDT5‐85",NA,"posterior",1672.5,3.335e-05
41,"R_Date","05BDT5‐85",NA,"posterior",1673.5,2.186e-05
41,"R_Date","05BDT5‐85",NA,"posterior",1674.5,1.3545e-05
41,"R_Date","05BDT5‐85",NA,"posterior",1675.5,2.2931e-05
41,"R_Date","05BDT5‐85",NA,"posterior",1676.5,2.7089e-05
41,"R_Date","05BDT5‐85",NA,"posterior",1677.5,1.7702e-05
41,"R_Date","05BDT5‐85",NA,"posterior",1678.5,1.3545e-05
41,"R_Date","05BDT5‐85",NA,"posterior",1679.5,8.315e-06
41,"R_Date","05BDT5‐85",NA,"posterior",1680.5,1.0416e-05
41,"R_Date","05BDT5‐85",NA,"posterior",1681.5,6.258e-06
41,"R_Date","05BDT5‐85",NA,"posterior",1682.5,1.0416e-05
41,"R_Date","05BDT5‐85",NA,"posterior",1683.5,6.258e-06
41,"R_Date","05BDT5‐85",NA,"posterior",1684.5,1.0287e-06
41,"R_Date","05BDT5‐85",NA,"posterior",1685.5,0
41,"R_Date","05BDT5‐85",NA,"posterior",1686.5,3.129e-06
41,"R_Date","05BDT5‐85",NA,"posterior",1687.5,1.0287e-06
42,"R_Date","05BDT5‐83",NA,"likelihood",1417.5,0
42,"R_Date","05BDT5‐83",NA,"likelihood",1418.5,7.673e-09
42,"R_Date","05BDT5‐83",NA,"likelihood",1419.5,7.673e-09
42,"R_Date","05BDT5‐83",NA,"likelihood",1420.5,7.673e-09
42,"R_Date","05BDT5‐83",NA,"likelihood",1421.5,1.5345e-08
42,"R_Date","05BDT5‐83",NA,"likelihood",1422.5,3.0691e-08
42,"R_Date","05BDT5‐83",NA,"likelihood",1423.5,6.905e-08
42,"R_Date","05BDT5‐83",NA,"likelihood",1424.5,1.3811e-07
42,"R_Date","05BDT5‐83",NA,"likelihood",1425.5,2.4552e-07
42,"R_Date","05BDT5‐83",NA,"likelihood",1426.5,4.22e-07
42,"R_Date","05BDT5‐83",NA,"likelihood",1427.5,6.445e-07
42,"R_Date","05BDT5‐83",NA,"likelihood",1428.5,8.363e-07
42,"R_Date","05BDT5‐83",NA,"likelihood",1429.5,9.591e-07
42,"R_Date","05BDT5‐83",NA,"likelihood",1430.5,1.0895e-06
42,"R_Date","05BDT5‐83",NA,"likelihood",1431.5,1.243e-06
42,"R_Date","05BDT5‐83",NA,"likelihood",1432.5,1.6113e-06
42,"R_Date","05BDT5‐83",NA,"likelihood",1433.5,2.0793e-06
42,"R_Date","05BDT5‐83",NA,"likelihood",1434.5,2.6778e-06
42,"R_Date","05BDT5‐83",NA,"likelihood",1435.5,4.373e-06
42,"R_Date","05BDT5‐83",NA,"likelihood",1436.5,6.253e-06
42,"R_Date","05BDT5‐83",NA,"likelihood",1437.5,9.936e-06
42,"R_Date","05BDT5‐83",NA,"likelihood",1438.5,1.3926e-05
42,"R_Date","05BDT5‐83",NA,"likelihood",1439.5,1.935e-05
42,"R_Date","05BDT5‐83",NA,"likelihood",1440.5,2.3977e-05
42,"R_Date","05BDT5‐83",NA,"likelihood",1441.5,3.284e-05
42,"R_Date","05BDT5‐83",NA,"likelihood",1442.5,4.458e-05
42,"R_Date","05BDT5‐83",NA,"likelihood",1443.5,6e-05
42,"R_Date","05BDT5‐83",NA,"likelihood",1444.5,8.794e-05
42,"R_Date","05BDT5‐83",NA,"likelihood",1445.5,0.00012691
42,"R_Date","05BDT5‐83",NA,"likelihood",1446.5,0.00016539
42,"R_Date","05BDT5‐83",NA,"likelihood",1447.5,0.00023227
42,"R_Date","05BDT5‐83",NA,"likelihood",1448.5,0.0003211
42,"R_Date","05BDT5‐83",NA,"likelihood",1449.5,0.0004053
42,"R_Date","05BDT5‐83",NA,"likelihood",1450.5,0.000507
42,"R_Date","05BDT5‐83",NA,"likelihood",1451.5,0.0005857
42,"R_Date","05BDT5‐83",NA,"likelihood",1452.5,0.0006741
42,"R_Date","05BDT5‐83",NA,"likelihood",1453.5,0.0007727
42,"R_Date","05BDT5‐83",NA,"likelihood",1454.5,0.0009414
42,"R_Date","05BDT5‐83",NA,"likelihood",1455.5,0.0012083
42,"R_Date","05BDT5‐83",NA,"likelihood",1456.5,0.0016146
42,"R_Date","05BDT5‐83",NA,"likelihood",1457.5,0.0021052
42,"R_Date","05BDT5‐83",NA,"likelihood",1458.5,0.002678
42,"R_Date","05BDT5‐83",NA,"likelihood",1459.5,0.00319
42,"R_Date","05BDT5‐83",NA,"likelihood",1460.5,0.003739
42,"R_Date","05BDT5‐83",NA,"likelihood",1461.5,0.003881
42,"R_Date","05BDT5‐83",NA,"likelihood",1462.5,0.004025
42,"R_Date","05BDT5‐83",NA,"likelihood",1463.5,0.003881
42,"R_Date","05BDT5‐83",NA,"likelihood",1464.5,0.003739
42,"R_Date","05BDT5‐83",NA,"likelihood",1465.5,0.003599
42,"R_Date","05BDT5‐83",NA,"likelihood",1466.5,0.00346
42,"R_Date","05BDT5‐83",NA,"likelihood",1467.5,0.003599
42,"R_Date","05BDT5‐83",NA,"likelihood",1468.5,0.003739
42,"R_Date","05BDT5‐83",NA,"likelihood",1469.5,0.003881
42,"R_Date","05BDT5‐83",NA,"likelihood",1470.5,0.004025
42,"R_Date","05BDT5‐83",NA,"likelihood",1471.5,0.004025
42,"R_Date","05BDT5‐83",NA,"likelihood",1472.5,0.004169
42,"R_Date","05BDT5‐83",NA,"likelihood",1473.5,0.004461
42,"R_Date","05BDT5‐83",NA,"likelihood",1474.5,0.004754
42,"R_Date","05BDT5‐83",NA,"likelihood",1475.5,0.005192
42,"R_Date","05BDT5‐83",NA,"likelihood",1476.5,0.00562
42,"R_Date","05BDT5‐83",NA,"likelihood",1477.5,0.006028
42,"R_Date","05BDT5‐83",NA,"likelihood",1478.5,0.006286
42,"R_Date","05BDT5‐83",NA,"likelihood",1479.5,0.006528
42,"R_Date","05BDT5‐83",NA,"likelihood",1480.5,0.006754
42,"R_Date","05BDT5‐83",NA,"likelihood",1481.5,0.006859
42,"R_Date","05BDT5‐83",NA,"likelihood",1482.5,0.007012
42,"R_Date","05BDT5‐83",NA,"likelihood",1483.5,0.007109
42,"R_Date","05BDT5‐83",NA,"likelihood",1484.5,0.007109
42,"R_Date","05BDT5‐83",NA,"likelihood",1485.5,0.007109
42,"R_Date","05BDT5‐83",NA,"likelihood",1486.5,0.007109
42,"R_Date","05BDT5‐83",NA,"likelihood",1487.5,0.007109
42,"R_Date","05BDT5‐83",NA,"likelihood",1488.5,0.007141
42,"R_Date","05BDT5‐83",NA,"likelihood",1489.5,0.007224
42,"R_Date","05BDT5‐83",NA,"likelihood",1490.5,0.0073
42,"R_Date","05BDT5‐83",NA,"likelihood",1491.5,0.007369
42,"R_Date","05BDT5‐83",NA,"likelihood",1492.5,0.007432
42,"R_Date","05BDT5‐83",NA,"likelihood",1493.5,0.007536
42,"R_Date","05BDT5‐83",NA,"likelihood",1494.5,0.007578
42,"R_Date","05BDT5‐83",NA,"likelihood",1495.5,0.007638
42,"R_Date","05BDT5‐83",NA,"likelihood",1496.5,0.007658
42,"R_Date","05BDT5‐83",NA,"likelihood",1497.5,0.007669
42,"R_Date","05BDT5‐83",NA,"likelihood",1498.5,0.007669
42,"R_Date","05BDT5‐83",NA,"likelihood",1499.5,0.007673
42,"R_Date","05BDT5‐83",NA,"likelihood",1500.5,0.007673
42,"R_Date","05BDT5‐83",NA,"likelihood",1501.5,0.007673
42,"R_Date","05BDT5‐83",NA,"likelihood",1502.5,0.007669
42,"R_Date","05BDT5‐83",NA,"likelihood",1503.5,0.007657
42,"R_Date","05BDT5‐83",NA,"likelihood",1504.5,0.007638
42,"R_Date","05BDT5‐83",NA,"likelihood",1505.5,0.007611
42,"R_Date","05BDT5‐83",NA,"likelihood",1506.5,0.007577
42,"R_Date","05BDT5‐83",NA,"likelihood",1507.5,0.007535
42,"R_Date","05BDT5‐83",NA,"likelihood",1508.5,0.007486
42,"R_Date","05BDT5‐83",NA,"likelihood",1509.5,0.007367
42,"R_Date","05BDT5‐83",NA,"likelihood",1510.5,0.007297
42,"R_Date","05BDT5‐83",NA,"likelihood",1511.5,0.007138
42,"R_Date","05BDT5‐83",NA,"likelihood",1512.5,0.007105
42,"R_Date","05BDT5‐83",NA,"likelihood",1513.5,0.007008
42,"R_Date","05BDT5‐83",NA,"likelihood",1514.5,0.007008
42,"R_Date","05BDT5‐83",NA,"likelihood",1515.5,0.006954
42,"R_Date","05BDT5‐83",NA,"likelihood",1516.5,0.006954
42,"R_Date","05BDT5‐83",NA,"likelihood",1517.5,0.006954
42,"R_Date","05BDT5‐83",NA,"likelihood",1518.5,0.006854
42,"R_Date","05BDT5‐83",NA,"likelihood",1519.5,0.006748
42,"R_Date","05BDT5‐83",NA,"likelihood",1520.5,0.006402
42,"R_Date","05BDT5‐83",NA,"likelihood",1521.5,0.00615
42,"R_Date","05BDT5‐83",NA,"likelihood",1522.5,0.005747
42,"R_Date","05BDT5‐83",NA,"likelihood",1523.5,0.005322
42,"R_Date","05BDT5‐83",NA,"likelihood",1524.5,0.004884
42,"R_Date","05BDT5‐83",NA,"likelihood",1525.5,0.004287
42,"R_Date","05BDT5‐83",NA,"likelihood",1526.5,0.003699
42,"R_Date","05BDT5‐83",NA,"likelihood",1527.5,0.0031387
42,"R_Date","05BDT5‐83",NA,"likelihood",1528.5,0.0026199
42,"R_Date","05BDT5‐83",NA,"likelihood",1529.5,0.0022631
42,"R_Date","05BDT5‐83",NA,"likelihood",1530.5,0.0019699
42,"R_Date","05BDT5‐83",NA,"likelihood",1531.5,0.0017703
42,"R_Date","05BDT5‐83",NA,"likelihood",1532.5,0.0015844
42,"R_Date","05BDT5‐83",NA,"likelihood",1533.5,0.0014966
42,"R_Date","05BDT5‐83",NA,"likelihood",1534.5,0.0014966
42,"R_Date","05BDT5‐83",NA,"likelihood",1535.5,0.0015844
42,"R_Date","05BDT5‐83",NA,"likelihood",1536.5,0.0016756
42,"R_Date","05BDT5‐83",NA,"likelihood",1537.5,0.0018351
42,"R_Date","05BDT5‐83",NA,"likelihood",1538.5,0.0020749
42,"R_Date","05BDT5‐83",NA,"likelihood",1539.5,0.0022949
42,"R_Date","05BDT5‐83",NA,"likelihood",1540.5,0.0024977
42,"R_Date","05BDT5‐83",NA,"likelihood",1541.5,0.0026491
42,"R_Date","05BDT5‐83",NA,"likelihood",1542.5,0.0027452
42,"R_Date","05BDT5‐83",NA,"likelihood",1543.5,0.0029004
42,"R_Date","05BDT5‐83",NA,"likelihood",1544.5,0.0027733
42,"R_Date","05BDT5‐83",NA,"likelihood",1545.5,0.0026491
42,"R_Date","05BDT5‐83",NA,"likelihood",1546.5,0.0025279
42,"R_Date","05BDT5‐83",NA,"likelihood",1547.5,0.0024098
42,"R_Date","05BDT5‐83",NA,"likelihood",1548.5,0.0024098
42,"R_Date","05BDT5‐83",NA,"likelihood",1549.5,0.0024098
42,"R_Date","05BDT5‐83",NA,"likelihood",1550.5,0.0026491
42,"R_Date","05BDT5‐83",NA,"likelihood",1551.5,0.0029004
42,"R_Date","05BDT5‐83",NA,"likelihood",1552.5,0.003163
42,"R_Date","05BDT5‐83",NA,"likelihood",1553.5,0.003435
42,"R_Date","05BDT5‐83",NA,"likelihood",1554.5,0.003574
42,"R_Date","05BDT5‐83",NA,"likelihood",1555.5,0.003715
42,"R_Date","05BDT5‐83",NA,"likelihood",1556.5,0.003858
42,"R_Date","05BDT5‐83",NA,"likelihood",1557.5,0.004148
42,"R_Date","05BDT5‐83",NA,"likelihood",1558.5,0.004294
42,"R_Date","05BDT5‐83",NA,"likelihood",1559.5,0.004589
42,"R_Date","05BDT5‐83",NA,"likelihood",1560.5,0.004884
42,"R_Date","05BDT5‐83",NA,"likelihood",1561.5,0.005031
42,"R_Date","05BDT5‐83",NA,"likelihood",1562.5,0.005177
42,"R_Date","05BDT5‐83",NA,"likelihood",1563.5,0.005031
42,"R_Date","05BDT5‐83",NA,"likelihood",1564.5,0.004884
42,"R_Date","05BDT5‐83",NA,"likelihood",1565.5,0.004589
42,"R_Date","05BDT5‐83",NA,"likelihood",1566.5,0.004441
42,"R_Date","05BDT5‐83",NA,"likelihood",1567.5,0.004294
42,"R_Date","05BDT5‐83",NA,"likelihood",1568.5,0.004287
42,"R_Date","05BDT5‐83",NA,"likelihood",1569.5,0.004294
42,"R_Date","05BDT5‐83",NA,"likelihood",1570.5,0.004589
42,"R_Date","05BDT5‐83",NA,"likelihood",1571.5,0.004736
42,"R_Date","05BDT5‐83",NA,"likelihood",1572.5,0.005031
42,"R_Date","05BDT5‐83",NA,"likelihood",1573.5,0.005177
42,"R_Date","05BDT5‐83",NA,"likelihood",1574.5,0.005466
42,"R_Date","05BDT5‐83",NA,"likelihood",1575.5,0.005607
42,"R_Date","05BDT5‐83",NA,"likelihood",1576.5,0.005884
42,"R_Date","05BDT5‐83",NA,"likelihood",1577.5,0.006019
42,"R_Date","05BDT5‐83",NA,"likelihood",1578.5,0.00615
42,"R_Date","05BDT5‐83",NA,"likelihood",1579.5,0.00615
42,"R_Date","05BDT5‐83",NA,"likelihood",1580.5,0.006278
42,"R_Date","05BDT5‐83",NA,"likelihood",1581.5,0.006278
42,"R_Date","05BDT5‐83",NA,"likelihood",1582.5,0.006278
42,"R_Date","05BDT5‐83",NA,"likelihood",1583.5,0.006278
42,"R_Date","05BDT5‐83",NA,"likelihood",1584.5,0.006278
42,"R_Date","05BDT5‐83",NA,"likelihood",1585.5,0.00615
42,"R_Date","05BDT5‐83",NA,"likelihood",1586.5,0.00615
42,"R_Date","05BDT5‐83",NA,"likelihood",1587.5,0.006278
42,"R_Date","05BDT5‐83",NA,"likelihood",1588.5,0.006402
42,"R_Date","05BDT5‐83",NA,"likelihood",1589.5,0.006637
42,"R_Date","05BDT5‐83",NA,"likelihood",1590.5,0.006854
42,"R_Date","05BDT5‐83",NA,"likelihood",1591.5,0.007138
42,"R_Date","05BDT5‐83",NA,"likelihood",1592.5,0.007297
42,"R_Date","05BDT5‐83",NA,"likelihood",1593.5,0.00743
42,"R_Date","05BDT5‐83",NA,"likelihood",1594.5,0.007535
42,"R_Date","05BDT5‐83",NA,"likelihood",1595.5,0.007611
42,"R_Date","05BDT5‐83",NA,"likelihood",1596.5,0.007611
42,"R_Date","05BDT5‐83",NA,"likelihood",1597.5,0.007638
42,"R_Date","05BDT5‐83",NA,"likelihood",1598.5,0.007657
42,"R_Date","05BDT5‐83",NA,"likelihood",1599.5,0.007669
42,"R_Date","05BDT5‐83",NA,"likelihood",1600.5,0.007673
42,"R_Date","05BDT5‐83",NA,"likelihood",1601.5,0.007658
42,"R_Date","05BDT5‐83",NA,"likelihood",1602.5,0.007578
42,"R_Date","05BDT5‐83",NA,"likelihood",1603.5,0.007432
42,"R_Date","05BDT5‐83",NA,"likelihood",1604.5,0.0073
42,"R_Date","05BDT5‐83",NA,"likelihood",1605.5,0.007224
42,"R_Date","05BDT5‐83",NA,"likelihood",1606.5,0.007224
42,"R_Date","05BDT5‐83",NA,"likelihood",1607.5,0.007369
42,"R_Date","05BDT5‐83",NA,"likelihood",1608.5,0.007488
42,"R_Date","05BDT5‐83",NA,"likelihood",1609.5,0.007578
42,"R_Date","05BDT5‐83",NA,"likelihood",1610.5,0.007638
42,"R_Date","05BDT5‐83",NA,"likelihood",1611.5,0.007658
42,"R_Date","05BDT5‐83",NA,"likelihood",1612.5,0.007658
42,"R_Date","05BDT5‐83",NA,"likelihood",1613.5,0.007658
42,"R_Date","05BDT5‐83",NA,"likelihood",1614.5,0.007658
42,"R_Date","05BDT5‐83",NA,"likelihood",1615.5,0.007669
42,"R_Date","05BDT5‐83",NA,"likelihood",1616.5,0.007673
42,"R_Date","05BDT5‐83",NA,"likelihood",1617.5,0.007638
42,"R_Date","05BDT5‐83",NA,"likelihood",1618.5,0.007486
42,"R_Date","05BDT5‐83",NA,"likelihood",1619.5,0.007297
42,"R_Date","05BDT5‐83",NA,"likelihood",1620.5,0.006954
42,"R_Date","05BDT5‐83",NA,"likelihood",1621.5,0.006522
42,"R_Date","05BDT5‐83",NA,"likelihood",1622.5,0.006019
42,"R_Date","05BDT5‐83",NA,"likelihood",1623.5,0.005747
42,"R_Date","05BDT5‐83",NA,"likelihood",1624.5,0.005607
42,"R_Date","05BDT5‐83",NA,"likelihood",1625.5,0.005466
42,"R_Date","05BDT5‐83",NA,"likelihood",1626.5,0.005466
42,"R_Date","05BDT5‐83",NA,"likelihood",1627.5,0.005607
42,"R_Date","05BDT5‐83",NA,"likelihood",1628.5,0.005607
42,"R_Date","05BDT5‐83",NA,"likelihood",1629.5,0.005322
42,"R_Date","05BDT5‐83",NA,"likelihood",1630.5,0.005031
42,"R_Date","05BDT5‐83",NA,"likelihood",1631.5,0.004736
42,"R_Date","05BDT5‐83",NA,"likelihood",1632.5,0.004148
42,"R_Date","05BDT5‐83",NA,"likelihood",1633.5,0.003435
42,"R_Date","05BDT5‐83",NA,"likelihood",1634.5,0.0029004
42,"R_Date","05BDT5‐83",NA,"likelihood",1635.5,0.0022949
42,"R_Date","05BDT5‐83",NA,"likelihood",1636.5,0.0018684
42,"R_Date","05BDT5‐83",NA,"likelihood",1637.5,0.0014966
42,"R_Date","05BDT5‐83",NA,"likelihood",1638.5,0.0012537
42,"R_Date","05BDT5‐83",NA,"likelihood",1639.5,0.0009761
42,"R_Date","05BDT5‐83",NA,"likelihood",1640.5,0.0007476
42,"R_Date","05BDT5‐83",NA,"likelihood",1641.5,0.0005235
42,"R_Date","05BDT5‐83",NA,"likelihood",1642.5,0.0003865
42,"R_Date","05BDT5‐83",NA,"likelihood",1643.5,0.00028072
42,"R_Date","05BDT5‐83",NA,"likelihood",1644.5,0.00020057
42,"R_Date","05BDT5‐83",NA,"likelihood",1645.5,0.0001542
42,"R_Date","05BDT5‐83",NA,"likelihood",1646.5,0.00011746
42,"R_Date","05BDT5‐83",NA,"likelihood",1647.5,8.866e-05
42,"R_Date","05BDT5‐83",NA,"likelihood",1648.5,6.005e-05
42,"R_Date","05BDT5‐83",NA,"likelihood",1649.5,4.436e-05
42,"R_Date","05BDT5‐83",NA,"likelihood",1650.5,3.605e-05
42,"R_Date","05BDT5‐83",NA,"likelihood",1651.5,2.9187e-05
42,"R_Date","05BDT5‐83",NA,"likelihood",1652.5,2.3532e-05
42,"R_Date","05BDT5‐83",NA,"likelihood",1653.5,2.11e-05
42,"R_Date","05BDT5‐83",NA,"likelihood",1654.5,1.6903e-05
42,"R_Date","05BDT5‐83",NA,"likelihood",1655.5,1.5107e-05
42,"R_Date","05BDT5‐83",NA,"likelihood",1656.5,1.2031e-05
42,"R_Date","05BDT5‐83",NA,"likelihood",1657.5,8.478e-06
42,"R_Date","05BDT5‐83",NA,"likelihood",1658.5,5.923e-06
42,"R_Date","05BDT5‐83",NA,"likelihood",1659.5,4.097e-06
42,"R_Date","05BDT5‐83",NA,"likelihood",1660.5,2.4706e-06
42,"R_Date","05BDT5‐83",NA,"likelihood",1661.5,1.4655e-06
42,"R_Date","05BDT5‐83",NA,"likelihood",1662.5,8.593e-07
42,"R_Date","05BDT5‐83",NA,"likelihood",1663.5,4.91e-07
42,"R_Date","05BDT5‐83",NA,"likelihood",1664.5,3.223e-07
42,"R_Date","05BDT5‐83",NA,"likelihood",1665.5,1.7647e-07
42,"R_Date","05BDT5‐83",NA,"likelihood",1666.5,9.974e-08
42,"R_Date","05BDT5‐83",NA,"likelihood",1667.5,4.604e-08
42,"R_Date","05BDT5‐83",NA,"likelihood",1668.5,2.3018e-08
42,"R_Date","05BDT5‐83",NA,"likelihood",1669.5,7.673e-09
42,"R_Date","05BDT5‐83",NA,"likelihood",1670.5,7.673e-09
42,"R_Date","05BDT5‐83",NA,"likelihood",1671.5,0
42,"R_Date","05BDT5‐83",NA,"likelihood",1672.5,0
42,"R_Date","05BDT5‐83",NA,"likelihood",1673.5,0
42,"R_Date","05BDT5‐83",NA,"likelihood",1674.5,0
42,"R_Date","05BDT5‐83",NA,"likelihood",1675.5,0
42,"R_Date","05BDT5‐83",NA,"likelihood",1676.5,0
42,"R_Date","05BDT5‐83",NA,"likelihood",1677.5,0
42,"R_Date","05BDT5‐83",NA,"likelihood",1678.5,0
42,"R_Date","05BDT5‐83",NA,"likelihood",1679.5,0
42,"R_Date","05BDT5‐83",NA,"likelihood",1680.5,0
42,"R_Date","05BDT5‐83",NA,"likelihood",1681.5,0
42,"R_Date","05BDT5‐83",NA,"likelihood",1682.5,0
42,"R_Date","05BDT5‐83",NA,"likelihood",1683.5,0
42,"R_Date","05BDT5‐83",NA,"likelihood",1684.5,0
42,"R_Date","05BDT5‐83",NA,"likelihood",1685.5,0
42,"R_Date","05BDT5‐83",NA,"likelihood",1686.5,0
42,"R_Date","05BDT5‐83",NA,"likelihood",1687.5,0
42,"R_Date","05BDT5‐83",NA,"likelihood",1688.5,0
42,"R_Date","05BDT5‐83",NA,"likelihood",1689.5,0
42,"R_Date","05BDT5‐83",NA,"likelihood",1690.5,0
42,"R_Date","05BDT5‐83",NA,"likelihood",1691.5,0
42,"R_Date","05BDT5‐83",NA,"likelihood",1692.5,0
42,"R_Date","05BDT5‐83",NA,"likelihood",1693.5,0
42,"R_Date","05BDT5‐83",NA,"likelihood",1694.5,0
42,"R_Date","05BDT5‐83",NA,"likelihood",1695.5,0
42,"R_Date","05BDT5‐83",NA,"likelihood",1696.5,0
42,"R_Date","05BDT5‐83",NA,"likelihood",1697.5,0
42,"R_Date","05BDT5‐83",NA,"likelihood",1698.5,0
42,"R_Date","05BDT5‐83",NA,"likelihood",1699.5,0
42,"R_Date","05BDT5‐83",NA,"likelihood",1700.5,0
42,"R_Date","05BDT5‐83",NA,"likelihood",1701.5,0
42,"R_Date","05BDT5‐83",NA,"likelihood",1702.5,0
42,"R_Date","05BDT5‐83",NA,"likelihood",1703.5,0
42,"R_Date","05BDT5‐83",NA,"likelihood",1704.5,0
42,"R_Date","05BDT5‐83",NA,"likelihood",1705.5,0
42,"R_Date","05BDT5‐83",NA,"likelihood",1706.5,0
42,"R_Date","05BDT5‐83",NA,"likelihood",1707.5,0
42,"R_Date","05BDT5‐83",NA,"likelihood",1708.5,0
42,"R_Date","05BDT5‐83",NA,"likelihood",1709.5,0
42,"R_Date","05BDT5‐83",NA,"likelihood",1710.5,0
42,"R_Date","05BDT5‐83",NA,"likelihood",1711.5,0
42,"R_Date","05BDT5‐83",NA,"likelihood",1712.5,0
42,"R_Date","05BDT5‐83",NA,"likelihood",1713.5,0
42,"R_Date","05BDT5‐83",NA,"likelihood",1714.5,0
42,"R_Date","05BDT5‐83",NA,"likelihood",1715.5,0
42,"R_Date","05BDT5‐83",NA,"likelihood",1716.5,0
42,"R_Date","05BDT5‐83",NA,"likelihood",1717.5,0
42,"R_Date","05BDT5‐83",NA,"likelihood",1718.5,0
42,"R_Date","05BDT5‐83",NA,"likelihood",1719.5,0
42,"R_Date","05BDT5‐83",NA,"likelihood",1720.5,0
42,"R_Date","05BDT5‐83",NA,"likelihood",1721.5,0
42,"R_Date","05BDT5‐83",NA,"likelihood",1722.5,0
42,"R_Date","05BDT5‐83",NA,"likelihood",1723.5,0
42,"R_Date","05BDT5‐83",NA,"likelihood",1724.5,0
42,"R_Date","05BDT5‐83",NA,"likelihood",1725.5,0
42,"R_Date","05BDT5‐83",NA,"likelihood",1726.5,0
42,"R_Date","05BDT5‐83",NA,"likelihood",1727.5,0
42,"R_Date","05BDT5‐83",NA,"likelihood",1728.5,0
42,"R_Date","05BDT5‐83",NA,"likelihood",1729.5,0
42,"R_Date","05BDT5‐83",NA,"likelihood",1730.5,0
42,"R_Date","05BDT5‐83",NA,"likelihood",1731.5,0
42,"R_Date","05BDT5‐83",NA,"likelihood",1732.5,0
42,"R_Date","05BDT5‐83",NA,"likelihood",1733.5,0
42,"R_Date","05BDT5‐83",NA,"likelihood",1734.5,0
42,"R_Date","05BDT5‐83",NA,"likelihood",1735.5,0
42,"R_Date","05BDT5‐83",NA,"likelihood",1736.5,0
42,"R_Date","05BDT5‐83",NA,"likelihood",1737.5,0
42,"R_Date","05BDT5‐83",NA,"likelihood",1738.5,0
42,"R_Date","05BDT5‐83",NA,"likelihood",1739.5,0
42,"R_Date","05BDT5‐83",NA,"likelihood",1740.5,0
42,"R_Date","05BDT5‐83",NA,"likelihood",1741.5,0
42,"R_Date","05BDT5‐83",NA,"likelihood",1742.5,0
42,"R_Date","05BDT5‐83",NA,"likelihood",1743.5,0
42,"R_Date","05BDT5‐83",NA,"likelihood",1744.5,0
42,"R_Date","05BDT5‐83",NA,"likelihood",1745.5,0
42,"R_Date","05BDT5‐83",NA,"likelihood",1746.5,0
42,"R_Date","05BDT5‐83",NA,"likelihood",1747.5,0
42,"R_Date","05BDT5‐83",NA,"likelihood",1748.5,0
42,"R_Date","05BDT5‐83",NA,"likelihood",1749.5,0
42,"R_Date","05BDT5‐83",NA,"likelihood",1750.5,0
42,"R_Date","05BDT5‐83",NA,"likelihood",1751.5,0
42,"R_Date","05BDT5‐83",NA,"likelihood",1752.5,0
42,"R_Date","05BDT5‐83",NA,"likelihood",1753.5,0
42,"R_Date","05BDT5‐83",NA,"likelihood",1754.5,0
42,"R_Date","05BDT5‐83",NA,"likelihood",1755.5,0
42,"R_Date","05BDT5‐83",NA,"likelihood",1756.5,0
42,"R_Date","05BDT5‐83",NA,"likelihood",1757.5,0
42,"R_Date","05BDT5‐83",NA,"likelihood",1758.5,0
42,"R_Date","05BDT5‐83",NA,"likelihood",1759.5,0
42,"R_Date","05BDT5‐83",NA,"likelihood",1760.5,0
42,"R_Date","05BDT5‐83",NA,"likelihood",1761.5,0
42,"R_Date","05BDT5‐83",NA,"likelihood",1762.5,0
42,"R_Date","05BDT5‐83",NA,"likelihood",1763.5,0
42,"R_Date","05BDT5‐83",NA,"likelihood",1764.5,0
42,"R_Date","05BDT5‐83",NA,"likelihood",1765.5,0
42,"R_Date","05BDT5‐83",NA,"likelihood",1766.5,0
42,"R_Date","05BDT5‐83",NA,"likelihood",1767.5,0
42,"R_Date","05BDT5‐83",NA,"likelihood",1768.5,0
42,"R_Date","05BDT5‐83",NA,"likelihood",1769.5,0
42,"R_Date","05BDT5‐83",NA,"likelihood",1770.5,0
42,"R_Date","05BDT5‐83",NA,"likelihood",1771.5,0
42,"R_Date","05BDT5‐83",NA,"likelihood",1772.5,0
42,"R_Date","05BDT5‐83",NA,"likelihood",1773.5,0
42,"R_Date","05BDT5‐83",NA,"likelihood",1774.5,0
42,"R_Date","05BDT5‐83",NA,"likelihood",1775.5,0
42,"R_Date","05BDT5‐83",NA,"likelihood",1776.5,0
42,"R_Date","05BDT5‐83",NA,"likelihood",1777.5,0
42,"R_Date","05BDT5‐83",NA,"likelihood",1778.5,0
42,"R_Date","05BDT5‐83",NA,"likelihood",1779.5,0
42,"R_Date","05BDT5‐83",NA,"likelihood",1780.5,7.673e-09
42,"R_Date","05BDT5‐83",NA,"likelihood",1781.5,1.5345e-08
42,"R_Date","05BDT5‐83",NA,"likelihood",1782.5,3.836e-08
42,"R_Date","05BDT5‐83",NA,"likelihood",1783.5,8.44e-08
42,"R_Date","05BDT5‐83",NA,"likelihood",1784.5,1.5345e-07
42,"R_Date","05BDT5‐83",NA,"likelihood",1785.5,3.223e-07
42,"R_Date","05BDT5‐83",NA,"likelihood",1786.5,5.678e-07
42,"R_Date","05BDT5‐83",NA,"likelihood",1787.5,8.593e-07
42,"R_Date","05BDT5‐83",NA,"likelihood",1788.5,1.2813e-06
42,"R_Date","05BDT5‐83",NA,"likelihood",1789.5,1.9105e-06
42,"R_Date","05BDT5‐83",NA,"likelihood",1790.5,2.1714e-06
42,"R_Date","05BDT5‐83",NA,"likelihood",1791.5,1.9105e-06
42,"R_Date","05BDT5‐83",NA,"likelihood",1792.5,1.4655e-06
42,"R_Date","05BDT5‐83",NA,"likelihood",1793.5,8.593e-07
42,"R_Date","05BDT5‐83",NA,"likelihood",1794.5,3.683e-07
42,"R_Date","05BDT5‐83",NA,"likelihood",1795.5,1.1509e-07
42,"R_Date","05BDT5‐83",NA,"likelihood",1796.5,3.0691e-08
42,"R_Date","05BDT5‐83",NA,"likelihood",1797.5,7.673e-09
42,"R_Date","05BDT5‐83",NA,"likelihood",1798.5,0
42,"R_Date","05BDT5‐83",NA,"likelihood",1799.5,0
42,"R_Date","05BDT5‐83",NA,"likelihood",1800.5,0
42,"R_Date","05BDT5‐83",NA,"likelihood",1801.5,0
42,"R_Date","05BDT5‐83",NA,"likelihood",1802.5,0
42,"R_Date","05BDT5‐83",NA,"likelihood",1803.5,0
42,"R_Date","05BDT5‐83",NA,"likelihood",1804.5,0
42,"R_Date","05BDT5‐83",NA,"likelihood",1805.5,0
42,"R_Date","05BDT5‐83",NA,"likelihood",1806.5,0
42,"R_Date","05BDT5‐83",NA,"likelihood",1807.5,0
42,"R_Date","05BDT5‐83",NA,"likelihood",1808.5,0
42,"R_Date","05BDT5‐83",NA,"likelihood",1809.5,0
42,"R_Date","05BDT5‐83",NA,"likelihood",1810.5,0
42,"R_Date","05BDT5‐83",NA,"likelihood",1811.5,0
42,"R_Date","05BDT5‐83",NA,"likelihood",1812.5,0
42,"R_Date","05BDT5‐83",NA,"likelihood",1813.5,0
42,"R_Date","05BDT5‐83",NA,"likelihood",1814.5,0
42,"R_Date","05BDT5‐83",NA,"likelihood",1815.5,0
42,"R_Date","05BDT5‐83",NA,"likelihood",1816.5,0
42,"R_Date","05BDT5‐83",NA,"likelihood",1817.5,0
42,"R_Date","05BDT5‐83",NA,"likelihood",1818.5,0
42,"R_Date","05BDT5‐83",NA,"likelihood",1819.5,0
42,"R_Date","05BDT5‐83",NA,"likelihood",1820.5,0
42,"R_Date","05BDT5‐83",NA,"likelihood",1821.5,0
42,"R_Date","05BDT5‐83",NA,"likelihood",1822.5,0
42,"R_Date","05BDT5‐83",NA,"likelihood",1823.5,0
42,"R_Date","05BDT5‐83",NA,"likelihood",1824.5,0
42,"R_Date","05BDT5‐83",NA,"likelihood",1825.5,0
42,"R_Date","05BDT5‐83",NA,"likelihood",1826.5,0
42,"R_Date","05BDT5‐83",NA,"likelihood",1827.5,0
42,"R_Date","05BDT5‐83",NA,"likelihood",1828.5,0
42,"R_Date","05BDT5‐83",NA,"likelihood",1829.5,0
42,"R_Date","05BDT5‐83",NA,"likelihood",1830.5,0
42,"R_Date","05BDT5‐83",NA,"likelihood",1831.5,0
42,"R_Date","05BDT5‐83",NA,"likelihood",1832.5,0
42,"R_Date","05BDT5‐83",NA,"likelihood",1833.5,0
42,"R_Date","05BDT5‐83",NA,"likelihood",1834.5,0
42,"R_Date","05BDT5‐83",NA,"likelihood",1835.5,0
42,"R_Date","05BDT5‐83",NA,"likelihood",1836.5,0
42,"R_Date","05BDT5‐83",NA,"likelihood",1837.5,0
42,"R_Date","05BDT5‐83",NA,"likelihood",1838.5,0
42,"R_Date","05BDT5‐83",NA,"likelihood",1839.5,0
42,"R_Date","05BDT5‐83",NA,"likelihood",1840.5,0
42,"R_Date","05BDT5‐83",NA,"likelihood",1841.5,0
42,"R_Date","05BDT5‐83",NA,"likelihood",1842.5,0
42,"R_Date","05BDT5‐83",NA,"likelihood",1843.5,0
42,"R_Date","05BDT5‐83",NA,"likelihood",1844.5,0
42,"R_Date","05BDT5‐83",NA,"likelihood",1845.5,0
42,"R_Date","05BDT5‐83",NA,"likelihood",1846.5,0
42,"R_Date","05BDT5‐83",NA,"likelihood",1847.5,0
42,"R_Date","05BDT5‐83",NA,"likelihood",1848.5,0
42,"R_Date","05BDT5‐83",NA,"likelihood",1849.5,0
42,"R_Date","05BDT5‐83",NA,"likelihood",1850.5,0
42,"R_Date","05BDT5‐83",NA,"likelihood",1851.5,0
42,"R_Date","05BDT5‐83",NA,"likelihood",1852.5,0
42,"R_Date","05BDT5‐83",NA,"likelihood",1853.5,0
42,"R_Date","05BDT5‐83",NA,"likelihood",1854.5,0
42,"R_Date","05BDT5‐83",NA,"likelihood",1855.5,0
42,"R_Date","05BDT5‐83",NA,"likelihood",1856.5,0
42,"R_Date","05BDT5‐83",NA,"likelihood",1857.5,0
42,"R_Date","05BDT5‐83",NA,"likelihood",1858.5,0
42,"R_Date","05BDT5‐83",NA,"likelihood",1859.5,0
42,"R_Date","05BDT5‐83",NA,"likelihood",1860.5,0
42,"R_Date","05BDT5‐83",NA,"likelihood",1861.5,0
42,"R_Date","05BDT5‐83",NA,"likelihood",1862.5,0
42,"R_Date","05BDT5‐83",NA,"likelihood",1863.5,0
42,"R_Date","05BDT5‐83",NA,"likelihood",1864.5,0
42,"R_Date","05BDT5‐83",NA,"likelihood",1865.5,0
42,"R_Date","05BDT5‐83",NA,"likelihood",1866.5,0
42,"R_Date","05BDT5‐83",NA,"likelihood",1867.5,0
42,"R_Date","05BDT5‐83",NA,"likelihood",1868.5,0
42,"R_Date","05BDT5‐83",NA,"likelihood",1869.5,0
42,"R_Date","05BDT5‐83",NA,"likelihood",1870.5,0
42,"R_Date","05BDT5‐83",NA,"likelihood",1871.5,0
42,"R_Date","05BDT5‐83",NA,"likelihood",1872.5,0
42,"R_Date","05BDT5‐83",NA,"likelihood",1873.5,0
42,"R_Date","05BDT5‐83",NA,"likelihood",1874.5,0
42,"R_Date","05BDT5‐83",NA,"likelihood",1875.5,0
42,"R_Date","05BDT5‐83",NA,"likelihood",1876.5,0
42,"R_Date","05BDT5‐83",NA,"likelihood",1877.5,0
42,"R_Date","05BDT5‐83",NA,"likelihood",1878.5,0
42,"R_Date","05BDT5‐83",NA,"likelihood",1879.5,0
42,"R_Date","05BDT5‐83",NA,"likelihood",1880.5,0
42,"R_Date","05BDT5‐83",NA,"likelihood",1881.5,0
42,"R_Date","05BDT5‐83",NA,"likelihood",1882.5,0
42,"R_Date","05BDT5‐83",NA,"likelihood",1883.5,0
42,"R_Date","05BDT5‐83",NA,"likelihood",1884.5,0
42,"R_Date","05BDT5‐83",NA,"likelihood",1885.5,0
42,"R_Date","05BDT5‐83",NA,"likelihood",1886.5,0
42,"R_Date","05BDT5‐83",NA,"likelihood",1887.5,0
42,"R_Date","05BDT5‐83",NA,"likelihood",1888.5,0
42,"R_Date","05BDT5‐83",NA,"likelihood",1889.5,0
42,"R_Date","05BDT5‐83",NA,"likelihood",1890.5,0
42,"R_Date","05BDT5‐83",NA,"likelihood",1891.5,0
42,"R_Date","05BDT5‐83",NA,"likelihood",1892.5,0
42,"R_Date","05BDT5‐83",NA,"likelihood",1893.5,0
42,"R_Date","05BDT5‐83",NA,"likelihood",1894.5,0
42,"R_Date","05BDT5‐83",NA,"likelihood",1895.5,0
42,"R_Date","05BDT5‐83",NA,"likelihood",1896.5,0
42,"R_Date","05BDT5‐83",NA,"likelihood",1897.5,0
42,"R_Date","05BDT5‐83",NA,"likelihood",1898.5,0
42,"R_Date","05BDT5‐83",NA,"likelihood",1899.5,0
42,"R_Date","05BDT5‐83",NA,"likelihood",1900.5,0
42,"R_Date","05BDT5‐83",NA,"likelihood",1901.5,0
42,"R_Date","05BDT5‐83",NA,"likelihood",1902.5,0
42,"R_Date","05BDT5‐83",NA,"likelihood",1903.5,0
42,"R_Date","05BDT5‐83",NA,"likelihood",1904.5,0
42,"R_Date","05BDT5‐83",NA,"likelihood",1905.5,0
42,"R_Date","05BDT5‐83",NA,"likelihood",1906.5,0
42,"R_Date","05BDT5‐83",NA,"likelihood",1907.5,0
42,"R_Date","05BDT5‐83",NA,"likelihood",1908.5,0
42,"R_Date","05BDT5‐83",NA,"likelihood",1909.5,0
42,"R_Date","05BDT5‐83",NA,"likelihood",1910.5,0
42,"R_Date","05BDT5‐83",NA,"likelihood",1911.5,0
42,"R_Date","05BDT5‐83",NA,"likelihood",1912.5,0
42,"R_Date","05BDT5‐83",NA,"likelihood",1913.5,0
42,"R_Date","05BDT5‐83",NA,"likelihood",1914.5,0
42,"R_Date","05BDT5‐83",NA,"likelihood",1915.5,0
42,"R_Date","05BDT5‐83",NA,"likelihood",1916.5,0
42,"R_Date","05BDT5‐83",NA,"likelihood",1917.5,0
42,"R_Date","05BDT5‐83",NA,"likelihood",1918.5,0
42,"R_Date","05BDT5‐83",NA,"likelihood",1919.5,0
42,"R_Date","05BDT5‐83",NA,"likelihood",1920.5,0
42,"R_Date","05BDT5‐83",NA,"likelihood",1921.5,0
42,"R_Date","05BDT5‐83",NA,"likelihood",1922.5,0
42,"R_Date","05BDT5‐83",NA,"likelihood",1923.5,0
42,"R_Date","05BDT5‐83",NA,"likelihood",1924.5,0
42,"R_Date","05BDT5‐83",NA,"likelihood",1925.5,0
42,"R_Date","05BDT5‐83",NA,"likelihood",1926.5,0
42,"R_Date","05BDT5‐83",NA,"likelihood",1927.5,0
42,"R_Date","05BDT5‐83",NA,"likelihood",1928.5,0
42,"R_Date","05BDT5‐83",NA,"likelihood",1929.5,0
42,"R_Date","05BDT5‐83",NA,"likelihood",1930.5,0
42,"R_Date","05BDT5‐83",NA,"likelihood",1931.5,0
42,"R_Date","05BDT5‐83",NA,"likelihood",1932.5,0
42,"R_Date","05BDT5‐83",NA,"likelihood",1933.5,0
42,"R_Date","05BDT5‐83",NA,"likelihood",1934.5,0
42,"R_Date","05BDT5‐83",NA,"likelihood",1935.5,0
42,"R_Date","05BDT5‐83",NA,"likelihood",1936.5,0
42,"R_Date","05BDT5‐83",NA,"likelihood",1937.5,0
42,"R_Date","05BDT5‐83",NA,"likelihood",1938.5,0
42,"R_Date","05BDT5‐83",NA,"likelihood",1939.5,0
42,"R_Date","05BDT5‐83",NA,"likelihood",1940.5,0
42,"R_Date","05BDT5‐83",NA,"likelihood",1941.5,0
42,"R_Date","05BDT5‐83",NA,"likelihood",1942.5,0
42,"R_Date","05BDT5‐83",NA,"likelihood",1943.5,0
42,"R_Date","05BDT5‐83",NA,"likelihood",1944.5,7.673e-09
42,"R_Date","05BDT5‐83",NA,"likelihood",1945.5,7.673e-09
42,"R_Date","05BDT5‐83",NA,"likelihood",1946.5,7.673e-09
42,"R_Date","05BDT5‐83",NA,"likelihood",1947.5,1.5345e-08
42,"R_Date","05BDT5‐83",NA,"likelihood",1948.5,2.3018e-08
42,"R_Date","05BDT5‐83",NA,"likelihood",1949.5,3.0691e-08
42,"R_Date","05BDT5‐83",NA,"likelihood",1950.5,3.0691e-08
42,"R_Date","05BDT5‐83",NA,"posterior",1524.5,0
42,"R_Date","05BDT5‐83",NA,"posterior",1525.5,7.293e-06
42,"R_Date","05BDT5‐83",NA,"posterior",1526.5,5.216e-06
42,"R_Date","05BDT5‐83",NA,"posterior",1527.5,6.229e-06
42,"R_Date","05BDT5‐83",NA,"posterior",1528.5,1.1446e-05
42,"R_Date","05BDT5‐83",NA,"posterior",1529.5,3.1399e-06
42,"R_Date","05BDT5‐83",NA,"posterior",1530.5,1.0635e-06
42,"R_Date","05BDT5‐83",NA,"posterior",1531.5,4.153e-06
42,"R_Date","05BDT5‐83",NA,"posterior",1532.5,4.153e-06
42,"R_Date","05BDT5‐83",NA,"posterior",1533.5,9.369e-06
42,"R_Date","05BDT5‐83",NA,"posterior",1534.5,8.356e-06
42,"R_Date","05BDT5‐83",NA,"posterior",1535.5,2.0764e-06
42,"R_Date","05BDT5‐83",NA,"posterior",1536.5,6.229e-06
42,"R_Date","05BDT5‐83",NA,"posterior",1537.5,1.2509e-05
42,"R_Date","05BDT5‐83",NA,"posterior",1538.5,1.5649e-05
42,"R_Date","05BDT5‐83",NA,"posterior",1539.5,1.4586e-05
42,"R_Date","05BDT5‐83",NA,"posterior",1540.5,1.9802e-05
42,"R_Date","05BDT5‐83",NA,"posterior",1541.5,1.6662e-05
42,"R_Date","05BDT5‐83",NA,"posterior",1542.5,3.1248e-05
42,"R_Date","05BDT5‐83",NA,"posterior",1543.5,1.3522e-05
42,"R_Date","05BDT5‐83",NA,"posterior",1544.5,2.5018e-05
42,"R_Date","05BDT5‐83",NA,"posterior",1545.5,2.2891e-05
42,"R_Date","05BDT5‐83",NA,"posterior",1546.5,2.8108e-05
42,"R_Date","05BDT5‐83",NA,"posterior",1547.5,2.6031e-05
42,"R_Date","05BDT5‐83",NA,"posterior",1548.5,2.2891e-05
42,"R_Date","05BDT5‐83",NA,"posterior",1549.5,2.9171e-05
42,"R_Date","05BDT5‐83",NA,"posterior",1550.5,3.439e-05
42,"R_Date","05BDT5‐83",NA,"posterior",1551.5,3.646e-05
42,"R_Date","05BDT5‐83",NA,"posterior",1552.5,4.168e-05
42,"R_Date","05BDT5‐83",NA,"posterior",1553.5,6.564e-05
42,"R_Date","05BDT5‐83",NA,"posterior",1554.5,5.52e-05
42,"R_Date","05BDT5‐83",NA,"posterior",1555.5,6.25e-05
42,"R_Date","05BDT5‐83",NA,"posterior",1556.5,5.834e-05
42,"R_Date","05BDT5‐83",NA,"posterior",1557.5,5.52e-05
42,"R_Date","05BDT5‐83",NA,"posterior",1558.5,9.273e-05
42,"R_Date","05BDT5‐83",NA,"posterior",1559.5,8.123e-05
42,"R_Date","05BDT5‐83",NA,"posterior",1560.5,8.959e-05
42,"R_Date","05BDT5‐83",NA,"posterior",1561.5,0.00010732
42,"R_Date","05BDT5‐83",NA,"posterior",1562.5,0.00012813
42,"R_Date","05BDT5‐83",NA,"posterior",1563.5,0.00012707
42,"R_Date","05BDT5‐83",NA,"posterior",1564.5,0.00013228
42,"R_Date","05BDT5‐83",NA,"posterior",1565.5,0.00012813
42,"R_Date","05BDT5‐83",NA,"posterior",1566.5,0.00010833
42,"R_Date","05BDT5‐83",NA,"posterior",1567.5,0.00012914
42,"R_Date","05BDT5‐83",NA,"posterior",1568.5,0.00011668
42,"R_Date","05BDT5‐83",NA,"posterior",1569.5,0.00015522
42,"R_Date","05BDT5‐83",NA,"posterior",1570.5,0.00015208
42,"R_Date","05BDT5‐83",NA,"posterior",1571.5,0.00017082
42,"R_Date","05BDT5‐83",NA,"posterior",1572.5,0.0001844
42,"R_Date","05BDT5‐83",NA,"posterior",1573.5,0.00021144
42,"R_Date","05BDT5‐83",NA,"posterior",1574.5,0.00024269
42,"R_Date","05BDT5‐83",NA,"posterior",1575.5,0.0002552
42,"R_Date","05BDT5‐83",NA,"posterior",1576.5,0.000324
42,"R_Date","05BDT5‐83",NA,"posterior",1577.5,0.00030518
42,"R_Date","05BDT5‐83",NA,"posterior",1578.5,0.0003354
42,"R_Date","05BDT5‐83",NA,"posterior",1579.5,0.000375
42,"R_Date","05BDT5‐83",NA,"posterior",1580.5,0.0003906
42,"R_Date","05BDT5‐83",NA,"posterior",1581.5,0.0004177
42,"R_Date","05BDT5‐83",NA,"posterior",1582.5,0.0004281
42,"R_Date","05BDT5‐83",NA,"posterior",1583.5,0.000501
42,"R_Date","05BDT5‐83",NA,"posterior",1584.5,0.0005416
42,"R_Date","05BDT5‐83",NA,"posterior",1585.5,0.0005292
42,"R_Date","05BDT5‐83",NA,"posterior",1586.5,0.0006312
42,"R_Date","05BDT5‐83",NA,"posterior",1587.5,0.0007302
42,"R_Date","05BDT5‐83",NA,"posterior",1588.5,0.0008063
42,"R_Date","05BDT5‐83",NA,"posterior",1589.5,0.0008937
42,"R_Date","05BDT5‐83",NA,"posterior",1590.5,0.000926
42,"R_Date","05BDT5‐83",NA,"posterior",1591.5,0.001251
42,"R_Date","05BDT5‐83",NA,"posterior",1592.5,0.0012083
42,"R_Date","05BDT5‐83",NA,"posterior",1593.5,0.0014667
42,"R_Date","05BDT5‐83",NA,"posterior",1594.5,0.0016667
42,"R_Date","05BDT5‐83",NA,"posterior",1595.5,0.0017427
42,"R_Date","05BDT5‐83",NA,"posterior",1596.5,0.0022198
42,"R_Date","05BDT5‐83",NA,"posterior",1597.5,0.0022844
42,"R_Date","05BDT5‐83",NA,"posterior",1598.5,0.0025968
42,"R_Date","05BDT5‐83",NA,"posterior",1599.5,0.0029
42,"R_Date","05BDT5‐83",NA,"posterior",1600.5,0.0030156
42,"R_Date","05BDT5‐83",NA,"posterior",1601.5,0.003649
42,"R_Date","05BDT5‐83",NA,"posterior",1602.5,0.003866
42,"R_Date","05BDT5‐83",NA,"posterior",1603.5,0.004417
42,"R_Date","05BDT5‐83",NA,"posterior",1604.5,0.004672
42,"R_Date","05BDT5‐83",NA,"posterior",1605.5,0.005255
42,"R_Date","05BDT5‐83",NA,"posterior",1606.5,0.00586
42,"R_Date","05BDT5‐83",NA,"posterior",1607.5,0.006695
42,"R_Date","05BDT5‐83",NA,"posterior",1608.5,0.007474
42,"R_Date","05BDT5‐83",NA,"posterior",1609.5,0.008674
42,"R_Date","05BDT5‐83",NA,"posterior",1610.5,0.009446
42,"R_Date","05BDT5‐83",NA,"posterior",1611.5,0.010754
42,"R_Date","05BDT5‐83",NA,"posterior",1612.5,0.011904
42,"R_Date","05BDT5‐83",NA,"posterior",1613.5,0.013646
42,"R_Date","05BDT5‐83",NA,"posterior",1614.5,0.014936
42,"R_Date","05BDT5‐83",NA,"posterior",1615.5,0.017275
42,"R_Date","05BDT5‐83",NA,"posterior",1616.5,0.018673
42,"R_Date","05BDT5‐83",NA,"posterior",1617.5,0.02079
42,"R_Date","05BDT5‐83",NA,"posterior",1618.5,0.022601
42,"R_Date","05BDT5‐83",NA,"posterior",1619.5,0.025168
42,"R_Date","05BDT5‐83",NA,"posterior",1620.5,0.027049
42,"R_Date","05BDT5‐83",NA,"posterior",1621.5,0.027953
42,"R_Date","05BDT5‐83",NA,"posterior",1622.5,0.028778
42,"R_Date","05BDT5‐83",NA,"posterior",1623.5,0.030526
42,"R_Date","05BDT5‐83",NA,"posterior",1624.5,0.03287
42,"R_Date","05BDT5‐83",NA,"posterior",1625.5,0.03533
42,"R_Date","05BDT5‐83",NA,"posterior",1626.5,0.03878
42,"R_Date","05BDT5‐83",NA,"posterior",1627.5,0.04357
42,"R_Date","05BDT5‐83",NA,"posterior",1628.5,0.04722
42,"R_Date","05BDT5‐83",NA,"posterior",1629.5,0.04847
42,"R_Date","05BDT5‐83",NA,"posterior",1630.5,0.0494
42,"R_Date","05BDT5‐83",NA,"posterior",1631.5,0.05064
42,"R_Date","05BDT5‐83",NA,"posterior",1632.5,0.04724
42,"R_Date","05BDT5‐83",NA,"posterior",1633.5,0.04212
42,"R_Date","05BDT5‐83",NA,"posterior",1634.5,0.03696
42,"R_Date","05BDT5‐83",NA,"posterior",1635.5,0.031447
42,"R_Date","05BDT5‐83",NA,"posterior",1636.5,0.027292
42,"R_Date","05BDT5‐83",NA,"posterior",1637.5,0.022267
42,"R_Date","05BDT5‐83",NA,"posterior",1638.5,0.019273
42,"R_Date","05BDT5‐83",NA,"posterior",1639.5,0.015878
42,"R_Date","05BDT5‐83",NA,"posterior",1640.5,0.012584
42,"R_Date","05BDT5‐83",NA,"posterior",1641.5,0.009216
42,"R_Date","05BDT5‐83",NA,"posterior",1642.5,0.00669
42,"R_Date","05BDT5‐83",NA,"posterior",1643.5,0.005204
42,"R_Date","05BDT5‐83",NA,"posterior",1644.5,0.00373
42,"R_Date","05BDT5‐83",NA,"posterior",1645.5,0.0028093
42,"R_Date","05BDT5‐83",NA,"posterior",1646.5,0.0022333
42,"R_Date","05BDT5‐83",NA,"posterior",1647.5,0.0017198
42,"R_Date","05BDT5‐83",NA,"posterior",1648.5,0.0011229
42,"R_Date","05BDT5‐83",NA,"posterior",1649.5,0.0008083
42,"R_Date","05BDT5‐83",NA,"posterior",1650.5,0.0006604
42,"R_Date","05BDT5‐83",NA,"posterior",1651.5,0.0005938
42,"R_Date","05BDT5‐83",NA,"posterior",1652.5,0.0004458
42,"R_Date","05BDT5‐83",NA,"posterior",1653.5,0.0003375
42,"R_Date","05BDT5‐83",NA,"posterior",1654.5,0.0002906
42,"R_Date","05BDT5‐83",NA,"posterior",1655.5,0.00025206
42,"R_Date","05BDT5‐83",NA,"posterior",1656.5,0.00020835
42,"R_Date","05BDT5‐83",NA,"posterior",1657.5,0.00013335
42,"R_Date","05BDT5‐83",NA,"posterior",1658.5,0.00011562
42,"R_Date","05BDT5‐83",NA,"posterior",1659.5,6.979e-05
42,"R_Date","05BDT5‐83",NA,"posterior",1660.5,3.96e-05
42,"R_Date","05BDT5‐83",NA,"posterior",1661.5,2.3955e-05
42,"R_Date","05BDT5‐83",NA,"posterior",1662.5,1.2509e-05
42,"R_Date","05BDT5‐83",NA,"posterior",1663.5,1.1446e-05
42,"R_Date","05BDT5‐83",NA,"posterior",1664.5,1.1446e-05
42,"R_Date","05BDT5‐83",NA,"posterior",1665.5,5.216e-06
43,"Calculate","Event 2",NA,"posterior",1546.5,0
43,"Calculate","Event 2",NA,"posterior",1547.5,0
43,"Calculate","Event 2",NA,"posterior",1548.5,1.0362e-06
43,"Calculate","Event 2",NA,"posterior",1549.5,1.0362e-06
43,"Calculate","Event 2",NA,"posterior",1550.5,2.0843e-06
43,"Calculate","Event 2",NA,"posterior",1551.5,0
43,"Calculate","Event 2",NA,"posterior",1552.5,0
43,"Calculate","Event 2",NA,"posterior",1553.5,0
43,"Calculate","Event 2",NA,"posterior",1554.5,1.0362e-06
43,"Calculate","Event 2",NA,"posterior",1555.5,1.0362e-06
43,"Calculate","Event 2",NA,"posterior",1556.5,0
43,"Calculate","Event 2",NA,"posterior",1557.5,3.1205e-06
43,"Calculate","Event 2",NA,"posterior",1558.5,1.0362e-06
43,"Calculate","Event 2",NA,"posterior",1559.5,3.1205e-06
43,"Calculate","Event 2",NA,"posterior",1560.5,1.0362e-06
43,"Calculate","Event 2",NA,"posterior",1561.5,1.0362e-06
43,"Calculate","Event 2",NA,"posterior",1562.5,1.0362e-06
43,"Calculate","Event 2",NA,"posterior",1563.5,4.169e-06
43,"Calculate","Event 2",NA,"posterior",1564.5,5.205e-06
43,"Calculate","Event 2",NA,"posterior",1565.5,4.169e-06
43,"Calculate","Event 2",NA,"posterior",1566.5,5.205e-06
43,"Calculate","Event 2",NA,"posterior",1567.5,3.1205e-06
43,"Calculate","Event 2",NA,"posterior",1568.5,3.1205e-06
43,"Calculate","Event 2",NA,"posterior",1569.5,5.205e-06
43,"Calculate","Event 2",NA,"posterior",1570.5,1.2506e-05
43,"Calculate","Event 2",NA,"posterior",1571.5,7.289e-06
43,"Calculate","Event 2",NA,"posterior",1572.5,2.0843e-06
43,"Calculate","Event 2",NA,"posterior",1573.5,1.2506e-05
43,"Calculate","Event 2",NA,"posterior",1574.5,6.253e-06
43,"Calculate","Event 2",NA,"posterior",1575.5,5.205e-06
43,"Calculate","Event 2",NA,"posterior",1576.5,1.0422e-05
43,"Calculate","Event 2",NA,"posterior",1577.5,6.253e-06
43,"Calculate","Event 2",NA,"posterior",1578.5,1.0422e-05
43,"Calculate","Event 2",NA,"posterior",1579.5,1.0422e-05
43,"Calculate","Event 2",NA,"posterior",1580.5,1.6663e-05
43,"Calculate","Event 2",NA,"posterior",1581.5,1.2506e-05
43,"Calculate","Event 2",NA,"posterior",1582.5,1.6663e-05
43,"Calculate","Event 2",NA,"posterior",1583.5,1.9795e-05
43,"Calculate","Event 2",NA,"posterior",1584.5,1.8747e-05
43,"Calculate","Event 2",NA,"posterior",1585.5,2.0831e-05
43,"Calculate","Event 2",NA,"posterior",1586.5,2.7084e-05
43,"Calculate","Event 2",NA,"posterior",1587.5,1.8747e-05
43,"Calculate","Event 2",NA,"posterior",1588.5,2.1879e-05
43,"Calculate","Event 2",NA,"posterior",1589.5,3.334e-05
43,"Calculate","Event 2",NA,"posterior",1590.5,2.6036e-05
43,"Calculate","Event 2",NA,"posterior",1591.5,4.375e-05
43,"Calculate","Event 2",NA,"posterior",1592.5,2.7084e-05
43,"Calculate","Event 2",NA,"posterior",1593.5,4.688e-05
43,"Calculate","Event 2",NA,"posterior",1594.5,2.9169e-05
43,"Calculate","Event 2",NA,"posterior",1595.5,4.375e-05
43,"Calculate","Event 2",NA,"posterior",1596.5,5.312e-05
43,"Calculate","Event 2",NA,"posterior",1597.5,5e-05
43,"Calculate","Event 2",NA,"posterior",1598.5,5.52e-05
43,"Calculate","Event 2",NA,"posterior",1599.5,5.729e-05
43,"Calculate","Event 2",NA,"posterior",1600.5,6.563e-05
43,"Calculate","Event 2",NA,"posterior",1601.5,5.834e-05
43,"Calculate","Event 2",NA,"posterior",1602.5,7.292e-05
43,"Calculate","Event 2",NA,"posterior",1603.5,7.917e-05
43,"Calculate","Event 2",NA,"posterior",1604.5,8.542e-05
43,"Calculate","Event 2",NA,"posterior",1605.5,8.646e-05
43,"Calculate","Event 2",NA,"posterior",1606.5,9.166e-05
43,"Calculate","Event 2",NA,"posterior",1607.5,0.00010834
43,"Calculate","Event 2",NA,"posterior",1608.5,9.896e-05
43,"Calculate","Event 2",NA,"posterior",1609.5,0.00011458
43,"Calculate","Event 2",NA,"posterior",1610.5,0.00010625
43,"Calculate","Event 2",NA,"posterior",1611.5,0.00011771
43,"Calculate","Event 2",NA,"posterior",1612.5,0.00016563
43,"Calculate","Event 2",NA,"posterior",1613.5,0.00015937
43,"Calculate","Event 2",NA,"posterior",1614.5,0.00018854
43,"Calculate","Event 2",NA,"posterior",1615.5,0.00020417
43,"Calculate","Event 2",NA,"posterior",1616.5,0.00021979
43,"Calculate","Event 2",NA,"posterior",1617.5,0.00022708
43,"Calculate","Event 2",NA,"posterior",1618.5,0.00027708
43,"Calculate","Event 2",NA,"posterior",1619.5,0.00027708
43,"Calculate","Event 2",NA,"posterior",1620.5,0.0003396
43,"Calculate","Event 2",NA,"posterior",1621.5,0.000449
43,"Calculate","Event 2",NA,"posterior",1622.5,0.0005354
43,"Calculate","Event 2",NA,"posterior",1623.5,0.0006521
43,"Calculate","Event 2",NA,"posterior",1624.5,0.0007219
43,"Calculate","Event 2",NA,"posterior",1625.5,0.0009052
43,"Calculate","Event 2",NA,"posterior",1626.5,0.0010385
43,"Calculate","Event 2",NA,"posterior",1627.5,0.001226
43,"Calculate","Event 2",NA,"posterior",1628.5,0.0014083
43,"Calculate","Event 2",NA,"posterior",1629.5,0.0017125
43,"Calculate","Event 2",NA,"posterior",1630.5,0.0019615
43,"Calculate","Event 2",NA,"posterior",1631.5,0.0022771
43,"Calculate","Event 2",NA,"posterior",1632.5,0.0025802
43,"Calculate","Event 2",NA,"posterior",1633.5,0.002924
43,"Calculate","Event 2",NA,"posterior",1634.5,0.003412
43,"Calculate","Event 2",NA,"posterior",1635.5,0.003841
43,"Calculate","Event 2",NA,"posterior",1636.5,0.004459
43,"Calculate","Event 2",NA,"posterior",1637.5,0.004847
43,"Calculate","Event 2",NA,"posterior",1638.5,0.005435
43,"Calculate","Event 2",NA,"posterior",1639.5,0.006175
43,"Calculate","Event 2",NA,"posterior",1640.5,0.006736
43,"Calculate","Event 2",NA,"posterior",1641.5,0.007443
43,"Calculate","Event 2",NA,"posterior",1642.5,0.007755
43,"Calculate","Event 2",NA,"posterior",1643.5,0.008177
43,"Calculate","Event 2",NA,"posterior",1644.5,0.008597
43,"Calculate","Event 2",NA,"posterior",1645.5,0.008977
43,"Calculate","Event 2",NA,"posterior",1646.5,0.009435
43,"Calculate","Event 2",NA,"posterior",1647.5,0.009771
43,"Calculate","Event 2",NA,"posterior",1648.5,0.009856
43,"Calculate","Event 2",NA,"posterior",1649.5,0.010256
43,"Calculate","Event 2",NA,"posterior",1650.5,0.010449
43,"Calculate","Event 2",NA,"posterior",1651.5,0.010768
43,"Calculate","Event 2",NA,"posterior",1652.5,0.010702
43,"Calculate","Event 2",NA,"posterior",1653.5,0.010929
43,"Calculate","Event 2",NA,"posterior",1654.5,0.010981
43,"Calculate","Event 2",NA,"posterior",1655.5,0.011084
43,"Calculate","Event 2",NA,"posterior",1656.5,0.011276
43,"Calculate","Event 2",NA,"posterior",1657.5,0.011426
43,"Calculate","Event 2",NA,"posterior",1658.5,0.011591
43,"Calculate","Event 2",NA,"posterior",1659.5,0.011633
43,"Calculate","Event 2",NA,"posterior",1660.5,0.011647
43,"Calculate","Event 2",NA,"posterior",1661.5,0.011753
43,"Calculate","Event 2",NA,"posterior",1662.5,0.011897
43,"Calculate","Event 2",NA,"posterior",1663.5,0.011723
43,"Calculate","Event 2",NA,"posterior",1664.5,0.011898
43,"Calculate","Event 2",NA,"posterior",1665.5,0.011725
43,"Calculate","Event 2",NA,"posterior",1666.5,0.011803
43,"Calculate","Event 2",NA,"posterior",1667.5,0.011657
43,"Calculate","Event 2",NA,"posterior",1668.5,0.01191
43,"Calculate","Event 2",NA,"posterior",1669.5,0.011491
43,"Calculate","Event 2",NA,"posterior",1670.5,0.011701
43,"Calculate","Event 2",NA,"posterior",1671.5,0.011662
43,"Calculate","Event 2",NA,"posterior",1672.5,0.011894
43,"Calculate","Event 2",NA,"posterior",1673.5,0.011666
43,"Calculate","Event 2",NA,"posterior",1674.5,0.011661
43,"Calculate","Event 2",NA,"posterior",1675.5,0.011471
43,"Calculate","Event 2",NA,"posterior",1676.5,0.011629
43,"Calculate","Event 2",NA,"posterior",1677.5,0.011541
43,"Calculate","Event 2",NA,"posterior",1678.5,0.01154
43,"Calculate","Event 2",NA,"posterior",1679.5,0.011323
43,"Calculate","Event 2",NA,"posterior",1680.5,0.011396
43,"Calculate","Event 2",NA,"posterior",1681.5,0.01122
43,"Calculate","Event 2",NA,"posterior",1682.5,0.011269
43,"Calculate","Event 2",NA,"posterior",1683.5,0.01129
43,"Calculate","Event 2",NA,"posterior",1684.5,0.011239
43,"Calculate","Event 2",NA,"posterior",1685.5,0.011095
43,"Calculate","Event 2",NA,"posterior",1686.5,0.011025
43,"Calculate","Event 2",NA,"posterior",1687.5,0.011029
43,"Calculate","Event 2",NA,"posterior",1688.5,0.011101
43,"Calculate","Event 2",NA,"posterior",1689.5,0.010789
43,"Calculate","Event 2",NA,"posterior",1690.5,0.010796
43,"Calculate","Event 2",NA,"posterior",1691.5,0.010775
43,"Calculate","Event 2",NA,"posterior",1692.5,0.010542
43,"Calculate","Event 2",NA,"posterior",1693.5,0.010492
43,"Calculate","Event 2",NA,"posterior",1694.5,0.010549
43,"Calculate","Event 2",NA,"posterior",1695.5,0.010424
43,"Calculate","Event 2",NA,"posterior",1696.5,0.010237
43,"Calculate","Event 2",NA,"posterior",1697.5,0.010368
43,"Calculate","Event 2",NA,"posterior",1698.5,0.010176
43,"Calculate","Event 2",NA,"posterior",1699.5,0.009879
43,"Calculate","Event 2",NA,"posterior",1700.5,0.009778
43,"Calculate","Event 2",NA,"posterior",1701.5,0.009765
43,"Calculate","Event 2",NA,"posterior",1702.5,0.009629
43,"Calculate","Event 2",NA,"posterior",1703.5,0.009458
43,"Calculate","Event 2",NA,"posterior",1704.5,0.009495
43,"Calculate","Event 2",NA,"posterior",1705.5,0.009224
43,"Calculate","Event 2",NA,"posterior",1706.5,0.009196
43,"Calculate","Event 2",NA,"posterior",1707.5,0.008795
43,"Calculate","Event 2",NA,"posterior",1708.5,0.00876
43,"Calculate","Event 2",NA,"posterior",1709.5,0.008555
43,"Calculate","Event 2",NA,"posterior",1710.5,0.008529
43,"Calculate","Event 2",NA,"posterior",1711.5,0.008412
43,"Calculate","Event 2",NA,"posterior",1712.5,0.008137
43,"Calculate","Event 2",NA,"posterior",1713.5,0.008081
43,"Calculate","Event 2",NA,"posterior",1714.5,0.007789
43,"Calculate","Event 2",NA,"posterior",1715.5,0.007521
43,"Calculate","Event 2",NA,"posterior",1716.5,0.007391
43,"Calculate","Event 2",NA,"posterior",1717.5,0.007215
43,"Calculate","Event 2",NA,"posterior",1718.5,0.007133
43,"Calculate","Event 2",NA,"posterior",1719.5,0.006871
43,"Calculate","Event 2",NA,"posterior",1720.5,0.006678
43,"Calculate","Event 2",NA,"posterior",1721.5,0.006592
43,"Calculate","Event 2",NA,"posterior",1722.5,0.006422
43,"Calculate","Event 2",NA,"posterior",1723.5,0.006055
43,"Calculate","Event 2",NA,"posterior",1724.5,0.005931
43,"Calculate","Event 2",NA,"posterior",1725.5,0.005665
43,"Calculate","Event 2",NA,"posterior",1726.5,0.005472
43,"Calculate","Event 2",NA,"posterior",1727.5,0.005342
43,"Calculate","Event 2",NA,"posterior",1728.5,0.005111
43,"Calculate","Event 2",NA,"posterior",1729.5,0.004919
43,"Calculate","Event 2",NA,"posterior",1730.5,0.004671
43,"Calculate","Event 2",NA,"posterior",1731.5,0.004562
43,"Calculate","Event 2",NA,"posterior",1732.5,0.004194
43,"Calculate","Event 2",NA,"posterior",1733.5,0.004078
43,"Calculate","Event 2",NA,"posterior",1734.5,0.003935
43,"Calculate","Event 2",NA,"posterior",1735.5,0.003666
43,"Calculate","Event 2",NA,"posterior",1736.5,0.003503
43,"Calculate","Event 2",NA,"posterior",1737.5,0.003526
43,"Calculate","Event 2",NA,"posterior",1738.5,0.0031364
43,"Calculate","Event 2",NA,"posterior",1739.5,0.0029125
43,"Calculate","Event 2",NA,"posterior",1740.5,0.0028552
43,"Calculate","Event 2",NA,"posterior",1741.5,0.0026375
43,"Calculate","Event 2",NA,"posterior",1742.5,0.0026104
43,"Calculate","Event 2",NA,"posterior",1743.5,0.0023562
43,"Calculate","Event 2",NA,"posterior",1744.5,0.0020937
43,"Calculate","Event 2",NA,"posterior",1745.5,0.0020437
43,"Calculate","Event 2",NA,"posterior",1746.5,0.0018302
43,"Calculate","Event 2",NA,"posterior",1747.5,0.0017667
43,"Calculate","Event 2",NA,"posterior",1748.5,0.0016427
43,"Calculate","Event 2",NA,"posterior",1749.5,0.0015687
43,"Calculate","Event 2",NA,"posterior",1750.5,0.0014135
43,"Calculate","Event 2",NA,"posterior",1751.5,0.0012854
43,"Calculate","Event 2",NA,"posterior",1752.5,0.0011719
43,"Calculate","Event 2",NA,"posterior",1753.5,0.0011208
43,"Calculate","Event 2",NA,"posterior",1754.5,0.0010563
43,"Calculate","Event 2",NA,"posterior",1755.5,0.0009885
43,"Calculate","Event 2",NA,"posterior",1756.5,0.0008448
43,"Calculate","Event 2",NA,"posterior",1757.5,0.0007208
43,"Calculate","Event 2",NA,"posterior",1758.5,0.0007167
43,"Calculate","Event 2",NA,"posterior",1759.5,0.0006031
43,"Calculate","Event 2",NA,"posterior",1760.5,0.0005344
43,"Calculate","Event 2",NA,"posterior",1761.5,0.0005344
43,"Calculate","Event 2",NA,"posterior",1762.5,0.0004781
43,"Calculate","Event 2",NA,"posterior",1763.5,0.0003719
43,"Calculate","Event 2",NA,"posterior",1764.5,0.0003635
43,"Calculate","Event 2",NA,"posterior",1765.5,0.000349
43,"Calculate","Event 2",NA,"posterior",1766.5,0.00029166
43,"Calculate","Event 2",NA,"posterior",1767.5,0.0002802
43,"Calculate","Event 2",NA,"posterior",1768.5,0.00023229
43,"Calculate","Event 2",NA,"posterior",1769.5,0.00019479
43,"Calculate","Event 2",NA,"posterior",1770.5,0.00016458
43,"Calculate","Event 2",NA,"posterior",1771.5,0.00015834
43,"Calculate","Event 2",NA,"posterior",1772.5,0.00011563
43,"Calculate","Event 2",NA,"posterior",1773.5,0.00014375
43,"Calculate","Event 2",NA,"posterior",1774.5,0.00013437
43,"Calculate","Event 2",NA,"posterior",1775.5,8.02e-05
43,"Calculate","Event 2",NA,"posterior",1776.5,9.166e-05
43,"Calculate","Event 2",NA,"posterior",1777.5,6.354e-05
43,"Calculate","Event 2",NA,"posterior",1778.5,7.292e-05
43,"Calculate","Event 2",NA,"posterior",1779.5,5.834e-05
43,"Calculate","Event 2",NA,"posterior",1780.5,3.646e-05
43,"Calculate","Event 2",NA,"posterior",1781.5,3.437e-05
43,"Calculate","Event 2",NA,"posterior",1782.5,2.7084e-05
43,"Calculate","Event 2",NA,"posterior",1783.5,2.5e-05
43,"Calculate","Event 2",NA,"posterior",1784.5,2.3964e-05
43,"Calculate","Event 2",NA,"posterior",1785.5,2.0831e-05
43,"Calculate","Event 2",NA,"posterior",1786.5,1.9795e-05
43,"Calculate","Event 2",NA,"posterior",1787.5,1.4578e-05
43,"Calculate","Event 2",NA,"posterior",1788.5,7.289e-06
43,"Calculate","Event 2",NA,"posterior",1789.5,4.169e-06
43,"Calculate","Event 2",NA,"posterior",1790.5,4.169e-06
43,"Calculate","Event 2",NA,"posterior",1791.5,7.289e-06
43,"Calculate","Event 2",NA,"posterior",1792.5,6.253e-06
43,"Calculate","Event 2",NA,"posterior",1793.5,5.205e-06
43,"Calculate","Event 2",NA,"posterior",1794.5,4.169e-06
43,"Calculate","Event 2",NA,"posterior",1795.5,3.1205e-06
43,"Calculate","Event 2",NA,"posterior",1796.5,3.1205e-06
43,"Calculate","Event 2",NA,"posterior",1797.5,2.0843e-06
43,"Calculate","Event 2",NA,"posterior",1798.5,0
43,"Calculate","Event 2",NA,"posterior",1799.5,4.169e-06
43,"Calculate","Event 2",NA,"posterior",1800.5,1.0362e-06
43,"Calculate","Event 2",NA,"posterior",1801.5,1.0362e-06
43,"Calculate","Event 2",NA,"posterior",1802.5,1.0362e-06
44,"C_Date","S31-1302 J0514",NA,"likelihood",1567,0
44,"C_Date","S31-1302 J0514",NA,"likelihood",1568,9.974e-09
44,"C_Date","S31-1302 J0514",NA,"likelihood",1569,9.974e-09
44,"C_Date","S31-1302 J0514",NA,"likelihood",1570,9.974e-09
44,"C_Date","S31-1302 J0514",NA,"likelihood",1571,9.974e-09
44,"C_Date","S31-1302 J0514",NA,"likelihood",1572,9.974e-09
44,"C_Date","S31-1302 J0514",NA,"likelihood",1573,1.9947e-08
44,"C_Date","S31-1302 J0514",NA,"likelihood",1574,1.9947e-08
44,"C_Date","S31-1302 J0514",NA,"likelihood",1575,1.9947e-08
44,"C_Date","S31-1302 J0514",NA,"likelihood",1576,1.9947e-08
44,"C_Date","S31-1302 J0514",NA,"likelihood",1577,2.9921e-08
44,"C_Date","S31-1302 J0514",NA,"likelihood",1578,2.9921e-08
44,"C_Date","S31-1302 J0514",NA,"likelihood",1579,2.9921e-08
44,"C_Date","S31-1302 J0514",NA,"likelihood",1580,3.989e-08
44,"C_Date","S31-1302 J0514",NA,"likelihood",1581,3.989e-08
44,"C_Date","S31-1302 J0514",NA,"likelihood",1582,4.987e-08
44,"C_Date","S31-1302 J0514",NA,"likelihood",1583,4.987e-08
44,"C_Date","S31-1302 J0514",NA,"likelihood",1584,5.984e-08
44,"C_Date","S31-1302 J0514",NA,"likelihood",1585,6.981e-08
44,"C_Date","S31-1302 J0514",NA,"likelihood",1586,7.979e-08
44,"C_Date","S31-1302 J0514",NA,"likelihood",1587,8.976e-08
44,"C_Date","S31-1302 J0514",NA,"likelihood",1588,9.974e-08
44,"C_Date","S31-1302 J0514",NA,"likelihood",1589,1.0971e-07
44,"C_Date","S31-1302 J0514",NA,"likelihood",1590,1.2966e-07
44,"C_Date","S31-1302 J0514",NA,"likelihood",1591,1.3963e-07
44,"C_Date","S31-1302 J0514",NA,"likelihood",1592,1.5958e-07
44,"C_Date","S31-1302 J0514",NA,"likelihood",1593,1.7952e-07
44,"C_Date","S31-1302 J0514",NA,"likelihood",1594,1.9947e-07
44,"C_Date","S31-1302 J0514",NA,"likelihood",1595,2.2939e-07
44,"C_Date","S31-1302 J0514",NA,"likelihood",1596,2.4934e-07
44,"C_Date","S31-1302 J0514",NA,"likelihood",1597,2.8923e-07
44,"C_Date","S31-1302 J0514",NA,"likelihood",1598,3.192e-07
44,"C_Date","S31-1302 J0514",NA,"likelihood",1599,3.59e-07
44,"C_Date","S31-1302 J0514",NA,"likelihood",1600,3.989e-07
44,"C_Date","S31-1302 J0514",NA,"likelihood",1601,4.488e-07
44,"C_Date","S31-1302 J0514",NA,"likelihood",1602,4.987e-07
44,"C_Date","S31-1302 J0514",NA,"likelihood",1603,5.585e-07
44,"C_Date","S31-1302 J0514",NA,"likelihood",1604,6.283e-07
44,"C_Date","S31-1302 J0514",NA,"likelihood",1605,6.981e-07
44,"C_Date","S31-1302 J0514",NA,"likelihood",1606,7.779e-07
44,"C_Date","S31-1302 J0514",NA,"likelihood",1607,8.677e-07
44,"C_Date","S31-1302 J0514",NA,"likelihood",1608,9.674e-07
44,"C_Date","S31-1302 J0514",NA,"likelihood",1609,1.0771e-06
44,"C_Date","S31-1302 J0514",NA,"likelihood",1610,1.1968e-06
44,"C_Date","S31-1302 J0514",NA,"likelihood",1611,1.3265e-06
44,"C_Date","S31-1302 J0514",NA,"likelihood",1612,1.4761e-06
44,"C_Date","S31-1302 J0514",NA,"likelihood",1613,1.6357e-06
44,"C_Date","S31-1302 J0514",NA,"likelihood",1614,1.8152e-06
44,"C_Date","S31-1302 J0514",NA,"likelihood",1615,2.0147e-06
44,"C_Date","S31-1302 J0514",NA,"likelihood",1616,2.2341e-06
44,"C_Date","S31-1302 J0514",NA,"likelihood",1617,2.4734e-06
44,"C_Date","S31-1302 J0514",NA,"likelihood",1618,2.7328e-06
44,"C_Date","S31-1302 J0514",NA,"likelihood",1619,3.022e-06
44,"C_Date","S31-1302 J0514",NA,"likelihood",1620,3.341e-06
44,"C_Date","S31-1302 J0514",NA,"likelihood",1621,3.7e-06
44,"C_Date","S31-1302 J0514",NA,"likelihood",1622,4.079e-06
44,"C_Date","S31-1302 J0514",NA,"likelihood",1623,4.508e-06
44,"C_Date","S31-1302 J0514",NA,"likelihood",1624,4.967e-06
44,"C_Date","S31-1302 J0514",NA,"likelihood",1625,5.475e-06
44,"C_Date","S31-1302 J0514",NA,"likelihood",1626,6.024e-06
44,"C_Date","S31-1302 J0514",NA,"likelihood",1627,6.632e-06
44,"C_Date","S31-1302 J0514",NA,"likelihood",1628,7.301e-06
44,"C_Date","S31-1302 J0514",NA,"likelihood",1629,8.019e-06
44,"C_Date","S31-1302 J0514",NA,"likelihood",1630,8.817e-06
44,"C_Date","S31-1302 J0514",NA,"likelihood",1631,9.674e-06
44,"C_Date","S31-1302 J0514",NA,"likelihood",1632,1.0622e-05
44,"C_Date","S31-1302 J0514",NA,"likelihood",1633,1.1649e-05
44,"C_Date","S31-1302 J0514",NA,"likelihood",1634,1.2766e-05
44,"C_Date","S31-1302 J0514",NA,"likelihood",1635,1.3973e-05
44,"C_Date","S31-1302 J0514",NA,"likelihood",1636,1.5299e-05
44,"C_Date","S31-1302 J0514",NA,"likelihood",1637,1.6736e-05
44,"C_Date","S31-1302 J0514",NA,"likelihood",1638,1.8292e-05
44,"C_Date","S31-1302 J0514",NA,"likelihood",1639,1.9987e-05
44,"C_Date","S31-1302 J0514",NA,"likelihood",1640,2.1812e-05
44,"C_Date","S31-1302 J0514",NA,"likelihood",1641,2.3807e-05
44,"C_Date","S31-1302 J0514",NA,"likelihood",1642,2.5961e-05
44,"C_Date","S31-1302 J0514",NA,"likelihood",1643,2.8285e-05
44,"C_Date","S31-1302 J0514",NA,"likelihood",1644,3.0808e-05
44,"C_Date","S31-1302 J0514",NA,"likelihood",1645,3.353e-05
44,"C_Date","S31-1302 J0514",NA,"likelihood",1646,3.646e-05
44,"C_Date","S31-1302 J0514",NA,"likelihood",1647,3.964e-05
44,"C_Date","S31-1302 J0514",NA,"likelihood",1648,4.307e-05
44,"C_Date","S31-1302 J0514",NA,"likelihood",1649,4.676e-05
44,"C_Date","S31-1302 J0514",NA,"likelihood",1650,5.073e-05
44,"C_Date","S31-1302 J0514",NA,"likelihood",1651,5.5e-05
44,"C_Date","S31-1302 J0514",NA,"likelihood",1652,5.96e-05
44,"C_Date","S31-1302 J0514",NA,"likelihood",1653,6.455e-05
44,"C_Date","S31-1302 J0514",NA,"likelihood",1654,6.985e-05
44,"C_Date","S31-1302 J0514",NA,"likelihood",1655,7.556e-05
44,"C_Date","S31-1302 J0514",NA,"likelihood",1656,8.167e-05
44,"C_Date","S31-1302 J0514",NA,"likelihood",1657,8.823e-05
44,"C_Date","S31-1302 J0514",NA,"likelihood",1658,9.525e-05
44,"C_Date","S31-1302 J0514",NA,"likelihood",1659,0.00010276
44,"C_Date","S31-1302 J0514",NA,"likelihood",1660,0.0001108
44,"C_Date","S31-1302 J0514",NA,"likelihood",1661,0.00011938
44,"C_Date","S31-1302 J0514",NA,"likelihood",1662,0.00012857
44,"C_Date","S31-1302 J0514",NA,"likelihood",1663,0.00013836
44,"C_Date","S31-1302 J0514",NA,"likelihood",1664,0.00014882
44,"C_Date","S31-1302 J0514",NA,"likelihood",1665,0.00015996
44,"C_Date","S31-1302 J0514",NA,"likelihood",1666,0.00017181
44,"C_Date","S31-1302 J0514",NA,"likelihood",1667,0.00018445
44,"C_Date","S31-1302 J0514",NA,"likelihood",1668,0.00019789
44,"C_Date","S31-1302 J0514",NA,"likelihood",1669,0.00021217
44,"C_Date","S31-1302 J0514",NA,"likelihood",1670,0.00022734
44,"C_Date","S31-1302 J0514",NA,"likelihood",1671,0.00024344
44,"C_Date","S31-1302 J0514",NA,"likelihood",1672,0.00026052
44,"C_Date","S31-1302 J0514",NA,"likelihood",1673,0.00027863
44,"C_Date","S31-1302 J0514",NA,"likelihood",1674,0.00029781
44,"C_Date","S31-1302 J0514",NA,"likelihood",1675,0.0003181
44,"C_Date","S31-1302 J0514",NA,"likelihood",1676,0.0003396
44,"C_Date","S31-1302 J0514",NA,"likelihood",1677,0.0003623
44,"C_Date","S31-1302 J0514",NA,"likelihood",1678,0.0003862
44,"C_Date","S31-1302 J0514",NA,"likelihood",1679,0.0004115
44,"C_Date","S31-1302 J0514",NA,"likelihood",1680,0.0004382
44,"C_Date","S31-1302 J0514",NA,"likelihood",1681,0.0004663
44,"C_Date","S31-1302 J0514",NA,"likelihood",1682,0.0004959
44,"C_Date","S31-1302 J0514",NA,"likelihood",1683,0.0005271
44,"C_Date","S31-1302 J0514",NA,"likelihood",1684,0.0005599
44,"C_Date","S31-1302 J0514",NA,"likelihood",1685,0.0005943
44,"C_Date","S31-1302 J0514",NA,"likelihood",1686,0.0006305
44,"C_Date","S31-1302 J0514",NA,"likelihood",1687,0.0006684
44,"C_Date","S31-1302 J0514",NA,"likelihood",1688,0.0007082
44,"C_Date","S31-1302 J0514",NA,"likelihood",1689,0.0007499
44,"C_Date","S31-1302 J0514",NA,"likelihood",1690,0.0007935
44,"C_Date","S31-1302 J0514",NA,"likelihood",1691,0.0008391
44,"C_Date","S31-1302 J0514",NA,"likelihood",1692,0.0008869
44,"C_Date","S31-1302 J0514",NA,"likelihood",1693,0.0009367
44,"C_Date","S31-1302 J0514",NA,"likelihood",1694,0.0009887
44,"C_Date","S31-1302 J0514",NA,"likelihood",1695,0.001043
44,"C_Date","S31-1302 J0514",NA,"likelihood",1696,0.0010996
44,"C_Date","S31-1302 J0514",NA,"likelihood",1697,0.0011585
44,"C_Date","S31-1302 J0514",NA,"likelihood",1698,0.0012198
44,"C_Date","S31-1302 J0514",NA,"likelihood",1699,0.0012835
44,"C_Date","S31-1302 J0514",NA,"likelihood",1700,0.0013498
44,"C_Date","S31-1302 J0514",NA,"likelihood",1701,0.0014185
44,"C_Date","S31-1302 J0514",NA,"likelihood",1702,0.0014899
44,"C_Date","S31-1302 J0514",NA,"likelihood",1703,0.0015638
44,"C_Date","S31-1302 J0514",NA,"likelihood",1704,0.0016404
44,"C_Date","S31-1302 J0514",NA,"likelihood",1705,0.0017197
44,"C_Date","S31-1302 J0514",NA,"likelihood",1706,0.0018016
44,"C_Date","S31-1302 J0514",NA,"likelihood",1707,0.0018863
44,"C_Date","S31-1302 J0514",NA,"likelihood",1708,0.0019738
44,"C_Date","S31-1302 J0514",NA,"likelihood",1709,0.002064
44,"C_Date","S31-1302 J0514",NA,"likelihood",1710,0.0021569
44,"C_Date","S31-1302 J0514",NA,"likelihood",1711,0.0022527
44,"C_Date","S31-1302 J0514",NA,"likelihood",1712,0.0023512
44,"C_Date","S31-1302 J0514",NA,"likelihood",1713,0.0024525
44,"C_Date","S31-1302 J0514",NA,"likelihood",1714,0.0025566
44,"C_Date","S31-1302 J0514",NA,"likelihood",1715,0.0026635
44,"C_Date","S31-1302 J0514",NA,"likelihood",1716,0.002773
44,"C_Date","S31-1302 J0514",NA,"likelihood",1717,0.0028853
44,"C_Date","S31-1302 J0514",NA,"likelihood",1718,0.0030002
44,"C_Date","S31-1302 J0514",NA,"likelihood",1719,0.0031178
44,"C_Date","S31-1302 J0514",NA,"likelihood",1720,0.003238
44,"C_Date","S31-1302 J0514",NA,"likelihood",1721,0.003361
44,"C_Date","S31-1302 J0514",NA,"likelihood",1722,0.003486
44,"C_Date","S31-1302 J0514",NA,"likelihood",1723,0.003613
44,"C_Date","S31-1302 J0514",NA,"likelihood",1724,0.003743
44,"C_Date","S31-1302 J0514",NA,"likelihood",1725,0.003875
44,"C_Date","S31-1302 J0514",NA,"likelihood",1726,0.00401
44,"C_Date","S31-1302 J0514",NA,"likelihood",1727,0.004146
44,"C_Date","S31-1302 J0514",NA,"likelihood",1728,0.004284
44,"C_Date","S31-1302 J0514",NA,"likelihood",1729,0.004424
44,"C_Date","S31-1302 J0514",NA,"likelihood",1730,0.004566
44,"C_Date","S31-1302 J0514",NA,"likelihood",1731,0.00471
44,"C_Date","S31-1302 J0514",NA,"likelihood",1732,0.004855
44,"C_Date","S31-1302 J0514",NA,"likelihood",1733,0.005001
44,"C_Date","S31-1302 J0514",NA,"likelihood",1734,0.005148
44,"C_Date","S31-1302 J0514",NA,"likelihood",1735,0.005297
44,"C_Date","S31-1302 J0514",NA,"likelihood",1736,0.005446
44,"C_Date","S31-1302 J0514",NA,"likelihood",1737,0.005596
44,"C_Date","S31-1302 J0514",NA,"likelihood",1738,0.005747
44,"C_Date","S31-1302 J0514",NA,"likelihood",1739,0.005898
44,"C_Date","S31-1302 J0514",NA,"likelihood",1740,0.006049
44,"C_Date","S31-1302 J0514",NA,"likelihood",1741,0.0062
44,"C_Date","S31-1302 J0514",NA,"likelihood",1742,0.006351
44,"C_Date","S31-1302 J0514",NA,"likelihood",1743,0.006502
44,"C_Date","S31-1302 J0514",NA,"likelihood",1744,0.006652
44,"C_Date","S31-1302 J0514",NA,"likelihood",1745,0.006801
44,"C_Date","S31-1302 J0514",NA,"likelihood",1746,0.00695
44,"C_Date","S31-1302 J0514",NA,"likelihood",1747,0.007097
44,"C_Date","S31-1302 J0514",NA,"likelihood",1748,0.007242
44,"C_Date","S31-1302 J0514",NA,"likelihood",1749,0.007386
44,"C_Date","S31-1302 J0514",NA,"likelihood",1750,0.007528
44,"C_Date","S31-1302 J0514",NA,"likelihood",1751,0.007669
44,"C_Date","S31-1302 J0514",NA,"likelihood",1752,0.007806
44,"C_Date","S31-1302 J0514",NA,"likelihood",1753,0.007942
44,"C_Date","S31-1302 J0514",NA,"likelihood",1754,0.008074
44,"C_Date","S31-1302 J0514",NA,"likelihood",1755,0.008204
44,"C_Date","S31-1302 J0514",NA,"likelihood",1756,0.008331
44,"C_Date","S31-1302 J0514",NA,"likelihood",1757,0.008454
44,"C_Date","S31-1302 J0514",NA,"likelihood",1758,0.008574
44,"C_Date","S31-1302 J0514",NA,"likelihood",1759,0.00869
44,"C_Date","S31-1302 J0514",NA,"likelihood",1760,0.008802
44,"C_Date","S31-1302 J0514",NA,"likelihood",1761,0.00891
44,"C_Date","S31-1302 J0514",NA,"likelihood",1762,0.009013
44,"C_Date","S31-1302 J0514",NA,"likelihood",1763,0.009112
44,"C_Date","S31-1302 J0514",NA,"likelihood",1764,0.009207
44,"C_Date","S31-1302 J0514",NA,"likelihood",1765,0.009296
44,"C_Date","S31-1302 J0514",NA,"likelihood",1766,0.009381
44,"C_Date","S31-1302 J0514",NA,"likelihood",1767,0.009461
44,"C_Date","S31-1302 J0514",NA,"likelihood",1768,0.009535
44,"C_Date","S31-1302 J0514",NA,"likelihood",1769,0.009603
44,"C_Date","S31-1302 J0514",NA,"likelihood",1770,0.009667
44,"C_Date","S31-1302 J0514",NA,"likelihood",1771,0.009724
44,"C_Date","S31-1302 J0514",NA,"likelihood",1772,0.009776
44,"C_Date","S31-1302 J0514",NA,"likelihood",1773,0.009822
44,"C_Date","S31-1302 J0514",NA,"likelihood",1774,0.009862
44,"C_Date","S31-1302 J0514",NA,"likelihood",1775,0.009896
44,"C_Date","S31-1302 J0514",NA,"likelihood",1776,0.009924
44,"C_Date","S31-1302 J0514",NA,"likelihood",1777,0.009946
44,"C_Date","S31-1302 J0514",NA,"likelihood",1778,0.009961
44,"C_Date","S31-1302 J0514",NA,"likelihood",1779,0.00997
44,"C_Date","S31-1302 J0514",NA,"likelihood",1780,0.009974
44,"C_Date","S31-1302 J0514",NA,"likelihood",1781,0.00997
44,"C_Date","S31-1302 J0514",NA,"likelihood",1782,0.009961
44,"C_Date","S31-1302 J0514",NA,"likelihood",1783,0.009946
44,"C_Date","S31-1302 J0514",NA,"likelihood",1784,0.009924
44,"C_Date","S31-1302 J0514",NA,"likelihood",1785,0.009896
44,"C_Date","S31-1302 J0514",NA,"likelihood",1786,0.009862
44,"C_Date","S31-1302 J0514",NA,"likelihood",1787,0.009822
44,"C_Date","S31-1302 J0514",NA,"likelihood",1788,0.009776
44,"C_Date","S31-1302 J0514",NA,"likelihood",1789,0.009724
44,"C_Date","S31-1302 J0514",NA,"likelihood",1790,0.009667
44,"C_Date","S31-1302 J0514",NA,"likelihood",1791,0.009603
44,"C_Date","S31-1302 J0514",NA,"likelihood",1792,0.009535
44,"C_Date","S31-1302 J0514",NA,"likelihood",1793,0.009461
44,"C_Date","S31-1302 J0514",NA,"likelihood",1794,0.009381
44,"C_Date","S31-1302 J0514",NA,"likelihood",1795,0.009296
44,"C_Date","S31-1302 J0514",NA,"likelihood",1796,0.009207
44,"C_Date","S31-1302 J0514",NA,"likelihood",1797,0.009112
44,"C_Date","S31-1302 J0514",NA,"likelihood",1798,0.009013
44,"C_Date","S31-1302 J0514",NA,"likelihood",1799,0.00891
44,"C_Date","S31-1302 J0514",NA,"likelihood",1800,0.008802
44,"C_Date","S31-1302 J0514",NA,"likelihood",1801,0.00869
44,"C_Date","S31-1302 J0514",NA,"likelihood",1802,0.008574
44,"C_Date","S31-1302 J0514",NA,"likelihood",1803,0.008454
44,"C_Date","S31-1302 J0514",NA,"likelihood",1804,0.008331
44,"C_Date","S31-1302 J0514",NA,"likelihood",1805,0.008204
44,"C_Date","S31-1302 J0514",NA,"likelihood",1806,0.008074
44,"C_Date","S31-1302 J0514",NA,"likelihood",1807,0.007942
44,"C_Date","S31-1302 J0514",NA,"likelihood",1808,0.007806
44,"C_Date","S31-1302 J0514",NA,"likelihood",1809,0.007669
44,"C_Date","S31-1302 J0514",NA,"likelihood",1810,0.007528
44,"C_Date","S31-1302 J0514",NA,"likelihood",1811,0.007386
44,"C_Date","S31-1302 J0514",NA,"likelihood",1812,0.007242
44,"C_Date","S31-1302 J0514",NA,"likelihood",1813,0.007097
44,"C_Date","S31-1302 J0514",NA,"likelihood",1814,0.00695
44,"C_Date","S31-1302 J0514",NA,"likelihood",1815,0.006801
44,"C_Date","S31-1302 J0514",NA,"likelihood",1816,0.006652
44,"C_Date","S31-1302 J0514",NA,"likelihood",1817,0.006502
44,"C_Date","S31-1302 J0514",NA,"likelihood",1818,0.006351
44,"C_Date","S31-1302 J0514",NA,"likelihood",1819,0.0062
44,"C_Date","S31-1302 J0514",NA,"likelihood",1820,0.006049
44,"C_Date","S31-1302 J0514",NA,"likelihood",1821,0.005898
44,"C_Date","S31-1302 J0514",NA,"likelihood",1822,0.005747
44,"C_Date","S31-1302 J0514",NA,"likelihood",1823,0.005596
44,"C_Date","S31-1302 J0514",NA,"likelihood",1824,0.005446
44,"C_Date","S31-1302 J0514",NA,"likelihood",1825,0.005297
44,"C_Date","S31-1302 J0514",NA,"likelihood",1826,0.005148
44,"C_Date","S31-1302 J0514",NA,"likelihood",1827,0.005001
44,"C_Date","S31-1302 J0514",NA,"likelihood",1828,0.004855
44,"C_Date","S31-1302 J0514",NA,"likelihood",1829,0.00471
44,"C_Date","S31-1302 J0514",NA,"likelihood",1830,0.004566
44,"C_Date","S31-1302 J0514",NA,"likelihood",1831,0.004424
44,"C_Date","S31-1302 J0514",NA,"likelihood",1832,0.004284
44,"C_Date","S31-1302 J0514",NA,"likelihood",1833,0.004146
44,"C_Date","S31-1302 J0514",NA,"likelihood",1834,0.00401
44,"C_Date","S31-1302 J0514",NA,"likelihood",1835,0.003875
44,"C_Date","S31-1302 J0514",NA,"likelihood",1836,0.003743
44,"C_Date","S31-1302 J0514",NA,"likelihood",1837,0.003613
44,"C_Date","S31-1302 J0514",NA,"likelihood",1838,0.003486
44,"C_Date","S31-1302 J0514",NA,"likelihood",1839,0.003361
44,"C_Date","S31-1302 J0514",NA,"likelihood",1840,0.003238
44,"C_Date","S31-1302 J0514",NA,"likelihood",1841,0.0031178
44,"C_Date","S31-1302 J0514",NA,"likelihood",1842,0.0030002
44,"C_Date","S31-1302 J0514",NA,"likelihood",1843,0.0028853
44,"C_Date","S31-1302 J0514",NA,"likelihood",1844,0.002773
44,"C_Date","S31-1302 J0514",NA,"likelihood",1845,0.0026635
44,"C_Date","S31-1302 J0514",NA,"likelihood",1846,0.0025566
44,"C_Date","S31-1302 J0514",NA,"likelihood",1847,0.0024525
44,"C_Date","S31-1302 J0514",NA,"likelihood",1848,0.0023512
44,"C_Date","S31-1302 J0514",NA,"likelihood",1849,0.0022527
44,"C_Date","S31-1302 J0514",NA,"likelihood",1850,0.0021569
44,"C_Date","S31-1302 J0514",NA,"likelihood",1851,0.002064
44,"C_Date","S31-1302 J0514",NA,"likelihood",1852,0.0019738
44,"C_Date","S31-1302 J0514",NA,"likelihood",1853,0.0018863
44,"C_Date","S31-1302 J0514",NA,"likelihood",1854,0.0018016
44,"C_Date","S31-1302 J0514",NA,"likelihood",1855,0.0017197
44,"C_Date","S31-1302 J0514",NA,"likelihood",1856,0.0016404
44,"C_Date","S31-1302 J0514",NA,"likelihood",1857,0.0015638
44,"C_Date","S31-1302 J0514",NA,"likelihood",1858,0.0014899
44,"C_Date","S31-1302 J0514",NA,"likelihood",1859,0.0014185
44,"C_Date","S31-1302 J0514",NA,"likelihood",1860,0.0013498
44,"C_Date","S31-1302 J0514",NA,"likelihood",1861,0.0012835
44,"C_Date","S31-1302 J0514",NA,"likelihood",1862,0.0012198
44,"C_Date","S31-1302 J0514",NA,"likelihood",1863,0.0011585
44,"C_Date","S31-1302 J0514",NA,"likelihood",1864,0.0010996
44,"C_Date","S31-1302 J0514",NA,"likelihood",1865,0.001043
44,"C_Date","S31-1302 J0514",NA,"likelihood",1866,0.0009887
44,"C_Date","S31-1302 J0514",NA,"likelihood",1867,0.0009367
44,"C_Date","S31-1302 J0514",NA,"likelihood",1868,0.0008869
44,"C_Date","S31-1302 J0514",NA,"likelihood",1869,0.0008391
44,"C_Date","S31-1302 J0514",NA,"likelihood",1870,0.0007935
44,"C_Date","S31-1302 J0514",NA,"likelihood",1871,0.0007499
44,"C_Date","S31-1302 J0514",NA,"likelihood",1872,0.0007082
44,"C_Date","S31-1302 J0514",NA,"likelihood",1873,0.0006684
44,"C_Date","S31-1302 J0514",NA,"likelihood",1874,0.0006305
44,"C_Date","S31-1302 J0514",NA,"likelihood",1875,0.0005943
44,"C_Date","S31-1302 J0514",NA,"likelihood",1876,0.0005599
44,"C_Date","S31-1302 J0514",NA,"likelihood",1877,0.0005271
44,"C_Date","S31-1302 J0514",NA,"likelihood",1878,0.0004959
44,"C_Date","S31-1302 J0514",NA,"likelihood",1879,0.0004663
44,"C_Date","S31-1302 J0514",NA,"likelihood",1880,0.0004382
44,"C_Date","S31-1302 J0514",NA,"likelihood",1881,0.0004115
44,"C_Date","S31-1302 J0514",NA,"likelihood",1882,0.0003862
44,"C_Date","S31-1302 J0514",NA,"likelihood",1883,0.0003623
44,"C_Date","S31-1302 J0514",NA,"likelihood",1884,0.0003396
44,"C_Date","S31-1302 J0514",NA,"likelihood",1885,0.0003181
44,"C_Date","S31-1302 J0514",NA,"likelihood",1886,0.00029781
44,"C_Date","S31-1302 J0514",NA,"likelihood",1887,0.00027863
44,"C_Date","S31-1302 J0514",NA,"likelihood",1888,0.00026052
44,"C_Date","S31-1302 J0514",NA,"likelihood",1889,0.00024344
44,"C_Date","S31-1302 J0514",NA,"likelihood",1890,0.00022734
44,"C_Date","S31-1302 J0514",NA,"likelihood",1891,0.00021217
44,"C_Date","S31-1302 J0514",NA,"likelihood",1892,0.00019789
44,"C_Date","S31-1302 J0514",NA,"likelihood",1893,0.00018445
44,"C_Date","S31-1302 J0514",NA,"likelihood",1894,0.00017181
44,"C_Date","S31-1302 J0514",NA,"likelihood",1895,0.00015996
44,"C_Date","S31-1302 J0514",NA,"likelihood",1896,0.00014882
44,"C_Date","S31-1302 J0514",NA,"likelihood",1897,0.00013836
44,"C_Date","S31-1302 J0514",NA,"likelihood",1898,0.00012857
44,"C_Date","S31-1302 J0514",NA,"likelihood",1899,0.00011938
44,"C_Date","S31-1302 J0514",NA,"likelihood",1900,0.0001108
44,"C_Date","S31-1302 J0514",NA,"likelihood",1901,0.00010276
44,"C_Date","S31-1302 J0514",NA,"likelihood",1902,9.525e-05
44,"C_Date","S31-1302 J0514",NA,"likelihood",1903,8.823e-05
44,"C_Date","S31-1302 J0514",NA,"likelihood",1904,8.167e-05
44,"C_Date","S31-1302 J0514",NA,"likelihood",1905,7.556e-05
44,"C_Date","S31-1302 J0514",NA,"likelihood",1906,6.985e-05
44,"C_Date","S31-1302 J0514",NA,"likelihood",1907,6.455e-05
44,"C_Date","S31-1302 J0514",NA,"likelihood",1908,5.96e-05
44,"C_Date","S31-1302 J0514",NA,"likelihood",1909,5.5e-05
44,"C_Date","S31-1302 J0514",NA,"likelihood",1910,5.073e-05
44,"C_Date","S31-1302 J0514",NA,"likelihood",1911,4.676e-05
44,"C_Date","S31-1302 J0514",NA,"likelihood",1912,4.307e-05
44,"C_Date","S31-1302 J0514",NA,"likelihood",1913,3.964e-05
44,"C_Date","S31-1302 J0514",NA,"likelihood",1914,3.646e-05
44,"C_Date","S31-1302 J0514",NA,"likelihood",1915,3.353e-05
44,"C_Date","S31-1302 J0514",NA,"likelihood",1916,3.0808e-05
44,"C_Date","S31-1302 J0514",NA,"likelihood",1917,2.8285e-05
44,"C_Date","S31-1302 J0514",NA,"likelihood",1918,2.5961e-05
44,"C_Date","S31-1302 J0514",NA,"likelihood",1919,2.3807e-05
44,"C_Date","S31-1302 J0514",NA,"likelihood",1920,2.1812e-05
44,"C_Date","S31-1302 J0514",NA,"likelihood",1921,1.9987e-05
44,"C_Date","S31-1302 J0514",NA,"likelihood",1922,1.8292e-05
44,"C_Date","S31-1302 J0514",NA,"likelihood",1923,1.6736e-05
44,"C_Date","S31-1302 J0514",NA,"likelihood",1924,1.5299e-05
44,"C_Date","S31-1302 J0514",NA,"likelihood",1925,1.3973e-05
44,"C_Date","S31-1302 J0514",NA,"likelihood",1926,1.2766e-05
44,"C_Date","S31-1302 J0514",NA,"likelihood",1927,1.1649e-05
44,"C_Date","S31-1302 J0514",NA,"likelihood",1928,1.0622e-05
44,"C_Date","S31-1302 J0514",NA,"likelihood",1929,9.674e-06
44,"C_Date","S31-1302 J0514",NA,"likelihood",1930,8.817e-06
44,"C_Date","S31-1302 J0514",NA,"likelihood",1931,8.019e-06
44,"C_Date","S31-1302 J0514",NA,"likelihood",1932,7.301e-06
44,"C_Date","S31-1302 J0514",NA,"likelihood",1933,6.632e-06
44,"C_Date","S31-1302 J0514",NA,"likelihood",1934,6.024e-06
44,"C_Date","S31-1302 J0514",NA,"likelihood",1935,5.475e-06
44,"C_Date","S31-1302 J0514",NA,"likelihood",1936,4.967e-06
44,"C_Date","S31-1302 J0514",NA,"likelihood",1937,4.508e-06
44,"C_Date","S31-1302 J0514",NA,"likelihood",1938,4.079e-06
44,"C_Date","S31-1302 J0514",NA,"likelihood",1939,3.7e-06
44,"C_Date","S31-1302 J0514",NA,"likelihood",1940,3.341e-06
44,"C_Date","S31-1302 J0514",NA,"likelihood",1941,3.022e-06
44,"C_Date","S31-1302 J0514",NA,"likelihood",1942,2.7328e-06
44,"C_Date","S31-1302 J0514",NA,"likelihood",1943,2.4734e-06
44,"C_Date","S31-1302 J0514",NA,"likelihood",1944,2.2341e-06
44,"C_Date","S31-1302 J0514",NA,"likelihood",1945,2.0147e-06
44,"C_Date","S31-1302 J0514",NA,"likelihood",1946,1.8152e-06
44,"C_Date","S31-1302 J0514",NA,"likelihood",1947,1.6357e-06
44,"C_Date","S31-1302 J0514",NA,"likelihood",1948,1.4761e-06
44,"C_Date","S31-1302 J0514",NA,"likelihood",1949,1.3265e-06
44,"C_Date","S31-1302 J0514",NA,"likelihood",1950,1.1968e-06
44,"C_Date","S31-1302 J0514",NA,"likelihood",1951,1.0771e-06
44,"C_Date","S31-1302 J0514",NA,"likelihood",1952,9.674e-07
44,"C_Date","S31-1302 J0514",NA,"likelihood",1953,8.677e-07
44,"C_Date","S31-1302 J0514",NA,"likelihood",1954,7.779e-07
44,"C_Date","S31-1302 J0514",NA,"likelihood",1955,6.981e-07
44,"C_Date","S31-1302 J0514",NA,"likelihood",1956,6.283e-07
44,"C_Date","S31-1302 J0514",NA,"likelihood",1957,5.585e-07
44,"C_Date","S31-1302 J0514",NA,"likelihood",1958,4.987e-07
44,"C_Date","S31-1302 J0514",NA,"likelihood",1959,4.488e-07
44,"C_Date","S31-1302 J0514",NA,"likelihood",1960,3.989e-07
44,"C_Date","S31-1302 J0514",NA,"likelihood",1961,3.59e-07
44,"C_Date","S31-1302 J0514",NA,"likelihood",1962,3.192e-07
44,"C_Date","S31-1302 J0514",NA,"likelihood",1963,2.8923e-07
44,"C_Date","S31-1302 J0514",NA,"likelihood",1964,2.4934e-07
44,"C_Date","S31-1302 J0514",NA,"likelihood",1965,2.2939e-07
44,"C_Date","S31-1302 J0514",NA,"likelihood",1966,1.9947e-07
44,"C_Date","S31-1302 J0514",NA,"likelihood",1967,1.7952e-07
44,"C_Date","S31-1302 J0514",NA,"likelihood",1968,1.5958e-07
44,"C_Date","S31-1302 J0514",NA,"likelihood",1969,1.3963e-07
44,"C_Date","S31-1302 J0514",NA,"likelihood",1970,1.2966e-07
44,"C_Date","S31-1302 J0514",NA,"likelihood",1971,1.0971e-07
44,"C_Date","S31-1302 J0514",NA,"likelihood",1972,9.974e-08
44,"C_Date","S31-1302 J0514",NA,"likelihood",1973,8.976e-08
44,"C_Date","S31-1302 J0514",NA,"likelihood",1974,7.979e-08
44,"C_Date","S31-1302 J0514",NA,"likelihood",1975,6.981e-08
44,"C_Date","S31-1302 J0514",NA,"likelihood",1976,5.984e-08
44,"C_Date","S31-1302 J0514",NA,"likelihood",1977,4.987e-08
44,"C_Date","S31-1302 J0514",NA,"likelihood",1978,4.987e-08
44,"C_Date","S31-1302 J0514",NA,"likelihood",1979,3.989e-08
44,"C_Date","S31-1302 J0514",NA,"likelihood",1980,3.989e-08
44,"C_Date","S31-1302 J0514",NA,"likelihood",1981,2.9921e-08
44,"C_Date","S31-1302 J0514",NA,"likelihood",1982,2.9921e-08
44,"C_Date","S31-1302 J0514",NA,"likelihood",1983,2.9921e-08
44,"C_Date","S31-1302 J0514",NA,"likelihood",1984,1.9947e-08
44,"C_Date","S31-1302 J0514",NA,"likelihood",1985,1.9947e-08
44,"C_Date","S31-1302 J0514",NA,"likelihood",1986,1.9947e-08
44,"C_Date","S31-1302 J0514",NA,"likelihood",1987,1.9947e-08
44,"C_Date","S31-1302 J0514",NA,"likelihood",1988,9.974e-09
44,"C_Date","S31-1302 J0514",NA,"likelihood",1989,9.974e-09
44,"C_Date","S31-1302 J0514",NA,"likelihood",1990,9.974e-09
44,"C_Date","S31-1302 J0514",NA,"likelihood",1991,9.974e-09
44,"C_Date","S31-1302 J0514",NA,"likelihood",1992,9.974e-09
44,"C_Date","S31-1302 J0514",NA,"likelihood",1993,0
44,"C_Date","S31-1302 J0514",NA,"posterior",1638,0
44,"C_Date","S31-1302 J0514",NA,"posterior",1639,4.17e-06
44,"C_Date","S31-1302 J0514",NA,"posterior",1640,2.0756e-06
44,"C_Date","S31-1302 J0514",NA,"posterior",1641,9.377e-06
44,"C_Date","S31-1302 J0514",NA,"posterior",1642,1.3547e-05
44,"C_Date","S31-1302 J0514",NA,"posterior",1643,1.3547e-05
44,"C_Date","S31-1302 J0514",NA,"posterior",1644,1.9792e-05
44,"C_Date","S31-1302 J0514",NA,"posterior",1645,2.6038e-05
44,"C_Date","S31-1302 J0514",NA,"posterior",1646,1.9792e-05
44,"C_Date","S31-1302 J0514",NA,"posterior",1647,2.6038e-05
44,"C_Date","S31-1302 J0514",NA,"posterior",1648,4.062e-05
44,"C_Date","S31-1302 J0514",NA,"posterior",1649,4.792e-05
44,"C_Date","S31-1302 J0514",NA,"posterior",1650,4.687e-05
44,"C_Date","S31-1302 J0514",NA,"posterior",1651,6.355e-05
44,"C_Date","S31-1302 J0514",NA,"posterior",1652,7.187e-05
44,"C_Date","S31-1302 J0514",NA,"posterior",1653,9.583e-05
44,"C_Date","S31-1302 J0514",NA,"posterior",1654,0.00011042
44,"C_Date","S31-1302 J0514",NA,"posterior",1655,0.00011875
44,"C_Date","S31-1302 J0514",NA,"posterior",1656,0.00011979
44,"C_Date","S31-1302 J0514",NA,"posterior",1657,0.00017187
44,"C_Date","S31-1302 J0514",NA,"posterior",1658,0.00017604
44,"C_Date","S31-1302 J0514",NA,"posterior",1659,0.00022604
44,"C_Date","S31-1302 J0514",NA,"posterior",1660,0.00024687
44,"C_Date","S31-1302 J0514",NA,"posterior",1661,0.00025417
44,"C_Date","S31-1302 J0514",NA,"posterior",1662,0.00030521
44,"C_Date","S31-1302 J0514",NA,"posterior",1663,0.0003417
44,"C_Date","S31-1302 J0514",NA,"posterior",1664,0.000375
44,"C_Date","S31-1302 J0514",NA,"posterior",1665,0.0003562
44,"C_Date","S31-1302 J0514",NA,"posterior",1666,0.0004458
44,"C_Date","S31-1302 J0514",NA,"posterior",1667,0.0004844
44,"C_Date","S31-1302 J0514",NA,"posterior",1668,0.0005458
44,"C_Date","S31-1302 J0514",NA,"posterior",1669,0.0006021
44,"C_Date","S31-1302 J0514",NA,"posterior",1670,0.0006917
44,"C_Date","S31-1302 J0514",NA,"posterior",1671,0.0007708
44,"C_Date","S31-1302 J0514",NA,"posterior",1672,0.0008427
44,"C_Date","S31-1302 J0514",NA,"posterior",1673,0.0009375
44,"C_Date","S31-1302 J0514",NA,"posterior",1674,0.0010021
44,"C_Date","S31-1302 J0514",NA,"posterior",1675,0.0011312
44,"C_Date","S31-1302 J0514",NA,"posterior",1676,0.0012094
44,"C_Date","S31-1302 J0514",NA,"posterior",1677,0.0013542
44,"C_Date","S31-1302 J0514",NA,"posterior",1678,0.0013688
44,"C_Date","S31-1302 J0514",NA,"posterior",1679,0.0015365
44,"C_Date","S31-1302 J0514",NA,"posterior",1680,0.001724
44,"C_Date","S31-1302 J0514",NA,"posterior",1681,0.0018615
44,"C_Date","S31-1302 J0514",NA,"posterior",1682,0.0020198
44,"C_Date","S31-1302 J0514",NA,"posterior",1683,0.0021167
44,"C_Date","S31-1302 J0514",NA,"posterior",1684,0.0023417
44,"C_Date","S31-1302 J0514",NA,"posterior",1685,0.0025302
44,"C_Date","S31-1302 J0514",NA,"posterior",1686,0.0026479
44,"C_Date","S31-1302 J0514",NA,"posterior",1687,0.0029865
44,"C_Date","S31-1302 J0514",NA,"posterior",1688,0.0031365
44,"C_Date","S31-1302 J0514",NA,"posterior",1689,0.003408
44,"C_Date","S31-1302 J0514",NA,"posterior",1690,0.003823
44,"C_Date","S31-1302 J0514",NA,"posterior",1691,0.00397
44,"C_Date","S31-1302 J0514",NA,"posterior",1692,0.00413
44,"C_Date","S31-1302 J0514",NA,"posterior",1693,0.004483
44,"C_Date","S31-1302 J0514",NA,"posterior",1694,0.004794
44,"C_Date","S31-1302 J0514",NA,"posterior",1695,0.005055
44,"C_Date","S31-1302 J0514",NA,"posterior",1696,0.005361
44,"C_Date","S31-1302 J0514",NA,"posterior",1697,0.005677
44,"C_Date","S31-1302 J0514",NA,"posterior",1698,0.006142
44,"C_Date","S31-1302 J0514",NA,"posterior",1699,0.006434
44,"C_Date","S31-1302 J0514",NA,"posterior",1700,0.007075
44,"C_Date","S31-1302 J0514",NA,"posterior",1701,0.007317
44,"C_Date","S31-1302 J0514",NA,"posterior",1702,0.007676
44,"C_Date","S31-1302 J0514",NA,"posterior",1703,0.008052
44,"C_Date","S31-1302 J0514",NA,"posterior",1704,0.0085
44,"C_Date","S31-1302 J0514",NA,"posterior",1705,0.008881
44,"C_Date","S31-1302 J0514",NA,"posterior",1706,0.00959
44,"C_Date","S31-1302 J0514",NA,"posterior",1707,0.009896
44,"C_Date","S31-1302 J0514",NA,"posterior",1708,0.010225
44,"C_Date","S31-1302 J0514",NA,"posterior",1709,0.011203
44,"C_Date","S31-1302 J0514",NA,"posterior",1710,0.011408
44,"C_Date","S31-1302 J0514",NA,"posterior",1711,0.011732
44,"C_Date","S31-1302 J0514",NA,"posterior",1712,0.012038
44,"C_Date","S31-1302 J0514",NA,"posterior",1713,0.012858
44,"C_Date","S31-1302 J0514",NA,"posterior",1714,0.012939
44,"C_Date","S31-1302 J0514",NA,"posterior",1715,0.013424
44,"C_Date","S31-1302 J0514",NA,"posterior",1716,0.013542
44,"C_Date","S31-1302 J0514",NA,"posterior",1717,0.014163
44,"C_Date","S31-1302 J0514",NA,"posterior",1718,0.014911
44,"C_Date","S31-1302 J0514",NA,"posterior",1719,0.015445
44,"C_Date","S31-1302 J0514",NA,"posterior",1720,0.015392
44,"C_Date","S31-1302 J0514",NA,"posterior",1721,0.016174
44,"C_Date","S31-1302 J0514",NA,"posterior",1722,0.016208
44,"C_Date","S31-1302 J0514",NA,"posterior",1723,0.016718
44,"C_Date","S31-1302 J0514",NA,"posterior",1724,0.017001
44,"C_Date","S31-1302 J0514",NA,"posterior",1725,0.017185
44,"C_Date","S31-1302 J0514",NA,"posterior",1726,0.017599
44,"C_Date","S31-1302 J0514",NA,"posterior",1727,0.017371
44,"C_Date","S31-1302 J0514",NA,"posterior",1728,0.017676
44,"C_Date","S31-1302 J0514",NA,"posterior",1729,0.018186
44,"C_Date","S31-1302 J0514",NA,"posterior",1730,0.017784
44,"C_Date","S31-1302 J0514",NA,"posterior",1731,0.018373
44,"C_Date","S31-1302 J0514",NA,"posterior",1732,0.018532
44,"C_Date","S31-1302 J0514",NA,"posterior",1733,0.018468
44,"C_Date","S31-1302 J0514",NA,"posterior",1734,0.017729
44,"C_Date","S31-1302 J0514",NA,"posterior",1735,0.017866
44,"C_Date","S31-1302 J0514",NA,"posterior",1736,0.017752
44,"C_Date","S31-1302 J0514",NA,"posterior",1737,0.01809
44,"C_Date","S31-1302 J0514",NA,"posterior",1738,0.017655
44,"C_Date","S31-1302 J0514",NA,"posterior",1739,0.017256
44,"C_Date","S31-1302 J0514",NA,"posterior",1740,0.017172
44,"C_Date","S31-1302 J0514",NA,"posterior",1741,0.016825
44,"C_Date","S31-1302 J0514",NA,"posterior",1742,0.01639
44,"C_Date","S31-1302 J0514",NA,"posterior",1743,0.016044
44,"C_Date","S31-1302 J0514",NA,"posterior",1744,0.015749
44,"C_Date","S31-1302 J0514",NA,"posterior",1745,0.015389
44,"C_Date","S31-1302 J0514",NA,"posterior",1746,0.01482
44,"C_Date","S31-1302 J0514",NA,"posterior",1747,0.014143
44,"C_Date","S31-1302 J0514",NA,"posterior",1748,0.013409
44,"C_Date","S31-1302 J0514",NA,"posterior",1749,0.013236
44,"C_Date","S31-1302 J0514",NA,"posterior",1750,0.012994
44,"C_Date","S31-1302 J0514",NA,"posterior",1751,0.012283
44,"C_Date","S31-1302 J0514",NA,"posterior",1752,0.01176
44,"C_Date","S31-1302 J0514",NA,"posterior",1753,0.010921
44,"C_Date","S31-1302 J0514",NA,"posterior",1754,0.010856
44,"C_Date","S31-1302 J0514",NA,"posterior",1755,0.010176
44,"C_Date","S31-1302 J0514",NA,"posterior",1756,0.00933
44,"C_Date","S31-1302 J0514",NA,"posterior",1757,0.009073
44,"C_Date","S31-1302 J0514",NA,"posterior",1758,0.008541
44,"C_Date","S31-1302 J0514",NA,"posterior",1759,0.008054
44,"C_Date","S31-1302 J0514",NA,"posterior",1760,0.007425
44,"C_Date","S31-1302 J0514",NA,"posterior",1761,0.006858
44,"C_Date","S31-1302 J0514",NA,"posterior",1762,0.006472
44,"C_Date","S31-1302 J0514",NA,"posterior",1763,0.005947
44,"C_Date","S31-1302 J0514",NA,"posterior",1764,0.00553
44,"C_Date","S31-1302 J0514",NA,"posterior",1765,0.005129
44,"C_Date","S31-1302 J0514",NA,"posterior",1766,0.00436
44,"C_Date","S31-1302 J0514",NA,"posterior",1767,0.004214
44,"C_Date","S31-1302 J0514",NA,"posterior",1768,0.003867
44,"C_Date","S31-1302 J0514",NA,"posterior",1769,0.003591
44,"C_Date","S31-1302 J0514",NA,"posterior",1770,0.003408
44,"C_Date","S31-1302 J0514",NA,"posterior",1771,0.0029563
44,"C_Date","S31-1302 J0514",NA,"posterior",1772,0.0025958
44,"C_Date","S31-1302 J0514",NA,"posterior",1773,0.0023302
44,"C_Date","S31-1302 J0514",NA,"posterior",1774,0.002175
44,"C_Date","S31-1302 J0514",NA,"posterior",1775,0.0019563
44,"C_Date","S31-1302 J0514",NA,"posterior",1776,0.0017208
44,"C_Date","S31-1302 J0514",NA,"posterior",1777,0.0014833
44,"C_Date","S31-1302 J0514",NA,"posterior",1778,0.0013115
44,"C_Date","S31-1302 J0514",NA,"posterior",1779,0.0011531
44,"C_Date","S31-1302 J0514",NA,"posterior",1780,0.001001
44,"C_Date","S31-1302 J0514",NA,"posterior",1781,0.000901
44,"C_Date","S31-1302 J0514",NA,"posterior",1782,0.0007823
44,"C_Date","S31-1302 J0514",NA,"posterior",1783,0.0007396
44,"C_Date","S31-1302 J0514",NA,"posterior",1784,0.000649
44,"C_Date","S31-1302 J0514",NA,"posterior",1785,0.0005271
44,"C_Date","S31-1302 J0514",NA,"posterior",1786,0.0004458
44,"C_Date","S31-1302 J0514",NA,"posterior",1787,0.0003948
44,"C_Date","S31-1302 J0514",NA,"posterior",1788,0.0003448
44,"C_Date","S31-1302 J0514",NA,"posterior",1789,0.00029687
44,"C_Date","S31-1302 J0514",NA,"posterior",1790,0.00023855
44,"C_Date","S31-1302 J0514",NA,"posterior",1791,0.00020728
44,"C_Date","S31-1302 J0514",NA,"posterior",1792,0.00015625
44,"C_Date","S31-1302 J0514",NA,"posterior",1793,0.00016876
44,"C_Date","S31-1302 J0514",NA,"posterior",1794,0.00013959
44,"C_Date","S31-1302 J0514",NA,"posterior",1795,0.00011666
44,"C_Date","S31-1302 J0514",NA,"posterior",1796,9.583e-05
44,"C_Date","S31-1302 J0514",NA,"posterior",1797,6.875e-05
44,"C_Date","S31-1302 J0514",NA,"posterior",1798,3.542e-05
44,"C_Date","S31-1302 J0514",NA,"posterior",1799,7.396e-05
44,"C_Date","S31-1302 J0514",NA,"posterior",1800,5.521e-05
44,"C_Date","S31-1302 J0514",NA,"posterior",1801,2.6038e-05
44,"C_Date","S31-1302 J0514",NA,"posterior",1802,2.917e-05
44,"C_Date","S31-1302 J0514",NA,"posterior",1803,1.7717e-05
44,"C_Date","S31-1302 J0514",NA,"posterior",1804,2.5e-05
44,"C_Date","S31-1302 J0514",NA,"posterior",1805,1.1453e-05
44,"C_Date","S31-1302 J0514",NA,"posterior",1806,2.083e-05
44,"C_Date","S31-1302 J0514",NA,"posterior",1807,2.0756e-06
44,"C_Date","S31-1302 J0514",NA,"posterior",1808,7.283e-06
44,"C_Date","S31-1302 J0514",NA,"posterior",1809,4.17e-06
44,"C_Date","S31-1302 J0514",NA,"posterior",1810,3.132e-06
44,"C_Date","S31-1302 J0514",NA,"posterior",1811,2.0756e-06
44,"C_Date","S31-1302 J0514",NA,"posterior",1812,3.132e-06
44,"C_Date","S31-1302 J0514",NA,"posterior",1813,3.132e-06
44,"C_Date","S31-1302 J0514",NA,"posterior",1814,1.0378e-06
45,"C_Date","S31-1301 J0513",NA,"likelihood",1580,0
45,"C_Date","S31-1301 J0513",NA,"likelihood",1581,1.3298e-08
45,"C_Date","S31-1301 J0513",NA,"likelihood",1582,1.3298e-08
45,"C_Date","S31-1301 J0513",NA,"likelihood",1583,1.3298e-08
45,"C_Date","S31-1301 J0513",NA,"likelihood",1584,1.3298e-08
45,"C_Date","S31-1301 J0513",NA,"likelihood",1585,2.6596e-08
45,"C_Date","S31-1301 J0513",NA,"likelihood",1586,2.6596e-08
45,"C_Date","S31-1301 J0513",NA,"likelihood",1587,2.6596e-08
45,"C_Date","S31-1301 J0513",NA,"likelihood",1588,3.989e-08
45,"C_Date","S31-1301 J0513",NA,"likelihood",1589,3.989e-08
45,"C_Date","S31-1301 J0513",NA,"likelihood",1590,5.319e-08
45,"C_Date","S31-1301 J0513",NA,"likelihood",1591,5.319e-08
45,"C_Date","S31-1301 J0513",NA,"likelihood",1592,6.649e-08
45,"C_Date","S31-1301 J0513",NA,"likelihood",1593,7.979e-08
45,"C_Date","S31-1301 J0513",NA,"likelihood",1594,9.309e-08
45,"C_Date","S31-1301 J0513",NA,"likelihood",1595,1.0638e-07
45,"C_Date","S31-1301 J0513",NA,"likelihood",1596,1.3298e-07
45,"C_Date","S31-1301 J0513",NA,"likelihood",1597,1.5958e-07
45,"C_Date","S31-1301 J0513",NA,"likelihood",1598,1.8617e-07
45,"C_Date","S31-1301 J0513",NA,"likelihood",1599,2.1277e-07
45,"C_Date","S31-1301 J0513",NA,"likelihood",1600,2.5266e-07
45,"C_Date","S31-1301 J0513",NA,"likelihood",1601,2.9256e-07
45,"C_Date","S31-1301 J0513",NA,"likelihood",1602,3.325e-07
45,"C_Date","S31-1301 J0513",NA,"likelihood",1603,3.989e-07
45,"C_Date","S31-1301 J0513",NA,"likelihood",1604,4.521e-07
45,"C_Date","S31-1301 J0513",NA,"likelihood",1605,5.319e-07
45,"C_Date","S31-1301 J0513",NA,"likelihood",1606,6.25e-07
45,"C_Date","S31-1301 J0513",NA,"likelihood",1607,7.181e-07
45,"C_Date","S31-1301 J0513",NA,"likelihood",1608,8.378e-07
45,"C_Date","S31-1301 J0513",NA,"likelihood",1609,9.575e-07
45,"C_Date","S31-1301 J0513",NA,"likelihood",1610,1.117e-06
45,"C_Date","S31-1301 J0513",NA,"likelihood",1611,1.2899e-06
45,"C_Date","S31-1301 J0513",NA,"likelihood",1612,1.4761e-06
45,"C_Date","S31-1301 J0513",NA,"likelihood",1613,1.7022e-06
45,"C_Date","S31-1301 J0513",NA,"likelihood",1614,1.9681e-06
45,"C_Date","S31-1301 J0513",NA,"likelihood",1615,2.2607e-06
45,"C_Date","S31-1301 J0513",NA,"likelihood",1616,2.5931e-06
45,"C_Date","S31-1301 J0513",NA,"likelihood",1617,2.9788e-06
45,"C_Date","S31-1301 J0513",NA,"likelihood",1618,3.404e-06
45,"C_Date","S31-1301 J0513",NA,"likelihood",1619,3.896e-06
45,"C_Date","S31-1301 J0513",NA,"likelihood",1620,4.455e-06
45,"C_Date","S31-1301 J0513",NA,"likelihood",1621,5.093e-06
45,"C_Date","S31-1301 J0513",NA,"likelihood",1622,5.811e-06
45,"C_Date","S31-1301 J0513",NA,"likelihood",1623,6.622e-06
45,"C_Date","S31-1301 J0513",NA,"likelihood",1624,7.54e-06
45,"C_Date","S31-1301 J0513",NA,"likelihood",1625,8.564e-06
45,"C_Date","S31-1301 J0513",NA,"likelihood",1626,9.734e-06
45,"C_Date","S31-1301 J0513",NA,"likelihood",1627,1.1037e-05
45,"C_Date","S31-1301 J0513",NA,"likelihood",1628,1.2514e-05
45,"C_Date","S31-1301 J0513",NA,"likelihood",1629,1.4162e-05
45,"C_Date","S31-1301 J0513",NA,"likelihood",1630,1.6011e-05
45,"C_Date","S31-1301 J0513",NA,"likelihood",1631,1.8085e-05
45,"C_Date","S31-1301 J0513",NA,"likelihood",1632,2.0399e-05
45,"C_Date","S31-1301 J0513",NA,"likelihood",1633,2.2979e-05
45,"C_Date","S31-1301 J0513",NA,"likelihood",1634,2.5878e-05
45,"C_Date","S31-1301 J0513",NA,"likelihood",1635,2.9083e-05
45,"C_Date","S31-1301 J0513",NA,"likelihood",1636,3.267e-05
45,"C_Date","S31-1301 J0513",NA,"likelihood",1637,3.665e-05
45,"C_Date","S31-1301 J0513",NA,"likelihood",1638,4.108e-05
45,"C_Date","S31-1301 J0513",NA,"likelihood",1639,4.597e-05
45,"C_Date","S31-1301 J0513",NA,"likelihood",1640,5.141e-05
45,"C_Date","S31-1301 J0513",NA,"likelihood",1641,5.742e-05
45,"C_Date","S31-1301 J0513",NA,"likelihood",1642,6.406e-05
45,"C_Date","S31-1301 J0513",NA,"likelihood",1643,7.138e-05
45,"C_Date","S31-1301 J0513",NA,"likelihood",1644,7.947e-05
45,"C_Date","S31-1301 J0513",NA,"likelihood",1645,8.837e-05
45,"C_Date","S31-1301 J0513",NA,"likelihood",1646,9.815e-05
45,"C_Date","S31-1301 J0513",NA,"likelihood",1647,0.0001089
45,"C_Date","S31-1301 J0513",NA,"likelihood",1648,0.00012068
45,"C_Date","S31-1301 J0513",NA,"likelihood",1649,0.00013359
45,"C_Date","S31-1301 J0513",NA,"likelihood",1650,0.00014773
45,"C_Date","S31-1301 J0513",NA,"likelihood",1651,0.00016318
45,"C_Date","S31-1301 J0513",NA,"likelihood",1652,0.00018003
45,"C_Date","S31-1301 J0513",NA,"likelihood",1653,0.00019842
45,"C_Date","S31-1301 J0513",NA,"likelihood",1654,0.00021843
45,"C_Date","S31-1301 J0513",NA,"likelihood",1655,0.0002402
45,"C_Date","S31-1301 J0513",NA,"likelihood",1656,0.00026385
45,"C_Date","S31-1301 J0513",NA,"likelihood",1657,0.0002895
45,"C_Date","S31-1301 J0513",NA,"likelihood",1658,0.0003173
45,"C_Date","S31-1301 J0513",NA,"likelihood",1659,0.0003474
45,"C_Date","S31-1301 J0513",NA,"likelihood",1660,0.0003799
45,"C_Date","S31-1301 J0513",NA,"likelihood",1661,0.000415
45,"C_Date","S31-1301 J0513",NA,"likelihood",1662,0.0004528
45,"C_Date","S31-1301 J0513",NA,"likelihood",1663,0.0004935
45,"C_Date","S31-1301 J0513",NA,"likelihood",1664,0.0005373
45,"C_Date","S31-1301 J0513",NA,"likelihood",1665,0.0005843
45,"C_Date","S31-1301 J0513",NA,"likelihood",1666,0.0006347
45,"C_Date","S31-1301 J0513",NA,"likelihood",1667,0.0006887
45,"C_Date","S31-1301 J0513",NA,"likelihood",1668,0.0007465
45,"C_Date","S31-1301 J0513",NA,"likelihood",1669,0.0008082
45,"C_Date","S31-1301 J0513",NA,"likelihood",1670,0.0008741
45,"C_Date","S31-1301 J0513",NA,"likelihood",1671,0.0009442
45,"C_Date","S31-1301 J0513",NA,"likelihood",1672,0.0010189
45,"C_Date","S31-1301 J0513",NA,"likelihood",1673,0.0010983
45,"C_Date","S31-1301 J0513",NA,"likelihood",1674,0.0011825
45,"C_Date","S31-1301 J0513",NA,"likelihood",1675,0.0012718
45,"C_Date","S31-1301 J0513",NA,"likelihood",1676,0.0013662
45,"C_Date","S31-1301 J0513",NA,"likelihood",1677,0.0014661
45,"C_Date","S31-1301 J0513",NA,"likelihood",1678,0.0015716
45,"C_Date","S31-1301 J0513",NA,"likelihood",1679,0.0016827
45,"C_Date","S31-1301 J0513",NA,"likelihood",1680,0.0017997
45,"C_Date","S31-1301 J0513",NA,"likelihood",1681,0.0019227
45,"C_Date","S31-1301 J0513",NA,"likelihood",1682,0.0020518
45,"C_Date","S31-1301 J0513",NA,"likelihood",1683,0.0021872
45,"C_Date","S31-1301 J0513",NA,"likelihood",1684,0.0023289
45,"C_Date","S31-1301 J0513",NA,"likelihood",1685,0.002477
45,"C_Date","S31-1301 J0513",NA,"likelihood",1686,0.0026317
45,"C_Date","S31-1301 J0513",NA,"likelihood",1687,0.0027929
45,"C_Date","S31-1301 J0513",NA,"likelihood",1688,0.0029606
45,"C_Date","S31-1301 J0513",NA,"likelihood",1689,0.003135
45,"C_Date","S31-1301 J0513",NA,"likelihood",1690,0.003316
45,"C_Date","S31-1301 J0513",NA,"likelihood",1691,0.003503
45,"C_Date","S31-1301 J0513",NA,"likelihood",1692,0.003697
45,"C_Date","S31-1301 J0513",NA,"likelihood",1693,0.003898
45,"C_Date","S31-1301 J0513",NA,"likelihood",1694,0.004104
45,"C_Date","S31-1301 J0513",NA,"likelihood",1695,0.004317
45,"C_Date","S31-1301 J0513",NA,"likelihood",1696,0.004536
45,"C_Date","S31-1301 J0513",NA,"likelihood",1697,0.004761
45,"C_Date","S31-1301 J0513",NA,"likelihood",1698,0.004991
45,"C_Date","S31-1301 J0513",NA,"likelihood",1699,0.005226
45,"C_Date","S31-1301 J0513",NA,"likelihood",1700,0.005467
45,"C_Date","S31-1301 J0513",NA,"likelihood",1701,0.005712
45,"C_Date","S31-1301 J0513",NA,"likelihood",1702,0.005962
45,"C_Date","S31-1301 J0513",NA,"likelihood",1703,0.006216
45,"C_Date","S31-1301 J0513",NA,"likelihood",1704,0.006473
45,"C_Date","S31-1301 J0513",NA,"likelihood",1705,0.006733
45,"C_Date","S31-1301 J0513",NA,"likelihood",1706,0.006996
45,"C_Date","S31-1301 J0513",NA,"likelihood",1707,0.007262
45,"C_Date","S31-1301 J0513",NA,"likelihood",1708,0.007529
45,"C_Date","S31-1301 J0513",NA,"likelihood",1709,0.007797
45,"C_Date","S31-1301 J0513",NA,"likelihood",1710,0.008066
45,"C_Date","S31-1301 J0513",NA,"likelihood",1711,0.008334
45,"C_Date","S31-1301 J0513",NA,"likelihood",1712,0.008603
45,"C_Date","S31-1301 J0513",NA,"likelihood",1713,0.00887
45,"C_Date","S31-1301 J0513",NA,"likelihood",1714,0.009135
45,"C_Date","S31-1301 J0513",NA,"likelihood",1715,0.009397
45,"C_Date","S31-1301 J0513",NA,"likelihood",1716,0.009656
45,"C_Date","S31-1301 J0513",NA,"likelihood",1717,0.009912
45,"C_Date","S31-1301 J0513",NA,"likelihood",1718,0.010163
45,"C_Date","S31-1301 J0513",NA,"likelihood",1719,0.010408
45,"C_Date","S31-1301 J0513",NA,"likelihood",1720,0.010648
45,"C_Date","S31-1301 J0513",NA,"likelihood",1721,0.010882
45,"C_Date","S31-1301 J0513",NA,"likelihood",1722,0.011108
45,"C_Date","S31-1301 J0513",NA,"likelihood",1723,0.011326
45,"C_Date","S31-1301 J0513",NA,"likelihood",1724,0.011535
45,"C_Date","S31-1301 J0513",NA,"likelihood",1725,0.011736
45,"C_Date","S31-1301 J0513",NA,"likelihood",1726,0.011926
45,"C_Date","S31-1301 J0513",NA,"likelihood",1727,0.012106
45,"C_Date","S31-1301 J0513",NA,"likelihood",1728,0.012276
45,"C_Date","S31-1301 J0513",NA,"likelihood",1729,0.012434
45,"C_Date","S31-1301 J0513",NA,"likelihood",1730,0.012579
45,"C_Date","S31-1301 J0513",NA,"likelihood",1731,0.012713
45,"C_Date","S31-1301 J0513",NA,"likelihood",1732,0.012834
45,"C_Date","S31-1301 J0513",NA,"likelihood",1733,0.012941
45,"C_Date","S31-1301 J0513",NA,"likelihood",1734,0.013035
45,"C_Date","S31-1301 J0513",NA,"likelihood",1735,0.013115
45,"C_Date","S31-1301 J0513",NA,"likelihood",1736,0.01318
45,"C_Date","S31-1301 J0513",NA,"likelihood",1737,0.013232
45,"C_Date","S31-1301 J0513",NA,"likelihood",1738,0.013269
45,"C_Date","S31-1301 J0513",NA,"likelihood",1739,0.013291
45,"C_Date","S31-1301 J0513",NA,"likelihood",1740,0.013298
45,"C_Date","S31-1301 J0513",NA,"likelihood",1741,0.013291
45,"C_Date","S31-1301 J0513",NA,"likelihood",1742,0.013269
45,"C_Date","S31-1301 J0513",NA,"likelihood",1743,0.013232
45,"C_Date","S31-1301 J0513",NA,"likelihood",1744,0.01318
45,"C_Date","S31-1301 J0513",NA,"likelihood",1745,0.013115
45,"C_Date","S31-1301 J0513",NA,"likelihood",1746,0.013035
45,"C_Date","S31-1301 J0513",NA,"likelihood",1747,0.012941
45,"C_Date","S31-1301 J0513",NA,"likelihood",1748,0.012834
45,"C_Date","S31-1301 J0513",NA,"likelihood",1749,0.012713
45,"C_Date","S31-1301 J0513",NA,"likelihood",1750,0.012579
45,"C_Date","S31-1301 J0513",NA,"likelihood",1751,0.012434
45,"C_Date","S31-1301 J0513",NA,"likelihood",1752,0.012276
45,"C_Date","S31-1301 J0513",NA,"likelihood",1753,0.012106
45,"C_Date","S31-1301 J0513",NA,"likelihood",1754,0.011926
45,"C_Date","S31-1301 J0513",NA,"likelihood",1755,0.011736
45,"C_Date","S31-1301 J0513",NA,"likelihood",1756,0.011535
45,"C_Date","S31-1301 J0513",NA,"likelihood",1757,0.011326
45,"C_Date","S31-1301 J0513",NA,"likelihood",1758,0.011108
45,"C_Date","S31-1301 J0513",NA,"likelihood",1759,0.010882
45,"C_Date","S31-1301 J0513",NA,"likelihood",1760,0.010648
45,"C_Date","S31-1301 J0513",NA,"likelihood",1761,0.010408
45,"C_Date","S31-1301 J0513",NA,"likelihood",1762,0.010163
45,"C_Date","S31-1301 J0513",NA,"likelihood",1763,0.009912
45,"C_Date","S31-1301 J0513",NA,"likelihood",1764,0.009656
45,"C_Date","S31-1301 J0513",NA,"likelihood",1765,0.009397
45,"C_Date","S31-1301 J0513",NA,"likelihood",1766,0.009135
45,"C_Date","S31-1301 J0513",NA,"likelihood",1767,0.00887
45,"C_Date","S31-1301 J0513",NA,"likelihood",1768,0.008603
45,"C_Date","S31-1301 J0513",NA,"likelihood",1769,0.008334
45,"C_Date","S31-1301 J0513",NA,"likelihood",1770,0.008066
45,"C_Date","S31-1301 J0513",NA,"likelihood",1771,0.007797
45,"C_Date","S31-1301 J0513",NA,"likelihood",1772,0.007529
45,"C_Date","S31-1301 J0513",NA,"likelihood",1773,0.007262
45,"C_Date","S31-1301 J0513",NA,"likelihood",1774,0.006996
45,"C_Date","S31-1301 J0513",NA,"likelihood",1775,0.006733
45,"C_Date","S31-1301 J0513",NA,"likelihood",1776,0.006473
45,"C_Date","S31-1301 J0513",NA,"likelihood",1777,0.006216
45,"C_Date","S31-1301 J0513",NA,"likelihood",1778,0.005962
45,"C_Date","S31-1301 J0513",NA,"likelihood",1779,0.005712
45,"C_Date","S31-1301 J0513",NA,"likelihood",1780,0.005467
45,"C_Date","S31-1301 J0513",NA,"likelihood",1781,0.005226
45,"C_Date","S31-1301 J0513",NA,"likelihood",1782,0.004991
45,"C_Date","S31-1301 J0513",NA,"likelihood",1783,0.004761
45,"C_Date","S31-1301 J0513",NA,"likelihood",1784,0.004536
45,"C_Date","S31-1301 J0513",NA,"likelihood",1785,0.004317
45,"C_Date","S31-1301 J0513",NA,"likelihood",1786,0.004104
45,"C_Date","S31-1301 J0513",NA,"likelihood",1787,0.003898
45,"C_Date","S31-1301 J0513",NA,"likelihood",1788,0.003697
45,"C_Date","S31-1301 J0513",NA,"likelihood",1789,0.003503
45,"C_Date","S31-1301 J0513",NA,"likelihood",1790,0.003316
45,"C_Date","S31-1301 J0513",NA,"likelihood",1791,0.003135
45,"C_Date","S31-1301 J0513",NA,"likelihood",1792,0.0029606
45,"C_Date","S31-1301 J0513",NA,"likelihood",1793,0.0027929
45,"C_Date","S31-1301 J0513",NA,"likelihood",1794,0.0026317
45,"C_Date","S31-1301 J0513",NA,"likelihood",1795,0.002477
45,"C_Date","S31-1301 J0513",NA,"likelihood",1796,0.0023289
45,"C_Date","S31-1301 J0513",NA,"likelihood",1797,0.0021872
45,"C_Date","S31-1301 J0513",NA,"likelihood",1798,0.0020518
45,"C_Date","S31-1301 J0513",NA,"likelihood",1799,0.0019227
45,"C_Date","S31-1301 J0513",NA,"likelihood",1800,0.0017997
45,"C_Date","S31-1301 J0513",NA,"likelihood",1801,0.0016827
45,"C_Date","S31-1301 J0513",NA,"likelihood",1802,0.0015716
45,"C_Date","S31-1301 J0513",NA,"likelihood",1803,0.0014661
45,"C_Date","S31-1301 J0513",NA,"likelihood",1804,0.0013662
45,"C_Date","S31-1301 J0513",NA,"likelihood",1805,0.0012718
45,"C_Date","S31-1301 J0513",NA,"likelihood",1806,0.0011825
45,"C_Date","S31-1301 J0513",NA,"likelihood",1807,0.0010983
45,"C_Date","S31-1301 J0513",NA,"likelihood",1808,0.0010189
45,"C_Date","S31-1301 J0513",NA,"likelihood",1809,0.0009442
45,"C_Date","S31-1301 J0513",NA,"likelihood",1810,0.0008741
45,"C_Date","S31-1301 J0513",NA,"likelihood",1811,0.0008082
45,"C_Date","S31-1301 J0513",NA,"likelihood",1812,0.0007465
45,"C_Date","S31-1301 J0513",NA,"likelihood",1813,0.0006887
45,"C_Date","S31-1301 J0513",NA,"likelihood",1814,0.0006347
45,"C_Date","S31-1301 J0513",NA,"likelihood",1815,0.0005843
45,"C_Date","S31-1301 J0513",NA,"likelihood",1816,0.0005373
45,"C_Date","S31-1301 J0513",NA,"likelihood",1817,0.0004935
45,"C_Date","S31-1301 J0513",NA,"likelihood",1818,0.0004528
45,"C_Date","S31-1301 J0513",NA,"likelihood",1819,0.000415
45,"C_Date","S31-1301 J0513",NA,"likelihood",1820,0.0003799
45,"C_Date","S31-1301 J0513",NA,"likelihood",1821,0.0003474
45,"C_Date","S31-1301 J0513",NA,"likelihood",1822,0.0003173
45,"C_Date","S31-1301 J0513",NA,"likelihood",1823,0.0002895
45,"C_Date","S31-1301 J0513",NA,"likelihood",1824,0.00026385
45,"C_Date","S31-1301 J0513",NA,"likelihood",1825,0.0002402
45,"C_Date","S31-1301 J0513",NA,"likelihood",1826,0.00021843
45,"C_Date","S31-1301 J0513",NA,"likelihood",1827,0.00019842
45,"C_Date","S31-1301 J0513",NA,"likelihood",1828,0.00018003
45,"C_Date","S31-1301 J0513",NA,"likelihood",1829,0.00016318
45,"C_Date","S31-1301 J0513",NA,"likelihood",1830,0.00014773
45,"C_Date","S31-1301 J0513",NA,"likelihood",1831,0.00013359
45,"C_Date","S31-1301 J0513",NA,"likelihood",1832,0.00012068
45,"C_Date","S31-1301 J0513",NA,"likelihood",1833,0.0001089
45,"C_Date","S31-1301 J0513",NA,"likelihood",1834,9.815e-05
45,"C_Date","S31-1301 J0513",NA,"likelihood",1835,8.837e-05
45,"C_Date","S31-1301 J0513",NA,"likelihood",1836,7.947e-05
45,"C_Date","S31-1301 J0513",NA,"likelihood",1837,7.138e-05
45,"C_Date","S31-1301 J0513",NA,"likelihood",1838,6.406e-05
45,"C_Date","S31-1301 J0513",NA,"likelihood",1839,5.742e-05
45,"C_Date","S31-1301 J0513",NA,"likelihood",1840,5.141e-05
45,"C_Date","S31-1301 J0513",NA,"likelihood",1841,4.597e-05
45,"C_Date","S31-1301 J0513",NA,"likelihood",1842,4.108e-05
45,"C_Date","S31-1301 J0513",NA,"likelihood",1843,3.665e-05
45,"C_Date","S31-1301 J0513",NA,"likelihood",1844,3.267e-05
45,"C_Date","S31-1301 J0513",NA,"likelihood",1845,2.9083e-05
45,"C_Date","S31-1301 J0513",NA,"likelihood",1846,2.5878e-05
45,"C_Date","S31-1301 J0513",NA,"likelihood",1847,2.2979e-05
45,"C_Date","S31-1301 J0513",NA,"likelihood",1848,2.0399e-05
45,"C_Date","S31-1301 J0513",NA,"likelihood",1849,1.8085e-05
45,"C_Date","S31-1301 J0513",NA,"likelihood",1850,1.6011e-05
45,"C_Date","S31-1301 J0513",NA,"likelihood",1851,1.4162e-05
45,"C_Date","S31-1301 J0513",NA,"likelihood",1852,1.2514e-05
45,"C_Date","S31-1301 J0513",NA,"likelihood",1853,1.1037e-05
45,"C_Date","S31-1301 J0513",NA,"likelihood",1854,9.734e-06
45,"C_Date","S31-1301 J0513",NA,"likelihood",1855,8.564e-06
45,"C_Date","S31-1301 J0513",NA,"likelihood",1856,7.54e-06
45,"C_Date","S31-1301 J0513",NA,"likelihood",1857,6.622e-06
45,"C_Date","S31-1301 J0513",NA,"likelihood",1858,5.811e-06
45,"C_Date","S31-1301 J0513",NA,"likelihood",1859,5.093e-06
45,"C_Date","S31-1301 J0513",NA,"likelihood",1860,4.455e-06
45,"C_Date","S31-1301 J0513",NA,"likelihood",1861,3.896e-06
45,"C_Date","S31-1301 J0513",NA,"likelihood",1862,3.404e-06
45,"C_Date","S31-1301 J0513",NA,"likelihood",1863,2.9788e-06
45,"C_Date","S31-1301 J0513",NA,"likelihood",1864,2.5931e-06
45,"C_Date","S31-1301 J0513",NA,"likelihood",1865,2.2607e-06
45,"C_Date","S31-1301 J0513",NA,"likelihood",1866,1.9681e-06
45,"C_Date","S31-1301 J0513",NA,"likelihood",1867,1.7022e-06
45,"C_Date","S31-1301 J0513",NA,"likelihood",1868,1.4761e-06
45,"C_Date","S31-1301 J0513",NA,"likelihood",1869,1.2899e-06
45,"C_Date","S31-1301 J0513",NA,"likelihood",1870,1.117e-06
45,"C_Date","S31-1301 J0513",NA,"likelihood",1871,9.575e-07
45,"C_Date","S31-1301 J0513",NA,"likelihood",1872,8.378e-07
45,"C_Date","S31-1301 J0513",NA,"likelihood",1873,7.181e-07
45,"C_Date","S31-1301 J0513",NA,"likelihood",1874,6.25e-07
45,"C_Date","S31-1301 J0513",NA,"likelihood",1875,5.319e-07
45,"C_Date","S31-1301 J0513",NA,"likelihood",1876,4.521e-07
45,"C_Date","S31-1301 J0513",NA,"likelihood",1877,3.989e-07
45,"C_Date","S31-1301 J0513",NA,"likelihood",1878,3.325e-07
45,"C_Date","S31-1301 J0513",NA,"likelihood",1879,2.9256e-07
45,"C_Date","S31-1301 J0513",NA,"likelihood",1880,2.5266e-07
45,"C_Date","S31-1301 J0513",NA,"likelihood",1881,2.1277e-07
45,"C_Date","S31-1301 J0513",NA,"likelihood",1882,1.8617e-07
45,"C_Date","S31-1301 J0513",NA,"likelihood",1883,1.5958e-07
45,"C_Date","S31-1301 J0513",NA,"likelihood",1884,1.3298e-07
45,"C_Date","S31-1301 J0513",NA,"likelihood",1885,1.0638e-07
45,"C_Date","S31-1301 J0513",NA,"likelihood",1886,9.309e-08
45,"C_Date","S31-1301 J0513",NA,"likelihood",1887,7.979e-08
45,"C_Date","S31-1301 J0513",NA,"likelihood",1888,6.649e-08
45,"C_Date","S31-1301 J0513",NA,"likelihood",1889,5.319e-08
45,"C_Date","S31-1301 J0513",NA,"likelihood",1890,5.319e-08
45,"C_Date","S31-1301 J0513",NA,"likelihood",1891,3.989e-08
45,"C_Date","S31-1301 J0513",NA,"likelihood",1892,3.989e-08
45,"C_Date","S31-1301 J0513",NA,"likelihood",1893,2.6596e-08
45,"C_Date","S31-1301 J0513",NA,"likelihood",1894,2.6596e-08
45,"C_Date","S31-1301 J0513",NA,"likelihood",1895,2.6596e-08
45,"C_Date","S31-1301 J0513",NA,"likelihood",1896,1.3298e-08
45,"C_Date","S31-1301 J0513",NA,"likelihood",1897,1.3298e-08
45,"C_Date","S31-1301 J0513",NA,"likelihood",1898,1.3298e-08
45,"C_Date","S31-1301 J0513",NA,"likelihood",1899,1.3298e-08
45,"C_Date","S31-1301 J0513",NA,"likelihood",1900,0
45,"C_Date","S31-1301 J0513",NA,"posterior",1661,0
45,"C_Date","S31-1301 J0513",NA,"posterior",1662,0
45,"C_Date","S31-1301 J0513",NA,"posterior",1663,1.0435e-06
45,"C_Date","S31-1301 J0513",NA,"posterior",1664,2.0871e-06
45,"C_Date","S31-1301 J0513",NA,"posterior",1665,6.24e-06
45,"C_Date","S31-1301 J0513",NA,"posterior",1666,3.1306e-06
45,"C_Date","S31-1301 J0513",NA,"posterior",1667,5.218e-06
45,"C_Date","S31-1301 J0513",NA,"posterior",1668,4.174e-06
45,"C_Date","S31-1301 J0513",NA,"posterior",1669,9.371e-06
45,"C_Date","S31-1301 J0513",NA,"posterior",1670,8.327e-06
45,"C_Date","S31-1301 J0513",NA,"posterior",1671,1.0414e-05
45,"C_Date","S31-1301 J0513",NA,"posterior",1672,1.4588e-05
45,"C_Date","S31-1301 J0513",NA,"posterior",1673,2.6046e-05
45,"C_Date","S31-1301 J0513",NA,"posterior",1674,2.709e-05
45,"C_Date","S31-1301 J0513",NA,"posterior",1675,1.5632e-05
45,"C_Date","S31-1301 J0513",NA,"posterior",1676,2.709e-05
45,"C_Date","S31-1301 J0513",NA,"posterior",1677,3.855e-05
45,"C_Date","S31-1301 J0513",NA,"posterior",1678,4.063e-05
45,"C_Date","S31-1301 J0513",NA,"posterior",1679,5e-05
45,"C_Date","S31-1301 J0513",NA,"posterior",1680,6.251e-05
45,"C_Date","S31-1301 J0513",NA,"posterior",1681,7.605e-05
45,"C_Date","S31-1301 J0513",NA,"posterior",1682,7.188e-05
45,"C_Date","S31-1301 J0513",NA,"posterior",1683,9.27e-05
45,"C_Date","S31-1301 J0513",NA,"posterior",1684,0.00010001
45,"C_Date","S31-1301 J0513",NA,"posterior",1685,0.00010312
45,"C_Date","S31-1301 J0513",NA,"posterior",1686,0.00013645
45,"C_Date","S31-1301 J0513",NA,"posterior",1687,0.00017291
45,"C_Date","S31-1301 J0513",NA,"posterior",1688,0.00018958
45,"C_Date","S31-1301 J0513",NA,"posterior",1689,0.00020937
45,"C_Date","S31-1301 J0513",NA,"posterior",1690,0.00027187
45,"C_Date","S31-1301 J0513",NA,"posterior",1691,0.00030103
45,"C_Date","S31-1301 J0513",NA,"posterior",1692,0.0003167
45,"C_Date","S31-1301 J0513",NA,"posterior",1693,0.0003656
45,"C_Date","S31-1301 J0513",NA,"posterior",1694,0.000399
45,"C_Date","S31-1301 J0513",NA,"posterior",1695,0.0004594
45,"C_Date","S31-1301 J0513",NA,"posterior",1696,0.0005625
45,"C_Date","S31-1301 J0513",NA,"posterior",1697,0.0006271
45,"C_Date","S31-1301 J0513",NA,"posterior",1698,0.0006906
45,"C_Date","S31-1301 J0513",NA,"posterior",1699,0.000825
45,"C_Date","S31-1301 J0513",NA,"posterior",1700,0.0009219
45,"C_Date","S31-1301 J0513",NA,"posterior",1701,0.0010313
45,"C_Date","S31-1301 J0513",NA,"posterior",1702,0.001124
45,"C_Date","S31-1301 J0513",NA,"posterior",1703,0.0012708
45,"C_Date","S31-1301 J0513",NA,"posterior",1704,0.0014802
45,"C_Date","S31-1301 J0513",NA,"posterior",1705,0.0015667
45,"C_Date","S31-1301 J0513",NA,"posterior",1706,0.0018312
45,"C_Date","S31-1301 J0513",NA,"posterior",1707,0.0020875
45,"C_Date","S31-1301 J0513",NA,"posterior",1708,0.0021719
45,"C_Date","S31-1301 J0513",NA,"posterior",1709,0.0024573
45,"C_Date","S31-1301 J0513",NA,"posterior",1710,0.0026542
45,"C_Date","S31-1301 J0513",NA,"posterior",1711,0.0029948
45,"C_Date","S31-1301 J0513",NA,"posterior",1712,0.003217
45,"C_Date","S31-1301 J0513",NA,"posterior",1713,0.003559
45,"C_Date","S31-1301 J0513",NA,"posterior",1714,0.004015
45,"C_Date","S31-1301 J0513",NA,"posterior",1715,0.004251
45,"C_Date","S31-1301 J0513",NA,"posterior",1716,0.004692
45,"C_Date","S31-1301 J0513",NA,"posterior",1717,0.005083
45,"C_Date","S31-1301 J0513",NA,"posterior",1718,0.005456
45,"C_Date","S31-1301 J0513",NA,"posterior",1719,0.005889
45,"C_Date","S31-1301 J0513",NA,"posterior",1720,0.006349
45,"C_Date","S31-1301 J0513",NA,"posterior",1721,0.007011
45,"C_Date","S31-1301 J0513",NA,"posterior",1722,0.007479
45,"C_Date","S31-1301 J0513",NA,"posterior",1723,0.00788
45,"C_Date","S31-1301 J0513",NA,"posterior",1724,0.008851
45,"C_Date","S31-1301 J0513",NA,"posterior",1725,0.009119
45,"C_Date","S31-1301 J0513",NA,"posterior",1726,0.009765
45,"C_Date","S31-1301 J0513",NA,"posterior",1727,0.010534
45,"C_Date","S31-1301 J0513",NA,"posterior",1728,0.01084
45,"C_Date","S31-1301 J0513",NA,"posterior",1729,0.011631
45,"C_Date","S31-1301 J0513",NA,"posterior",1730,0.012209
45,"C_Date","S31-1301 J0513",NA,"posterior",1731,0.012956
45,"C_Date","S31-1301 J0513",NA,"posterior",1732,0.013272
45,"C_Date","S31-1301 J0513",NA,"posterior",1733,0.014402
45,"C_Date","S31-1301 J0513",NA,"posterior",1734,0.014802
45,"C_Date","S31-1301 J0513",NA,"posterior",1735,0.015615
45,"C_Date","S31-1301 J0513",NA,"posterior",1736,0.016005
45,"C_Date","S31-1301 J0513",NA,"posterior",1737,0.016591
45,"C_Date","S31-1301 J0513",NA,"posterior",1738,0.017071
45,"C_Date","S31-1301 J0513",NA,"posterior",1739,0.017625
45,"C_Date","S31-1301 J0513",NA,"posterior",1740,0.018344
45,"C_Date","S31-1301 J0513",NA,"posterior",1741,0.018886
45,"C_Date","S31-1301 J0513",NA,"posterior",1742,0.019244
45,"C_Date","S31-1301 J0513",NA,"posterior",1743,0.019587
45,"C_Date","S31-1301 J0513",NA,"posterior",1744,0.01978
45,"C_Date","S31-1301 J0513",NA,"posterior",1745,0.020365
45,"C_Date","S31-1301 J0513",NA,"posterior",1746,0.02023
45,"C_Date","S31-1301 J0513",NA,"posterior",1747,0.020561
45,"C_Date","S31-1301 J0513",NA,"posterior",1748,0.020707
45,"C_Date","S31-1301 J0513",NA,"posterior",1749,0.021009
45,"C_Date","S31-1301 J0513",NA,"posterior",1750,0.021297
45,"C_Date","S31-1301 J0513",NA,"posterior",1751,0.020934
45,"C_Date","S31-1301 J0513",NA,"posterior",1752,0.02106
45,"C_Date","S31-1301 J0513",NA,"posterior",1753,0.020735
45,"C_Date","S31-1301 J0513",NA,"posterior",1754,0.020559
45,"C_Date","S31-1301 J0513",NA,"posterior",1755,0.020403
45,"C_Date","S31-1301 J0513",NA,"posterior",1756,0.020019
45,"C_Date","S31-1301 J0513",NA,"posterior",1757,0.019649
45,"C_Date","S31-1301 J0513",NA,"posterior",1758,0.019352
45,"C_Date","S31-1301 J0513",NA,"posterior",1759,0.018804
45,"C_Date","S31-1301 J0513",NA,"posterior",1760,0.018308
45,"C_Date","S31-1301 J0513",NA,"posterior",1761,0.017586
45,"C_Date","S31-1301 J0513",NA,"posterior",1762,0.017194
45,"C_Date","S31-1301 J0513",NA,"posterior",1763,0.016903
45,"C_Date","S31-1301 J0513",NA,"posterior",1764,0.01588
45,"C_Date","S31-1301 J0513",NA,"posterior",1765,0.015193
45,"C_Date","S31-1301 J0513",NA,"posterior",1766,0.014511
45,"C_Date","S31-1301 J0513",NA,"posterior",1767,0.013763
45,"C_Date","S31-1301 J0513",NA,"posterior",1768,0.013112
45,"C_Date","S31-1301 J0513",NA,"posterior",1769,0.012558
45,"C_Date","S31-1301 J0513",NA,"posterior",1770,0.01177
45,"C_Date","S31-1301 J0513",NA,"posterior",1771,0.011122
45,"C_Date","S31-1301 J0513",NA,"posterior",1772,0.010596
45,"C_Date","S31-1301 J0513",NA,"posterior",1773,0.009585
45,"C_Date","S31-1301 J0513",NA,"posterior",1774,0.009137
45,"C_Date","S31-1301 J0513",NA,"posterior",1775,0.008261
45,"C_Date","S31-1301 J0513",NA,"posterior",1776,0.007932
45,"C_Date","S31-1301 J0513",NA,"posterior",1777,0.007252
45,"C_Date","S31-1301 J0513",NA,"posterior",1778,0.006622
45,"C_Date","S31-1301 J0513",NA,"posterior",1779,0.006152
45,"C_Date","S31-1301 J0513",NA,"posterior",1780,0.005669
45,"C_Date","S31-1301 J0513",NA,"posterior",1781,0.005054
45,"C_Date","S31-1301 J0513",NA,"posterior",1782,0.004577
45,"C_Date","S31-1301 J0513",NA,"posterior",1783,0.004177
45,"C_Date","S31-1301 J0513",NA,"posterior",1784,0.003789
45,"C_Date","S31-1301 J0513",NA,"posterior",1785,0.003294
45,"C_Date","S31-1301 J0513",NA,"posterior",1786,0.0030115
45,"C_Date","S31-1301 J0513",NA,"posterior",1787,0.0026812
45,"C_Date","S31-1301 J0513",NA,"posterior",1788,0.0024094
45,"C_Date","S31-1301 J0513",NA,"posterior",1789,0.0021552
45,"C_Date","S31-1301 J0513",NA,"posterior",1790,0.0019812
45,"C_Date","S31-1301 J0513",NA,"posterior",1791,0.0016635
45,"C_Date","S31-1301 J0513",NA,"posterior",1792,0.0015187
45,"C_Date","S31-1301 J0513",NA,"posterior",1793,0.0012875
45,"C_Date","S31-1301 J0513",NA,"posterior",1794,0.00105
45,"C_Date","S31-1301 J0513",NA,"posterior",1795,0.000951
45,"C_Date","S31-1301 J0513",NA,"posterior",1796,0.0008698
45,"C_Date","S31-1301 J0513",NA,"posterior",1797,0.0007531
45,"C_Date","S31-1301 J0513",NA,"posterior",1798,0.0006615
45,"C_Date","S31-1301 J0513",NA,"posterior",1799,0.0005333
45,"C_Date","S31-1301 J0513",NA,"posterior",1800,0.0004927
45,"C_Date","S31-1301 J0513",NA,"posterior",1801,0.0004156
45,"C_Date","S31-1301 J0513",NA,"posterior",1802,0.0003385
45,"C_Date","S31-1301 J0513",NA,"posterior",1803,0.00028646
45,"C_Date","S31-1301 J0513",NA,"posterior",1804,0.00024168
45,"C_Date","S31-1301 J0513",NA,"posterior",1805,0.00020937
45,"C_Date","S31-1301 J0513",NA,"posterior",1806,0.00017395
45,"C_Date","S31-1301 J0513",NA,"posterior",1807,0.0001448
45,"C_Date","S31-1301 J0513",NA,"posterior",1808,0.00010938
45,"C_Date","S31-1301 J0513",NA,"posterior",1809,0.00010312
45,"C_Date","S31-1301 J0513",NA,"posterior",1810,7.188e-05
45,"C_Date","S31-1301 J0513",NA,"posterior",1811,4.687e-05
45,"C_Date","S31-1301 J0513",NA,"posterior",1812,4.896e-05
45,"C_Date","S31-1301 J0513",NA,"posterior",1813,3.959e-05
45,"C_Date","S31-1301 J0513",NA,"posterior",1814,3.333e-05
45,"C_Date","S31-1301 J0513",NA,"posterior",1815,2.6046e-05
45,"C_Date","S31-1301 J0513",NA,"posterior",1816,2.3959e-05
45,"C_Date","S31-1301 J0513",NA,"posterior",1817,2.0828e-05
45,"C_Date","S31-1301 J0513",NA,"posterior",1818,1.2501e-05
45,"C_Date","S31-1301 J0513",NA,"posterior",1819,5.218e-06
45,"C_Date","S31-1301 J0513",NA,"posterior",1820,7.284e-06
45,"C_Date","S31-1301 J0513",NA,"posterior",1821,2.0871e-06
45,"C_Date","S31-1301 J0513",NA,"posterior",1822,5.218e-06
45,"C_Date","S31-1301 J0513",NA,"posterior",1823,4.174e-06
46,"C_Date","S31-1303 J0515",NA,"likelihood",1600,0
46,"C_Date","S31-1303 J0515",NA,"likelihood",1601,1.3298e-08
46,"C_Date","S31-1303 J0515",NA,"likelihood",1602,1.3298e-08
46,"C_Date","S31-1303 J0515",NA,"likelihood",1603,1.3298e-08
46,"C_Date","S31-1303 J0515",NA,"likelihood",1604,1.3298e-08
46,"C_Date","S31-1303 J0515",NA,"likelihood",1605,2.6596e-08
46,"C_Date","S31-1303 J0515",NA,"likelihood",1606,2.6596e-08
46,"C_Date","S31-1303 J0515",NA,"likelihood",1607,2.6596e-08
46,"C_Date","S31-1303 J0515",NA,"likelihood",1608,3.989e-08
46,"C_Date","S31-1303 J0515",NA,"likelihood",1609,3.989e-08
46,"C_Date","S31-1303 J0515",NA,"likelihood",1610,5.319e-08
46,"C_Date","S31-1303 J0515",NA,"likelihood",1611,5.319e-08
46,"C_Date","S31-1303 J0515",NA,"likelihood",1612,6.649e-08
46,"C_Date","S31-1303 J0515",NA,"likelihood",1613,7.979e-08
46,"C_Date","S31-1303 J0515",NA,"likelihood",1614,9.309e-08
46,"C_Date","S31-1303 J0515",NA,"likelihood",1615,1.0638e-07
46,"C_Date","S31-1303 J0515",NA,"likelihood",1616,1.3298e-07
46,"C_Date","S31-1303 J0515",NA,"likelihood",1617,1.5958e-07
46,"C_Date","S31-1303 J0515",NA,"likelihood",1618,1.8617e-07
46,"C_Date","S31-1303 J0515",NA,"likelihood",1619,2.1277e-07
46,"C_Date","S31-1303 J0515",NA,"likelihood",1620,2.5266e-07
46,"C_Date","S31-1303 J0515",NA,"likelihood",1621,2.9256e-07
46,"C_Date","S31-1303 J0515",NA,"likelihood",1622,3.325e-07
46,"C_Date","S31-1303 J0515",NA,"likelihood",1623,3.989e-07
46,"C_Date","S31-1303 J0515",NA,"likelihood",1624,4.521e-07
46,"C_Date","S31-1303 J0515",NA,"likelihood",1625,5.319e-07
46,"C_Date","S31-1303 J0515",NA,"likelihood",1626,6.25e-07
46,"C_Date","S31-1303 J0515",NA,"likelihood",1627,7.181e-07
46,"C_Date","S31-1303 J0515",NA,"likelihood",1628,8.378e-07
46,"C_Date","S31-1303 J0515",NA,"likelihood",1629,9.575e-07
46,"C_Date","S31-1303 J0515",NA,"likelihood",1630,1.117e-06
46,"C_Date","S31-1303 J0515",NA,"likelihood",1631,1.2899e-06
46,"C_Date","S31-1303 J0515",NA,"likelihood",1632,1.4761e-06
46,"C_Date","S31-1303 J0515",NA,"likelihood",1633,1.7022e-06
46,"C_Date","S31-1303 J0515",NA,"likelihood",1634,1.9681e-06
46,"C_Date","S31-1303 J0515",NA,"likelihood",1635,2.2607e-06
46,"C_Date","S31-1303 J0515",NA,"likelihood",1636,2.5931e-06
46,"C_Date","S31-1303 J0515",NA,"likelihood",1637,2.9788e-06
46,"C_Date","S31-1303 J0515",NA,"likelihood",1638,3.404e-06
46,"C_Date","S31-1303 J0515",NA,"likelihood",1639,3.896e-06
46,"C_Date","S31-1303 J0515",NA,"likelihood",1640,4.455e-06
46,"C_Date","S31-1303 J0515",NA,"likelihood",1641,5.093e-06
46,"C_Date","S31-1303 J0515",NA,"likelihood",1642,5.811e-06
46,"C_Date","S31-1303 J0515",NA,"likelihood",1643,6.622e-06
46,"C_Date","S31-1303 J0515",NA,"likelihood",1644,7.54e-06
46,"C_Date","S31-1303 J0515",NA,"likelihood",1645,8.564e-06
46,"C_Date","S31-1303 J0515",NA,"likelihood",1646,9.734e-06
46,"C_Date","S31-1303 J0515",NA,"likelihood",1647,1.1037e-05
46,"C_Date","S31-1303 J0515",NA,"likelihood",1648,1.2514e-05
46,"C_Date","S31-1303 J0515",NA,"likelihood",1649,1.4162e-05
46,"C_Date","S31-1303 J0515",NA,"likelihood",1650,1.6011e-05
46,"C_Date","S31-1303 J0515",NA,"likelihood",1651,1.8085e-05
46,"C_Date","S31-1303 J0515",NA,"likelihood",1652,2.0399e-05
46,"C_Date","S31-1303 J0515",NA,"likelihood",1653,2.2979e-05
46,"C_Date","S31-1303 J0515",NA,"likelihood",1654,2.5878e-05
46,"C_Date","S31-1303 J0515",NA,"likelihood",1655,2.9083e-05
46,"C_Date","S31-1303 J0515",NA,"likelihood",1656,3.267e-05
46,"C_Date","S31-1303 J0515",NA,"likelihood",1657,3.665e-05
46,"C_Date","S31-1303 J0515",NA,"likelihood",1658,4.108e-05
46,"C_Date","S31-1303 J0515",NA,"likelihood",1659,4.597e-05
46,"C_Date","S31-1303 J0515",NA,"likelihood",1660,5.141e-05
46,"C_Date","S31-1303 J0515",NA,"likelihood",1661,5.742e-05
46,"C_Date","S31-1303 J0515",NA,"likelihood",1662,6.406e-05
46,"C_Date","S31-1303 J0515",NA,"likelihood",1663,7.138e-05
46,"C_Date","S31-1303 J0515",NA,"likelihood",1664,7.947e-05
46,"C_Date","S31-1303 J0515",NA,"likelihood",1665,8.837e-05
46,"C_Date","S31-1303 J0515",NA,"likelihood",1666,9.815e-05
46,"C_Date","S31-1303 J0515",NA,"likelihood",1667,0.0001089
46,"C_Date","S31-1303 J0515",NA,"likelihood",1668,0.00012068
46,"C_Date","S31-1303 J0515",NA,"likelihood",1669,0.00013359
46,"C_Date","S31-1303 J0515",NA,"likelihood",1670,0.00014773
46,"C_Date","S31-1303 J0515",NA,"likelihood",1671,0.00016318
46,"C_Date","S31-1303 J0515",NA,"likelihood",1672,0.00018003
46,"C_Date","S31-1303 J0515",NA,"likelihood",1673,0.00019842
46,"C_Date","S31-1303 J0515",NA,"likelihood",1674,0.00021843
46,"C_Date","S31-1303 J0515",NA,"likelihood",1675,0.0002402
46,"C_Date","S31-1303 J0515",NA,"likelihood",1676,0.00026385
46,"C_Date","S31-1303 J0515",NA,"likelihood",1677,0.0002895
46,"C_Date","S31-1303 J0515",NA,"likelihood",1678,0.0003173
46,"C_Date","S31-1303 J0515",NA,"likelihood",1679,0.0003474
46,"C_Date","S31-1303 J0515",NA,"likelihood",1680,0.0003799
46,"C_Date","S31-1303 J0515",NA,"likelihood",1681,0.000415
46,"C_Date","S31-1303 J0515",NA,"likelihood",1682,0.0004528
46,"C_Date","S31-1303 J0515",NA,"likelihood",1683,0.0004935
46,"C_Date","S31-1303 J0515",NA,"likelihood",1684,0.0005373
46,"C_Date","S31-1303 J0515",NA,"likelihood",1685,0.0005843
46,"C_Date","S31-1303 J0515",NA,"likelihood",1686,0.0006347
46,"C_Date","S31-1303 J0515",NA,"likelihood",1687,0.0006887
46,"C_Date","S31-1303 J0515",NA,"likelihood",1688,0.0007465
46,"C_Date","S31-1303 J0515",NA,"likelihood",1689,0.0008082
46,"C_Date","S31-1303 J0515",NA,"likelihood",1690,0.0008741
46,"C_Date","S31-1303 J0515",NA,"likelihood",1691,0.0009442
46,"C_Date","S31-1303 J0515",NA,"likelihood",1692,0.0010189
46,"C_Date","S31-1303 J0515",NA,"likelihood",1693,0.0010983
46,"C_Date","S31-1303 J0515",NA,"likelihood",1694,0.0011825
46,"C_Date","S31-1303 J0515",NA,"likelihood",1695,0.0012718
46,"C_Date","S31-1303 J0515",NA,"likelihood",1696,0.0013662
46,"C_Date","S31-1303 J0515",NA,"likelihood",1697,0.0014661
46,"C_Date","S31-1303 J0515",NA,"likelihood",1698,0.0015716
46,"C_Date","S31-1303 J0515",NA,"likelihood",1699,0.0016827
46,"C_Date","S31-1303 J0515",NA,"likelihood",1700,0.0017997
46,"C_Date","S31-1303 J0515",NA,"likelihood",1701,0.0019227
46,"C_Date","S31-1303 J0515",NA,"likelihood",1702,0.0020518
46,"C_Date","S31-1303 J0515",NA,"likelihood",1703,0.0021872
46,"C_Date","S31-1303 J0515",NA,"likelihood",1704,0.0023289
46,"C_Date","S31-1303 J0515",NA,"likelihood",1705,0.002477
46,"C_Date","S31-1303 J0515",NA,"likelihood",1706,0.0026317
46,"C_Date","S31-1303 J0515",NA,"likelihood",1707,0.0027929
46,"C_Date","S31-1303 J0515",NA,"likelihood",1708,0.0029606
46,"C_Date","S31-1303 J0515",NA,"likelihood",1709,0.003135
46,"C_Date","S31-1303 J0515",NA,"likelihood",1710,0.003316
46,"C_Date","S31-1303 J0515",NA,"likelihood",1711,0.003503
46,"C_Date","S31-1303 J0515",NA,"likelihood",1712,0.003697
46,"C_Date","S31-1303 J0515",NA,"likelihood",1713,0.003898
46,"C_Date","S31-1303 J0515",NA,"likelihood",1714,0.004104
46,"C_Date","S31-1303 J0515",NA,"likelihood",1715,0.004317
46,"C_Date","S31-1303 J0515",NA,"likelihood",1716,0.004536
46,"C_Date","S31-1303 J0515",NA,"likelihood",1717,0.004761
46,"C_Date","S31-1303 J0515",NA,"likelihood",1718,0.004991
46,"C_Date","S31-1303 J0515",NA,"likelihood",1719,0.005226
46,"C_Date","S31-1303 J0515",NA,"likelihood",1720,0.005467
46,"C_Date","S31-1303 J0515",NA,"likelihood",1721,0.005712
46,"C_Date","S31-1303 J0515",NA,"likelihood",1722,0.005962
46,"C_Date","S31-1303 J0515",NA,"likelihood",1723,0.006216
46,"C_Date","S31-1303 J0515",NA,"likelihood",1724,0.006473
46,"C_Date","S31-1303 J0515",NA,"likelihood",1725,0.006733
46,"C_Date","S31-1303 J0515",NA,"likelihood",1726,0.006996
46,"C_Date","S31-1303 J0515",NA,"likelihood",1727,0.007262
46,"C_Date","S31-1303 J0515",NA,"likelihood",1728,0.007529
46,"C_Date","S31-1303 J0515",NA,"likelihood",1729,0.007797
46,"C_Date","S31-1303 J0515",NA,"likelihood",1730,0.008066
46,"C_Date","S31-1303 J0515",NA,"likelihood",1731,0.008334
46,"C_Date","S31-1303 J0515",NA,"likelihood",1732,0.008603
46,"C_Date","S31-1303 J0515",NA,"likelihood",1733,0.00887
46,"C_Date","S31-1303 J0515",NA,"likelihood",1734,0.009135
46,"C_Date","S31-1303 J0515",NA,"likelihood",1735,0.009397
46,"C_Date","S31-1303 J0515",NA,"likelihood",1736,0.009656
46,"C_Date","S31-1303 J0515",NA,"likelihood",1737,0.009912
46,"C_Date","S31-1303 J0515",NA,"likelihood",1738,0.010163
46,"C_Date","S31-1303 J0515",NA,"likelihood",1739,0.010408
46,"C_Date","S31-1303 J0515",NA,"likelihood",1740,0.010648
46,"C_Date","S31-1303 J0515",NA,"likelihood",1741,0.010882
46,"C_Date","S31-1303 J0515",NA,"likelihood",1742,0.011108
46,"C_Date","S31-1303 J0515",NA,"likelihood",1743,0.011326
46,"C_Date","S31-1303 J0515",NA,"likelihood",1744,0.011535
46,"C_Date","S31-1303 J0515",NA,"likelihood",1745,0.011736
46,"C_Date","S31-1303 J0515",NA,"likelihood",1746,0.011926
46,"C_Date","S31-1303 J0515",NA,"likelihood",1747,0.012106
46,"C_Date","S31-1303 J0515",NA,"likelihood",1748,0.012276
46,"C_Date","S31-1303 J0515",NA,"likelihood",1749,0.012434
46,"C_Date","S31-1303 J0515",NA,"likelihood",1750,0.012579
46,"C_Date","S31-1303 J0515",NA,"likelihood",1751,0.012713
46,"C_Date","S31-1303 J0515",NA,"likelihood",1752,0.012834
46,"C_Date","S31-1303 J0515",NA,"likelihood",1753,0.012941
46,"C_Date","S31-1303 J0515",NA,"likelihood",1754,0.013035
46,"C_Date","S31-1303 J0515",NA,"likelihood",1755,0.013115
46,"C_Date","S31-1303 J0515",NA,"likelihood",1756,0.01318
46,"C_Date","S31-1303 J0515",NA,"likelihood",1757,0.013232
46,"C_Date","S31-1303 J0515",NA,"likelihood",1758,0.013269
46,"C_Date","S31-1303 J0515",NA,"likelihood",1759,0.013291
46,"C_Date","S31-1303 J0515",NA,"likelihood",1760,0.013298
46,"C_Date","S31-1303 J0515",NA,"likelihood",1761,0.013291
46,"C_Date","S31-1303 J0515",NA,"likelihood",1762,0.013269
46,"C_Date","S31-1303 J0515",NA,"likelihood",1763,0.013232
46,"C_Date","S31-1303 J0515",NA,"likelihood",1764,0.01318
46,"C_Date","S31-1303 J0515",NA,"likelihood",1765,0.013115
46,"C_Date","S31-1303 J0515",NA,"likelihood",1766,0.013035
46,"C_Date","S31-1303 J0515",NA,"likelihood",1767,0.012941
46,"C_Date","S31-1303 J0515",NA,"likelihood",1768,0.012834
46,"C_Date","S31-1303 J0515",NA,"likelihood",1769,0.012713
46,"C_Date","S31-1303 J0515",NA,"likelihood",1770,0.012579
46,"C_Date","S31-1303 J0515",NA,"likelihood",1771,0.012434
46,"C_Date","S31-1303 J0515",NA,"likelihood",1772,0.012276
46,"C_Date","S31-1303 J0515",NA,"likelihood",1773,0.012106
46,"C_Date","S31-1303 J0515",NA,"likelihood",1774,0.011926
46,"C_Date","S31-1303 J0515",NA,"likelihood",1775,0.011736
46,"C_Date","S31-1303 J0515",NA,"likelihood",1776,0.011535
46,"C_Date","S31-1303 J0515",NA,"likelihood",1777,0.011326
46,"C_Date","S31-1303 J0515",NA,"likelihood",1778,0.011108
46,"C_Date","S31-1303 J0515",NA,"likelihood",1779,0.010882
46,"C_Date","S31-1303 J0515",NA,"likelihood",1780,0.010648
46,"C_Date","S31-1303 J0515",NA,"likelihood",1781,0.010408
46,"C_Date","S31-1303 J0515",NA,"likelihood",1782,0.010163
46,"C_Date","S31-1303 J0515",NA,"likelihood",1783,0.009912
46,"C_Date","S31-1303 J0515",NA,"likelihood",1784,0.009656
46,"C_Date","S31-1303 J0515",NA,"likelihood",1785,0.009397
46,"C_Date","S31-1303 J0515",NA,"likelihood",1786,0.009135
46,"C_Date","S31-1303 J0515",NA,"likelihood",1787,0.00887
46,"C_Date","S31-1303 J0515",NA,"likelihood",1788,0.008603
46,"C_Date","S31-1303 J0515",NA,"likelihood",1789,0.008334
46,"C_Date","S31-1303 J0515",NA,"likelihood",1790,0.008066
46,"C_Date","S31-1303 J0515",NA,"likelihood",1791,0.007797
46,"C_Date","S31-1303 J0515",NA,"likelihood",1792,0.007529
46,"C_Date","S31-1303 J0515",NA,"likelihood",1793,0.007262
46,"C_Date","S31-1303 J0515",NA,"likelihood",1794,0.006996
46,"C_Date","S31-1303 J0515",NA,"likelihood",1795,0.006733
46,"C_Date","S31-1303 J0515",NA,"likelihood",1796,0.006473
46,"C_Date","S31-1303 J0515",NA,"likelihood",1797,0.006216
46,"C_Date","S31-1303 J0515",NA,"likelihood",1798,0.005962
46,"C_Date","S31-1303 J0515",NA,"likelihood",1799,0.005712
46,"C_Date","S31-1303 J0515",NA,"likelihood",1800,0.005467
46,"C_Date","S31-1303 J0515",NA,"likelihood",1801,0.005226
46,"C_Date","S31-1303 J0515",NA,"likelihood",1802,0.004991
46,"C_Date","S31-1303 J0515",NA,"likelihood",1803,0.004761
46,"C_Date","S31-1303 J0515",NA,"likelihood",1804,0.004536
46,"C_Date","S31-1303 J0515",NA,"likelihood",1805,0.004317
46,"C_Date","S31-1303 J0515",NA,"likelihood",1806,0.004104
46,"C_Date","S31-1303 J0515",NA,"likelihood",1807,0.003898
46,"C_Date","S31-1303 J0515",NA,"likelihood",1808,0.003697
46,"C_Date","S31-1303 J0515",NA,"likelihood",1809,0.003503
46,"C_Date","S31-1303 J0515",NA,"likelihood",1810,0.003316
46,"C_Date","S31-1303 J0515",NA,"likelihood",1811,0.003135
46,"C_Date","S31-1303 J0515",NA,"likelihood",1812,0.0029606
46,"C_Date","S31-1303 J0515",NA,"likelihood",1813,0.0027929
46,"C_Date","S31-1303 J0515",NA,"likelihood",1814,0.0026317
46,"C_Date","S31-1303 J0515",NA,"likelihood",1815,0.002477
46,"C_Date","S31-1303 J0515",NA,"likelihood",1816,0.0023289
46,"C_Date","S31-1303 J0515",NA,"likelihood",1817,0.0021872
46,"C_Date","S31-1303 J0515",NA,"likelihood",1818,0.0020518
46,"C_Date","S31-1303 J0515",NA,"likelihood",1819,0.0019227
46,"C_Date","S31-1303 J0515",NA,"likelihood",1820,0.0017997
46,"C_Date","S31-1303 J0515",NA,"likelihood",1821,0.0016827
46,"C_Date","S31-1303 J0515",NA,"likelihood",1822,0.0015716
46,"C_Date","S31-1303 J0515",NA,"likelihood",1823,0.0014661
46,"C_Date","S31-1303 J0515",NA,"likelihood",1824,0.0013662
46,"C_Date","S31-1303 J0515",NA,"likelihood",1825,0.0012718
46,"C_Date","S31-1303 J0515",NA,"likelihood",1826,0.0011825
46,"C_Date","S31-1303 J0515",NA,"likelihood",1827,0.0010983
46,"C_Date","S31-1303 J0515",NA,"likelihood",1828,0.0010189
46,"C_Date","S31-1303 J0515",NA,"likelihood",1829,0.0009442
46,"C_Date","S31-1303 J0515",NA,"likelihood",1830,0.0008741
46,"C_Date","S31-1303 J0515",NA,"likelihood",1831,0.0008082
46,"C_Date","S31-1303 J0515",NA,"likelihood",1832,0.0007465
46,"C_Date","S31-1303 J0515",NA,"likelihood",1833,0.0006887
46,"C_Date","S31-1303 J0515",NA,"likelihood",1834,0.0006347
46,"C_Date","S31-1303 J0515",NA,"likelihood",1835,0.0005843
46,"C_Date","S31-1303 J0515",NA,"likelihood",1836,0.0005373
46,"C_Date","S31-1303 J0515",NA,"likelihood",1837,0.0004935
46,"C_Date","S31-1303 J0515",NA,"likelihood",1838,0.0004528
46,"C_Date","S31-1303 J0515",NA,"likelihood",1839,0.000415
46,"C_Date","S31-1303 J0515",NA,"likelihood",1840,0.0003799
46,"C_Date","S31-1303 J0515",NA,"likelihood",1841,0.0003474
46,"C_Date","S31-1303 J0515",NA,"likelihood",1842,0.0003173
46,"C_Date","S31-1303 J0515",NA,"likelihood",1843,0.0002895
46,"C_Date","S31-1303 J0515",NA,"likelihood",1844,0.00026385
46,"C_Date","S31-1303 J0515",NA,"likelihood",1845,0.0002402
46,"C_Date","S31-1303 J0515",NA,"likelihood",1846,0.00021843
46,"C_Date","S31-1303 J0515",NA,"likelihood",1847,0.00019842
46,"C_Date","S31-1303 J0515",NA,"likelihood",1848,0.00018003
46,"C_Date","S31-1303 J0515",NA,"likelihood",1849,0.00016318
46,"C_Date","S31-1303 J0515",NA,"likelihood",1850,0.00014773
46,"C_Date","S31-1303 J0515",NA,"likelihood",1851,0.00013359
46,"C_Date","S31-1303 J0515",NA,"likelihood",1852,0.00012068
46,"C_Date","S31-1303 J0515",NA,"likelihood",1853,0.0001089
46,"C_Date","S31-1303 J0515",NA,"likelihood",1854,9.815e-05
46,"C_Date","S31-1303 J0515",NA,"likelihood",1855,8.837e-05
46,"C_Date","S31-1303 J0515",NA,"likelihood",1856,7.947e-05
46,"C_Date","S31-1303 J0515",NA,"likelihood",1857,7.138e-05
46,"C_Date","S31-1303 J0515",NA,"likelihood",1858,6.406e-05
46,"C_Date","S31-1303 J0515",NA,"likelihood",1859,5.742e-05
46,"C_Date","S31-1303 J0515",NA,"likelihood",1860,5.141e-05
46,"C_Date","S31-1303 J0515",NA,"likelihood",1861,4.597e-05
46,"C_Date","S31-1303 J0515",NA,"likelihood",1862,4.108e-05
46,"C_Date","S31-1303 J0515",NA,"likelihood",1863,3.665e-05
46,"C_Date","S31-1303 J0515",NA,"likelihood",1864,3.267e-05
46,"C_Date","S31-1303 J0515",NA,"likelihood",1865,2.9083e-05
46,"C_Date","S31-1303 J0515",NA,"likelihood",1866,2.5878e-05
46,"C_Date","S31-1303 J0515",NA,"likelihood",1867,2.2979e-05
46,"C_Date","S31-1303 J0515",NA,"likelihood",1868,2.0399e-05
46,"C_Date","S31-1303 J0515",NA,"likelihood",1869,1.8085e-05
46,"C_Date","S31-1303 J0515",NA,"likelihood",1870,1.6011e-05
46,"C_Date","S31-1303 J0515",NA,"likelihood",1871,1.4162e-05
46,"C_Date","S31-1303 J0515",NA,"likelihood",1872,1.2514e-05
46,"C_Date","S31-1303 J0515",NA,"likelihood",1873,1.1037e-05
46,"C_Date","S31-1303 J0515",NA,"likelihood",1874,9.734e-06
46,"C_Date","S31-1303 J0515",NA,"likelihood",1875,8.564e-06
46,"C_Date","S31-1303 J0515",NA,"likelihood",1876,7.54e-06
46,"C_Date","S31-1303 J0515",NA,"likelihood",1877,6.622e-06
46,"C_Date","S31-1303 J0515",NA,"likelihood",1878,5.811e-06
46,"C_Date","S31-1303 J0515",NA,"likelihood",1879,5.093e-06
46,"C_Date","S31-1303 J0515",NA,"likelihood",1880,4.455e-06
46,"C_Date","S31-1303 J0515",NA,"likelihood",1881,3.896e-06
46,"C_Date","S31-1303 J0515",NA,"likelihood",1882,3.404e-06
46,"C_Date","S31-1303 J0515",NA,"likelihood",1883,2.9788e-06
46,"C_Date","S31-1303 J0515",NA,"likelihood",1884,2.5931e-06
46,"C_Date","S31-1303 J0515",NA,"likelihood",1885,2.2607e-06
46,"C_Date","S31-1303 J0515",NA,"likelihood",1886,1.9681e-06
46,"C_Date","S31-1303 J0515",NA,"likelihood",1887,1.7022e-06
46,"C_Date","S31-1303 J0515",NA,"likelihood",1888,1.4761e-06
46,"C_Date","S31-1303 J0515",NA,"likelihood",1889,1.2899e-06
46,"C_Date","S31-1303 J0515",NA,"likelihood",1890,1.117e-06
46,"C_Date","S31-1303 J0515",NA,"likelihood",1891,9.575e-07
46,"C_Date","S31-1303 J0515",NA,"likelihood",1892,8.378e-07
46,"C_Date","S31-1303 J0515",NA,"likelihood",1893,7.181e-07
46,"C_Date","S31-1303 J0515",NA,"likelihood",1894,6.25e-07
46,"C_Date","S31-1303 J0515",NA,"likelihood",1895,5.319e-07
46,"C_Date","S31-1303 J0515",NA,"likelihood",1896,4.521e-07
46,"C_Date","S31-1303 J0515",NA,"likelihood",1897,3.989e-07
46,"C_Date","S31-1303 J0515",NA,"likelihood",1898,3.325e-07
46,"C_Date","S31-1303 J0515",NA,"likelihood",1899,2.9256e-07
46,"C_Date","S31-1303 J0515",NA,"likelihood",1900,2.5266e-07
46,"C_Date","S31-1303 J0515",NA,"likelihood",1901,2.1277e-07
46,"C_Date","S31-1303 J0515",NA,"likelihood",1902,1.8617e-07
46,"C_Date","S31-1303 J0515",NA,"likelihood",1903,1.5958e-07
46,"C_Date","S31-1303 J0515",NA,"likelihood",1904,1.3298e-07
46,"C_Date","S31-1303 J0515",NA,"likelihood",1905,1.0638e-07
46,"C_Date","S31-1303 J0515",NA,"likelihood",1906,9.309e-08
46,"C_Date","S31-1303 J0515",NA,"likelihood",1907,7.979e-08
46,"C_Date","S31-1303 J0515",NA,"likelihood",1908,6.649e-08
46,"C_Date","S31-1303 J0515",NA,"likelihood",1909,5.319e-08
46,"C_Date","S31-1303 J0515",NA,"likelihood",1910,5.319e-08
46,"C_Date","S31-1303 J0515",NA,"likelihood",1911,3.989e-08
46,"C_Date","S31-1303 J0515",NA,"likelihood",1912,3.989e-08
46,"C_Date","S31-1303 J0515",NA,"likelihood",1913,2.6596e-08
46,"C_Date","S31-1303 J0515",NA,"likelihood",1914,2.6596e-08
46,"C_Date","S31-1303 J0515",NA,"likelihood",1915,2.6596e-08
46,"C_Date","S31-1303 J0515",NA,"likelihood",1916,1.3298e-08
46,"C_Date","S31-1303 J0515",NA,"likelihood",1917,1.3298e-08
46,"C_Date","S31-1303 J0515",NA,"likelihood",1918,1.3298e-08
46,"C_Date","S31-1303 J0515",NA,"likelihood",1919,1.3298e-08
46,"C_Date","S31-1303 J0515",NA,"likelihood",1920,0
46,"C_Date","S31-1303 J0515",NA,"posterior",1690,0
46,"C_Date","S31-1303 J0515",NA,"posterior",1691,3.1145e-06
46,"C_Date","S31-1303 J0515",NA,"posterior",1692,8.334e-06
46,"C_Date","S31-1303 J0515",NA,"posterior",1693,4.167e-06
46,"C_Date","S31-1303 J0515",NA,"posterior",1694,2.0835e-06
46,"C_Date","S31-1303 J0515",NA,"posterior",1695,3.1145e-06
46,"C_Date","S31-1303 J0515",NA,"posterior",1696,5.198e-06
46,"C_Date","S31-1303 J0515",NA,"posterior",1697,1.0417e-05
46,"C_Date","S31-1303 J0515",NA,"posterior",1698,1.4584e-05
46,"C_Date","S31-1303 J0515",NA,"posterior",1699,1.0417e-05
46,"C_Date","S31-1303 J0515",NA,"posterior",1700,1.3532e-05
46,"C_Date","S31-1303 J0515",NA,"posterior",1701,1.9782e-05
46,"C_Date","S31-1303 J0515",NA,"posterior",1702,2.9169e-05
46,"C_Date","S31-1303 J0515",NA,"posterior",1703,2.2918e-05
46,"C_Date","S31-1303 J0515",NA,"posterior",1704,3.853e-05
46,"C_Date","S31-1303 J0515",NA,"posterior",1705,5.312e-05
46,"C_Date","S31-1303 J0515",NA,"posterior",1706,4.478e-05
46,"C_Date","S31-1303 J0515",NA,"posterior",1707,7.292e-05
46,"C_Date","S31-1303 J0515",NA,"posterior",1708,7.292e-05
46,"C_Date","S31-1303 J0515",NA,"posterior",1709,8.542e-05
46,"C_Date","S31-1303 J0515",NA,"posterior",1710,0.00012187
46,"C_Date","S31-1303 J0515",NA,"posterior",1711,0.00011668
46,"C_Date","S31-1303 J0515",NA,"posterior",1712,0.00014896
46,"C_Date","S31-1303 J0515",NA,"posterior",1713,0.00017916
46,"C_Date","S31-1303 J0515",NA,"posterior",1714,0.00020938
46,"C_Date","S31-1303 J0515",NA,"posterior",1715,0.00027291
46,"C_Date","S31-1303 J0515",NA,"posterior",1716,0.00029792
46,"C_Date","S31-1303 J0515",NA,"posterior",1717,0.00030314
46,"C_Date","S31-1303 J0515",NA,"posterior",1718,0.0004073
46,"C_Date","S31-1303 J0515",NA,"posterior",1719,0.0004229
46,"C_Date","S31-1303 J0515",NA,"posterior",1720,0.0005229
46,"C_Date","S31-1303 J0515",NA,"posterior",1721,0.0006177
46,"C_Date","S31-1303 J0515",NA,"posterior",1722,0.0007198
46,"C_Date","S31-1303 J0515",NA,"posterior",1723,0.0008208
46,"C_Date","S31-1303 J0515",NA,"posterior",1724,0.0009469
46,"C_Date","S31-1303 J0515",NA,"posterior",1725,0.0011042
46,"C_Date","S31-1303 J0515",NA,"posterior",1726,0.0011875
46,"C_Date","S31-1303 J0515",NA,"posterior",1727,0.0013729
46,"C_Date","S31-1303 J0515",NA,"posterior",1728,0.0015552
46,"C_Date","S31-1303 J0515",NA,"posterior",1729,0.0018386
46,"C_Date","S31-1303 J0515",NA,"posterior",1730,0.0020292
46,"C_Date","S31-1303 J0515",NA,"posterior",1731,0.002201
46,"C_Date","S31-1303 J0515",NA,"posterior",1732,0.0024094
46,"C_Date","S31-1303 J0515",NA,"posterior",1733,0.0027906
46,"C_Date","S31-1303 J0515",NA,"posterior",1734,0.0030792
46,"C_Date","S31-1303 J0515",NA,"posterior",1735,0.003291
46,"C_Date","S31-1303 J0515",NA,"posterior",1736,0.003694
46,"C_Date","S31-1303 J0515",NA,"posterior",1737,0.004069
46,"C_Date","S31-1303 J0515",NA,"posterior",1738,0.004559
46,"C_Date","S31-1303 J0515",NA,"posterior",1739,0.005031
46,"C_Date","S31-1303 J0515",NA,"posterior",1740,0.005563
46,"C_Date","S31-1303 J0515",NA,"posterior",1741,0.006013
46,"C_Date","S31-1303 J0515",NA,"posterior",1742,0.006411
46,"C_Date","S31-1303 J0515",NA,"posterior",1743,0.007121
46,"C_Date","S31-1303 J0515",NA,"posterior",1744,0.007843
46,"C_Date","S31-1303 J0515",NA,"posterior",1745,0.008329
46,"C_Date","S31-1303 J0515",NA,"posterior",1746,0.008721
46,"C_Date","S31-1303 J0515",NA,"posterior",1747,0.009447
46,"C_Date","S31-1303 J0515",NA,"posterior",1748,0.009967
46,"C_Date","S31-1303 J0515",NA,"posterior",1749,0.010679
46,"C_Date","S31-1303 J0515",NA,"posterior",1750,0.011326
46,"C_Date","S31-1303 J0515",NA,"posterior",1751,0.012379
46,"C_Date","S31-1303 J0515",NA,"posterior",1752,0.012838
46,"C_Date","S31-1303 J0515",NA,"posterior",1753,0.013467
46,"C_Date","S31-1303 J0515",NA,"posterior",1754,0.01419
46,"C_Date","S31-1303 J0515",NA,"posterior",1755,0.014868
46,"C_Date","S31-1303 J0515",NA,"posterior",1756,0.015764
46,"C_Date","S31-1303 J0515",NA,"posterior",1757,0.016556
46,"C_Date","S31-1303 J0515",NA,"posterior",1758,0.016869
46,"C_Date","S31-1303 J0515",NA,"posterior",1759,0.017386
46,"C_Date","S31-1303 J0515",NA,"posterior",1760,0.018011
46,"C_Date","S31-1303 J0515",NA,"posterior",1761,0.018851
46,"C_Date","S31-1303 J0515",NA,"posterior",1762,0.01908
46,"C_Date","S31-1303 J0515",NA,"posterior",1763,0.019757
46,"C_Date","S31-1303 J0515",NA,"posterior",1764,0.02018
46,"C_Date","S31-1303 J0515",NA,"posterior",1765,0.020218
46,"C_Date","S31-1303 J0515",NA,"posterior",1766,0.020585
46,"C_Date","S31-1303 J0515",NA,"posterior",1767,0.020672
46,"C_Date","S31-1303 J0515",NA,"posterior",1768,0.021095
46,"C_Date","S31-1303 J0515",NA,"posterior",1769,0.021228
46,"C_Date","S31-1303 J0515",NA,"posterior",1770,0.021426
46,"C_Date","S31-1303 J0515",NA,"posterior",1771,0.021441
46,"C_Date","S31-1303 J0515",NA,"posterior",1772,0.021479
46,"C_Date","S31-1303 J0515",NA,"posterior",1773,0.021399
46,"C_Date","S31-1303 J0515",NA,"posterior",1774,0.020961
46,"C_Date","S31-1303 J0515",NA,"posterior",1775,0.020948
46,"C_Date","S31-1303 J0515",NA,"posterior",1776,0.020635
46,"C_Date","S31-1303 J0515",NA,"posterior",1777,0.020268
46,"C_Date","S31-1303 J0515",NA,"posterior",1778,0.019885
46,"C_Date","S31-1303 J0515",NA,"posterior",1779,0.0193
46,"C_Date","S31-1303 J0515",NA,"posterior",1780,0.018735
46,"C_Date","S31-1303 J0515",NA,"posterior",1781,0.018407
46,"C_Date","S31-1303 J0515",NA,"posterior",1782,0.017776
46,"C_Date","S31-1303 J0515",NA,"posterior",1783,0.017469
46,"C_Date","S31-1303 J0515",NA,"posterior",1784,0.016667
46,"C_Date","S31-1303 J0515",NA,"posterior",1785,0.015903
46,"C_Date","S31-1303 J0515",NA,"posterior",1786,0.015384
46,"C_Date","S31-1303 J0515",NA,"posterior",1787,0.01484
46,"C_Date","S31-1303 J0515",NA,"posterior",1788,0.013685
46,"C_Date","S31-1303 J0515",NA,"posterior",1789,0.013276
46,"C_Date","S31-1303 J0515",NA,"posterior",1790,0.012756
46,"C_Date","S31-1303 J0515",NA,"posterior",1791,0.011816
46,"C_Date","S31-1303 J0515",NA,"posterior",1792,0.011295
46,"C_Date","S31-1303 J0515",NA,"posterior",1793,0.01045
46,"C_Date","S31-1303 J0515",NA,"posterior",1794,0.010021
46,"C_Date","S31-1303 J0515",NA,"posterior",1795,0.009168
46,"C_Date","S31-1303 J0515",NA,"posterior",1796,0.008476
46,"C_Date","S31-1303 J0515",NA,"posterior",1797,0.007824
46,"C_Date","S31-1303 J0515",NA,"posterior",1798,0.007229
46,"C_Date","S31-1303 J0515",NA,"posterior",1799,0.006947
46,"C_Date","S31-1303 J0515",NA,"posterior",1800,0.006304
46,"C_Date","S31-1303 J0515",NA,"posterior",1801,0.005792
46,"C_Date","S31-1303 J0515",NA,"posterior",1802,0.005321
46,"C_Date","S31-1303 J0515",NA,"posterior",1803,0.004726
46,"C_Date","S31-1303 J0515",NA,"posterior",1804,0.004452
46,"C_Date","S31-1303 J0515",NA,"posterior",1805,0.003993
46,"C_Date","S31-1303 J0515",NA,"posterior",1806,0.003684
46,"C_Date","S31-1303 J0515",NA,"posterior",1807,0.003227
46,"C_Date","S31-1303 J0515",NA,"posterior",1808,0.002925
46,"C_Date","S31-1303 J0515",NA,"posterior",1809,0.0026437
46,"C_Date","S31-1303 J0515",NA,"posterior",1810,0.0023583
46,"C_Date","S31-1303 J0515",NA,"posterior",1811,0.0021802
46,"C_Date","S31-1303 J0515",NA,"posterior",1812,0.0019167
46,"C_Date","S31-1303 J0515",NA,"posterior",1813,0.0016927
46,"C_Date","S31-1303 J0515",NA,"posterior",1814,0.0014552
46,"C_Date","S31-1303 J0515",NA,"posterior",1815,0.0013083
46,"C_Date","S31-1303 J0515",NA,"posterior",1816,0.0011365
46,"C_Date","S31-1303 J0515",NA,"posterior",1817,0.000999
46,"C_Date","S31-1303 J0515",NA,"posterior",1818,0.0008323
46,"C_Date","S31-1303 J0515",NA,"posterior",1819,0.0007802
46,"C_Date","S31-1303 J0515",NA,"posterior",1820,0.0006469
46,"C_Date","S31-1303 J0515",NA,"posterior",1821,0.00055
46,"C_Date","S31-1303 J0515",NA,"posterior",1822,0.0004625
46,"C_Date","S31-1303 J0515",NA,"posterior",1823,0.0004344
46,"C_Date","S31-1303 J0515",NA,"posterior",1824,0.0003677
46,"C_Date","S31-1303 J0515",NA,"posterior",1825,0.0003219
46,"C_Date","S31-1303 J0515",NA,"posterior",1826,0.0002323
46,"C_Date","S31-1303 J0515",NA,"posterior",1827,0.00021771
46,"C_Date","S31-1303 J0515",NA,"posterior",1828,0.00016457
46,"C_Date","S31-1303 J0515",NA,"posterior",1829,0.00014793
46,"C_Date","S31-1303 J0515",NA,"posterior",1830,0.00010104
46,"C_Date","S31-1303 J0515",NA,"posterior",1831,9.27e-05
46,"C_Date","S31-1303 J0515",NA,"posterior",1832,6.354e-05
46,"C_Date","S31-1303 J0515",NA,"posterior",1833,7.501e-05
46,"C_Date","S31-1303 J0515",NA,"posterior",1834,6.459e-05
46,"C_Date","S31-1303 J0515",NA,"posterior",1835,4.27e-05
46,"C_Date","S31-1303 J0515",NA,"posterior",1836,3.75e-05
46,"C_Date","S31-1303 J0515",NA,"posterior",1837,3.75e-05
46,"C_Date","S31-1303 J0515",NA,"posterior",1838,2.3949e-05
46,"C_Date","S31-1303 J0515",NA,"posterior",1839,2.2918e-05
46,"C_Date","S31-1303 J0515",NA,"posterior",1840,1.4584e-05
46,"C_Date","S31-1303 J0515",NA,"posterior",1841,1.0417e-05
46,"C_Date","S31-1303 J0515",NA,"posterior",1842,1.2501e-05
46,"C_Date","S31-1303 J0515",NA,"posterior",1843,7.281e-06
46,"C_Date","S31-1303 J0515",NA,"posterior",1844,0
46,"C_Date","S31-1303 J0515",NA,"posterior",1845,4.167e-06
46,"C_Date","S31-1303 J0515",NA,"posterior",1846,1.031e-06
46,"C_Date","S31-1303 J0515",NA,"posterior",1847,1.031e-06
46,"C_Date","S31-1303 J0515",NA,"posterior",1848,1.031e-06
47,"C_Date","S31-1304 J0516",NA,"likelihood",1650,0
47,"C_Date","S31-1304 J0516",NA,"likelihood",1651,1.3298e-08
47,"C_Date","S31-1304 J0516",NA,"likelihood",1652,1.3298e-08
47,"C_Date","S31-1304 J0516",NA,"likelihood",1653,1.3298e-08
47,"C_Date","S31-1304 J0516",NA,"likelihood",1654,1.3298e-08
47,"C_Date","S31-1304 J0516",NA,"likelihood",1655,2.6596e-08
47,"C_Date","S31-1304 J0516",NA,"likelihood",1656,2.6596e-08
47,"C_Date","S31-1304 J0516",NA,"likelihood",1657,2.6596e-08
47,"C_Date","S31-1304 J0516",NA,"likelihood",1658,3.989e-08
47,"C_Date","S31-1304 J0516",NA,"likelihood",1659,3.989e-08
47,"C_Date","S31-1304 J0516",NA,"likelihood",1660,5.319e-08
47,"C_Date","S31-1304 J0516",NA,"likelihood",1661,5.319e-08
47,"C_Date","S31-1304 J0516",NA,"likelihood",1662,6.649e-08
47,"C_Date","S31-1304 J0516",NA,"likelihood",1663,7.979e-08
47,"C_Date","S31-1304 J0516",NA,"likelihood",1664,9.309e-08
47,"C_Date","S31-1304 J0516",NA,"likelihood",1665,1.0638e-07
47,"C_Date","S31-1304 J0516",NA,"likelihood",1666,1.3298e-07
47,"C_Date","S31-1304 J0516",NA,"likelihood",1667,1.5958e-07
47,"C_Date","S31-1304 J0516",NA,"likelihood",1668,1.8617e-07
47,"C_Date","S31-1304 J0516",NA,"likelihood",1669,2.1277e-07
47,"C_Date","S31-1304 J0516",NA,"likelihood",1670,2.5266e-07
47,"C_Date","S31-1304 J0516",NA,"likelihood",1671,2.9256e-07
47,"C_Date","S31-1304 J0516",NA,"likelihood",1672,3.325e-07
47,"C_Date","S31-1304 J0516",NA,"likelihood",1673,3.989e-07
47,"C_Date","S31-1304 J0516",NA,"likelihood",1674,4.521e-07
47,"C_Date","S31-1304 J0516",NA,"likelihood",1675,5.319e-07
47,"C_Date","S31-1304 J0516",NA,"likelihood",1676,6.25e-07
47,"C_Date","S31-1304 J0516",NA,"likelihood",1677,7.181e-07
47,"C_Date","S31-1304 J0516",NA,"likelihood",1678,8.378e-07
47,"C_Date","S31-1304 J0516",NA,"likelihood",1679,9.575e-07
47,"C_Date","S31-1304 J0516",NA,"likelihood",1680,1.117e-06
47,"C_Date","S31-1304 J0516",NA,"likelihood",1681,1.2899e-06
47,"C_Date","S31-1304 J0516",NA,"likelihood",1682,1.4761e-06
47,"C_Date","S31-1304 J0516",NA,"likelihood",1683,1.7022e-06
47,"C_Date","S31-1304 J0516",NA,"likelihood",1684,1.9681e-06
47,"C_Date","S31-1304 J0516",NA,"likelihood",1685,2.2607e-06
47,"C_Date","S31-1304 J0516",NA,"likelihood",1686,2.5931e-06
47,"C_Date","S31-1304 J0516",NA,"likelihood",1687,2.9788e-06
47,"C_Date","S31-1304 J0516",NA,"likelihood",1688,3.404e-06
47,"C_Date","S31-1304 J0516",NA,"likelihood",1689,3.896e-06
47,"C_Date","S31-1304 J0516",NA,"likelihood",1690,4.455e-06
47,"C_Date","S31-1304 J0516",NA,"likelihood",1691,5.093e-06
47,"C_Date","S31-1304 J0516",NA,"likelihood",1692,5.811e-06
47,"C_Date","S31-1304 J0516",NA,"likelihood",1693,6.622e-06
47,"C_Date","S31-1304 J0516",NA,"likelihood",1694,7.54e-06
47,"C_Date","S31-1304 J0516",NA,"likelihood",1695,8.564e-06
47,"C_Date","S31-1304 J0516",NA,"likelihood",1696,9.734e-06
47,"C_Date","S31-1304 J0516",NA,"likelihood",1697,1.1037e-05
47,"C_Date","S31-1304 J0516",NA,"likelihood",1698,1.2514e-05
47,"C_Date","S31-1304 J0516",NA,"likelihood",1699,1.4162e-05
47,"C_Date","S31-1304 J0516",NA,"likelihood",1700,1.6011e-05
47,"C_Date","S31-1304 J0516",NA,"likelihood",1701,1.8085e-05
47,"C_Date","S31-1304 J0516",NA,"likelihood",1702,2.0399e-05
47,"C_Date","S31-1304 J0516",NA,"likelihood",1703,2.2979e-05
47,"C_Date","S31-1304 J0516",NA,"likelihood",1704,2.5878e-05
47,"C_Date","S31-1304 J0516",NA,"likelihood",1705,2.9083e-05
47,"C_Date","S31-1304 J0516",NA,"likelihood",1706,3.267e-05
47,"C_Date","S31-1304 J0516",NA,"likelihood",1707,3.665e-05
47,"C_Date","S31-1304 J0516",NA,"likelihood",1708,4.108e-05
47,"C_Date","S31-1304 J0516",NA,"likelihood",1709,4.597e-05
47,"C_Date","S31-1304 J0516",NA,"likelihood",1710,5.141e-05
47,"C_Date","S31-1304 J0516",NA,"likelihood",1711,5.742e-05
47,"C_Date","S31-1304 J0516",NA,"likelihood",1712,6.406e-05
47,"C_Date","S31-1304 J0516",NA,"likelihood",1713,7.138e-05
47,"C_Date","S31-1304 J0516",NA,"likelihood",1714,7.947e-05
47,"C_Date","S31-1304 J0516",NA,"likelihood",1715,8.837e-05
47,"C_Date","S31-1304 J0516",NA,"likelihood",1716,9.815e-05
47,"C_Date","S31-1304 J0516",NA,"likelihood",1717,0.0001089
47,"C_Date","S31-1304 J0516",NA,"likelihood",1718,0.00012068
47,"C_Date","S31-1304 J0516",NA,"likelihood",1719,0.00013359
47,"C_Date","S31-1304 J0516",NA,"likelihood",1720,0.00014773
47,"C_Date","S31-1304 J0516",NA,"likelihood",1721,0.00016318
47,"C_Date","S31-1304 J0516",NA,"likelihood",1722,0.00018003
47,"C_Date","S31-1304 J0516",NA,"likelihood",1723,0.00019842
47,"C_Date","S31-1304 J0516",NA,"likelihood",1724,0.00021843
47,"C_Date","S31-1304 J0516",NA,"likelihood",1725,0.0002402
47,"C_Date","S31-1304 J0516",NA,"likelihood",1726,0.00026385
47,"C_Date","S31-1304 J0516",NA,"likelihood",1727,0.0002895
47,"C_Date","S31-1304 J0516",NA,"likelihood",1728,0.0003173
47,"C_Date","S31-1304 J0516",NA,"likelihood",1729,0.0003474
47,"C_Date","S31-1304 J0516",NA,"likelihood",1730,0.0003799
47,"C_Date","S31-1304 J0516",NA,"likelihood",1731,0.000415
47,"C_Date","S31-1304 J0516",NA,"likelihood",1732,0.0004528
47,"C_Date","S31-1304 J0516",NA,"likelihood",1733,0.0004935
47,"C_Date","S31-1304 J0516",NA,"likelihood",1734,0.0005373
47,"C_Date","S31-1304 J0516",NA,"likelihood",1735,0.0005843
47,"C_Date","S31-1304 J0516",NA,"likelihood",1736,0.0006347
47,"C_Date","S31-1304 J0516",NA,"likelihood",1737,0.0006887
47,"C_Date","S31-1304 J0516",NA,"likelihood",1738,0.0007465
47,"C_Date","S31-1304 J0516",NA,"likelihood",1739,0.0008082
47,"C_Date","S31-1304 J0516",NA,"likelihood",1740,0.0008741
47,"C_Date","S31-1304 J0516",NA,"likelihood",1741,0.0009442
47,"C_Date","S31-1304 J0516",NA,"likelihood",1742,0.0010189
47,"C_Date","S31-1304 J0516",NA,"likelihood",1743,0.0010983
47,"C_Date","S31-1304 J0516",NA,"likelihood",1744,0.0011825
47,"C_Date","S31-1304 J0516",NA,"likelihood",1745,0.0012718
47,"C_Date","S31-1304 J0516",NA,"likelihood",1746,0.0013662
47,"C_Date","S31-1304 J0516",NA,"likelihood",1747,0.0014661
47,"C_Date","S31-1304 J0516",NA,"likelihood",1748,0.0015716
47,"C_Date","S31-1304 J0516",NA,"likelihood",1749,0.0016827
47,"C_Date","S31-1304 J0516",NA,"likelihood",1750,0.0017997
47,"C_Date","S31-1304 J0516",NA,"likelihood",1751,0.0019227
47,"C_Date","S31-1304 J0516",NA,"likelihood",1752,0.0020518
47,"C_Date","S31-1304 J0516",NA,"likelihood",1753,0.0021872
47,"C_Date","S31-1304 J0516",NA,"likelihood",1754,0.0023289
47,"C_Date","S31-1304 J0516",NA,"likelihood",1755,0.002477
47,"C_Date","S31-1304 J0516",NA,"likelihood",1756,0.0026317
47,"C_Date","S31-1304 J0516",NA,"likelihood",1757,0.0027929
47,"C_Date","S31-1304 J0516",NA,"likelihood",1758,0.0029606
47,"C_Date","S31-1304 J0516",NA,"likelihood",1759,0.003135
47,"C_Date","S31-1304 J0516",NA,"likelihood",1760,0.003316
47,"C_Date","S31-1304 J0516",NA,"likelihood",1761,0.003503
47,"C_Date","S31-1304 J0516",NA,"likelihood",1762,0.003697
47,"C_Date","S31-1304 J0516",NA,"likelihood",1763,0.003898
47,"C_Date","S31-1304 J0516",NA,"likelihood",1764,0.004104
47,"C_Date","S31-1304 J0516",NA,"likelihood",1765,0.004317
47,"C_Date","S31-1304 J0516",NA,"likelihood",1766,0.004536
47,"C_Date","S31-1304 J0516",NA,"likelihood",1767,0.004761
47,"C_Date","S31-1304 J0516",NA,"likelihood",1768,0.004991
47,"C_Date","S31-1304 J0516",NA,"likelihood",1769,0.005226
47,"C_Date","S31-1304 J0516",NA,"likelihood",1770,0.005467
47,"C_Date","S31-1304 J0516",NA,"likelihood",1771,0.005712
47,"C_Date","S31-1304 J0516",NA,"likelihood",1772,0.005962
47,"C_Date","S31-1304 J0516",NA,"likelihood",1773,0.006216
47,"C_Date","S31-1304 J0516",NA,"likelihood",1774,0.006473
47,"C_Date","S31-1304 J0516",NA,"likelihood",1775,0.006733
47,"C_Date","S31-1304 J0516",NA,"likelihood",1776,0.006996
47,"C_Date","S31-1304 J0516",NA,"likelihood",1777,0.007262
47,"C_Date","S31-1304 J0516",NA,"likelihood",1778,0.007529
47,"C_Date","S31-1304 J0516",NA,"likelihood",1779,0.007797
47,"C_Date","S31-1304 J0516",NA,"likelihood",1780,0.008066
47,"C_Date","S31-1304 J0516",NA,"likelihood",1781,0.008334
47,"C_Date","S31-1304 J0516",NA,"likelihood",1782,0.008603
47,"C_Date","S31-1304 J0516",NA,"likelihood",1783,0.00887
47,"C_Date","S31-1304 J0516",NA,"likelihood",1784,0.009135
47,"C_Date","S31-1304 J0516",NA,"likelihood",1785,0.009397
47,"C_Date","S31-1304 J0516",NA,"likelihood",1786,0.009656
47,"C_Date","S31-1304 J0516",NA,"likelihood",1787,0.009912
47,"C_Date","S31-1304 J0516",NA,"likelihood",1788,0.010163
47,"C_Date","S31-1304 J0516",NA,"likelihood",1789,0.010408
47,"C_Date","S31-1304 J0516",NA,"likelihood",1790,0.010648
47,"C_Date","S31-1304 J0516",NA,"likelihood",1791,0.010882
47,"C_Date","S31-1304 J0516",NA,"likelihood",1792,0.011108
47,"C_Date","S31-1304 J0516",NA,"likelihood",1793,0.011326
47,"C_Date","S31-1304 J0516",NA,"likelihood",1794,0.011535
47,"C_Date","S31-1304 J0516",NA,"likelihood",1795,0.011736
47,"C_Date","S31-1304 J0516",NA,"likelihood",1796,0.011926
47,"C_Date","S31-1304 J0516",NA,"likelihood",1797,0.012106
47,"C_Date","S31-1304 J0516",NA,"likelihood",1798,0.012276
47,"C_Date","S31-1304 J0516",NA,"likelihood",1799,0.012434
47,"C_Date","S31-1304 J0516",NA,"likelihood",1800,0.012579
47,"C_Date","S31-1304 J0516",NA,"likelihood",1801,0.012713
47,"C_Date","S31-1304 J0516",NA,"likelihood",1802,0.012834
47,"C_Date","S31-1304 J0516",NA,"likelihood",1803,0.012941
47,"C_Date","S31-1304 J0516",NA,"likelihood",1804,0.013035
47,"C_Date","S31-1304 J0516",NA,"likelihood",1805,0.013115
47,"C_Date","S31-1304 J0516",NA,"likelihood",1806,0.01318
47,"C_Date","S31-1304 J0516",NA,"likelihood",1807,0.013232
47,"C_Date","S31-1304 J0516",NA,"likelihood",1808,0.013269
47,"C_Date","S31-1304 J0516",NA,"likelihood",1809,0.013291
47,"C_Date","S31-1304 J0516",NA,"likelihood",1810,0.013298
47,"C_Date","S31-1304 J0516",NA,"likelihood",1811,0.013291
47,"C_Date","S31-1304 J0516",NA,"likelihood",1812,0.013269
47,"C_Date","S31-1304 J0516",NA,"likelihood",1813,0.013232
47,"C_Date","S31-1304 J0516",NA,"likelihood",1814,0.01318
47,"C_Date","S31-1304 J0516",NA,"likelihood",1815,0.013115
47,"C_Date","S31-1304 J0516",NA,"likelihood",1816,0.013035
47,"C_Date","S31-1304 J0516",NA,"likelihood",1817,0.012941
47,"C_Date","S31-1304 J0516",NA,"likelihood",1818,0.012834
47,"C_Date","S31-1304 J0516",NA,"likelihood",1819,0.012713
47,"C_Date","S31-1304 J0516",NA,"likelihood",1820,0.012579
47,"C_Date","S31-1304 J0516",NA,"likelihood",1821,0.012434
47,"C_Date","S31-1304 J0516",NA,"likelihood",1822,0.012276
47,"C_Date","S31-1304 J0516",NA,"likelihood",1823,0.012106
47,"C_Date","S31-1304 J0516",NA,"likelihood",1824,0.011926
47,"C_Date","S31-1304 J0516",NA,"likelihood",1825,0.011736
47,"C_Date","S31-1304 J0516",NA,"likelihood",1826,0.011535
47,"C_Date","S31-1304 J0516",NA,"likelihood",1827,0.011326
47,"C_Date","S31-1304 J0516",NA,"likelihood",1828,0.011108
47,"C_Date","S31-1304 J0516",NA,"likelihood",1829,0.010882
47,"C_Date","S31-1304 J0516",NA,"likelihood",1830,0.010648
47,"C_Date","S31-1304 J0516",NA,"likelihood",1831,0.010408
47,"C_Date","S31-1304 J0516",NA,"likelihood",1832,0.010163
47,"C_Date","S31-1304 J0516",NA,"likelihood",1833,0.009912
47,"C_Date","S31-1304 J0516",NA,"likelihood",1834,0.009656
47,"C_Date","S31-1304 J0516",NA,"likelihood",1835,0.009397
47,"C_Date","S31-1304 J0516",NA,"likelihood",1836,0.009135
47,"C_Date","S31-1304 J0516",NA,"likelihood",1837,0.00887
47,"C_Date","S31-1304 J0516",NA,"likelihood",1838,0.008603
47,"C_Date","S31-1304 J0516",NA,"likelihood",1839,0.008334
47,"C_Date","S31-1304 J0516",NA,"likelihood",1840,0.008066
47,"C_Date","S31-1304 J0516",NA,"likelihood",1841,0.007797
47,"C_Date","S31-1304 J0516",NA,"likelihood",1842,0.007529
47,"C_Date","S31-1304 J0516",NA,"likelihood",1843,0.007262
47,"C_Date","S31-1304 J0516",NA,"likelihood",1844,0.006996
47,"C_Date","S31-1304 J0516",NA,"likelihood",1845,0.006733
47,"C_Date","S31-1304 J0516",NA,"likelihood",1846,0.006473
47,"C_Date","S31-1304 J0516",NA,"likelihood",1847,0.006216
47,"C_Date","S31-1304 J0516",NA,"likelihood",1848,0.005962
47,"C_Date","S31-1304 J0516",NA,"likelihood",1849,0.005712
47,"C_Date","S31-1304 J0516",NA,"likelihood",1850,0.005467
47,"C_Date","S31-1304 J0516",NA,"likelihood",1851,0.005226
47,"C_Date","S31-1304 J0516",NA,"likelihood",1852,0.004991
47,"C_Date","S31-1304 J0516",NA,"likelihood",1853,0.004761
47,"C_Date","S31-1304 J0516",NA,"likelihood",1854,0.004536
47,"C_Date","S31-1304 J0516",NA,"likelihood",1855,0.004317
47,"C_Date","S31-1304 J0516",NA,"likelihood",1856,0.004104
47,"C_Date","S31-1304 J0516",NA,"likelihood",1857,0.003898
47,"C_Date","S31-1304 J0516",NA,"likelihood",1858,0.003697
47,"C_Date","S31-1304 J0516",NA,"likelihood",1859,0.003503
47,"C_Date","S31-1304 J0516",NA,"likelihood",1860,0.003316
47,"C_Date","S31-1304 J0516",NA,"likelihood",1861,0.003135
47,"C_Date","S31-1304 J0516",NA,"likelihood",1862,0.0029606
47,"C_Date","S31-1304 J0516",NA,"likelihood",1863,0.0027929
47,"C_Date","S31-1304 J0516",NA,"likelihood",1864,0.0026317
47,"C_Date","S31-1304 J0516",NA,"likelihood",1865,0.002477
47,"C_Date","S31-1304 J0516",NA,"likelihood",1866,0.0023289
47,"C_Date","S31-1304 J0516",NA,"likelihood",1867,0.0021872
47,"C_Date","S31-1304 J0516",NA,"likelihood",1868,0.0020518
47,"C_Date","S31-1304 J0516",NA,"likelihood",1869,0.0019227
47,"C_Date","S31-1304 J0516",NA,"likelihood",1870,0.0017997
47,"C_Date","S31-1304 J0516",NA,"likelihood",1871,0.0016827
47,"C_Date","S31-1304 J0516",NA,"likelihood",1872,0.0015716
47,"C_Date","S31-1304 J0516",NA,"likelihood",1873,0.0014661
47,"C_Date","S31-1304 J0516",NA,"likelihood",1874,0.0013662
47,"C_Date","S31-1304 J0516",NA,"likelihood",1875,0.0012718
47,"C_Date","S31-1304 J0516",NA,"likelihood",1876,0.0011825
47,"C_Date","S31-1304 J0516",NA,"likelihood",1877,0.0010983
47,"C_Date","S31-1304 J0516",NA,"likelihood",1878,0.0010189
47,"C_Date","S31-1304 J0516",NA,"likelihood",1879,0.0009442
47,"C_Date","S31-1304 J0516",NA,"likelihood",1880,0.0008741
47,"C_Date","S31-1304 J0516",NA,"likelihood",1881,0.0008082
47,"C_Date","S31-1304 J0516",NA,"likelihood",1882,0.0007465
47,"C_Date","S31-1304 J0516",NA,"likelihood",1883,0.0006887
47,"C_Date","S31-1304 J0516",NA,"likelihood",1884,0.0006347
47,"C_Date","S31-1304 J0516",NA,"likelihood",1885,0.0005843
47,"C_Date","S31-1304 J0516",NA,"likelihood",1886,0.0005373
47,"C_Date","S31-1304 J0516",NA,"likelihood",1887,0.0004935
47,"C_Date","S31-1304 J0516",NA,"likelihood",1888,0.0004528
47,"C_Date","S31-1304 J0516",NA,"likelihood",1889,0.000415
47,"C_Date","S31-1304 J0516",NA,"likelihood",1890,0.0003799
47,"C_Date","S31-1304 J0516",NA,"likelihood",1891,0.0003474
47,"C_Date","S31-1304 J0516",NA,"likelihood",1892,0.0003173
47,"C_Date","S31-1304 J0516",NA,"likelihood",1893,0.0002895
47,"C_Date","S31-1304 J0516",NA,"likelihood",1894,0.00026385
47,"C_Date","S31-1304 J0516",NA,"likelihood",1895,0.0002402
47,"C_Date","S31-1304 J0516",NA,"likelihood",1896,0.00021843
47,"C_Date","S31-1304 J0516",NA,"likelihood",1897,0.00019842
47,"C_Date","S31-1304 J0516",NA,"likelihood",1898,0.00018003
47,"C_Date","S31-1304 J0516",NA,"likelihood",1899,0.00016318
47,"C_Date","S31-1304 J0516",NA,"likelihood",1900,0.00014773
47,"C_Date","S31-1304 J0516",NA,"likelihood",1901,0.00013359
47,"C_Date","S31-1304 J0516",NA,"likelihood",1902,0.00012068
47,"C_Date","S31-1304 J0516",NA,"likelihood",1903,0.0001089
47,"C_Date","S31-1304 J0516",NA,"likelihood",1904,9.815e-05
47,"C_Date","S31-1304 J0516",NA,"likelihood",1905,8.837e-05
47,"C_Date","S31-1304 J0516",NA,"likelihood",1906,7.947e-05
47,"C_Date","S31-1304 J0516",NA,"likelihood",1907,7.138e-05
47,"C_Date","S31-1304 J0516",NA,"likelihood",1908,6.406e-05
47,"C_Date","S31-1304 J0516",NA,"likelihood",1909,5.742e-05
47,"C_Date","S31-1304 J0516",NA,"likelihood",1910,5.141e-05
47,"C_Date","S31-1304 J0516",NA,"likelihood",1911,4.597e-05
47,"C_Date","S31-1304 J0516",NA,"likelihood",1912,4.108e-05
47,"C_Date","S31-1304 J0516",NA,"likelihood",1913,3.665e-05
47,"C_Date","S31-1304 J0516",NA,"likelihood",1914,3.267e-05
47,"C_Date","S31-1304 J0516",NA,"likelihood",1915,2.9083e-05
47,"C_Date","S31-1304 J0516",NA,"likelihood",1916,2.5878e-05
47,"C_Date","S31-1304 J0516",NA,"likelihood",1917,2.2979e-05
47,"C_Date","S31-1304 J0516",NA,"likelihood",1918,2.0399e-05
47,"C_Date","S31-1304 J0516",NA,"likelihood",1919,1.8085e-05
47,"C_Date","S31-1304 J0516",NA,"likelihood",1920,1.6011e-05
47,"C_Date","S31-1304 J0516",NA,"likelihood",1921,1.4162e-05
47,"C_Date","S31-1304 J0516",NA,"likelihood",1922,1.2514e-05
47,"C_Date","S31-1304 J0516",NA,"likelihood",1923,1.1037e-05
47,"C_Date","S31-1304 J0516",NA,"likelihood",1924,9.734e-06
47,"C_Date","S31-1304 J0516",NA,"likelihood",1925,8.564e-06
47,"C_Date","S31-1304 J0516",NA,"likelihood",1926,7.54e-06
47,"C_Date","S31-1304 J0516",NA,"likelihood",1927,6.622e-06
47,"C_Date","S31-1304 J0516",NA,"likelihood",1928,5.811e-06
47,"C_Date","S31-1304 J0516",NA,"likelihood",1929,5.093e-06
47,"C_Date","S31-1304 J0516",NA,"likelihood",1930,4.455e-06
47,"C_Date","S31-1304 J0516",NA,"likelihood",1931,3.896e-06
47,"C_Date","S31-1304 J0516",NA,"likelihood",1932,3.404e-06
47,"C_Date","S31-1304 J0516",NA,"likelihood",1933,2.9788e-06
47,"C_Date","S31-1304 J0516",NA,"likelihood",1934,2.5931e-06
47,"C_Date","S31-1304 J0516",NA,"likelihood",1935,2.2607e-06
47,"C_Date","S31-1304 J0516",NA,"likelihood",1936,1.9681e-06
47,"C_Date","S31-1304 J0516",NA,"likelihood",1937,1.7022e-06
47,"C_Date","S31-1304 J0516",NA,"likelihood",1938,1.4761e-06
47,"C_Date","S31-1304 J0516",NA,"likelihood",1939,1.2899e-06
47,"C_Date","S31-1304 J0516",NA,"likelihood",1940,1.117e-06
47,"C_Date","S31-1304 J0516",NA,"likelihood",1941,9.575e-07
47,"C_Date","S31-1304 J0516",NA,"likelihood",1942,8.378e-07
47,"C_Date","S31-1304 J0516",NA,"likelihood",1943,7.181e-07
47,"C_Date","S31-1304 J0516",NA,"likelihood",1944,6.25e-07
47,"C_Date","S31-1304 J0516",NA,"likelihood",1945,5.319e-07
47,"C_Date","S31-1304 J0516",NA,"likelihood",1946,4.521e-07
47,"C_Date","S31-1304 J0516",NA,"likelihood",1947,3.989e-07
47,"C_Date","S31-1304 J0516",NA,"likelihood",1948,3.325e-07
47,"C_Date","S31-1304 J0516",NA,"likelihood",1949,2.9256e-07
47,"C_Date","S31-1304 J0516",NA,"likelihood",1950,2.5266e-07
47,"C_Date","S31-1304 J0516",NA,"likelihood",1951,2.1277e-07
47,"C_Date","S31-1304 J0516",NA,"likelihood",1952,1.8617e-07
47,"C_Date","S31-1304 J0516",NA,"likelihood",1953,1.5958e-07
47,"C_Date","S31-1304 J0516",NA,"likelihood",1954,1.3298e-07
47,"C_Date","S31-1304 J0516",NA,"likelihood",1955,1.0638e-07
47,"C_Date","S31-1304 J0516",NA,"likelihood",1956,9.309e-08
47,"C_Date","S31-1304 J0516",NA,"likelihood",1957,7.979e-08
47,"C_Date","S31-1304 J0516",NA,"likelihood",1958,6.649e-08
47,"C_Date","S31-1304 J0516",NA,"likelihood",1959,5.319e-08
47,"C_Date","S31-1304 J0516",NA,"likelihood",1960,5.319e-08
47,"C_Date","S31-1304 J0516",NA,"likelihood",1961,3.989e-08
47,"C_Date","S31-1304 J0516",NA,"likelihood",1962,3.989e-08
47,"C_Date","S31-1304 J0516",NA,"likelihood",1963,2.6596e-08
47,"C_Date","S31-1304 J0516",NA,"likelihood",1964,2.6596e-08
47,"C_Date","S31-1304 J0516",NA,"likelihood",1965,2.6596e-08
47,"C_Date","S31-1304 J0516",NA,"likelihood",1966,1.3298e-08
47,"C_Date","S31-1304 J0516",NA,"likelihood",1967,1.3298e-08
47,"C_Date","S31-1304 J0516",NA,"likelihood",1968,1.3298e-08
47,"C_Date","S31-1304 J0516",NA,"likelihood",1969,1.3298e-08
47,"C_Date","S31-1304 J0516",NA,"likelihood",1970,0
47,"C_Date","S31-1304 J0516",NA,"posterior",1712,0
47,"C_Date","S31-1304 J0516",NA,"posterior",1713,1.0463e-06
47,"C_Date","S31-1304 J0516",NA,"posterior",1714,0
47,"C_Date","S31-1304 J0516",NA,"posterior",1715,0
47,"C_Date","S31-1304 J0516",NA,"posterior",1716,2.0926e-06
47,"C_Date","S31-1304 J0516",NA,"posterior",1717,0
47,"C_Date","S31-1304 J0516",NA,"posterior",1718,0
47,"C_Date","S31-1304 J0516",NA,"posterior",1719,4.165e-06
47,"C_Date","S31-1304 J0516",NA,"posterior",1720,1.0463e-06
47,"C_Date","S31-1304 J0516",NA,"posterior",1721,4.165e-06
47,"C_Date","S31-1304 J0516",NA,"posterior",1722,2.0926e-06
47,"C_Date","S31-1304 J0516",NA,"posterior",1723,3.1187e-06
47,"C_Date","S31-1304 J0516",NA,"posterior",1724,4.165e-06
47,"C_Date","S31-1304 J0516",NA,"posterior",1725,6.258e-06
47,"C_Date","S31-1304 J0516",NA,"posterior",1726,3.1187e-06
47,"C_Date","S31-1304 J0516",NA,"posterior",1727,9.376e-06
47,"C_Date","S31-1304 J0516",NA,"posterior",1728,1.5634e-05
47,"C_Date","S31-1304 J0516",NA,"posterior",1729,1.4588e-05
47,"C_Date","S31-1304 J0516",NA,"posterior",1730,1.9799e-05
47,"C_Date","S31-1304 J0516",NA,"posterior",1731,2.1871e-05
47,"C_Date","S31-1304 J0516",NA,"posterior",1732,3.334e-05
47,"C_Date","S31-1304 J0516",NA,"posterior",1733,3.541e-05
47,"C_Date","S31-1304 J0516",NA,"posterior",1734,3.646e-05
47,"C_Date","S31-1304 J0516",NA,"posterior",1735,6.563e-05
47,"C_Date","S31-1304 J0516",NA,"posterior",1736,5.626e-05
47,"C_Date","S31-1304 J0516",NA,"posterior",1737,8.646e-05
47,"C_Date","S31-1304 J0516",NA,"posterior",1738,0.00011354
47,"C_Date","S31-1304 J0516",NA,"posterior",1739,0.00013334
47,"C_Date","S31-1304 J0516",NA,"posterior",1740,0.00015312
47,"C_Date","S31-1304 J0516",NA,"posterior",1741,0.00022187
47,"C_Date","S31-1304 J0516",NA,"posterior",1742,0.00021771
47,"C_Date","S31-1304 J0516",NA,"posterior",1743,0.00025626
47,"C_Date","S31-1304 J0516",NA,"posterior",1744,0.0003333
47,"C_Date","S31-1304 J0516",NA,"posterior",1745,0.0003781
47,"C_Date","S31-1304 J0516",NA,"posterior",1746,0.0004406
47,"C_Date","S31-1304 J0516",NA,"posterior",1747,0.0005198
47,"C_Date","S31-1304 J0516",NA,"posterior",1748,0.0006625
47,"C_Date","S31-1304 J0516",NA,"posterior",1749,0.0007688
47,"C_Date","S31-1304 J0516",NA,"posterior",1750,0.0008062
47,"C_Date","S31-1304 J0516",NA,"posterior",1751,0.0009708
47,"C_Date","S31-1304 J0516",NA,"posterior",1752,0.0011229
47,"C_Date","S31-1304 J0516",NA,"posterior",1753,0.0012406
47,"C_Date","S31-1304 J0516",NA,"posterior",1754,0.0013865
47,"C_Date","S31-1304 J0516",NA,"posterior",1755,0.0015969
47,"C_Date","S31-1304 J0516",NA,"posterior",1756,0.0018042
47,"C_Date","S31-1304 J0516",NA,"posterior",1757,0.0020385
47,"C_Date","S31-1304 J0516",NA,"posterior",1758,0.002224
47,"C_Date","S31-1304 J0516",NA,"posterior",1759,0.00265
47,"C_Date","S31-1304 J0516",NA,"posterior",1760,0.0030115
47,"C_Date","S31-1304 J0516",NA,"posterior",1761,0.003229
47,"C_Date","S31-1304 J0516",NA,"posterior",1762,0.003562
47,"C_Date","S31-1304 J0516",NA,"posterior",1763,0.003971
47,"C_Date","S31-1304 J0516",NA,"posterior",1764,0.004204
47,"C_Date","S31-1304 J0516",NA,"posterior",1765,0.004669
47,"C_Date","S31-1304 J0516",NA,"posterior",1766,0.005243
47,"C_Date","S31-1304 J0516",NA,"posterior",1767,0.005604
47,"C_Date","S31-1304 J0516",NA,"posterior",1768,0.006114
47,"C_Date","S31-1304 J0516",NA,"posterior",1769,0.006549
47,"C_Date","S31-1304 J0516",NA,"posterior",1770,0.007145
47,"C_Date","S31-1304 J0516",NA,"posterior",1771,0.007759
47,"C_Date","S31-1304 J0516",NA,"posterior",1772,0.008349
47,"C_Date","S31-1304 J0516",NA,"posterior",1773,0.008916
47,"C_Date","S31-1304 J0516",NA,"posterior",1774,0.009604
47,"C_Date","S31-1304 J0516",NA,"posterior",1775,0.010164
47,"C_Date","S31-1304 J0516",NA,"posterior",1776,0.010726
47,"C_Date","S31-1304 J0516",NA,"posterior",1777,0.011419
47,"C_Date","S31-1304 J0516",NA,"posterior",1778,0.011957
47,"C_Date","S31-1304 J0516",NA,"posterior",1779,0.012697
47,"C_Date","S31-1304 J0516",NA,"posterior",1780,0.01307
47,"C_Date","S31-1304 J0516",NA,"posterior",1781,0.013901
47,"C_Date","S31-1304 J0516",NA,"posterior",1782,0.014639
47,"C_Date","S31-1304 J0516",NA,"posterior",1783,0.015156
47,"C_Date","S31-1304 J0516",NA,"posterior",1784,0.015736
47,"C_Date","S31-1304 J0516",NA,"posterior",1785,0.016046
47,"C_Date","S31-1304 J0516",NA,"posterior",1786,0.016452
47,"C_Date","S31-1304 J0516",NA,"posterior",1787,0.017292
47,"C_Date","S31-1304 J0516",NA,"posterior",1788,0.017524
47,"C_Date","S31-1304 J0516",NA,"posterior",1789,0.018287
47,"C_Date","S31-1304 J0516",NA,"posterior",1790,0.018699
47,"C_Date","S31-1304 J0516",NA,"posterior",1791,0.018748
47,"C_Date","S31-1304 J0516",NA,"posterior",1792,0.019187
47,"C_Date","S31-1304 J0516",NA,"posterior",1793,0.019101
47,"C_Date","S31-1304 J0516",NA,"posterior",1794,0.019555
47,"C_Date","S31-1304 J0516",NA,"posterior",1795,0.019602
47,"C_Date","S31-1304 J0516",NA,"posterior",1796,0.019721
47,"C_Date","S31-1304 J0516",NA,"posterior",1797,0.0197
47,"C_Date","S31-1304 J0516",NA,"posterior",1798,0.020121
47,"C_Date","S31-1304 J0516",NA,"posterior",1799,0.019711
47,"C_Date","S31-1304 J0516",NA,"posterior",1800,0.019891
47,"C_Date","S31-1304 J0516",NA,"posterior",1801,0.01968
47,"C_Date","S31-1304 J0516",NA,"posterior",1802,0.019686
47,"C_Date","S31-1304 J0516",NA,"posterior",1803,0.019717
47,"C_Date","S31-1304 J0516",NA,"posterior",1804,0.019181
47,"C_Date","S31-1304 J0516",NA,"posterior",1805,0.018723
47,"C_Date","S31-1304 J0516",NA,"posterior",1806,0.018312
47,"C_Date","S31-1304 J0516",NA,"posterior",1807,0.018003
47,"C_Date","S31-1304 J0516",NA,"posterior",1808,0.01763
47,"C_Date","S31-1304 J0516",NA,"posterior",1809,0.017077
47,"C_Date","S31-1304 J0516",NA,"posterior",1810,0.016624
47,"C_Date","S31-1304 J0516",NA,"posterior",1811,0.016352
47,"C_Date","S31-1304 J0516",NA,"posterior",1812,0.015772
47,"C_Date","S31-1304 J0516",NA,"posterior",1813,0.015362
47,"C_Date","S31-1304 J0516",NA,"posterior",1814,0.014816
47,"C_Date","S31-1304 J0516",NA,"posterior",1815,0.014481
47,"C_Date","S31-1304 J0516",NA,"posterior",1816,0.013789
47,"C_Date","S31-1304 J0516",NA,"posterior",1817,0.013147
47,"C_Date","S31-1304 J0516",NA,"posterior",1818,0.012647
47,"C_Date","S31-1304 J0516",NA,"posterior",1819,0.011827
47,"C_Date","S31-1304 J0516",NA,"posterior",1820,0.011571
47,"C_Date","S31-1304 J0516",NA,"posterior",1821,0.010936
47,"C_Date","S31-1304 J0516",NA,"posterior",1822,0.010139
47,"C_Date","S31-1304 J0516",NA,"posterior",1823,0.009622
47,"C_Date","S31-1304 J0516",NA,"posterior",1824,0.009087
47,"C_Date","S31-1304 J0516",NA,"posterior",1825,0.008555
47,"C_Date","S31-1304 J0516",NA,"posterior",1826,0.008146
47,"C_Date","S31-1304 J0516",NA,"posterior",1827,0.00757
47,"C_Date","S31-1304 J0516",NA,"posterior",1828,0.007115
47,"C_Date","S31-1304 J0516",NA,"posterior",1829,0.006523
47,"C_Date","S31-1304 J0516",NA,"posterior",1830,0.006127
47,"C_Date","S31-1304 J0516",NA,"posterior",1831,0.005616
47,"C_Date","S31-1304 J0516",NA,"posterior",1832,0.005327
47,"C_Date","S31-1304 J0516",NA,"posterior",1833,0.004814
47,"C_Date","S31-1304 J0516",NA,"posterior",1834,0.004374
47,"C_Date","S31-1304 J0516",NA,"posterior",1835,0.004106
47,"C_Date","S31-1304 J0516",NA,"posterior",1836,0.003764
47,"C_Date","S31-1304 J0516",NA,"posterior",1837,0.003455
47,"C_Date","S31-1304 J0516",NA,"posterior",1838,0.0031135
47,"C_Date","S31-1304 J0516",NA,"posterior",1839,0.0027094
47,"C_Date","S31-1304 J0516",NA,"posterior",1840,0.0025698
47,"C_Date","S31-1304 J0516",NA,"posterior",1841,0.0022062
47,"C_Date","S31-1304 J0516",NA,"posterior",1842,0.0019052
47,"C_Date","S31-1304 J0516",NA,"posterior",1843,0.0016813
47,"C_Date","S31-1304 J0516",NA,"posterior",1844,0.0015313
47,"C_Date","S31-1304 J0516",NA,"posterior",1845,0.00135
47,"C_Date","S31-1304 J0516",NA,"posterior",1846,0.0011302
47,"C_Date","S31-1304 J0516",NA,"posterior",1847,0.0010073
47,"C_Date","S31-1304 J0516",NA,"posterior",1848,0.0008156
47,"C_Date","S31-1304 J0516",NA,"posterior",1849,0.000676
47,"C_Date","S31-1304 J0516",NA,"posterior",1850,0.0006479
47,"C_Date","S31-1304 J0516",NA,"posterior",1851,0.0004563
47,"C_Date","S31-1304 J0516",NA,"posterior",1852,0.0003563
47,"C_Date","S31-1304 J0516",NA,"posterior",1853,0.00029272
47,"C_Date","S31-1304 J0516",NA,"posterior",1854,0.00018646
47,"C_Date","S31-1304 J0516",NA,"posterior",1855,0.00012813
47,"C_Date","S31-1304 J0516",NA,"posterior",1856,5.521e-05
47,"C_Date","S31-1304 J0516",NA,"posterior",1857,1.1449e-05
47,"C_Date","S31-1304 J0516",NA,"posterior",1858,0
47,"C_Date","S31-1304 J0516",NA,"posterior",1859,0
47,"C_Date","S31-1304 J0516",NA,"posterior",1860,0
48,"C_Date","S31-1305 J0517",NA,"likelihood",1495,0
48,"C_Date","S31-1305 J0517",NA,"likelihood",1496,7.979e-09
48,"C_Date","S31-1305 J0517",NA,"likelihood",1497,7.979e-09
48,"C_Date","S31-1305 J0517",NA,"likelihood",1498,7.979e-09
48,"C_Date","S31-1305 J0517",NA,"likelihood",1499,7.979e-09
48,"C_Date","S31-1305 J0517",NA,"likelihood",1500,7.979e-09
48,"C_Date","S31-1305 J0517",NA,"likelihood",1501,7.979e-09
48,"C_Date","S31-1305 J0517",NA,"likelihood",1502,1.5958e-08
48,"C_Date","S31-1305 J0517",NA,"likelihood",1503,1.5958e-08
48,"C_Date","S31-1305 J0517",NA,"likelihood",1504,1.5958e-08
48,"C_Date","S31-1305 J0517",NA,"likelihood",1505,1.5958e-08
48,"C_Date","S31-1305 J0517",NA,"likelihood",1506,1.5958e-08
48,"C_Date","S31-1305 J0517",NA,"likelihood",1507,2.3937e-08
48,"C_Date","S31-1305 J0517",NA,"likelihood",1508,2.3937e-08
48,"C_Date","S31-1305 J0517",NA,"likelihood",1509,2.3937e-08
48,"C_Date","S31-1305 J0517",NA,"likelihood",1510,3.192e-08
48,"C_Date","S31-1305 J0517",NA,"likelihood",1511,3.192e-08
48,"C_Date","S31-1305 J0517",NA,"likelihood",1512,3.989e-08
48,"C_Date","S31-1305 J0517",NA,"likelihood",1513,3.989e-08
48,"C_Date","S31-1305 J0517",NA,"likelihood",1514,4.787e-08
48,"C_Date","S31-1305 J0517",NA,"likelihood",1515,4.787e-08
48,"C_Date","S31-1305 J0517",NA,"likelihood",1516,5.585e-08
48,"C_Date","S31-1305 J0517",NA,"likelihood",1517,5.585e-08
48,"C_Date","S31-1305 J0517",NA,"likelihood",1518,6.383e-08
48,"C_Date","S31-1305 J0517",NA,"likelihood",1519,7.181e-08
48,"C_Date","S31-1305 J0517",NA,"likelihood",1520,7.979e-08
48,"C_Date","S31-1305 J0517",NA,"likelihood",1521,8.777e-08
48,"C_Date","S31-1305 J0517",NA,"likelihood",1522,9.575e-08
48,"C_Date","S31-1305 J0517",NA,"likelihood",1523,1.0373e-07
48,"C_Date","S31-1305 J0517",NA,"likelihood",1524,1.1968e-07
48,"C_Date","S31-1305 J0517",NA,"likelihood",1525,1.2766e-07
48,"C_Date","S31-1305 J0517",NA,"likelihood",1526,1.4362e-07
48,"C_Date","S31-1305 J0517",NA,"likelihood",1527,1.516e-07
48,"C_Date","S31-1305 J0517",NA,"likelihood",1528,1.6756e-07
48,"C_Date","S31-1305 J0517",NA,"likelihood",1529,1.8351e-07
48,"C_Date","S31-1305 J0517",NA,"likelihood",1530,1.9947e-07
48,"C_Date","S31-1305 J0517",NA,"likelihood",1531,2.2341e-07
48,"C_Date","S31-1305 J0517",NA,"likelihood",1532,2.4734e-07
48,"C_Date","S31-1305 J0517",NA,"likelihood",1533,2.633e-07
48,"C_Date","S31-1305 J0517",NA,"likelihood",1534,2.9522e-07
48,"C_Date","S31-1305 J0517",NA,"likelihood",1535,3.192e-07
48,"C_Date","S31-1305 J0517",NA,"likelihood",1536,3.511e-07
48,"C_Date","S31-1305 J0517",NA,"likelihood",1537,3.83e-07
48,"C_Date","S31-1305 J0517",NA,"likelihood",1538,4.149e-07
48,"C_Date","S31-1305 J0517",NA,"likelihood",1539,4.548e-07
48,"C_Date","S31-1305 J0517",NA,"likelihood",1540,5.027e-07
48,"C_Date","S31-1305 J0517",NA,"likelihood",1541,5.426e-07
48,"C_Date","S31-1305 J0517",NA,"likelihood",1542,5.904e-07
48,"C_Date","S31-1305 J0517",NA,"likelihood",1543,6.463e-07
48,"C_Date","S31-1305 J0517",NA,"likelihood",1544,7.101e-07
48,"C_Date","S31-1305 J0517",NA,"likelihood",1545,7.739e-07
48,"C_Date","S31-1305 J0517",NA,"likelihood",1546,8.378e-07
48,"C_Date","S31-1305 J0517",NA,"likelihood",1547,9.176e-07
48,"C_Date","S31-1305 J0517",NA,"likelihood",1548,9.974e-07
48,"C_Date","S31-1305 J0517",NA,"likelihood",1549,1.0851e-06
48,"C_Date","S31-1305 J0517",NA,"likelihood",1550,1.1809e-06
48,"C_Date","S31-1305 J0517",NA,"likelihood",1551,1.2846e-06
48,"C_Date","S31-1305 J0517",NA,"likelihood",1552,1.3963e-06
48,"C_Date","S31-1305 J0517",NA,"likelihood",1553,1.516e-06
48,"C_Date","S31-1305 J0517",NA,"likelihood",1554,1.6436e-06
48,"C_Date","S31-1305 J0517",NA,"likelihood",1555,1.7873e-06
48,"C_Date","S31-1305 J0517",NA,"likelihood",1556,1.9389e-06
48,"C_Date","S31-1305 J0517",NA,"likelihood",1557,2.0984e-06
48,"C_Date","S31-1305 J0517",NA,"likelihood",1558,2.282e-06
48,"C_Date","S31-1305 J0517",NA,"likelihood",1559,2.4734e-06
48,"C_Date","S31-1305 J0517",NA,"likelihood",1560,2.6729e-06
48,"C_Date","S31-1305 J0517",NA,"likelihood",1561,2.8963e-06
48,"C_Date","S31-1305 J0517",NA,"likelihood",1562,3.1357e-06
48,"C_Date","S31-1305 J0517",NA,"likelihood",1563,3.399e-06
48,"C_Date","S31-1305 J0517",NA,"likelihood",1564,3.67e-06
48,"C_Date","S31-1305 J0517",NA,"likelihood",1565,3.973e-06
48,"C_Date","S31-1305 J0517",NA,"likelihood",1566,4.293e-06
48,"C_Date","S31-1305 J0517",NA,"likelihood",1567,4.644e-06
48,"C_Date","S31-1305 J0517",NA,"likelihood",1568,5.011e-06
48,"C_Date","S31-1305 J0517",NA,"likelihood",1569,5.41e-06
48,"C_Date","S31-1305 J0517",NA,"likelihood",1570,5.841e-06
48,"C_Date","S31-1305 J0517",NA,"likelihood",1571,6.295e-06
48,"C_Date","S31-1305 J0517",NA,"likelihood",1572,6.79e-06
48,"C_Date","S31-1305 J0517",NA,"likelihood",1573,7.325e-06
48,"C_Date","S31-1305 J0517",NA,"likelihood",1574,7.891e-06
48,"C_Date","S31-1305 J0517",NA,"likelihood",1575,8.497e-06
48,"C_Date","S31-1305 J0517",NA,"likelihood",1576,9.144e-06
48,"C_Date","S31-1305 J0517",NA,"likelihood",1577,9.846e-06
48,"C_Date","S31-1305 J0517",NA,"likelihood",1578,1.0588e-05
48,"C_Date","S31-1305 J0517",NA,"likelihood",1579,1.1386e-05
48,"C_Date","S31-1305 J0517",NA,"likelihood",1580,1.224e-05
48,"C_Date","S31-1305 J0517",NA,"likelihood",1581,1.3149e-05
48,"C_Date","S31-1305 J0517",NA,"likelihood",1582,1.4123e-05
48,"C_Date","S31-1305 J0517",NA,"likelihood",1583,1.516e-05
48,"C_Date","S31-1305 J0517",NA,"likelihood",1584,1.6269e-05
48,"C_Date","S31-1305 J0517",NA,"likelihood",1585,1.745e-05
48,"C_Date","S31-1305 J0517",NA,"likelihood",1586,1.8718e-05
48,"C_Date","S31-1305 J0517",NA,"likelihood",1587,2.0059e-05
48,"C_Date","S31-1305 J0517",NA,"likelihood",1588,2.1495e-05
48,"C_Date","S31-1305 J0517",NA,"likelihood",1589,2.3019e-05
48,"C_Date","S31-1305 J0517",NA,"likelihood",1590,2.4647e-05
48,"C_Date","S31-1305 J0517",NA,"likelihood",1591,2.637e-05
48,"C_Date","S31-1305 J0517",NA,"likelihood",1592,2.8213e-05
48,"C_Date","S31-1305 J0517",NA,"likelihood",1593,3.0168e-05
48,"C_Date","S31-1305 J0517",NA,"likelihood",1594,3.224e-05
48,"C_Date","S31-1305 J0517",NA,"likelihood",1595,3.445e-05
48,"C_Date","S31-1305 J0517",NA,"likelihood",1596,3.68e-05
48,"C_Date","S31-1305 J0517",NA,"likelihood",1597,3.928e-05
48,"C_Date","S31-1305 J0517",NA,"likelihood",1598,4.192e-05
48,"C_Date","S31-1305 J0517",NA,"likelihood",1599,4.471e-05
48,"C_Date","S31-1305 J0517",NA,"likelihood",1600,4.768e-05
48,"C_Date","S31-1305 J0517",NA,"likelihood",1601,5.083e-05
48,"C_Date","S31-1305 J0517",NA,"likelihood",1602,5.415e-05
48,"C_Date","S31-1305 J0517",NA,"likelihood",1603,5.767e-05
48,"C_Date","S31-1305 J0517",NA,"likelihood",1604,6.14e-05
48,"C_Date","S31-1305 J0517",NA,"likelihood",1605,6.534e-05
48,"C_Date","S31-1305 J0517",NA,"likelihood",1606,6.95e-05
48,"C_Date","S31-1305 J0517",NA,"likelihood",1607,7.39e-05
48,"C_Date","S31-1305 J0517",NA,"likelihood",1608,7.855e-05
48,"C_Date","S31-1305 J0517",NA,"likelihood",1609,8.346e-05
48,"C_Date","S31-1305 J0517",NA,"likelihood",1610,8.864e-05
48,"C_Date","S31-1305 J0517",NA,"likelihood",1611,9.41e-05
48,"C_Date","S31-1305 J0517",NA,"likelihood",1612,9.986e-05
48,"C_Date","S31-1305 J0517",NA,"likelihood",1613,0.00010593
48,"C_Date","S31-1305 J0517",NA,"likelihood",1614,0.00011232
48,"C_Date","S31-1305 J0517",NA,"likelihood",1615,0.00011905
48,"C_Date","S31-1305 J0517",NA,"likelihood",1616,0.00012614
48,"C_Date","S31-1305 J0517",NA,"likelihood",1617,0.00013359
48,"C_Date","S31-1305 J0517",NA,"likelihood",1618,0.00014143
48,"C_Date","S31-1305 J0517",NA,"likelihood",1619,0.00014966
48,"C_Date","S31-1305 J0517",NA,"likelihood",1620,0.00015831
48,"C_Date","S31-1305 J0517",NA,"likelihood",1621,0.0001674
48,"C_Date","S31-1305 J0517",NA,"likelihood",1622,0.00017693
48,"C_Date","S31-1305 J0517",NA,"likelihood",1623,0.00018694
48,"C_Date","S31-1305 J0517",NA,"likelihood",1624,0.00019742
48,"C_Date","S31-1305 J0517",NA,"likelihood",1625,0.00020842
48,"C_Date","S31-1305 J0517",NA,"likelihood",1626,0.00021994
48,"C_Date","S31-1305 J0517",NA,"likelihood",1627,0.000232
48,"C_Date","S31-1305 J0517",NA,"likelihood",1628,0.00024463
48,"C_Date","S31-1305 J0517",NA,"likelihood",1629,0.00025784
48,"C_Date","S31-1305 J0517",NA,"likelihood",1630,0.00027166
48,"C_Date","S31-1305 J0517",NA,"likelihood",1631,0.00028611
48,"C_Date","S31-1305 J0517",NA,"likelihood",1632,0.00030119
48,"C_Date","S31-1305 J0517",NA,"likelihood",1633,0.000317
48,"C_Date","S31-1305 J0517",NA,"likelihood",1634,0.0003334
48,"C_Date","S31-1305 J0517",NA,"likelihood",1635,0.0003506
48,"C_Date","S31-1305 J0517",NA,"likelihood",1636,0.0003685
48,"C_Date","S31-1305 J0517",NA,"likelihood",1637,0.0003871
48,"C_Date","S31-1305 J0517",NA,"likelihood",1638,0.0004066
48,"C_Date","S31-1305 J0517",NA,"likelihood",1639,0.0004268
48,"C_Date","S31-1305 J0517",NA,"likelihood",1640,0.0004479
48,"C_Date","S31-1305 J0517",NA,"likelihood",1641,0.0004698
48,"C_Date","S31-1305 J0517",NA,"likelihood",1642,0.0004926
48,"C_Date","S31-1305 J0517",NA,"likelihood",1643,0.0005163
48,"C_Date","S31-1305 J0517",NA,"likelihood",1644,0.000541
48,"C_Date","S31-1305 J0517",NA,"likelihood",1645,0.0005665
48,"C_Date","S31-1305 J0517",NA,"likelihood",1646,0.0005931
48,"C_Date","S31-1305 J0517",NA,"likelihood",1647,0.0006206
48,"C_Date","S31-1305 J0517",NA,"likelihood",1648,0.0006492
48,"C_Date","S31-1305 J0517",NA,"likelihood",1649,0.0006788
48,"C_Date","S31-1305 J0517",NA,"likelihood",1650,0.0007095
48,"C_Date","S31-1305 J0517",NA,"likelihood",1651,0.0007413
48,"C_Date","S31-1305 J0517",NA,"likelihood",1652,0.0007741
48,"C_Date","S31-1305 J0517",NA,"likelihood",1653,0.0008082
48,"C_Date","S31-1305 J0517",NA,"likelihood",1654,0.0008433
48,"C_Date","S31-1305 J0517",NA,"likelihood",1655,0.0008797
48,"C_Date","S31-1305 J0517",NA,"likelihood",1656,0.0009172
48,"C_Date","S31-1305 J0517",NA,"likelihood",1657,0.000956
48,"C_Date","S31-1305 J0517",NA,"likelihood",1658,0.000996
48,"C_Date","S31-1305 J0517",NA,"likelihood",1659,0.0010373
48,"C_Date","S31-1305 J0517",NA,"likelihood",1660,0.0010798
48,"C_Date","S31-1305 J0517",NA,"likelihood",1661,0.0011237
48,"C_Date","S31-1305 J0517",NA,"likelihood",1662,0.0011688
48,"C_Date","S31-1305 J0517",NA,"likelihood",1663,0.0012153
48,"C_Date","S31-1305 J0517",NA,"likelihood",1664,0.0012631
48,"C_Date","S31-1305 J0517",NA,"likelihood",1665,0.0013123
48,"C_Date","S31-1305 J0517",NA,"likelihood",1666,0.0013629
48,"C_Date","S31-1305 J0517",NA,"likelihood",1667,0.0014148
48,"C_Date","S31-1305 J0517",NA,"likelihood",1668,0.0014681
48,"C_Date","S31-1305 J0517",NA,"likelihood",1669,0.0015229
48,"C_Date","S31-1305 J0517",NA,"likelihood",1670,0.001579
48,"C_Date","S31-1305 J0517",NA,"likelihood",1671,0.0016366
48,"C_Date","S31-1305 J0517",NA,"likelihood",1672,0.0016955
48,"C_Date","S31-1305 J0517",NA,"likelihood",1673,0.0017559
48,"C_Date","S31-1305 J0517",NA,"likelihood",1674,0.0018177
48,"C_Date","S31-1305 J0517",NA,"likelihood",1675,0.001881
48,"C_Date","S31-1305 J0517",NA,"likelihood",1676,0.0019456
48,"C_Date","S31-1305 J0517",NA,"likelihood",1677,0.0020117
48,"C_Date","S31-1305 J0517",NA,"likelihood",1678,0.0020792
48,"C_Date","S31-1305 J0517",NA,"likelihood",1679,0.0021481
48,"C_Date","S31-1305 J0517",NA,"likelihood",1680,0.0022184
48,"C_Date","S31-1305 J0517",NA,"likelihood",1681,0.0022901
48,"C_Date","S31-1305 J0517",NA,"likelihood",1682,0.0023631
48,"C_Date","S31-1305 J0517",NA,"likelihood",1683,0.0024376
48,"C_Date","S31-1305 J0517",NA,"likelihood",1684,0.0025133
48,"C_Date","S31-1305 J0517",NA,"likelihood",1685,0.0025903
48,"C_Date","S31-1305 J0517",NA,"likelihood",1686,0.0026687
48,"C_Date","S31-1305 J0517",NA,"likelihood",1687,0.0027483
48,"C_Date","S31-1305 J0517",NA,"likelihood",1688,0.0028292
48,"C_Date","S31-1305 J0517",NA,"likelihood",1689,0.0029113
48,"C_Date","S31-1305 J0517",NA,"likelihood",1690,0.0029946
48,"C_Date","S31-1305 J0517",NA,"likelihood",1691,0.003079
48,"C_Date","S31-1305 J0517",NA,"likelihood",1692,0.003164
48,"C_Date","S31-1305 J0517",NA,"likelihood",1693,0.003251
48,"C_Date","S31-1305 J0517",NA,"likelihood",1694,0.003339
48,"C_Date","S31-1305 J0517",NA,"likelihood",1695,0.003427
48,"C_Date","S31-1305 J0517",NA,"likelihood",1696,0.003517
48,"C_Date","S31-1305 J0517",NA,"likelihood",1697,0.003607
48,"C_Date","S31-1305 J0517",NA,"likelihood",1698,0.003699
48,"C_Date","S31-1305 J0517",NA,"likelihood",1699,0.003791
48,"C_Date","S31-1305 J0517",NA,"likelihood",1700,0.003884
48,"C_Date","S31-1305 J0517",NA,"likelihood",1701,0.003977
48,"C_Date","S31-1305 J0517",NA,"likelihood",1702,0.004071
48,"C_Date","S31-1305 J0517",NA,"likelihood",1703,0.004166
48,"C_Date","S31-1305 J0517",NA,"likelihood",1704,0.004261
48,"C_Date","S31-1305 J0517",NA,"likelihood",1705,0.004357
48,"C_Date","S31-1305 J0517",NA,"likelihood",1706,0.004453
48,"C_Date","S31-1305 J0517",NA,"likelihood",1707,0.004549
48,"C_Date","S31-1305 J0517",NA,"likelihood",1708,0.004646
48,"C_Date","S31-1305 J0517",NA,"likelihood",1709,0.004743
48,"C_Date","S31-1305 J0517",NA,"likelihood",1710,0.004839
48,"C_Date","S31-1305 J0517",NA,"likelihood",1711,0.004936
48,"C_Date","S31-1305 J0517",NA,"likelihood",1712,0.005033
48,"C_Date","S31-1305 J0517",NA,"likelihood",1713,0.005129
48,"C_Date","S31-1305 J0517",NA,"likelihood",1714,0.005226
48,"C_Date","S31-1305 J0517",NA,"likelihood",1715,0.005322
48,"C_Date","S31-1305 J0517",NA,"likelihood",1716,0.005417
48,"C_Date","S31-1305 J0517",NA,"likelihood",1717,0.005512
48,"C_Date","S31-1305 J0517",NA,"likelihood",1718,0.005607
48,"C_Date","S31-1305 J0517",NA,"likelihood",1719,0.005701
48,"C_Date","S31-1305 J0517",NA,"likelihood",1720,0.005794
48,"C_Date","S31-1305 J0517",NA,"likelihood",1721,0.005886
48,"C_Date","S31-1305 J0517",NA,"likelihood",1722,0.005977
48,"C_Date","S31-1305 J0517",NA,"likelihood",1723,0.006068
48,"C_Date","S31-1305 J0517",NA,"likelihood",1724,0.006157
48,"C_Date","S31-1305 J0517",NA,"likelihood",1725,0.006245
48,"C_Date","S31-1305 J0517",NA,"likelihood",1726,0.006332
48,"C_Date","S31-1305 J0517",NA,"likelihood",1727,0.006417
48,"C_Date","S31-1305 J0517",NA,"likelihood",1728,0.006501
48,"C_Date","S31-1305 J0517",NA,"likelihood",1729,0.006584
48,"C_Date","S31-1305 J0517",NA,"likelihood",1730,0.006664
48,"C_Date","S31-1305 J0517",NA,"likelihood",1731,0.006744
48,"C_Date","S31-1305 J0517",NA,"likelihood",1732,0.006821
48,"C_Date","S31-1305 J0517",NA,"likelihood",1733,0.006896
48,"C_Date","S31-1305 J0517",NA,"likelihood",1734,0.00697
48,"C_Date","S31-1305 J0517",NA,"likelihood",1735,0.007041
48,"C_Date","S31-1305 J0517",NA,"likelihood",1736,0.007111
48,"C_Date","S31-1305 J0517",NA,"likelihood",1737,0.007178
48,"C_Date","S31-1305 J0517",NA,"likelihood",1738,0.007243
48,"C_Date","S31-1305 J0517",NA,"likelihood",1739,0.007305
48,"C_Date","S31-1305 J0517",NA,"likelihood",1740,0.007365
48,"C_Date","S31-1305 J0517",NA,"likelihood",1741,0.007423
48,"C_Date","S31-1305 J0517",NA,"likelihood",1742,0.007478
48,"C_Date","S31-1305 J0517",NA,"likelihood",1743,0.007531
48,"C_Date","S31-1305 J0517",NA,"likelihood",1744,0.007581
48,"C_Date","S31-1305 J0517",NA,"likelihood",1745,0.007628
48,"C_Date","S31-1305 J0517",NA,"likelihood",1746,0.007672
48,"C_Date","S31-1305 J0517",NA,"likelihood",1747,0.007714
48,"C_Date","S31-1305 J0517",NA,"likelihood",1748,0.007752
48,"C_Date","S31-1305 J0517",NA,"likelihood",1749,0.007788
48,"C_Date","S31-1305 J0517",NA,"likelihood",1750,0.007821
48,"C_Date","S31-1305 J0517",NA,"likelihood",1751,0.007851
48,"C_Date","S31-1305 J0517",NA,"likelihood",1752,0.007877
48,"C_Date","S31-1305 J0517",NA,"likelihood",1753,0.007901
48,"C_Date","S31-1305 J0517",NA,"likelihood",1754,0.007922
48,"C_Date","S31-1305 J0517",NA,"likelihood",1755,0.007939
48,"C_Date","S31-1305 J0517",NA,"likelihood",1756,0.007953
48,"C_Date","S31-1305 J0517",NA,"likelihood",1757,0.007965
48,"C_Date","S31-1305 J0517",NA,"likelihood",1758,0.007972
48,"C_Date","S31-1305 J0517",NA,"likelihood",1759,0.007977
48,"C_Date","S31-1305 J0517",NA,"likelihood",1760,0.007979
48,"C_Date","S31-1305 J0517",NA,"likelihood",1761,0.007977
48,"C_Date","S31-1305 J0517",NA,"likelihood",1762,0.007972
48,"C_Date","S31-1305 J0517",NA,"likelihood",1763,0.007965
48,"C_Date","S31-1305 J0517",NA,"likelihood",1764,0.007953
48,"C_Date","S31-1305 J0517",NA,"likelihood",1765,0.007939
48,"C_Date","S31-1305 J0517",NA,"likelihood",1766,0.007922
48,"C_Date","S31-1305 J0517",NA,"likelihood",1767,0.007901
48,"C_Date","S31-1305 J0517",NA,"likelihood",1768,0.007877
48,"C_Date","S31-1305 J0517",NA,"likelihood",1769,0.007851
48,"C_Date","S31-1305 J0517",NA,"likelihood",1770,0.007821
48,"C_Date","S31-1305 J0517",NA,"likelihood",1771,0.007788
48,"C_Date","S31-1305 J0517",NA,"likelihood",1772,0.007752
48,"C_Date","S31-1305 J0517",NA,"likelihood",1773,0.007714
48,"C_Date","S31-1305 J0517",NA,"likelihood",1774,0.007672
48,"C_Date","S31-1305 J0517",NA,"likelihood",1775,0.007628
48,"C_Date","S31-1305 J0517",NA,"likelihood",1776,0.007581
48,"C_Date","S31-1305 J0517",NA,"likelihood",1777,0.007531
48,"C_Date","S31-1305 J0517",NA,"likelihood",1778,0.007478
48,"C_Date","S31-1305 J0517",NA,"likelihood",1779,0.007423
48,"C_Date","S31-1305 J0517",NA,"likelihood",1780,0.007365
48,"C_Date","S31-1305 J0517",NA,"likelihood",1781,0.007305
48,"C_Date","S31-1305 J0517",NA,"likelihood",1782,0.007243
48,"C_Date","S31-1305 J0517",NA,"likelihood",1783,0.007178
48,"C_Date","S31-1305 J0517",NA,"likelihood",1784,0.007111
48,"C_Date","S31-1305 J0517",NA,"likelihood",1785,0.007041
48,"C_Date","S31-1305 J0517",NA,"likelihood",1786,0.00697
48,"C_Date","S31-1305 J0517",NA,"likelihood",1787,0.006896
48,"C_Date","S31-1305 J0517",NA,"likelihood",1788,0.006821
48,"C_Date","S31-1305 J0517",NA,"likelihood",1789,0.006744
48,"C_Date","S31-1305 J0517",NA,"likelihood",1790,0.006664
48,"C_Date","S31-1305 J0517",NA,"likelihood",1791,0.006584
48,"C_Date","S31-1305 J0517",NA,"likelihood",1792,0.006501
48,"C_Date","S31-1305 J0517",NA,"likelihood",1793,0.006417
48,"C_Date","S31-1305 J0517",NA,"likelihood",1794,0.006332
48,"C_Date","S31-1305 J0517",NA,"likelihood",1795,0.006245
48,"C_Date","S31-1305 J0517",NA,"likelihood",1796,0.006157
48,"C_Date","S31-1305 J0517",NA,"likelihood",1797,0.006068
48,"C_Date","S31-1305 J0517",NA,"likelihood",1798,0.005977
48,"C_Date","S31-1305 J0517",NA,"likelihood",1799,0.005886
48,"C_Date","S31-1305 J0517",NA,"likelihood",1800,0.005794
48,"C_Date","S31-1305 J0517",NA,"likelihood",1801,0.005701
48,"C_Date","S31-1305 J0517",NA,"likelihood",1802,0.005607
48,"C_Date","S31-1305 J0517",NA,"likelihood",1803,0.005512
48,"C_Date","S31-1305 J0517",NA,"likelihood",1804,0.005417
48,"C_Date","S31-1305 J0517",NA,"likelihood",1805,0.005322
48,"C_Date","S31-1305 J0517",NA,"likelihood",1806,0.005226
48,"C_Date","S31-1305 J0517",NA,"likelihood",1807,0.005129
48,"C_Date","S31-1305 J0517",NA,"likelihood",1808,0.005033
48,"C_Date","S31-1305 J0517",NA,"likelihood",1809,0.004936
48,"C_Date","S31-1305 J0517",NA,"likelihood",1810,0.004839
48,"C_Date","S31-1305 J0517",NA,"likelihood",1811,0.004743
48,"C_Date","S31-1305 J0517",NA,"likelihood",1812,0.004646
48,"C_Date","S31-1305 J0517",NA,"likelihood",1813,0.004549
48,"C_Date","S31-1305 J0517",NA,"likelihood",1814,0.004453
48,"C_Date","S31-1305 J0517",NA,"likelihood",1815,0.004357
48,"C_Date","S31-1305 J0517",NA,"likelihood",1816,0.004261
48,"C_Date","S31-1305 J0517",NA,"likelihood",1817,0.004166
48,"C_Date","S31-1305 J0517",NA,"likelihood",1818,0.004071
48,"C_Date","S31-1305 J0517",NA,"likelihood",1819,0.003977
48,"C_Date","S31-1305 J0517",NA,"likelihood",1820,0.003884
48,"C_Date","S31-1305 J0517",NA,"likelihood",1821,0.003791
48,"C_Date","S31-1305 J0517",NA,"likelihood",1822,0.003699
48,"C_Date","S31-1305 J0517",NA,"likelihood",1823,0.003607
48,"C_Date","S31-1305 J0517",NA,"likelihood",1824,0.003517
48,"C_Date","S31-1305 J0517",NA,"likelihood",1825,0.003427
48,"C_Date","S31-1305 J0517",NA,"likelihood",1826,0.003339
48,"C_Date","S31-1305 J0517",NA,"likelihood",1827,0.003251
48,"C_Date","S31-1305 J0517",NA,"likelihood",1828,0.003164
48,"C_Date","S31-1305 J0517",NA,"likelihood",1829,0.003079
48,"C_Date","S31-1305 J0517",NA,"likelihood",1830,0.0029946
48,"C_Date","S31-1305 J0517",NA,"likelihood",1831,0.0029113
48,"C_Date","S31-1305 J0517",NA,"likelihood",1832,0.0028292
48,"C_Date","S31-1305 J0517",NA,"likelihood",1833,0.0027483
48,"C_Date","S31-1305 J0517",NA,"likelihood",1834,0.0026687
48,"C_Date","S31-1305 J0517",NA,"likelihood",1835,0.0025903
48,"C_Date","S31-1305 J0517",NA,"likelihood",1836,0.0025133
48,"C_Date","S31-1305 J0517",NA,"likelihood",1837,0.0024376
48,"C_Date","S31-1305 J0517",NA,"likelihood",1838,0.0023631
48,"C_Date","S31-1305 J0517",NA,"likelihood",1839,0.0022901
48,"C_Date","S31-1305 J0517",NA,"likelihood",1840,0.0022184
48,"C_Date","S31-1305 J0517",NA,"likelihood",1841,0.0021481
48,"C_Date","S31-1305 J0517",NA,"likelihood",1842,0.0020792
48,"C_Date","S31-1305 J0517",NA,"likelihood",1843,0.0020117
48,"C_Date","S31-1305 J0517",NA,"likelihood",1844,0.0019456
48,"C_Date","S31-1305 J0517",NA,"likelihood",1845,0.001881
48,"C_Date","S31-1305 J0517",NA,"likelihood",1846,0.0018177
48,"C_Date","S31-1305 J0517",NA,"likelihood",1847,0.0017559
48,"C_Date","S31-1305 J0517",NA,"likelihood",1848,0.0016955
48,"C_Date","S31-1305 J0517",NA,"likelihood",1849,0.0016366
48,"C_Date","S31-1305 J0517",NA,"likelihood",1850,0.001579
48,"C_Date","S31-1305 J0517",NA,"likelihood",1851,0.0015229
48,"C_Date","S31-1305 J0517",NA,"likelihood",1852,0.0014681
48,"C_Date","S31-1305 J0517",NA,"likelihood",1853,0.0014148
48,"C_Date","S31-1305 J0517",NA,"likelihood",1854,0.0013629
48,"C_Date","S31-1305 J0517",NA,"likelihood",1855,0.0013123
48,"C_Date","S31-1305 J0517",NA,"likelihood",1856,0.0012631
48,"C_Date","S31-1305 J0517",NA,"likelihood",1857,0.0012153
48,"C_Date","S31-1305 J0517",NA,"likelihood",1858,0.0011688
48,"C_Date","S31-1305 J0517",NA,"likelihood",1859,0.0011237
48,"C_Date","S31-1305 J0517",NA,"likelihood",1860,0.0010798
48,"C_Date","S31-1305 J0517",NA,"likelihood",1861,0.0010373
48,"C_Date","S31-1305 J0517",NA,"likelihood",1862,0.000996
48,"C_Date","S31-1305 J0517",NA,"likelihood",1863,0.000956
48,"C_Date","S31-1305 J0517",NA,"likelihood",1864,0.0009172
48,"C_Date","S31-1305 J0517",NA,"likelihood",1865,0.0008797
48,"C_Date","S31-1305 J0517",NA,"likelihood",1866,0.0008433
48,"C_Date","S31-1305 J0517",NA,"likelihood",1867,0.0008082
48,"C_Date","S31-1305 J0517",NA,"likelihood",1868,0.0007741
48,"C_Date","S31-1305 J0517",NA,"likelihood",1869,0.0007413
48,"C_Date","S31-1305 J0517",NA,"likelihood",1870,0.0007095
48,"C_Date","S31-1305 J0517",NA,"likelihood",1871,0.0006788
48,"C_Date","S31-1305 J0517",NA,"likelihood",1872,0.0006492
48,"C_Date","S31-1305 J0517",NA,"likelihood",1873,0.0006206
48,"C_Date","S31-1305 J0517",NA,"likelihood",1874,0.0005931
48,"C_Date","S31-1305 J0517",NA,"likelihood",1875,0.0005665
48,"C_Date","S31-1305 J0517",NA,"likelihood",1876,0.000541
48,"C_Date","S31-1305 J0517",NA,"likelihood",1877,0.0005163
48,"C_Date","S31-1305 J0517",NA,"likelihood",1878,0.0004926
48,"C_Date","S31-1305 J0517",NA,"likelihood",1879,0.0004698
48,"C_Date","S31-1305 J0517",NA,"likelihood",1880,0.0004479
48,"C_Date","S31-1305 J0517",NA,"likelihood",1881,0.0004268
48,"C_Date","S31-1305 J0517",NA,"likelihood",1882,0.0004066
48,"C_Date","S31-1305 J0517",NA,"likelihood",1883,0.0003871
48,"C_Date","S31-1305 J0517",NA,"likelihood",1884,0.0003685
48,"C_Date","S31-1305 J0517",NA,"likelihood",1885,0.0003506
48,"C_Date","S31-1305 J0517",NA,"likelihood",1886,0.0003334
48,"C_Date","S31-1305 J0517",NA,"likelihood",1887,0.000317
48,"C_Date","S31-1305 J0517",NA,"likelihood",1888,0.00030119
48,"C_Date","S31-1305 J0517",NA,"likelihood",1889,0.00028611
48,"C_Date","S31-1305 J0517",NA,"likelihood",1890,0.00027166
48,"C_Date","S31-1305 J0517",NA,"likelihood",1891,0.00025784
48,"C_Date","S31-1305 J0517",NA,"likelihood",1892,0.00024463
48,"C_Date","S31-1305 J0517",NA,"likelihood",1893,0.000232
48,"C_Date","S31-1305 J0517",NA,"likelihood",1894,0.00021994
48,"C_Date","S31-1305 J0517",NA,"likelihood",1895,0.00020842
48,"C_Date","S31-1305 J0517",NA,"likelihood",1896,0.00019742
48,"C_Date","S31-1305 J0517",NA,"likelihood",1897,0.00018694
48,"C_Date","S31-1305 J0517",NA,"likelihood",1898,0.00017693
48,"C_Date","S31-1305 J0517",NA,"likelihood",1899,0.0001674
48,"C_Date","S31-1305 J0517",NA,"likelihood",1900,0.00015831
48,"C_Date","S31-1305 J0517",NA,"likelihood",1901,0.00014966
48,"C_Date","S31-1305 J0517",NA,"likelihood",1902,0.00014143
48,"C_Date","S31-1305 J0517",NA,"likelihood",1903,0.00013359
48,"C_Date","S31-1305 J0517",NA,"likelihood",1904,0.00012614
48,"C_Date","S31-1305 J0517",NA,"likelihood",1905,0.00011905
48,"C_Date","S31-1305 J0517",NA,"likelihood",1906,0.00011232
48,"C_Date","S31-1305 J0517",NA,"likelihood",1907,0.00010593
48,"C_Date","S31-1305 J0517",NA,"likelihood",1908,9.986e-05
48,"C_Date","S31-1305 J0517",NA,"likelihood",1909,9.41e-05
48,"C_Date","S31-1305 J0517",NA,"likelihood",1910,8.864e-05
48,"C_Date","S31-1305 J0517",NA,"likelihood",1911,8.346e-05
48,"C_Date","S31-1305 J0517",NA,"likelihood",1912,7.855e-05
48,"C_Date","S31-1305 J0517",NA,"likelihood",1913,7.39e-05
48,"C_Date","S31-1305 J0517",NA,"likelihood",1914,6.95e-05
48,"C_Date","S31-1305 J0517",NA,"likelihood",1915,6.534e-05
48,"C_Date","S31-1305 J0517",NA,"likelihood",1916,6.14e-05
48,"C_Date","S31-1305 J0517",NA,"likelihood",1917,5.767e-05
48,"C_Date","S31-1305 J0517",NA,"likelihood",1918,5.415e-05
48,"C_Date","S31-1305 J0517",NA,"likelihood",1919,5.083e-05
48,"C_Date","S31-1305 J0517",NA,"likelihood",1920,4.768e-05
48,"C_Date","S31-1305 J0517",NA,"likelihood",1921,4.471e-05
48,"C_Date","S31-1305 J0517",NA,"likelihood",1922,4.192e-05
48,"C_Date","S31-1305 J0517",NA,"likelihood",1923,3.928e-05
48,"C_Date","S31-1305 J0517",NA,"likelihood",1924,3.68e-05
48,"C_Date","S31-1305 J0517",NA,"likelihood",1925,3.445e-05
48,"C_Date","S31-1305 J0517",NA,"likelihood",1926,3.224e-05
48,"C_Date","S31-1305 J0517",NA,"likelihood",1927,3.0168e-05
48,"C_Date","S31-1305 J0517",NA,"likelihood",1928,2.8213e-05
48,"C_Date","S31-1305 J0517",NA,"likelihood",1929,2.637e-05
48,"C_Date","S31-1305 J0517",NA,"likelihood",1930,2.4647e-05
48,"C_Date","S31-1305 J0517",NA,"likelihood",1931,2.3019e-05
48,"C_Date","S31-1305 J0517",NA,"likelihood",1932,2.1495e-05
48,"C_Date","S31-1305 J0517",NA,"likelihood",1933,2.0059e-05
48,"C_Date","S31-1305 J0517",NA,"likelihood",1934,1.8718e-05
48,"C_Date","S31-1305 J0517",NA,"likelihood",1935,1.745e-05
48,"C_Date","S31-1305 J0517",NA,"likelihood",1936,1.6269e-05
48,"C_Date","S31-1305 J0517",NA,"likelihood",1937,1.516e-05
48,"C_Date","S31-1305 J0517",NA,"likelihood",1938,1.4123e-05
48,"C_Date","S31-1305 J0517",NA,"likelihood",1939,1.3149e-05
48,"C_Date","S31-1305 J0517",NA,"likelihood",1940,1.224e-05
48,"C_Date","S31-1305 J0517",NA,"likelihood",1941,1.1386e-05
48,"C_Date","S31-1305 J0517",NA,"likelihood",1942,1.0588e-05
48,"C_Date","S31-1305 J0517",NA,"likelihood",1943,9.846e-06
48,"C_Date","S31-1305 J0517",NA,"likelihood",1944,9.144e-06
48,"C_Date","S31-1305 J0517",NA,"likelihood",1945,8.497e-06
48,"C_Date","S31-1305 J0517",NA,"likelihood",1946,7.891e-06
48,"C_Date","S31-1305 J0517",NA,"likelihood",1947,7.325e-06
48,"C_Date","S31-1305 J0517",NA,"likelihood",1948,6.79e-06
48,"C_Date","S31-1305 J0517",NA,"likelihood",1949,6.295e-06
48,"C_Date","S31-1305 J0517",NA,"likelihood",1950,5.841e-06
48,"C_Date","S31-1305 J0517",NA,"likelihood",1951,5.41e-06
48,"C_Date","S31-1305 J0517",NA,"likelihood",1952,5.011e-06
48,"C_Date","S31-1305 J0517",NA,"likelihood",1953,4.644e-06
48,"C_Date","S31-1305 J0517",NA,"likelihood",1954,4.293e-06
48,"C_Date","S31-1305 J0517",NA,"likelihood",1955,3.973e-06
48,"C_Date","S31-1305 J0517",NA,"likelihood",1956,3.67e-06
48,"C_Date","S31-1305 J0517",NA,"likelihood",1957,3.399e-06
48,"C_Date","S31-1305 J0517",NA,"likelihood",1958,3.1357e-06
48,"C_Date","S31-1305 J0517",NA,"likelihood",1959,2.8963e-06
48,"C_Date","S31-1305 J0517",NA,"likelihood",1960,2.6729e-06
48,"C_Date","S31-1305 J0517",NA,"likelihood",1961,2.4734e-06
48,"C_Date","S31-1305 J0517",NA,"likelihood",1962,2.282e-06
48,"C_Date","S31-1305 J0517",NA,"likelihood",1963,2.0984e-06
48,"C_Date","S31-1305 J0517",NA,"likelihood",1964,1.9389e-06
48,"C_Date","S31-1305 J0517",NA,"likelihood",1965,1.7873e-06
48,"C_Date","S31-1305 J0517",NA,"likelihood",1966,1.6436e-06
48,"C_Date","S31-1305 J0517",NA,"likelihood",1967,1.516e-06
48,"C_Date","S31-1305 J0517",NA,"likelihood",1968,1.3963e-06
48,"C_Date","S31-1305 J0517",NA,"likelihood",1969,1.2846e-06
48,"C_Date","S31-1305 J0517",NA,"likelihood",1970,1.1809e-06
48,"C_Date","S31-1305 J0517",NA,"likelihood",1971,1.0851e-06
48,"C_Date","S31-1305 J0517",NA,"likelihood",1972,9.974e-07
48,"C_Date","S31-1305 J0517",NA,"likelihood",1973,9.176e-07
48,"C_Date","S31-1305 J0517",NA,"likelihood",1974,8.378e-07
48,"C_Date","S31-1305 J0517",NA,"likelihood",1975,7.739e-07
48,"C_Date","S31-1305 J0517",NA,"likelihood",1976,7.101e-07
48,"C_Date","S31-1305 J0517",NA,"likelihood",1977,6.463e-07
48,"C_Date","S31-1305 J0517",NA,"likelihood",1978,5.904e-07
48,"C_Date","S31-1305 J0517",NA,"likelihood",1979,5.426e-07
48,"C_Date","S31-1305 J0517",NA,"likelihood",1980,5.027e-07
48,"C_Date","S31-1305 J0517",NA,"likelihood",1981,4.548e-07
48,"C_Date","S31-1305 J0517",NA,"likelihood",1982,4.149e-07
48,"C_Date","S31-1305 J0517",NA,"likelihood",1983,3.83e-07
48,"C_Date","S31-1305 J0517",NA,"likelihood",1984,3.511e-07
48,"C_Date","S31-1305 J0517",NA,"likelihood",1985,3.192e-07
48,"C_Date","S31-1305 J0517",NA,"likelihood",1986,2.9522e-07
48,"C_Date","S31-1305 J0517",NA,"likelihood",1987,2.633e-07
48,"C_Date","S31-1305 J0517",NA,"likelihood",1988,2.4734e-07
48,"C_Date","S31-1305 J0517",NA,"likelihood",1989,2.2341e-07
48,"C_Date","S31-1305 J0517",NA,"likelihood",1990,1.9947e-07
48,"C_Date","S31-1305 J0517",NA,"likelihood",1991,1.8351e-07
48,"C_Date","S31-1305 J0517",NA,"likelihood",1992,1.6756e-07
48,"C_Date","S31-1305 J0517",NA,"likelihood",1993,1.516e-07
48,"C_Date","S31-1305 J0517",NA,"likelihood",1994,1.4362e-07
48,"C_Date","S31-1305 J0517",NA,"likelihood",1995,1.2766e-07
48,"C_Date","S31-1305 J0517",NA,"likelihood",1996,1.1968e-07
48,"C_Date","S31-1305 J0517",NA,"likelihood",1997,1.0373e-07
48,"C_Date","S31-1305 J0517",NA,"likelihood",1998,9.575e-08
48,"C_Date","S31-1305 J0517",NA,"likelihood",1999,8.777e-08
48,"C_Date","S31-1305 J0517",NA,"likelihood",2000,7.979e-08
48,"C_Date","S31-1305 J0517",NA,"likelihood",2001,7.181e-08
48,"C_Date","S31-1305 J0517",NA,"likelihood",2002,6.383e-08
48,"C_Date","S31-1305 J0517",NA,"likelihood",2003,5.585e-08
48,"C_Date","S31-1305 J0517",NA,"likelihood",2004,5.585e-08
48,"C_Date","S31-1305 J0517",NA,"likelihood",2005,4.787e-08
48,"C_Date","S31-1305 J0517",NA,"likelihood",2006,4.787e-08
48,"C_Date","S31-1305 J0517",NA,"likelihood",2007,3.989e-08
48,"C_Date","S31-1305 J0517",NA,"likelihood",2008,3.989e-08
48,"C_Date","S31-1305 J0517",NA,"likelihood",2009,3.192e-08
48,"C_Date","S31-1305 J0517",NA,"likelihood",2010,3.192e-08
48,"C_Date","S31-1305 J0517",NA,"likelihood",2011,2.3937e-08
48,"C_Date","S31-1305 J0517",NA,"likelihood",2012,2.3937e-08
48,"C_Date","S31-1305 J0517",NA,"likelihood",2013,2.3937e-08
48,"C_Date","S31-1305 J0517",NA,"likelihood",2014,1.5958e-08
48,"C_Date","S31-1305 J0517",NA,"likelihood",2015,1.5958e-08
48,"C_Date","S31-1305 J0517",NA,"likelihood",2016,1.5958e-08
48,"C_Date","S31-1305 J0517",NA,"likelihood",2017,1.5958e-08
48,"C_Date","S31-1305 J0517",NA,"likelihood",2018,1.5958e-08
48,"C_Date","S31-1305 J0517",NA,"likelihood",2019,7.979e-09
48,"C_Date","S31-1305 J0517",NA,"likelihood",2020,7.979e-09
48,"C_Date","S31-1305 J0517",NA,"likelihood",2021,7.979e-09
48,"C_Date","S31-1305 J0517",NA,"likelihood",2022,7.979e-09
48,"C_Date","S31-1305 J0517",NA,"likelihood",2023,7.979e-09
48,"C_Date","S31-1305 J0517",NA,"likelihood",2024,7.979e-09
48,"C_Date","S31-1305 J0517",NA,"likelihood",2025,0
48,"C_Date","S31-1305 J0517",NA,"posterior",1738,0
48,"C_Date","S31-1305 J0517",NA,"posterior",1739,7.294e-06
48,"C_Date","S31-1305 J0517",NA,"posterior",1740,6.252e-06
48,"C_Date","S31-1305 J0517",NA,"posterior",1741,1.8756e-05
48,"C_Date","S31-1305 J0517",NA,"posterior",1742,1.2504e-05
48,"C_Date","S31-1305 J0517",NA,"posterior",1743,3.0201e-05
48,"C_Date","S31-1305 J0517",NA,"posterior",1744,1.563e-05
48,"C_Date","S31-1305 J0517",NA,"posterior",1745,1.7714e-05
48,"C_Date","S31-1305 J0517",NA,"posterior",1746,2.1882e-05
48,"C_Date","S31-1305 J0517",NA,"posterior",1747,3.333e-05
48,"C_Date","S31-1305 J0517",NA,"posterior",1748,4.062e-05
48,"C_Date","S31-1305 J0517",NA,"posterior",1749,5e-05
48,"C_Date","S31-1305 J0517",NA,"posterior",1750,5.521e-05
48,"C_Date","S31-1305 J0517",NA,"posterior",1751,6.667e-05
48,"C_Date","S31-1305 J0517",NA,"posterior",1752,0.00011875
48,"C_Date","S31-1305 J0517",NA,"posterior",1753,0.00011042
48,"C_Date","S31-1305 J0517",NA,"posterior",1754,0.00013438
48,"C_Date","S31-1305 J0517",NA,"posterior",1755,0.00016042
48,"C_Date","S31-1305 J0517",NA,"posterior",1756,0.00018021
48,"C_Date","S31-1305 J0517",NA,"posterior",1757,0.00020312
48,"C_Date","S31-1305 J0517",NA,"posterior",1758,0.00026562
48,"C_Date","S31-1305 J0517",NA,"posterior",1759,0.00028959
48,"C_Date","S31-1305 J0517",NA,"posterior",1760,0.0003823
48,"C_Date","S31-1305 J0517",NA,"posterior",1761,0.0003635
48,"C_Date","S31-1305 J0517",NA,"posterior",1762,0.0004844
48,"C_Date","S31-1305 J0517",NA,"posterior",1763,0.000599
48,"C_Date","S31-1305 J0517",NA,"posterior",1764,0.000625
48,"C_Date","S31-1305 J0517",NA,"posterior",1765,0.0006125
48,"C_Date","S31-1305 J0517",NA,"posterior",1766,0.000776
48,"C_Date","S31-1305 J0517",NA,"posterior",1767,9e-04
48,"C_Date","S31-1305 J0517",NA,"posterior",1768,0.0010469
48,"C_Date","S31-1305 J0517",NA,"posterior",1769,0.0011563
48,"C_Date","S31-1305 J0517",NA,"posterior",1770,0.0012271
48,"C_Date","S31-1305 J0517",NA,"posterior",1771,0.0014521
48,"C_Date","S31-1305 J0517",NA,"posterior",1772,0.0014948
48,"C_Date","S31-1305 J0517",NA,"posterior",1773,0.0016531
48,"C_Date","S31-1305 J0517",NA,"posterior",1774,0.0017958
48,"C_Date","S31-1305 J0517",NA,"posterior",1775,0.0021167
48,"C_Date","S31-1305 J0517",NA,"posterior",1776,0.0023511
48,"C_Date","S31-1305 J0517",NA,"posterior",1777,0.0025302
48,"C_Date","S31-1305 J0517",NA,"posterior",1778,0.0028042
48,"C_Date","S31-1305 J0517",NA,"posterior",1779,0.0030479
48,"C_Date","S31-1305 J0517",NA,"posterior",1780,0.003271
48,"C_Date","S31-1305 J0517",NA,"posterior",1781,0.003547
48,"C_Date","S31-1305 J0517",NA,"posterior",1782,0.003875
48,"C_Date","S31-1305 J0517",NA,"posterior",1783,0.004157
48,"C_Date","S31-1305 J0517",NA,"posterior",1784,0.004465
48,"C_Date","S31-1305 J0517",NA,"posterior",1785,0.004905
48,"C_Date","S31-1305 J0517",NA,"posterior",1786,0.005449
48,"C_Date","S31-1305 J0517",NA,"posterior",1787,0.005526
48,"C_Date","S31-1305 J0517",NA,"posterior",1788,0.005931
48,"C_Date","S31-1305 J0517",NA,"posterior",1789,0.006358
48,"C_Date","S31-1305 J0517",NA,"posterior",1790,0.006794
48,"C_Date","S31-1305 J0517",NA,"posterior",1791,0.007033
48,"C_Date","S31-1305 J0517",NA,"posterior",1792,0.007589
48,"C_Date","S31-1305 J0517",NA,"posterior",1793,0.007916
48,"C_Date","S31-1305 J0517",NA,"posterior",1794,0.008518
48,"C_Date","S31-1305 J0517",NA,"posterior",1795,0.008934
48,"C_Date","S31-1305 J0517",NA,"posterior",1796,0.009555
48,"C_Date","S31-1305 J0517",NA,"posterior",1797,0.010111
48,"C_Date","S31-1305 J0517",NA,"posterior",1798,0.0101
48,"C_Date","S31-1305 J0517",NA,"posterior",1799,0.010619
48,"C_Date","S31-1305 J0517",NA,"posterior",1800,0.01112
48,"C_Date","S31-1305 J0517",NA,"posterior",1801,0.011742
48,"C_Date","S31-1305 J0517",NA,"posterior",1802,0.011955
48,"C_Date","S31-1305 J0517",NA,"posterior",1803,0.012532
48,"C_Date","S31-1305 J0517",NA,"posterior",1804,0.013063
48,"C_Date","S31-1305 J0517",NA,"posterior",1805,0.013351
48,"C_Date","S31-1305 J0517",NA,"posterior",1806,0.013732
48,"C_Date","S31-1305 J0517",NA,"posterior",1807,0.013954
48,"C_Date","S31-1305 J0517",NA,"posterior",1808,0.014442
48,"C_Date","S31-1305 J0517",NA,"posterior",1809,0.014659
48,"C_Date","S31-1305 J0517",NA,"posterior",1810,0.015367
48,"C_Date","S31-1305 J0517",NA,"posterior",1811,0.015386
48,"C_Date","S31-1305 J0517",NA,"posterior",1812,0.015734
48,"C_Date","S31-1305 J0517",NA,"posterior",1813,0.015831
48,"C_Date","S31-1305 J0517",NA,"posterior",1814,0.016209
48,"C_Date","S31-1305 J0517",NA,"posterior",1815,0.016091
48,"C_Date","S31-1305 J0517",NA,"posterior",1816,0.01654
48,"C_Date","S31-1305 J0517",NA,"posterior",1817,0.016769
48,"C_Date","S31-1305 J0517",NA,"posterior",1818,0.016958
48,"C_Date","S31-1305 J0517",NA,"posterior",1819,0.016929
48,"C_Date","S31-1305 J0517",NA,"posterior",1820,0.017242
48,"C_Date","S31-1305 J0517",NA,"posterior",1821,0.017188
48,"C_Date","S31-1305 J0517",NA,"posterior",1822,0.017294
48,"C_Date","S31-1305 J0517",NA,"posterior",1823,0.017124
48,"C_Date","S31-1305 J0517",NA,"posterior",1824,0.01728
48,"C_Date","S31-1305 J0517",NA,"posterior",1825,0.017367
48,"C_Date","S31-1305 J0517",NA,"posterior",1826,0.017103
48,"C_Date","S31-1305 J0517",NA,"posterior",1827,0.017173
48,"C_Date","S31-1305 J0517",NA,"posterior",1828,0.016906
48,"C_Date","S31-1305 J0517",NA,"posterior",1829,0.016703
48,"C_Date","S31-1305 J0517",NA,"posterior",1830,0.016685
48,"C_Date","S31-1305 J0517",NA,"posterior",1831,0.016613
48,"C_Date","S31-1305 J0517",NA,"posterior",1832,0.016427
48,"C_Date","S31-1305 J0517",NA,"posterior",1833,0.016218
48,"C_Date","S31-1305 J0517",NA,"posterior",1834,0.01606
48,"C_Date","S31-1305 J0517",NA,"posterior",1835,0.015901
48,"C_Date","S31-1305 J0517",NA,"posterior",1836,0.015867
48,"C_Date","S31-1305 J0517",NA,"posterior",1837,0.015686
48,"C_Date","S31-1305 J0517",NA,"posterior",1838,0.015146
48,"C_Date","S31-1305 J0517",NA,"posterior",1839,0.015256
48,"C_Date","S31-1305 J0517",NA,"posterior",1840,0.014468
48,"C_Date","S31-1305 J0517",NA,"posterior",1841,0.014607
48,"C_Date","S31-1305 J0517",NA,"posterior",1842,0.014249
48,"C_Date","S31-1305 J0517",NA,"posterior",1843,0.013707
48,"C_Date","S31-1305 J0517",NA,"posterior",1844,0.01367
48,"C_Date","S31-1305 J0517",NA,"posterior",1845,0.013199
48,"C_Date","S31-1305 J0517",NA,"posterior",1846,0.012902
48,"C_Date","S31-1305 J0517",NA,"posterior",1847,0.012504
48,"C_Date","S31-1305 J0517",NA,"posterior",1848,0.012398
48,"C_Date","S31-1305 J0517",NA,"posterior",1849,0.011978
48,"C_Date","S31-1305 J0517",NA,"posterior",1850,0.011556
48,"C_Date","S31-1305 J0517",NA,"posterior",1851,0.011316
48,"C_Date","S31-1305 J0517",NA,"posterior",1852,0.010911
48,"C_Date","S31-1305 J0517",NA,"posterior",1853,0.01058
48,"C_Date","S31-1305 J0517",NA,"posterior",1854,0.01025
48,"C_Date","S31-1305 J0517",NA,"posterior",1855,0.010003
48,"C_Date","S31-1305 J0517",NA,"posterior",1856,0.009528
48,"C_Date","S31-1305 J0517",NA,"posterior",1857,0.004659
48,"C_Date","S31-1305 J0517",NA,"posterior",1858,0
48,"C_Date","S31-1305 J0517",NA,"posterior",1859,0
48,"C_Date","S31-1305 J0517",NA,"posterior",1860,0
49,"Boundary","Event 1",NA,"likelihood",1855,0
49,"Boundary","Event 1",NA,"likelihood",1856,0
49,"Boundary","Event 1",NA,"likelihood",1857,1
49,"Boundary","Event 1",NA,"likelihood",1858,0
49,"Boundary","Event 1",NA,"likelihood",1859,0
49,"Boundary","Event 1",NA,"posterior",1854,0
49,"Boundary","Event 1",NA,"posterior",1855,0
49,"Boundary","Event 1",NA,"posterior",1856,0
49,"Boundary","Event 1",NA,"posterior",1857,1
49,"Boundary","Event 1",NA,"posterior",1858,0
49,"Boundary","Event 1",NA,"posterior",1859,0
49,"Boundary","Event 1",NA,"posterior",1860,0
