"index","op","name","z","type","value","probability"
2,"Boundary","Base",,"posterior",-373,0
2,"Boundary","Base",,"posterior",-372,2.6104e-7
2,"Boundary","Base",,"posterior",-371,2.6104e-7
2,"Boundary","Base",,"posterior",-370,5.221e-7
2,"Boundary","Base",,"posterior",-369,7.831e-7
2,"Boundary","Base",,"posterior",-368,0
2,"Boundary","Base",,"posterior",-367,2.6104e-7
2,"Boundary","Base",,"posterior",-366,5.221e-7
2,"Boundary","Base",,"posterior",-365,2.6104e-7
2,"Boundary","Base",,"posterior",-364,2.6104e-7
2,"Boundary","Base",,"posterior",-363,0
2,"Boundary","Base",,"posterior",-362,0
2,"Boundary","Base",,"posterior",-361,0
2,"Boundary","Base",,"posterior",-360,0
2,"Boundary","Base",,"posterior",-359,0
2,"Boundary","Base",,"posterior",-358,7.831e-7
2,"Boundary","Base",,"posterior",-357,0
2,"Boundary","Base",,"posterior",-356,0
2,"Boundary","Base",,"posterior",-355,5.221e-7
2,"Boundary","Base",,"posterior",-354,2.6104e-7
2,"Boundary","Base",,"posterior",-353,0
2,"Boundary","Base",,"posterior",-352,0
2,"Boundary","Base",,"posterior",-351,0
2,"Boundary","Base",,"posterior",-350,0
2,"Boundary","Base",,"posterior",-349,2.6104e-7
2,"Boundary","Base",,"posterior",-348,0
2,"Boundary","Base",,"posterior",-347,0
2,"Boundary","Base",,"posterior",-346,5.221e-7
2,"Boundary","Base",,"posterior",-345,0
2,"Boundary","Base",,"posterior",-344,0
2,"Boundary","Base",,"posterior",-343,0
2,"Boundary","Base",,"posterior",-342,0
2,"Boundary","Base",,"posterior",-341,0
2,"Boundary","Base",,"posterior",-340,0
2,"Boundary","Base",,"posterior",-339,0
2,"Boundary","Base",,"posterior",-338,2.6104e-7
2,"Boundary","Base",,"posterior",-337,0
2,"Boundary","Base",,"posterior",-336,2.6104e-7
2,"Boundary","Base",,"posterior",-335,2.6104e-7
2,"Boundary","Base",,"posterior",-334,0
2,"Boundary","Base",,"posterior",-333,0
2,"Boundary","Base",,"posterior",-332,0
2,"Boundary","Base",,"posterior",-331,0
2,"Boundary","Base",,"posterior",-330,0
2,"Boundary","Base",,"posterior",-329,0
2,"Boundary","Base",,"posterior",-328,5.221e-7
2,"Boundary","Base",,"posterior",-327,0
2,"Boundary","Base",,"posterior",-326,0
2,"Boundary","Base",,"posterior",-325,0
2,"Boundary","Base",,"posterior",-324,0
2,"Boundary","Base",,"posterior",-323,0
2,"Boundary","Base",,"posterior",-322,0
2,"Boundary","Base",,"posterior",-321,2.6104e-7
2,"Boundary","Base",,"posterior",-320,2.6104e-7
2,"Boundary","Base",,"posterior",-319,2.6104e-7
2,"Boundary","Base",,"posterior",-318,2.6104e-7
2,"Boundary","Base",,"posterior",-317,0
2,"Boundary","Base",,"posterior",-316,0
2,"Boundary","Base",,"posterior",-315,0
2,"Boundary","Base",,"posterior",-314,5.221e-7
2,"Boundary","Base",,"posterior",-313,2.6104e-7
2,"Boundary","Base",,"posterior",-312,0
2,"Boundary","Base",,"posterior",-311,5.221e-7
2,"Boundary","Base",,"posterior",-310,0
2,"Boundary","Base",,"posterior",-309,5.221e-7
2,"Boundary","Base",,"posterior",-308,0
2,"Boundary","Base",,"posterior",-307,2.6104e-7
2,"Boundary","Base",,"posterior",-306,2.6104e-7
2,"Boundary","Base",,"posterior",-305,5.221e-7
2,"Boundary","Base",,"posterior",-304,0
2,"Boundary","Base",,"posterior",-303,2.6104e-7
2,"Boundary","Base",,"posterior",-302,2.6104e-7
2,"Boundary","Base",,"posterior",-301,0
2,"Boundary","Base",,"posterior",-300,2.6104e-7
2,"Boundary","Base",,"posterior",-299,2.6104e-7
2,"Boundary","Base",,"posterior",-298,0
2,"Boundary","Base",,"posterior",-297,0
2,"Boundary","Base",,"posterior",-296,0
2,"Boundary","Base",,"posterior",-295,2.6104e-7
2,"Boundary","Base",,"posterior",-294,2.6104e-7
2,"Boundary","Base",,"posterior",-293,0
2,"Boundary","Base",,"posterior",-292,2.6104e-7
2,"Boundary","Base",,"posterior",-291,0
2,"Boundary","Base",,"posterior",-290,0
2,"Boundary","Base",,"posterior",-289,0
2,"Boundary","Base",,"posterior",-288,0
2,"Boundary","Base",,"posterior",-287,5.221e-7
2,"Boundary","Base",,"posterior",-286,0
2,"Boundary","Base",,"posterior",-285,0
2,"Boundary","Base",,"posterior",-284,0
2,"Boundary","Base",,"posterior",-283,2.6104e-7
2,"Boundary","Base",,"posterior",-282,2.6104e-7
2,"Boundary","Base",,"posterior",-281,2.6104e-7
2,"Boundary","Base",,"posterior",-280,2.6104e-7
2,"Boundary","Base",,"posterior",-279,0
2,"Boundary","Base",,"posterior",-278,7.831e-7
2,"Boundary","Base",,"posterior",-277,5.221e-7
2,"Boundary","Base",,"posterior",-276,0
2,"Boundary","Base",,"posterior",-275,2.6104e-7
2,"Boundary","Base",,"posterior",-274,0
2,"Boundary","Base",,"posterior",-273,0
2,"Boundary","Base",,"posterior",-272,2.6104e-7
2,"Boundary","Base",,"posterior",-271,0
2,"Boundary","Base",,"posterior",-270,2.6104e-7
2,"Boundary","Base",,"posterior",-269,0.0000010393
2,"Boundary","Base",,"posterior",-268,5.221e-7
2,"Boundary","Base",,"posterior",-267,2.6104e-7
2,"Boundary","Base",,"posterior",-266,0
2,"Boundary","Base",,"posterior",-265,2.6104e-7
2,"Boundary","Base",,"posterior",-264,2.6104e-7
2,"Boundary","Base",,"posterior",-263,2.6104e-7
2,"Boundary","Base",,"posterior",-262,5.221e-7
2,"Boundary","Base",,"posterior",-261,5.221e-7
2,"Boundary","Base",,"posterior",-260,2.6104e-7
2,"Boundary","Base",,"posterior",-259,2.6104e-7
2,"Boundary","Base",,"posterior",-258,5.221e-7
2,"Boundary","Base",,"posterior",-257,2.6104e-7
2,"Boundary","Base",,"posterior",-256,2.6104e-7
2,"Boundary","Base",,"posterior",-255,2.6104e-7
2,"Boundary","Base",,"posterior",-254,5.221e-7
2,"Boundary","Base",,"posterior",-253,2.6104e-7
2,"Boundary","Base",,"posterior",-252,0
2,"Boundary","Base",,"posterior",-251,7.831e-7
2,"Boundary","Base",,"posterior",-250,0
2,"Boundary","Base",,"posterior",-249,2.6104e-7
2,"Boundary","Base",,"posterior",-248,2.6104e-7
2,"Boundary","Base",,"posterior",-247,2.6104e-7
2,"Boundary","Base",,"posterior",-246,0
2,"Boundary","Base",,"posterior",-245,2.6104e-7
2,"Boundary","Base",,"posterior",-244,2.6104e-7
2,"Boundary","Base",,"posterior",-243,0
2,"Boundary","Base",,"posterior",-242,0
2,"Boundary","Base",,"posterior",-241,2.6104e-7
2,"Boundary","Base",,"posterior",-240,2.6104e-7
2,"Boundary","Base",,"posterior",-239,0
2,"Boundary","Base",,"posterior",-238,2.6104e-7
2,"Boundary","Base",,"posterior",-237,0
2,"Boundary","Base",,"posterior",-236,0
2,"Boundary","Base",,"posterior",-235,5.221e-7
2,"Boundary","Base",,"posterior",-234,0
2,"Boundary","Base",,"posterior",-233,2.6104e-7
2,"Boundary","Base",,"posterior",-232,5.221e-7
2,"Boundary","Base",,"posterior",-231,0
2,"Boundary","Base",,"posterior",-230,0
2,"Boundary","Base",,"posterior",-229,5.221e-7
2,"Boundary","Base",,"posterior",-228,7.831e-7
2,"Boundary","Base",,"posterior",-227,5.221e-7
2,"Boundary","Base",,"posterior",-226,2.6104e-7
2,"Boundary","Base",,"posterior",-225,5.221e-7
2,"Boundary","Base",,"posterior",-224,2.6104e-7
2,"Boundary","Base",,"posterior",-223,0
2,"Boundary","Base",,"posterior",-222,0
2,"Boundary","Base",,"posterior",-221,0
2,"Boundary","Base",,"posterior",-220,5.221e-7
2,"Boundary","Base",,"posterior",-219,2.6104e-7
2,"Boundary","Base",,"posterior",-218,2.6104e-7
2,"Boundary","Base",,"posterior",-217,2.6104e-7
2,"Boundary","Base",,"posterior",-216,2.6104e-7
2,"Boundary","Base",,"posterior",-215,0.0000010393
2,"Boundary","Base",,"posterior",-214,2.6104e-7
2,"Boundary","Base",,"posterior",-213,5.221e-7
2,"Boundary","Base",,"posterior",-212,7.831e-7
2,"Boundary","Base",,"posterior",-211,2.6104e-7
2,"Boundary","Base",,"posterior",-210,2.6104e-7
2,"Boundary","Base",,"posterior",-209,0
2,"Boundary","Base",,"posterior",-208,2.6104e-7
2,"Boundary","Base",,"posterior",-207,2.6104e-7
2,"Boundary","Base",,"posterior",-206,2.6104e-7
2,"Boundary","Base",,"posterior",-205,0
2,"Boundary","Base",,"posterior",-204,2.6104e-7
2,"Boundary","Base",,"posterior",-203,5.221e-7
2,"Boundary","Base",,"posterior",-202,2.6104e-7
2,"Boundary","Base",,"posterior",-201,2.6104e-7
2,"Boundary","Base",,"posterior",-200,2.6104e-7
2,"Boundary","Base",,"posterior",-199,0
2,"Boundary","Base",,"posterior",-198,0
2,"Boundary","Base",,"posterior",-197,0
2,"Boundary","Base",,"posterior",-196,2.6104e-7
2,"Boundary","Base",,"posterior",-195,2.6104e-7
2,"Boundary","Base",,"posterior",-194,2.6104e-7
2,"Boundary","Base",,"posterior",-193,7.831e-7
2,"Boundary","Base",,"posterior",-192,2.6104e-7
2,"Boundary","Base",,"posterior",-191,5.221e-7
2,"Boundary","Base",,"posterior",-190,2.6104e-7
2,"Boundary","Base",,"posterior",-189,2.6104e-7
2,"Boundary","Base",,"posterior",-188,5.221e-7
2,"Boundary","Base",,"posterior",-187,5.221e-7
2,"Boundary","Base",,"posterior",-186,2.6104e-7
2,"Boundary","Base",,"posterior",-185,0
2,"Boundary","Base",,"posterior",-184,7.831e-7
2,"Boundary","Base",,"posterior",-183,7.831e-7
2,"Boundary","Base",,"posterior",-182,5.221e-7
2,"Boundary","Base",,"posterior",-181,2.6104e-7
2,"Boundary","Base",,"posterior",-180,2.6104e-7
2,"Boundary","Base",,"posterior",-179,2.6104e-7
2,"Boundary","Base",,"posterior",-178,0.0000010393
2,"Boundary","Base",,"posterior",-177,0
2,"Boundary","Base",,"posterior",-176,5.221e-7
2,"Boundary","Base",,"posterior",-175,5.221e-7
2,"Boundary","Base",,"posterior",-174,0
2,"Boundary","Base",,"posterior",-173,2.6104e-7
2,"Boundary","Base",,"posterior",-172,0
2,"Boundary","Base",,"posterior",-171,2.6104e-7
2,"Boundary","Base",,"posterior",-170,7.831e-7
2,"Boundary","Base",,"posterior",-169,2.6104e-7
2,"Boundary","Base",,"posterior",-168,5.221e-7
2,"Boundary","Base",,"posterior",-167,0.0000018225
2,"Boundary","Base",,"posterior",-166,0
2,"Boundary","Base",,"posterior",-165,5.221e-7
2,"Boundary","Base",,"posterior",-164,7.831e-7
2,"Boundary","Base",,"posterior",-163,5.221e-7
2,"Boundary","Base",,"posterior",-162,0.0000010393
2,"Boundary","Base",,"posterior",-161,5.221e-7
2,"Boundary","Base",,"posterior",-160,2.6104e-7
2,"Boundary","Base",,"posterior",-159,0.0000010393
2,"Boundary","Base",,"posterior",-158,0
2,"Boundary","Base",,"posterior",-157,5.221e-7
2,"Boundary","Base",,"posterior",-156,2.6104e-7
2,"Boundary","Base",,"posterior",-155,0
2,"Boundary","Base",,"posterior",-154,2.6104e-7
2,"Boundary","Base",,"posterior",-153,2.6104e-7
2,"Boundary","Base",,"posterior",-152,0
2,"Boundary","Base",,"posterior",-151,7.831e-7
2,"Boundary","Base",,"posterior",-150,0
2,"Boundary","Base",,"posterior",-149,0
2,"Boundary","Base",,"posterior",-148,0.0000018225
2,"Boundary","Base",,"posterior",-147,5.221e-7
2,"Boundary","Base",,"posterior",-146,7.831e-7
2,"Boundary","Base",,"posterior",-145,5.221e-7
2,"Boundary","Base",,"posterior",-144,2.6104e-7
2,"Boundary","Base",,"posterior",-143,2.6104e-7
2,"Boundary","Base",,"posterior",-142,0
2,"Boundary","Base",,"posterior",-141,7.831e-7
2,"Boundary","Base",,"posterior",-140,0.0000013004
2,"Boundary","Base",,"posterior",-139,5.221e-7
2,"Boundary","Base",,"posterior",-138,2.6104e-7
2,"Boundary","Base",,"posterior",-137,7.831e-7
2,"Boundary","Base",,"posterior",-136,5.221e-7
2,"Boundary","Base",,"posterior",-135,2.6104e-7
2,"Boundary","Base",,"posterior",-134,7.831e-7
2,"Boundary","Base",,"posterior",-133,0.0000013004
2,"Boundary","Base",,"posterior",-132,0
2,"Boundary","Base",,"posterior",-131,5.221e-7
2,"Boundary","Base",,"posterior",-130,5.221e-7
2,"Boundary","Base",,"posterior",-129,0.0000018225
2,"Boundary","Base",,"posterior",-128,0.0000013004
2,"Boundary","Base",,"posterior",-127,7.831e-7
2,"Boundary","Base",,"posterior",-126,2.6104e-7
2,"Boundary","Base",,"posterior",-125,7.831e-7
2,"Boundary","Base",,"posterior",-124,5.221e-7
2,"Boundary","Base",,"posterior",-123,7.831e-7
2,"Boundary","Base",,"posterior",-122,2.6104e-7
2,"Boundary","Base",,"posterior",-121,5.221e-7
2,"Boundary","Base",,"posterior",-120,0.0000013004
2,"Boundary","Base",,"posterior",-119,7.831e-7
2,"Boundary","Base",,"posterior",-118,2.6104e-7
2,"Boundary","Base",,"posterior",-117,0.0000010393
2,"Boundary","Base",,"posterior",-116,0.0000010393
2,"Boundary","Base",,"posterior",-115,0
2,"Boundary","Base",,"posterior",-114,5.221e-7
2,"Boundary","Base",,"posterior",-113,0.0000018225
2,"Boundary","Base",,"posterior",-112,7.831e-7
2,"Boundary","Base",,"posterior",-111,0
2,"Boundary","Base",,"posterior",-110,5.221e-7
2,"Boundary","Base",,"posterior",-109,0.0000010393
2,"Boundary","Base",,"posterior",-108,2.6104e-7
2,"Boundary","Base",,"posterior",-107,5.221e-7
2,"Boundary","Base",,"posterior",-106,2.6104e-7
2,"Boundary","Base",,"posterior",-105,5.221e-7
2,"Boundary","Base",,"posterior",-104,0
2,"Boundary","Base",,"posterior",-103,5.221e-7
2,"Boundary","Base",,"posterior",-102,7.831e-7
2,"Boundary","Base",,"posterior",-101,0
2,"Boundary","Base",,"posterior",-100,0.0000010393
2,"Boundary","Base",,"posterior",-99,5.221e-7
2,"Boundary","Base",,"posterior",-98,0.0000010393
2,"Boundary","Base",,"posterior",-97,7.831e-7
2,"Boundary","Base",,"posterior",-96,0.0000013004
2,"Boundary","Base",,"posterior",-95,0.0000010393
2,"Boundary","Base",,"posterior",-94,0.0000015614
2,"Boundary","Base",,"posterior",-93,5.221e-7
2,"Boundary","Base",,"posterior",-92,5.221e-7
2,"Boundary","Base",,"posterior",-91,5.221e-7
2,"Boundary","Base",,"posterior",-90,5.221e-7
2,"Boundary","Base",,"posterior",-89,2.6104e-7
2,"Boundary","Base",,"posterior",-88,0.0000010393
2,"Boundary","Base",,"posterior",-87,0.0000010393
2,"Boundary","Base",,"posterior",-86,0.0000010393
2,"Boundary","Base",,"posterior",-85,5.221e-7
2,"Boundary","Base",,"posterior",-84,0.0000020835
2,"Boundary","Base",,"posterior",-83,0.0000018225
2,"Boundary","Base",,"posterior",-82,0.0000013004
2,"Boundary","Base",,"posterior",-81,7.831e-7
2,"Boundary","Base",,"posterior",-80,0.0000013004
2,"Boundary","Base",,"posterior",-79,0.0000010393
2,"Boundary","Base",,"posterior",-78,0.0000010393
2,"Boundary","Base",,"posterior",-77,0.0000010393
2,"Boundary","Base",,"posterior",-76,0.0000015614
2,"Boundary","Base",,"posterior",-75,0.0000013004
2,"Boundary","Base",,"posterior",-74,0.0000018225
2,"Boundary","Base",,"posterior",-73,5.221e-7
2,"Boundary","Base",,"posterior",-72,2.6104e-7
2,"Boundary","Base",,"posterior",-71,7.831e-7
2,"Boundary","Base",,"posterior",-70,7.831e-7
2,"Boundary","Base",,"posterior",-69,5.221e-7
2,"Boundary","Base",,"posterior",-68,2.6104e-7
2,"Boundary","Base",,"posterior",-67,7.831e-7
2,"Boundary","Base",,"posterior",-66,7.831e-7
2,"Boundary","Base",,"posterior",-65,0.0000015614
2,"Boundary","Base",,"posterior",-64,7.831e-7
2,"Boundary","Base",,"posterior",-63,0.0000010393
2,"Boundary","Base",,"posterior",-62,0
2,"Boundary","Base",,"posterior",-61,0.0000018225
2,"Boundary","Base",,"posterior",-60,0.0000013004
2,"Boundary","Base",,"posterior",-59,0.0000010393
2,"Boundary","Base",,"posterior",-58,0.0000010393
2,"Boundary","Base",,"posterior",-57,0.0000026056
2,"Boundary","Base",,"posterior",-56,5.221e-7
2,"Boundary","Base",,"posterior",-55,0.0000013004
2,"Boundary","Base",,"posterior",-54,0.0000020835
2,"Boundary","Base",,"posterior",-53,0.0000010393
2,"Boundary","Base",,"posterior",-52,0
2,"Boundary","Base",,"posterior",-51,0.0000010393
2,"Boundary","Base",,"posterior",-50,0.0000020835
2,"Boundary","Base",,"posterior",-49,0.0000018225
2,"Boundary","Base",,"posterior",-48,0.0000015614
2,"Boundary","Base",,"posterior",-47,5.221e-7
2,"Boundary","Base",,"posterior",-46,7.831e-7
2,"Boundary","Base",,"posterior",-45,5.221e-7
2,"Boundary","Base",,"posterior",-44,0.0000010393
2,"Boundary","Base",,"posterior",-43,5.221e-7
2,"Boundary","Base",,"posterior",-42,7.831e-7
2,"Boundary","Base",,"posterior",-41,0.0000010393
2,"Boundary","Base",,"posterior",-40,2.6104e-7
2,"Boundary","Base",,"posterior",-39,0.0000010393
2,"Boundary","Base",,"posterior",-38,0.0000010393
2,"Boundary","Base",,"posterior",-37,0.0000031228
2,"Boundary","Base",,"posterior",-36,0.0000018225
2,"Boundary","Base",,"posterior",-35,0.0000010393
2,"Boundary","Base",,"posterior",-34,0.0000010393
2,"Boundary","Base",,"posterior",-33,7.831e-7
2,"Boundary","Base",,"posterior",-32,0.0000018225
2,"Boundary","Base",,"posterior",-31,0.000003384
2,"Boundary","Base",,"posterior",-30,0.0000015614
2,"Boundary","Base",,"posterior",-29,0.0000015614
2,"Boundary","Base",,"posterior",-28,0.0000026056
2,"Boundary","Base",,"posterior",-27,0.0000020835
2,"Boundary","Base",,"posterior",-26,0.0000015614
2,"Boundary","Base",,"posterior",-25,0.0000023445
2,"Boundary","Base",,"posterior",-24,0.0000013004
2,"Boundary","Base",,"posterior",-23,0.0000023445
2,"Boundary","Base",,"posterior",-22,0.0000020835
2,"Boundary","Base",,"posterior",-21,0.0000015614
2,"Boundary","Base",,"posterior",-20,0.0000015614
2,"Boundary","Base",,"posterior",-19,5.221e-7
2,"Boundary","Base",,"posterior",-18,0.0000013004
2,"Boundary","Base",,"posterior",-17,0.0000010393
2,"Boundary","Base",,"posterior",-16,0.0000020835
2,"Boundary","Base",,"posterior",-15,0.0000018225
2,"Boundary","Base",,"posterior",-14,0.0000013004
2,"Boundary","Base",,"posterior",-13,0.0000010393
2,"Boundary","Base",,"posterior",-12,0.0000010393
2,"Boundary","Base",,"posterior",-11,0.0000010393
2,"Boundary","Base",,"posterior",-10,2.6104e-7
2,"Boundary","Base",,"posterior",-9,0.000003645
2,"Boundary","Base",,"posterior",-8,5.221e-7
2,"Boundary","Base",,"posterior",-7,0.0000013004
2,"Boundary","Base",,"posterior",-6,0.0000028618
2,"Boundary","Base",,"posterior",-5,0.0000023445
2,"Boundary","Base",,"posterior",-4,0.0000013004
2,"Boundary","Base",,"posterior",-3,0.000004167
2,"Boundary","Base",,"posterior",-2,0.0000023445
2,"Boundary","Base",,"posterior",-1,0.0000013004
2,"Boundary","Base",,"posterior",0,0.0000020835
2,"Boundary","Base",,"posterior",1,0.0000013004
2,"Boundary","Base",,"posterior",2,0.0000020835
2,"Boundary","Base",,"posterior",3,0.0000015614
2,"Boundary","Base",,"posterior",4,0.0000023445
2,"Boundary","Base",,"posterior",5,7.831e-7
2,"Boundary","Base",,"posterior",6,5.221e-7
2,"Boundary","Base",,"posterior",7,0.0000023445
2,"Boundary","Base",,"posterior",8,0.0000018225
2,"Boundary","Base",,"posterior",9,7.831e-7
2,"Boundary","Base",,"posterior",10,0.000003384
2,"Boundary","Base",,"posterior",11,0.0000015614
2,"Boundary","Base",,"posterior",12,0.0000013004
2,"Boundary","Base",,"posterior",13,0.0000010393
2,"Boundary","Base",,"posterior",14,0.0000018225
2,"Boundary","Base",,"posterior",15,0.0000023445
2,"Boundary","Base",,"posterior",16,0.0000015614
2,"Boundary","Base",,"posterior",17,0.0000010393
2,"Boundary","Base",,"posterior",18,7.831e-7
2,"Boundary","Base",,"posterior",19,0.0000020835
2,"Boundary","Base",,"posterior",20,0.0000020835
2,"Boundary","Base",,"posterior",21,0.0000028666
2,"Boundary","Base",,"posterior",22,0.0000031228
2,"Boundary","Base",,"posterior",23,0.0000010393
2,"Boundary","Base",,"posterior",24,0.0000028618
2,"Boundary","Base",,"posterior",25,0.0000015614
2,"Boundary","Base",,"posterior",26,0.0000028618
2,"Boundary","Base",,"posterior",27,0.0000013004
2,"Boundary","Base",,"posterior",28,0.0000031228
2,"Boundary","Base",,"posterior",29,0.0000010393
2,"Boundary","Base",,"posterior",30,0.0000018225
2,"Boundary","Base",,"posterior",31,0.0000015614
2,"Boundary","Base",,"posterior",32,0.0000023445
2,"Boundary","Base",,"posterior",33,0.0000031228
2,"Boundary","Base",,"posterior",34,0.0000018225
2,"Boundary","Base",,"posterior",35,5.221e-7
2,"Boundary","Base",,"posterior",36,0.0000031228
2,"Boundary","Base",,"posterior",37,0.0000010393
2,"Boundary","Base",,"posterior",38,0.000003906
2,"Boundary","Base",,"posterior",39,0.0000013004
2,"Boundary","Base",,"posterior",40,0.0000013004
2,"Boundary","Base",,"posterior",41,5.221e-7
2,"Boundary","Base",,"posterior",42,0.000004945
2,"Boundary","Base",,"posterior",43,0.0000015614
2,"Boundary","Base",,"posterior",44,0.0000020835
2,"Boundary","Base",,"posterior",45,0.0000020835
2,"Boundary","Base",,"posterior",46,0.0000023445
2,"Boundary","Base",,"posterior",47,0.0000020835
2,"Boundary","Base",,"posterior",48,0.0000028618
2,"Boundary","Base",,"posterior",49,0.0000020835
2,"Boundary","Base",,"posterior",50,0.0000013004
2,"Boundary","Base",,"posterior",51,0.000003384
2,"Boundary","Base",,"posterior",52,2.6104e-7
2,"Boundary","Base",,"posterior",53,0.0000028618
2,"Boundary","Base",,"posterior",54,0.000003906
2,"Boundary","Base",,"posterior",55,0.000004167
2,"Boundary","Base",,"posterior",56,0.000004167
2,"Boundary","Base",,"posterior",57,0.0000018225
2,"Boundary","Base",,"posterior",58,0.0000020835
2,"Boundary","Base",,"posterior",59,0.000003906
2,"Boundary","Base",,"posterior",60,0.0000026056
2,"Boundary","Base",,"posterior",61,0.000003384
2,"Boundary","Base",,"posterior",62,0.000004167
2,"Boundary","Base",,"posterior",63,0.0000031228
2,"Boundary","Base",,"posterior",64,0.0000015614
2,"Boundary","Base",,"posterior",65,0.0000020835
2,"Boundary","Base",,"posterior",66,7.831e-7
2,"Boundary","Base",,"posterior",67,0.0000015614
2,"Boundary","Base",,"posterior",68,0.000004689
2,"Boundary","Base",,"posterior",69,0.0000020835
2,"Boundary","Base",,"posterior",70,0.000004689
2,"Boundary","Base",,"posterior",71,0.0000026056
2,"Boundary","Base",,"posterior",72,0.0000028666
2,"Boundary","Base",,"posterior",73,0.000004167
2,"Boundary","Base",,"posterior",74,0.000004167
2,"Boundary","Base",,"posterior",75,0.0000028666
2,"Boundary","Base",,"posterior",76,0.0000028618
2,"Boundary","Base",,"posterior",77,0.000005989
2,"Boundary","Base",,"posterior",78,0.000003906
2,"Boundary","Base",,"posterior",79,0.0000031228
2,"Boundary","Base",,"posterior",80,0.0000026056
2,"Boundary","Base",,"posterior",81,0.000005467
2,"Boundary","Base",,"posterior",82,0.0000026056
2,"Boundary","Base",,"posterior",83,0.000003906
2,"Boundary","Base",,"posterior",84,0.000004167
2,"Boundary","Base",,"posterior",85,0.000004945
2,"Boundary","Base",,"posterior",86,0.000003645
2,"Boundary","Base",,"posterior",87,0.0000023445
2,"Boundary","Base",,"posterior",88,0.0000020835
2,"Boundary","Base",,"posterior",89,0.0000026056
2,"Boundary","Base",,"posterior",90,0.000003645
2,"Boundary","Base",,"posterior",91,0.000004428
2,"Boundary","Base",,"posterior",92,0.000005467
2,"Boundary","Base",,"posterior",93,0.0000023445
2,"Boundary","Base",,"posterior",94,0.0000028666
2,"Boundary","Base",,"posterior",95,0.000003384
2,"Boundary","Base",,"posterior",96,0.000003645
2,"Boundary","Base",,"posterior",97,0.000004428
2,"Boundary","Base",,"posterior",98,0.000003906
2,"Boundary","Base",,"posterior",99,0.0000026056
2,"Boundary","Base",,"posterior",100,0.000005728
2,"Boundary","Base",,"posterior",101,0.0000020835
2,"Boundary","Base",,"posterior",102,0.000007029
2,"Boundary","Base",,"posterior",103,0.000004428
2,"Boundary","Base",,"posterior",104,0.000006251
2,"Boundary","Base",,"posterior",105,0.0000028666
2,"Boundary","Base",,"posterior",106,0.000005206
2,"Boundary","Base",,"posterior",107,0.0000031228
2,"Boundary","Base",,"posterior",108,0.0000015614
2,"Boundary","Base",,"posterior",109,0.000004428
2,"Boundary","Base",,"posterior",110,0.0000018225
2,"Boundary","Base",,"posterior",111,0.000003906
2,"Boundary","Base",,"posterior",112,0.000006251
2,"Boundary","Base",,"posterior",113,0.000003645
2,"Boundary","Base",,"posterior",114,0.000003906
2,"Boundary","Base",,"posterior",115,0.000006768
2,"Boundary","Base",,"posterior",116,0.000007029
2,"Boundary","Base",,"posterior",117,0.000004945
2,"Boundary","Base",,"posterior",118,0.000004684
2,"Boundary","Base",,"posterior",119,0.000005467
2,"Boundary","Base",,"posterior",120,0.000007029
2,"Boundary","Base",,"posterior",121,0.000007551
2,"Boundary","Base",,"posterior",122,0.000005728
2,"Boundary","Base",,"posterior",123,0.0000028666
2,"Boundary","Base",,"posterior",124,0.0000031228
2,"Boundary","Base",,"posterior",125,0.000005728
2,"Boundary","Base",,"posterior",126,0.000005206
2,"Boundary","Base",,"posterior",127,0.000006512
2,"Boundary","Base",,"posterior",128,0.000003384
2,"Boundary","Base",,"posterior",129,0.000007812
2,"Boundary","Base",,"posterior",130,0.0000031228
2,"Boundary","Base",,"posterior",131,0.000005467
2,"Boundary","Base",,"posterior",132,0.000004945
2,"Boundary","Base",,"posterior",133,0.0000028666
2,"Boundary","Base",,"posterior",134,0.000005206
2,"Boundary","Base",,"posterior",135,0.000005467
2,"Boundary","Base",,"posterior",136,0.000004945
2,"Boundary","Base",,"posterior",137,0.000004428
2,"Boundary","Base",,"posterior",138,0.000004689
2,"Boundary","Base",,"posterior",139,0.000005206
2,"Boundary","Base",,"posterior",140,0.000005989
2,"Boundary","Base",,"posterior",141,0.000006512
2,"Boundary","Base",,"posterior",142,0.0000018225
2,"Boundary","Base",,"posterior",143,0.000008334
2,"Boundary","Base",,"posterior",144,0.000005206
2,"Boundary","Base",,"posterior",145,0.000004428
2,"Boundary","Base",,"posterior",146,0.00000729
2,"Boundary","Base",,"posterior",147,0.000006251
2,"Boundary","Base",,"posterior",148,0.000005728
2,"Boundary","Base",,"posterior",149,0.000008334
2,"Boundary","Base",,"posterior",150,0.000005206
2,"Boundary","Base",,"posterior",151,0.00000729
2,"Boundary","Base",,"posterior",152,0.000005467
2,"Boundary","Base",,"posterior",153,0.000009634
2,"Boundary","Base",,"posterior",154,0.000006512
2,"Boundary","Base",,"posterior",155,0.000010935
2,"Boundary","Base",,"posterior",156,0.000010156
2,"Boundary","Base",,"posterior",157,0.000009112
2,"Boundary","Base",,"posterior",158,0.000005206
2,"Boundary","Base",,"posterior",159,0.000008595
2,"Boundary","Base",,"posterior",160,0.000006512
2,"Boundary","Base",,"posterior",161,0.000009895
2,"Boundary","Base",,"posterior",162,0.000005989
2,"Boundary","Base",,"posterior",163,0.00000729
2,"Boundary","Base",,"posterior",164,0.000010156
2,"Boundary","Base",,"posterior",165,0.000011457
2,"Boundary","Base",,"posterior",166,0.000006251
2,"Boundary","Base",,"posterior",167,0.000008073
2,"Boundary","Base",,"posterior",168,0.00000859
2,"Boundary","Base",,"posterior",169,0.000008851
2,"Boundary","Base",,"posterior",170,0.000007812
2,"Boundary","Base",,"posterior",171,0.000006251
2,"Boundary","Base",,"posterior",172,0.000006507
2,"Boundary","Base",,"posterior",173,0.000010674
2,"Boundary","Base",,"posterior",174,0.000006251
2,"Boundary","Base",,"posterior",175,0.000009895
2,"Boundary","Base",,"posterior",176,0.000007029
2,"Boundary","Base",,"posterior",177,0.00000729
2,"Boundary","Base",,"posterior",178,0.000005989
2,"Boundary","Base",,"posterior",179,0.00000729
2,"Boundary","Base",,"posterior",180,0.000007551
2,"Boundary","Base",,"posterior",181,0.000011457
2,"Boundary","Base",,"posterior",182,0.000012757
2,"Boundary","Base",,"posterior",183,0.00001224
2,"Boundary","Base",,"posterior",184,0.000009634
2,"Boundary","Base",,"posterior",185,0.000008851
2,"Boundary","Base",,"posterior",186,0.000005206
2,"Boundary","Base",,"posterior",187,0.000008073
2,"Boundary","Base",,"posterior",188,0.000012496
2,"Boundary","Base",,"posterior",189,0.000009112
2,"Boundary","Base",,"posterior",190,0.000008595
2,"Boundary","Base",,"posterior",191,0.000007029
2,"Boundary","Base",,"posterior",192,0.000010418
2,"Boundary","Base",,"posterior",193,0.000011196
2,"Boundary","Base",,"posterior",194,0.000010674
2,"Boundary","Base",,"posterior",195,0.000014062
2,"Boundary","Base",,"posterior",196,0.000011196
2,"Boundary","Base",,"posterior",197,0.000011196
2,"Boundary","Base",,"posterior",198,0.000013018
2,"Boundary","Base",,"posterior",199,0.000009112
2,"Boundary","Base",,"posterior",200,0.000011979
2,"Boundary","Base",,"posterior",201,0.000010674
2,"Boundary","Base",,"posterior",202,0.000009634
2,"Boundary","Base",,"posterior",203,0.000009112
2,"Boundary","Base",,"posterior",204,0.000009895
2,"Boundary","Base",,"posterior",205,0.000015102
2,"Boundary","Base",,"posterior",206,0.000008334
2,"Boundary","Base",,"posterior",207,0.000011979
2,"Boundary","Base",,"posterior",208,0.000011196
2,"Boundary","Base",,"posterior",209,0.000007029
2,"Boundary","Base",,"posterior",210,0.000008851
2,"Boundary","Base",,"posterior",211,0.000007029
2,"Boundary","Base",,"posterior",212,0.000012501
2,"Boundary","Base",,"posterior",213,0.000011718
2,"Boundary","Base",,"posterior",214,0.000015624
2,"Boundary","Base",,"posterior",215,0.000006768
2,"Boundary","Base",,"posterior",216,0.000011196
2,"Boundary","Base",,"posterior",217,0.000016663
2,"Boundary","Base",,"posterior",218,0.000010674
2,"Boundary","Base",,"posterior",219,0.000010418
2,"Boundary","Base",,"posterior",220,0.000013801
2,"Boundary","Base",,"posterior",221,0.000016407
2,"Boundary","Base",,"posterior",222,0.000011457
2,"Boundary","Base",,"posterior",223,0.00001458
2,"Boundary","Base",,"posterior",224,0.000020308
2,"Boundary","Base",,"posterior",225,0.000017968
2,"Boundary","Base",,"posterior",226,0.000019008
2,"Boundary","Base",,"posterior",227,0.000015624
2,"Boundary","Base",,"posterior",228,0.000016402
2,"Boundary","Base",,"posterior",229,0.000016663
2,"Boundary","Base",,"posterior",230,0.000016402
2,"Boundary","Base",,"posterior",231,0.000015885
2,"Boundary","Base",,"posterior",232,0.000020569
2,"Boundary","Base",,"posterior",233,0.000015363
2,"Boundary","Base",,"posterior",234,0.000019269
2,"Boundary","Base",,"posterior",235,0.00001354
2,"Boundary","Base",,"posterior",236,0.000015885
2,"Boundary","Base",,"posterior",237,0.000016924
2,"Boundary","Base",,"posterior",238,0.000013279
2,"Boundary","Base",,"posterior",239,0.000016663
2,"Boundary","Base",,"posterior",240,0.000017707
2,"Boundary","Base",,"posterior",241,0.000013018
2,"Boundary","Base",,"posterior",242,0.000021091
2,"Boundary","Base",,"posterior",243,0.000018747
2,"Boundary","Base",,"posterior",244,0.000022914
2,"Boundary","Base",,"posterior",245,0.000022653
2,"Boundary","Base",,"posterior",246,0.000017185
2,"Boundary","Base",,"posterior",247,0.000019791
2,"Boundary","Base",,"posterior",248,0.000019269
2,"Boundary","Base",,"posterior",249,0.000018225
2,"Boundary","Base",,"posterior",250,0.000018229
2,"Boundary","Base",,"posterior",251,0.000021874
2,"Boundary","Base",,"posterior",252,0.000016668
2,"Boundary","Base",,"posterior",253,0.000017968
2,"Boundary","Base",,"posterior",254,0.000022914
2,"Boundary","Base",,"posterior",255,0.000021091
2,"Boundary","Base",,"posterior",256,0.000024475
2,"Boundary","Base",,"posterior",257,0.000031248
2,"Boundary","Base",,"posterior",258,0.000016407
2,"Boundary","Base",,"posterior",259,0.000015102
2,"Boundary","Base",,"posterior",260,0.00002682
2,"Boundary","Base",,"posterior",261,0.000021874
2,"Boundary","Base",,"posterior",262,0.000026559
2,"Boundary","Base",,"posterior",263,0.000020052
2,"Boundary","Base",,"posterior",264,0.000031504
2,"Boundary","Base",,"posterior",265,0.000024475
2,"Boundary","Base",,"posterior",266,0.000023697
2,"Boundary","Base",,"posterior",267,0.000023953
2,"Boundary","Base",,"posterior",268,0.00003359
2,"Boundary","Base",,"posterior",269,0.000018747
2,"Boundary","Base",,"posterior",270,0.00002578
2,"Boundary","Base",,"posterior",271,0.000024997
2,"Boundary","Base",,"posterior",272,0.000029425
2,"Boundary","Base",,"posterior",273,0.00002812
2,"Boundary","Base",,"posterior",274,0.000022392
2,"Boundary","Base",,"posterior",275,0.000022135
2,"Boundary","Base",,"posterior",276,0.000026041
2,"Boundary","Base",,"posterior",277,0.00003411
2,"Boundary","Base",,"posterior",278,0.000025519
2,"Boundary","Base",,"posterior",279,0.000030987
2,"Boundary","Base",,"posterior",280,0.000019269
2,"Boundary","Base",,"posterior",281,0.000024475
2,"Boundary","Base",,"posterior",282,0.00003463
2,"Boundary","Base",,"posterior",283,0.00002083
2,"Boundary","Base",,"posterior",284,0.000022914
2,"Boundary","Base",,"posterior",285,0.00003619
2,"Boundary","Base",,"posterior",286,0.00003333
2,"Boundary","Base",,"posterior",287,0.000021091
2,"Boundary","Base",,"posterior",288,0.000029681
2,"Boundary","Base",,"posterior",289,0.00003437
2,"Boundary","Base",,"posterior",290,0.000030726
2,"Boundary","Base",,"posterior",291,0.000024997
2,"Boundary","Base",,"posterior",292,0.000027081
2,"Boundary","Base",,"posterior",293,0.00003541
2,"Boundary","Base",,"posterior",294,0.000029164
2,"Boundary","Base",,"posterior",295,0.000029425
2,"Boundary","Base",,"posterior",296,0.000030987
2,"Boundary","Base",,"posterior",297,0.00004348
2,"Boundary","Base",,"posterior",298,0.000030987
2,"Boundary","Base",,"posterior",299,0.00003359
2,"Boundary","Base",,"posterior",300,0.000024736
2,"Boundary","Base",,"posterior",301,0.00003672
2,"Boundary","Base",,"posterior",302,0.00003854
2,"Boundary","Base",,"posterior",303,0.00003645
2,"Boundary","Base",,"posterior",304,0.00004062
2,"Boundary","Base",,"posterior",305,0.00003489
2,"Boundary","Base",,"posterior",306,0.00003489
2,"Boundary","Base",,"posterior",307,0.00003906
2,"Boundary","Base",,"posterior",308,0.0000388
2,"Boundary","Base",,"posterior",309,0.00003203
2,"Boundary","Base",,"posterior",310,0.000029947
2,"Boundary","Base",,"posterior",311,0.00003645
2,"Boundary","Base",,"posterior",312,0.00003697
2,"Boundary","Base",,"posterior",313,0.00003645
2,"Boundary","Base",,"posterior",314,0.00004244
2,"Boundary","Base",,"posterior",315,0.00003672
2,"Boundary","Base",,"posterior",316,0.00003905
2,"Boundary","Base",,"posterior",317,0.00004661
2,"Boundary","Base",,"posterior",318,0.00003177
2,"Boundary","Base",,"posterior",319,0.00004973
2,"Boundary","Base",,"posterior",320,0.00003828
2,"Boundary","Base",,"posterior",321,0.00004922
2,"Boundary","Base",,"posterior",322,0.00004323
2,"Boundary","Base",,"posterior",323,0.00003672
2,"Boundary","Base",,"posterior",324,0.00004635
2,"Boundary","Base",,"posterior",325,0.00004791
2,"Boundary","Base",,"posterior",326,0.00004791
2,"Boundary","Base",,"posterior",327,0.00003802
2,"Boundary","Base",,"posterior",328,0.00004322
2,"Boundary","Base",,"posterior",329,0.00004713
2,"Boundary","Base",,"posterior",330,0.00004687
2,"Boundary","Base",,"posterior",331,0.00004869
2,"Boundary","Base",,"posterior",332,0.00004479
2,"Boundary","Base",,"posterior",333,0.00005494
2,"Boundary","Base",,"posterior",334,0.00005286
2,"Boundary","Base",,"posterior",335,0.00005651
2,"Boundary","Base",,"posterior",336,0.00005572
2,"Boundary","Base",,"posterior",337,0.00004661
2,"Boundary","Base",,"posterior",338,0.00005182
2,"Boundary","Base",,"posterior",339,0.0000513
2,"Boundary","Base",,"posterior",340,0.00005103
2,"Boundary","Base",,"posterior",341,0.00004297
2,"Boundary","Base",,"posterior",342,0.0000565
2,"Boundary","Base",,"posterior",343,0.00005521
2,"Boundary","Base",,"posterior",344,0.00005885
2,"Boundary","Base",,"posterior",345,0.00004896
2,"Boundary","Base",,"posterior",346,0.00006223
2,"Boundary","Base",,"posterior",347,0.00004531
2,"Boundary","Base",,"posterior",348,0.00007317
2,"Boundary","Base",,"posterior",349,0.00006718
2,"Boundary","Base",,"posterior",350,0.00006979
2,"Boundary","Base",,"posterior",351,0.0000539
2,"Boundary","Base",,"posterior",352,0.00005078
2,"Boundary","Base",,"posterior",353,0.0000776
2,"Boundary","Base",,"posterior",354,0.00005911
2,"Boundary","Base",,"posterior",355,0.00006276
2,"Boundary","Base",,"posterior",356,0.00006041
2,"Boundary","Base",,"posterior",357,0.00006848
2,"Boundary","Base",,"posterior",358,0.00006067
2,"Boundary","Base",,"posterior",359,0.00006979
2,"Boundary","Base",,"posterior",360,0.00004973
2,"Boundary","Base",,"posterior",361,0.00007395
2,"Boundary","Base",,"posterior",362,0.0000677
2,"Boundary","Base",,"posterior",363,0.00005338
2,"Boundary","Base",,"posterior",364,0.00007213
2,"Boundary","Base",,"posterior",365,0.00005859
2,"Boundary","Base",,"posterior",366,0.00007681
2,"Boundary","Base",,"posterior",367,0.00008567
2,"Boundary","Base",,"posterior",368,0.0000638
2,"Boundary","Base",,"posterior",369,0.00007239
2,"Boundary","Base",,"posterior",370,0.00007473
2,"Boundary","Base",,"posterior",371,0.00006015
2,"Boundary","Base",,"posterior",372,0.00005026
2,"Boundary","Base",,"posterior",373,0.00007369
2,"Boundary","Base",,"posterior",374,0.00007916
2,"Boundary","Base",,"posterior",375,0.0000828
2,"Boundary","Base",,"posterior",376,0.00008593
2,"Boundary","Base",,"posterior",377,0.00007708
2,"Boundary","Base",,"posterior",378,0.00007551
2,"Boundary","Base",,"posterior",379,0.00008098
2,"Boundary","Base",,"posterior",380,0.00008983
2,"Boundary","Base",,"posterior",381,0.00009088
2,"Boundary","Base",,"posterior",382,0.00007942
2,"Boundary","Base",,"posterior",383,0.00010416
2,"Boundary","Base",,"posterior",384,0.00009738
2,"Boundary","Base",,"posterior",385,0.00009348
2,"Boundary","Base",,"posterior",386,0.00010051
2,"Boundary","Base",,"posterior",387,0.00006718
2,"Boundary","Base",,"posterior",388,0.00008723
2,"Boundary","Base",,"posterior",389,0.00010494
2,"Boundary","Base",,"posterior",390,0.00007629
2,"Boundary","Base",,"posterior",391,0.0000927
2,"Boundary","Base",,"posterior",392,0.00008072
2,"Boundary","Base",,"posterior",393,0.00009608
2,"Boundary","Base",,"posterior",394,0.00010728
2,"Boundary","Base",,"posterior",395,0.00010572
2,"Boundary","Base",,"posterior",396,0.00010624
2,"Boundary","Base",,"posterior",397,0.00011483
2,"Boundary","Base",,"posterior",398,0.00009661
2,"Boundary","Base",,"posterior",399,0.0001052
2,"Boundary","Base",,"posterior",400,0.00009374
2,"Boundary","Base",,"posterior",401,0.0001164
2,"Boundary","Base",,"posterior",402,0.00012265
2,"Boundary","Base",,"posterior",403,0.000119
2,"Boundary","Base",,"posterior",404,0.00012446
2,"Boundary","Base",,"posterior",405,0.00012108
2,"Boundary","Base",,"posterior",406,0.00012082
2,"Boundary","Base",,"posterior",407,0.00011744
2,"Boundary","Base",,"posterior",408,0.00016821
2,"Boundary","Base",,"posterior",409,0.00011431
2,"Boundary","Base",,"posterior",410,0.00011483
2,"Boundary","Base",,"posterior",411,0.00014425
2,"Boundary","Base",,"posterior",412,0.00011509
2,"Boundary","Base",,"posterior",413,0.00012499
2,"Boundary","Base",,"posterior",414,0.00013593
2,"Boundary","Base",,"posterior",415,0.0001203
2,"Boundary","Base",,"posterior",416,0.00012446
2,"Boundary","Base",,"posterior",417,0.00013436
2,"Boundary","Base",,"posterior",418,0.00012863
2,"Boundary","Base",,"posterior",419,0.00011926
2,"Boundary","Base",,"posterior",420,0.00014217
2,"Boundary","Base",,"posterior",421,0.00013722
2,"Boundary","Base",,"posterior",422,0.00011821
2,"Boundary","Base",,"posterior",423,0.00014269
2,"Boundary","Base",,"posterior",424,0.00014009
2,"Boundary","Base",,"posterior",425,0.00011561
2,"Boundary","Base",,"posterior",426,0.00015233
2,"Boundary","Base",,"posterior",427,0.00015701
2,"Boundary","Base",,"posterior",428,0.00014843
2,"Boundary","Base",,"posterior",429,0.00015181
2,"Boundary","Base",,"posterior",430,0.00013098
2,"Boundary","Base",,"posterior",431,0.00015727
2,"Boundary","Base",,"posterior",432,0.00017003
2,"Boundary","Base",,"posterior",433,0.00014894
2,"Boundary","Base",,"posterior",434,0.0001716
2,"Boundary","Base",,"posterior",435,0.00015832
2,"Boundary","Base",,"posterior",436,0.0001479
2,"Boundary","Base",,"posterior",437,0.00018175
2,"Boundary","Base",,"posterior",438,0.00014868
2,"Boundary","Base",,"posterior",439,0.00015649
2,"Boundary","Base",,"posterior",440,0.00016223
2,"Boundary","Base",,"posterior",441,0.00017941
2,"Boundary","Base",,"posterior",442,0.00020284
2,"Boundary","Base",,"posterior",443,0.00014947
2,"Boundary","Base",,"posterior",444,0.00018826
2,"Boundary","Base",,"posterior",445,0.0001742
2,"Boundary","Base",,"posterior",446,0.00018774
2,"Boundary","Base",,"posterior",447,0.00020258
2,"Boundary","Base",,"posterior",448,0.00022367
2,"Boundary","Base",,"posterior",449,0.0002208
2,"Boundary","Base",,"posterior",450,0.00019581
2,"Boundary","Base",,"posterior",451,0.00020388
2,"Boundary","Base",,"posterior",452,0.00020649
2,"Boundary","Base",,"posterior",453,0.00020623
2,"Boundary","Base",,"posterior",454,0.00018097
2,"Boundary","Base",,"posterior",455,0.00022758
2,"Boundary","Base",,"posterior",456,0.00020727
2,"Boundary","Base",,"posterior",457,0.0002346
2,"Boundary","Base",,"posterior",458,0.00016847
2,"Boundary","Base",,"posterior",459,0.00021274
2,"Boundary","Base",,"posterior",460,0.00021872
2,"Boundary","Base",,"posterior",461,0.00023617
2,"Boundary","Base",,"posterior",462,0.00022679
2,"Boundary","Base",,"posterior",463,0.00023175
2,"Boundary","Base",,"posterior",464,0.00022185
2,"Boundary","Base",,"posterior",465,0.00023878
2,"Boundary","Base",,"posterior",466,0.00027341
2,"Boundary","Base",,"posterior",467,0.00025883
2,"Boundary","Base",,"posterior",468,0.00026612
2,"Boundary","Base",,"posterior",469,0.00025857
2,"Boundary","Base",,"posterior",470,0.00023825
2,"Boundary","Base",,"posterior",471,0.00026351
2,"Boundary","Base",,"posterior",472,0.00026768
2,"Boundary","Base",,"posterior",473,0.00028174
2,"Boundary","Base",,"posterior",474,0.000263
2,"Boundary","Base",,"posterior",475,0.00029242
2,"Boundary","Base",,"posterior",476,0.00028044
2,"Boundary","Base",,"posterior",477,0.00027731
2,"Boundary","Base",,"posterior",478,0.00031012
2,"Boundary","Base",,"posterior",479,0.00026143
2,"Boundary","Base",,"posterior",480,0.00025414
2,"Boundary","Base",,"posterior",481,0.00029814
2,"Boundary","Base",,"posterior",482,0.00026456
2,"Boundary","Base",,"posterior",483,0.0003057
2,"Boundary","Base",,"posterior",484,0.0003291
2,"Boundary","Base",,"posterior",485,0.000325
2,"Boundary","Base",,"posterior",486,0.0003239
2,"Boundary","Base",,"posterior",487,0.00029763
2,"Boundary","Base",,"posterior",488,0.00030023
2,"Boundary","Base",,"posterior",489,0.0003614
2,"Boundary","Base",,"posterior",490,0.0003312
2,"Boundary","Base",,"posterior",491,0.00029893
2,"Boundary","Base",,"posterior",492,0.0003221
2,"Boundary","Base",,"posterior",493,0.00029502
2,"Boundary","Base",,"posterior",494,0.0003721
2,"Boundary","Base",,"posterior",495,0.0003448
2,"Boundary","Base",,"posterior",496,0.0003716
2,"Boundary","Base",,"posterior",497,0.0003614
2,"Boundary","Base",,"posterior",498,0.0003903
2,"Boundary","Base",,"posterior",499,0.000433
2,"Boundary","Base",,"posterior",500,0.0003791
2,"Boundary","Base",,"posterior",501,0.0004164
2,"Boundary","Base",,"posterior",502,0.0003617
2,"Boundary","Base",,"posterior",503,0.0003846
2,"Boundary","Base",,"posterior",504,0.000389
2,"Boundary","Base",,"posterior",505,0.0004445
2,"Boundary","Base",,"posterior",506,0.0004421
2,"Boundary","Base",,"posterior",507,0.0004075
2,"Boundary","Base",,"posterior",508,0.0003901
2,"Boundary","Base",,"posterior",509,0.0004322
2,"Boundary","Base",,"posterior",510,0.0004283
2,"Boundary","Base",,"posterior",511,0.0004841
2,"Boundary","Base",,"posterior",512,0.0005065
2,"Boundary","Base",,"posterior",513,0.0004583
2,"Boundary","Base",,"posterior",514,0.000432
2,"Boundary","Base",,"posterior",515,0.0004263
2,"Boundary","Base",,"posterior",516,0.0004877
2,"Boundary","Base",,"posterior",517,0.0004783
2,"Boundary","Base",,"posterior",518,0.0004416
2,"Boundary","Base",,"posterior",519,0.000514
2,"Boundary","Base",,"posterior",520,0.0005192
2,"Boundary","Base",,"posterior",521,0.0005359
2,"Boundary","Base",,"posterior",522,0.0005635
2,"Boundary","Base",,"posterior",523,0.0005552
2,"Boundary","Base",,"posterior",524,0.0005216
2,"Boundary","Base",,"posterior",525,0.0005473
2,"Boundary","Base",,"posterior",526,0.0005361
2,"Boundary","Base",,"posterior",527,0.0005356
2,"Boundary","Base",,"posterior",528,0.0005489
2,"Boundary","Base",,"posterior",529,0.0005788
2,"Boundary","Base",,"posterior",530,0.0006304
2,"Boundary","Base",,"posterior",531,0.0005515
2,"Boundary","Base",,"posterior",532,0.0006281
2,"Boundary","Base",,"posterior",533,0.0005744
2,"Boundary","Base",,"posterior",534,0.0005859
2,"Boundary","Base",,"posterior",535,0.0006192
2,"Boundary","Base",,"posterior",536,0.0006226
2,"Boundary","Base",,"posterior",537,0.000627
2,"Boundary","Base",,"posterior",538,0.0006244
2,"Boundary","Base",,"posterior",539,0.0006554
2,"Boundary","Base",,"posterior",540,0.0006419
2,"Boundary","Base",,"posterior",541,0.00067
2,"Boundary","Base",,"posterior",542,0.0006804
2,"Boundary","Base",,"posterior",543,0.000677
2,"Boundary","Base",,"posterior",544,0.0007335
2,"Boundary","Base",,"posterior",545,0.0006877
2,"Boundary","Base",,"posterior",546,0.0007333
2,"Boundary","Base",,"posterior",547,0.0006942
2,"Boundary","Base",,"posterior",548,0.0007119
2,"Boundary","Base",,"posterior",549,0.0006588
2,"Boundary","Base",,"posterior",550,0.0007814
2,"Boundary","Base",,"posterior",551,0.0008101
2,"Boundary","Base",,"posterior",552,0.0007741
2,"Boundary","Base",,"posterior",553,0.0008038
2,"Boundary","Base",,"posterior",554,0.0008056
2,"Boundary","Base",,"posterior",555,0.0008455
2,"Boundary","Base",,"posterior",556,0.0007437
2,"Boundary","Base",,"posterior",557,0.0008543
2,"Boundary","Base",,"posterior",558,0.0008861
2,"Boundary","Base",,"posterior",559,0.0007793
2,"Boundary","Base",,"posterior",560,0.0009306
2,"Boundary","Base",,"posterior",561,0.000895
2,"Boundary","Base",,"posterior",562,0.0008921
2,"Boundary","Base",,"posterior",563,0.0008892
2,"Boundary","Base",,"posterior",564,0.0008775
2,"Boundary","Base",,"posterior",565,0.0009148
2,"Boundary","Base",,"posterior",566,0.000933
2,"Boundary","Base",,"posterior",567,0.0009726
2,"Boundary","Base",,"posterior",568,0.0010022
2,"Boundary","Base",,"posterior",569,0.0010327
2,"Boundary","Base",,"posterior",570,0.0010153
2,"Boundary","Base",,"posterior",571,0.0009798
2,"Boundary","Base",,"posterior",572,0.0009473
2,"Boundary","Base",,"posterior",573,0.0010025
2,"Boundary","Base",,"posterior",574,0.0011337
2,"Boundary","Base",,"posterior",575,0.0010507
2,"Boundary","Base",,"posterior",576,0.0010567
2,"Boundary","Base",,"posterior",577,0.0010431
2,"Boundary","Base",,"posterior",578,0.0010728
2,"Boundary","Base",,"posterior",579,0.0011145
2,"Boundary","Base",,"posterior",580,0.0011512
2,"Boundary","Base",,"posterior",581,0.0012207
2,"Boundary","Base",,"posterior",582,0.0011577
2,"Boundary","Base",,"posterior",583,0.0011194
2,"Boundary","Base",,"posterior",584,0.0011626
2,"Boundary","Base",,"posterior",585,0.0012093
2,"Boundary","Base",,"posterior",586,0.0011478
2,"Boundary","Base",,"posterior",587,0.0013504
2,"Boundary","Base",,"posterior",588,0.001297
2,"Boundary","Base",,"posterior",589,0.0013527
2,"Boundary","Base",,"posterior",590,0.0012861
2,"Boundary","Base",,"posterior",591,0.001329
2,"Boundary","Base",,"posterior",592,0.001342
2,"Boundary","Base",,"posterior",593,0.00134
2,"Boundary","Base",,"posterior",594,0.0014861
2,"Boundary","Base",,"posterior",595,0.0013121
2,"Boundary","Base",,"posterior",596,0.0014829
2,"Boundary","Base",,"posterior",597,0.0016006
2,"Boundary","Base",,"posterior",598,0.0014233
2,"Boundary","Base",,"posterior",599,0.0014649
2,"Boundary","Base",,"posterior",600,0.0015212
2,"Boundary","Base",,"posterior",601,0.001498
2,"Boundary","Base",,"posterior",602,0.0016347
2,"Boundary","Base",,"posterior",603,0.0015363
2,"Boundary","Base",,"posterior",604,0.0016834
2,"Boundary","Base",,"posterior",605,0.001648
2,"Boundary","Base",,"posterior",606,0.0015886
2,"Boundary","Base",,"posterior",607,0.0016405
2,"Boundary","Base",,"posterior",608,0.0016545
2,"Boundary","Base",,"posterior",609,0.0016113
2,"Boundary","Base",,"posterior",610,0.0017683
2,"Boundary","Base",,"posterior",611,0.0016904
2,"Boundary","Base",,"posterior",612,0.0016655
2,"Boundary","Base",,"posterior",613,0.0018889
2,"Boundary","Base",,"posterior",614,0.0018069
2,"Boundary","Base",,"posterior",615,0.0017576
2,"Boundary","Base",,"posterior",616,0.0019196
2,"Boundary","Base",,"posterior",617,0.0019503
2,"Boundary","Base",,"posterior",618,0.0019829
2,"Boundary","Base",,"posterior",619,0.0019678
2,"Boundary","Base",,"posterior",620,0.0020245
2,"Boundary","Base",,"posterior",621,0.0019323
2,"Boundary","Base",,"posterior",622,0.0018873
2,"Boundary","Base",,"posterior",623,0.002193
2,"Boundary","Base",,"posterior",624,0.0019412
2,"Boundary","Base",,"posterior",625,0.0021167
2,"Boundary","Base",,"posterior",626,0.0020888
2,"Boundary","Base",,"posterior",627,0.002207
2,"Boundary","Base",,"posterior",628,0.002338
2,"Boundary","Base",,"posterior",629,0.0021279
2,"Boundary","Base",,"posterior",630,0.0024596
2,"Boundary","Base",,"posterior",631,0.0023255
2,"Boundary","Base",,"posterior",632,0.0022865
2,"Boundary","Base",,"posterior",633,0.0023005
2,"Boundary","Base",,"posterior",634,0.0023354
2,"Boundary","Base",,"posterior",635,0.0024422
2,"Boundary","Base",,"posterior",636,0.0022755
2,"Boundary","Base",,"posterior",637,0.002501
2,"Boundary","Base",,"posterior",638,0.0026549
2,"Boundary","Base",,"posterior",639,0.0025864
2,"Boundary","Base",,"posterior",640,0.0024677
2,"Boundary","Base",,"posterior",641,0.0026708
2,"Boundary","Base",,"posterior",642,0.0024807
2,"Boundary","Base",,"posterior",643,0.002656
2,"Boundary","Base",,"posterior",644,0.0026765
2,"Boundary","Base",,"posterior",645,0.0025362
2,"Boundary","Base",,"posterior",646,0.0027822
2,"Boundary","Base",,"posterior",647,0.0028091
2,"Boundary","Base",,"posterior",648,0.0027838
2,"Boundary","Base",,"posterior",649,0.0028398
2,"Boundary","Base",,"posterior",650,0.0028867
2,"Boundary","Base",,"posterior",651,0.0029711
2,"Boundary","Base",,"posterior",652,0.0030164
2,"Boundary","Base",,"posterior",653,0.002882
2,"Boundary","Base",,"posterior",654,0.0029411
2,"Boundary","Base",,"posterior",655,0.0030937
2,"Boundary","Base",,"posterior",656,0.0029236
2,"Boundary","Base",,"posterior",657,0.0028955
2,"Boundary","Base",,"posterior",658,0.0031239
2,"Boundary","Base",,"posterior",659,0.003107
2,"Boundary","Base",,"posterior",660,0.002988
2,"Boundary","Base",,"posterior",661,0.003233
2,"Boundary","Base",,"posterior",662,0.003342
2,"Boundary","Base",,"posterior",663,0.003292
2,"Boundary","Base",,"posterior",664,0.0029658
2,"Boundary","Base",,"posterior",665,0.0029554
2,"Boundary","Base",,"posterior",666,0.003313
2,"Boundary","Base",,"posterior",667,0.003283
2,"Boundary","Base",,"posterior",668,0.003168
2,"Boundary","Base",,"posterior",669,0.003373
2,"Boundary","Base",,"posterior",670,0.003393
2,"Boundary","Base",,"posterior",671,0.003171
2,"Boundary","Base",,"posterior",672,0.00328
2,"Boundary","Base",,"posterior",673,0.0033
2,"Boundary","Base",,"posterior",674,0.003423
2,"Boundary","Base",,"posterior",675,0.003423
2,"Boundary","Base",,"posterior",676,0.003351
2,"Boundary","Base",,"posterior",677,0.003476
2,"Boundary","Base",,"posterior",678,0.003505
2,"Boundary","Base",,"posterior",679,0.003549
2,"Boundary","Base",,"posterior",680,0.003369
2,"Boundary","Base",,"posterior",681,0.0037
2,"Boundary","Base",,"posterior",682,0.003731
2,"Boundary","Base",,"posterior",683,0.003669
2,"Boundary","Base",,"posterior",684,0.003497
2,"Boundary","Base",,"posterior",685,0.00354
2,"Boundary","Base",,"posterior",686,0.003392
2,"Boundary","Base",,"posterior",687,0.003703
2,"Boundary","Base",,"posterior",688,0.003575
2,"Boundary","Base",,"posterior",689,0.003617
2,"Boundary","Base",,"posterior",690,0.003973
2,"Boundary","Base",,"posterior",691,0.003594
2,"Boundary","Base",,"posterior",692,0.003774
2,"Boundary","Base",,"posterior",693,0.003618
2,"Boundary","Base",,"posterior",694,0.003497
2,"Boundary","Base",,"posterior",695,0.00355
2,"Boundary","Base",,"posterior",696,0.003695
2,"Boundary","Base",,"posterior",697,0.003493
2,"Boundary","Base",,"posterior",698,0.003732
2,"Boundary","Base",,"posterior",699,0.00377
2,"Boundary","Base",,"posterior",700,0.0038
2,"Boundary","Base",,"posterior",701,0.003715
2,"Boundary","Base",,"posterior",702,0.00365
2,"Boundary","Base",,"posterior",703,0.004069
2,"Boundary","Base",,"posterior",704,0.003746
2,"Boundary","Base",,"posterior",705,0.003854
2,"Boundary","Base",,"posterior",706,0.00392
2,"Boundary","Base",,"posterior",707,0.003955
2,"Boundary","Base",,"posterior",708,0.003955
2,"Boundary","Base",,"posterior",709,0.003814
2,"Boundary","Base",,"posterior",710,0.004123
2,"Boundary","Base",,"posterior",711,0.004239
2,"Boundary","Base",,"posterior",712,0.003809
2,"Boundary","Base",,"posterior",713,0.004219
2,"Boundary","Base",,"posterior",714,0.004195
2,"Boundary","Base",,"posterior",715,0.004054
2,"Boundary","Base",,"posterior",716,0.004105
2,"Boundary","Base",,"posterior",717,0.004083
2,"Boundary","Base",,"posterior",718,0.00419
2,"Boundary","Base",,"posterior",719,0.004313
2,"Boundary","Base",,"posterior",720,0.004181
2,"Boundary","Base",,"posterior",721,0.004424
2,"Boundary","Base",,"posterior",722,0.004053
2,"Boundary","Base",,"posterior",723,0.004393
2,"Boundary","Base",,"posterior",724,0.004135
2,"Boundary","Base",,"posterior",725,0.004389
2,"Boundary","Base",,"posterior",726,0.004379
2,"Boundary","Base",,"posterior",727,0.004238
2,"Boundary","Base",,"posterior",728,0.004459
2,"Boundary","Base",,"posterior",729,0.004322
2,"Boundary","Base",,"posterior",730,0.004382
2,"Boundary","Base",,"posterior",731,0.004335
2,"Boundary","Base",,"posterior",732,0.004585
2,"Boundary","Base",,"posterior",733,0.00459
2,"Boundary","Base",,"posterior",734,0.004451
2,"Boundary","Base",,"posterior",735,0.004666
2,"Boundary","Base",,"posterior",736,0.004653
2,"Boundary","Base",,"posterior",737,0.004523
2,"Boundary","Base",,"posterior",738,0.004525
2,"Boundary","Base",,"posterior",739,0.004618
2,"Boundary","Base",,"posterior",740,0.004834
2,"Boundary","Base",,"posterior",741,0.004583
2,"Boundary","Base",,"posterior",742,0.004483
2,"Boundary","Base",,"posterior",743,0.004688
2,"Boundary","Base",,"posterior",744,0.004551
2,"Boundary","Base",,"posterior",745,0.004359
2,"Boundary","Base",,"posterior",746,0.00427
2,"Boundary","Base",,"posterior",747,0.004053
2,"Boundary","Base",,"posterior",748,0.004746
2,"Boundary","Base",,"posterior",749,0.004638
2,"Boundary","Base",,"posterior",750,0.004353
2,"Boundary","Base",,"posterior",751,0.004353
2,"Boundary","Base",,"posterior",752,0.004495
2,"Boundary","Base",,"posterior",753,0.00408
2,"Boundary","Base",,"posterior",754,0.004185
2,"Boundary","Base",,"posterior",755,0.004163
2,"Boundary","Base",,"posterior",756,0.004121
2,"Boundary","Base",,"posterior",757,0.00435
2,"Boundary","Base",,"posterior",758,0.00427
2,"Boundary","Base",,"posterior",759,0.003965
2,"Boundary","Base",,"posterior",760,0.004008
2,"Boundary","Base",,"posterior",761,0.003802
2,"Boundary","Base",,"posterior",762,0.003591
2,"Boundary","Base",,"posterior",763,0.003789
2,"Boundary","Base",,"posterior",764,0.004002
2,"Boundary","Base",,"posterior",765,0.003937
2,"Boundary","Base",,"posterior",766,0.004005
2,"Boundary","Base",,"posterior",767,0.003654
2,"Boundary","Base",,"posterior",768,0.003642
2,"Boundary","Base",,"posterior",769,0.003472
2,"Boundary","Base",,"posterior",770,0.003397
2,"Boundary","Base",,"posterior",771,0.003335
2,"Boundary","Base",,"posterior",772,0.003374
2,"Boundary","Base",,"posterior",773,0.0030997
2,"Boundary","Base",,"posterior",774,0.003173
2,"Boundary","Base",,"posterior",775,0.0027763
2,"Boundary","Base",,"posterior",776,0.00324
2,"Boundary","Base",,"posterior",777,0.0031286
2,"Boundary","Base",,"posterior",778,0.003318
2,"Boundary","Base",,"posterior",779,0.0031393
2,"Boundary","Base",,"posterior",780,0.003189
2,"Boundary","Base",,"posterior",781,0.003233
2,"Boundary","Base",,"posterior",782,0.003212
2,"Boundary","Base",,"posterior",783,0.003407
2,"Boundary","Base",,"posterior",784,0.003242
2,"Boundary","Base",,"posterior",785,0.003585
2,"Boundary","Base",,"posterior",786,0.003297
2,"Boundary","Base",,"posterior",787,0.003354
2,"Boundary","Base",,"posterior",788,0.003356
2,"Boundary","Base",,"posterior",789,0.003309
2,"Boundary","Base",,"posterior",790,0.003494
2,"Boundary","Base",,"posterior",791,0.003182
2,"Boundary","Base",,"posterior",792,0.00358
2,"Boundary","Base",,"posterior",793,0.0031137
2,"Boundary","Base",,"posterior",794,0.003658
2,"Boundary","Base",,"posterior",795,0.003298
2,"Boundary","Base",,"posterior",796,0.003455
2,"Boundary","Base",,"posterior",797,0.00349
2,"Boundary","Base",,"posterior",798,0.003134
2,"Boundary","Base",,"posterior",799,0.003362
2,"Boundary","Base",,"posterior",800,0.003627
2,"Boundary","Base",,"posterior",801,0.003409
2,"Boundary","Base",,"posterior",802,0.003406
2,"Boundary","Base",,"posterior",803,0.003363
2,"Boundary","Base",,"posterior",804,0.003223
2,"Boundary","Base",,"posterior",805,0.003208
2,"Boundary","Base",,"posterior",806,0.003336
2,"Boundary","Base",,"posterior",807,0.003232
2,"Boundary","Base",,"posterior",808,0.003177
2,"Boundary","Base",,"posterior",809,0.003203
2,"Boundary","Base",,"posterior",810,0.003307
2,"Boundary","Base",,"posterior",811,0.003391
2,"Boundary","Base",,"posterior",812,0.0030992
2,"Boundary","Base",,"posterior",813,0.0029797
2,"Boundary","Base",,"posterior",814,0.0031015
2,"Boundary","Base",,"posterior",815,0.0029979
2,"Boundary","Base",,"posterior",816,0.0030614
2,"Boundary","Base",,"posterior",817,0.002682
2,"Boundary","Base",,"posterior",818,0.0030742
2,"Boundary","Base",,"posterior",819,0.0028471
2,"Boundary","Base",,"posterior",820,0.0027708
2,"Boundary","Base",,"posterior",821,0.0025823
2,"Boundary","Base",,"posterior",822,0.0024422
2,"Boundary","Base",,"posterior",823,0.002575
2,"Boundary","Base",,"posterior",824,0.002624
2,"Boundary","Base",,"posterior",825,0.0027302
2,"Boundary","Base",,"posterior",826,0.002738
2,"Boundary","Base",,"posterior",827,0.0026296
2,"Boundary","Base",,"posterior",828,0.002463
2,"Boundary","Base",,"posterior",829,0.0026705
2,"Boundary","Base",,"posterior",830,0.002787
2,"Boundary","Base",,"posterior",831,0.0025891
2,"Boundary","Base",,"posterior",832,0.002331
2,"Boundary","Base",,"posterior",833,0.0023594
2,"Boundary","Base",,"posterior",834,0.0024815
2,"Boundary","Base",,"posterior",835,0.0024635
2,"Boundary","Base",,"posterior",836,0.0022427
2,"Boundary","Base",,"posterior",837,0.0021917
2,"Boundary","Base",,"posterior",838,0.0025109
2,"Boundary","Base",,"posterior",839,0.0024482
2,"Boundary","Base",,"posterior",840,0.0024727
2,"Boundary","Base",,"posterior",841,0.0023024
2,"Boundary","Base",,"posterior",842,0.0020222
2,"Boundary","Base",,"posterior",843,0.0023675
2,"Boundary","Base",,"posterior",844,0.0025138
2,"Boundary","Base",,"posterior",845,0.0025586
2,"Boundary","Base",,"posterior",846,0.0023649
2,"Boundary","Base",,"posterior",847,0.0022982
2,"Boundary","Base",,"posterior",848,0.0023576
2,"Boundary","Base",,"posterior",849,0.0022365
2,"Boundary","Base",,"posterior",850,0.002336
2,"Boundary","Base",,"posterior",851,0.0020365
2,"Boundary","Base",,"posterior",852,0.0025581
2,"Boundary","Base",,"posterior",853,0.0023401
2,"Boundary","Base",,"posterior",854,0.0020196
2,"Boundary","Base",,"posterior",855,0.0019709
2,"Boundary","Base",,"posterior",856,0.0021287
2,"Boundary","Base",,"posterior",857,0.0020225
2,"Boundary","Base",,"posterior",858,0.0020774
2,"Boundary","Base",,"posterior",859,0.0020401
2,"Boundary","Base",,"posterior",860,0.0017173
2,"Boundary","Base",,"posterior",861,0.0018915
2,"Boundary","Base",,"posterior",862,0.0015873
2,"Boundary","Base",,"posterior",863,0.0016991
2,"Boundary","Base",,"posterior",864,0.0017326
2,"Boundary","Base",,"posterior",865,0.0016782
2,"Boundary","Base",,"posterior",866,0.0016868
2,"Boundary","Base",,"posterior",867,0.0014965
2,"Boundary","Base",,"posterior",868,0.0014965
2,"Boundary","Base",,"posterior",869,0.0014348
2,"Boundary","Base",,"posterior",870,0.0013603
2,"Boundary","Base",,"posterior",871,0.0012335
2,"Boundary","Base",,"posterior",872,0.0010845
2,"Boundary","Base",,"posterior",873,0.0010993
2,"Boundary","Base",,"posterior",874,0.0009791
2,"Boundary","Base",,"posterior",875,0.00106
2,"Boundary","Base",,"posterior",876,0.0009179
2,"Boundary","Base",,"posterior",877,0.0008973
2,"Boundary","Base",,"posterior",878,0.0008075
2,"Boundary","Base",,"posterior",879,0.0006984
2,"Boundary","Base",,"posterior",880,0.0006359
2,"Boundary","Base",,"posterior",881,0.0007184
2,"Boundary","Base",,"posterior",882,0.0005934
2,"Boundary","Base",,"posterior",883,0.0006494
2,"Boundary","Base",,"posterior",884,0.0007067
2,"Boundary","Base",,"posterior",885,0.0005611
2,"Boundary","Base",,"posterior",886,0.0004182
2,"Boundary","Base",,"posterior",887,0.0004817
2,"Boundary","Base",,"posterior",888,0.0004752
2,"Boundary","Base",,"posterior",889,0.0004643
2,"Boundary","Base",,"posterior",890,0.000432
2,"Boundary","Base",,"posterior",891,0.0004252
2,"Boundary","Base",,"posterior",892,0.0004093
2,"Boundary","Base",,"posterior",893,0.000401
2,"Boundary","Base",,"posterior",894,0.0003773
2,"Boundary","Base",,"posterior",895,0.0003544
2,"Boundary","Base",,"posterior",896,0.0003398
2,"Boundary","Base",,"posterior",897,0.0004526
2,"Boundary","Base",,"posterior",898,0.0004398
2,"Boundary","Base",,"posterior",899,0.0004083
2,"Boundary","Base",,"posterior",900,0.0004729
2,"Boundary","Base",,"posterior",901,0.0003872
2,"Boundary","Base",,"posterior",902,0.0003908
2,"Boundary","Base",,"posterior",903,0.0004343
2,"Boundary","Base",,"posterior",904,0.0005679
2,"Boundary","Base",,"posterior",905,0.0003484
2,"Boundary","Base",,"posterior",906,0.0004395
2,"Boundary","Base",,"posterior",907,0.0003669
2,"Boundary","Base",,"posterior",908,0.0003823
2,"Boundary","Base",,"posterior",909,0.0003718
2,"Boundary","Base",,"posterior",910,0.0004822
2,"Boundary","Base",,"posterior",911,0.0004697
2,"Boundary","Base",,"posterior",912,0.0004984
2,"Boundary","Base",,"posterior",913,0.0004619
2,"Boundary","Base",,"posterior",914,0.000531
2,"Boundary","Base",,"posterior",915,0.0004205
2,"Boundary","Base",,"posterior",916,0.0005473
2,"Boundary","Base",,"posterior",917,0.0005752
2,"Boundary","Base",,"posterior",918,0.0004354
2,"Boundary","Base",,"posterior",919,0.0004156
2,"Boundary","Base",,"posterior",920,0.0004231
2,"Boundary","Base",,"posterior",921,0.0006445
2,"Boundary","Base",,"posterior",922,0.0005137
2,"Boundary","Base",,"posterior",923,0.0007642
2,"Boundary","Base",,"posterior",924,0.0006098
2,"Boundary","Base",,"posterior",925,0.0004874
2,"Boundary","Base",,"posterior",926,0.0004677
2,"Boundary","Base",,"posterior",927,0.0005075
2,"Boundary","Base",,"posterior",928,0.0005622
2,"Boundary","Base",,"posterior",929,0.0004591
2,"Boundary","Base",,"posterior",930,0.0005033
2,"Boundary","Base",,"posterior",931,0.0006804
2,"Boundary","Base",,"posterior",932,0.0004908
2,"Boundary","Base",,"posterior",933,0.0004796
2,"Boundary","Base",,"posterior",934,0.0003932
2,"Boundary","Base",,"posterior",935,0.0003375
2,"Boundary","Base",,"posterior",936,0.0003625
2,"Boundary","Base",,"posterior",937,0.0004705
2,"Boundary","Base",,"posterior",938,0.0004164
2,"Boundary","Base",,"posterior",939,0.0003317
2,"Boundary","Base",,"posterior",940,0.00031612
2,"Boundary","Base",,"posterior",941,0.0004557
2,"Boundary","Base",,"posterior",942,0.00022212
2,"Boundary","Base",,"posterior",943,0.0003729
2,"Boundary","Base",,"posterior",944,0.00027654
2,"Boundary","Base",,"posterior",945,0.00031247
2,"Boundary","Base",,"posterior",946,0.00026847
2,"Boundary","Base",,"posterior",947,0.00023331
2,"Boundary","Base",,"posterior",948,0.00020935
2,"Boundary","Base",,"posterior",949,0.0003198
2,"Boundary","Base",,"posterior",950,0.00024893
2,"Boundary","Base",,"posterior",951,0.00025988
2,"Boundary","Base",,"posterior",952,0.00018645
2,"Boundary","Base",,"posterior",953,0.0001565
2,"Boundary","Base",,"posterior",954,0.00018514
2,"Boundary","Base",,"posterior",955,0.00021691
2,"Boundary","Base",,"posterior",956,0.00016197
2,"Boundary","Base",,"posterior",957,0.00017342
2,"Boundary","Base",,"posterior",958,0.00021717
2,"Boundary","Base",,"posterior",959,0.00016691
2,"Boundary","Base",,"posterior",960,0.00014842
2,"Boundary","Base",,"posterior",961,0.00014008
2,"Boundary","Base",,"posterior",962,0.00016873
2,"Boundary","Base",,"posterior",963,0.00010623
2,"Boundary","Base",,"posterior",964,0.00011067
2,"Boundary","Base",,"posterior",965,0.00024817
2,"Boundary","Base",,"posterior",966,0.00015858
2,"Boundary","Base",,"posterior",967,0.00022288
2,"Boundary","Base",,"posterior",968,0.00015546
2,"Boundary","Base",,"posterior",969,0.00024529
2,"Boundary","Base",,"posterior",970,0.00012837
2,"Boundary","Base",,"posterior",971,0.00009425
4,"R_Date","T3-60",,"likelihood",376.5,0
4,"R_Date","T3-60",,"likelihood",377.5,6.654e-9
4,"R_Date","T3-60",,"likelihood",378.5,6.654e-9
4,"R_Date","T3-60",,"likelihood",379.5,6.654e-9
4,"R_Date","T3-60",,"likelihood",380.5,6.654e-9
4,"R_Date","T3-60",,"likelihood",381.5,6.654e-9
4,"R_Date","T3-60",,"likelihood",382.5,1.3308e-8
4,"R_Date","T3-60",,"likelihood",383.5,1.3308e-8
4,"R_Date","T3-60",,"likelihood",384.5,1.3308e-8
4,"R_Date","T3-60",,"likelihood",385.5,1.3308e-8
4,"R_Date","T3-60",,"likelihood",386.5,1.3308e-8
4,"R_Date","T3-60",,"likelihood",387.5,1.3308e-8
4,"R_Date","T3-60",,"likelihood",388.5,1.3308e-8
4,"R_Date","T3-60",,"likelihood",389.5,1.3308e-8
4,"R_Date","T3-60",,"likelihood",390.5,1.3308e-8
4,"R_Date","T3-60",,"likelihood",391.5,1.3308e-8
4,"R_Date","T3-60",,"likelihood",392.5,1.3308e-8
4,"R_Date","T3-60",,"likelihood",393.5,1.3308e-8
4,"R_Date","T3-60",,"likelihood",394.5,1.3308e-8
4,"R_Date","T3-60",,"likelihood",395.5,1.3308e-8
4,"R_Date","T3-60",,"likelihood",396.5,1.3308e-8
4,"R_Date","T3-60",,"likelihood",397.5,1.3308e-8
4,"R_Date","T3-60",,"likelihood",398.5,6.654e-9
4,"R_Date","T3-60",,"likelihood",399.5,6.654e-9
4,"R_Date","T3-60",,"likelihood",400.5,6.654e-9
4,"R_Date","T3-60",,"likelihood",401.5,6.654e-9
4,"R_Date","T3-60",,"likelihood",402.5,1.3308e-8
4,"R_Date","T3-60",,"likelihood",403.5,1.3308e-8
4,"R_Date","T3-60",,"likelihood",404.5,1.9962e-8
4,"R_Date","T3-60",,"likelihood",405.5,2.6615e-8
4,"R_Date","T3-60",,"likelihood",406.5,3.327e-8
4,"R_Date","T3-60",,"likelihood",407.5,3.992e-8
4,"R_Date","T3-60",,"likelihood",408.5,4.658e-8
4,"R_Date","T3-60",,"likelihood",409.5,5.323e-8
4,"R_Date","T3-60",,"likelihood",410.5,5.988e-8
4,"R_Date","T3-60",,"likelihood",411.5,6.654e-8
4,"R_Date","T3-60",,"likelihood",412.5,7.985e-8
4,"R_Date","T3-60",,"likelihood",413.5,9.315e-8
4,"R_Date","T3-60",,"likelihood",414.5,1.1977e-7
4,"R_Date","T3-60",,"likelihood",415.5,1.6635e-7
4,"R_Date","T3-60",,"likelihood",416.5,2.2623e-7
4,"R_Date","T3-60",,"likelihood",417.5,3.26e-7
4,"R_Date","T3-60",,"likelihood",418.5,4.392e-7
4,"R_Date","T3-60",,"likelihood",419.5,5.855e-7
4,"R_Date","T3-60",,"likelihood",420.5,6.987e-7
4,"R_Date","T3-60",,"likelihood",421.5,8.317e-7
4,"R_Date","T3-60",,"likelihood",422.5,9.315e-7
4,"R_Date","T3-60",,"likelihood",423.5,0.0000010447
4,"R_Date","T3-60",,"likelihood",424.5,0.0000011711
4,"R_Date","T3-60",,"likelihood",425.5,0.0000013108
4,"R_Date","T3-60",,"likelihood",426.5,0.0000014705
4,"R_Date","T3-60",,"likelihood",427.5,0.0000015503
4,"R_Date","T3-60",,"likelihood",428.5,0.0000017367
4,"R_Date","T3-60",,"likelihood",429.5,0.0000019363
4,"R_Date","T3-60",,"likelihood",430.5,0.0000021625
4,"R_Date","T3-60",,"likelihood",431.5,0.0000022823
4,"R_Date","T3-60",,"likelihood",432.5,0.0000026882
4,"R_Date","T3-60",,"likelihood",433.5,0.0000029942
4,"R_Date","T3-60",,"likelihood",434.5,0.0000037
4,"R_Date","T3-60",,"likelihood",435.5,0.000004332
4,"R_Date","T3-60",,"likelihood",436.5,0.00000507
4,"R_Date","T3-60",,"likelihood",437.5,0.000005915
4,"R_Date","T3-60",,"likelihood",438.5,0.000006893
4,"R_Date","T3-60",,"likelihood",439.5,0.000007625
4,"R_Date","T3-60",,"likelihood",440.5,0.000008018
4,"R_Date","T3-60",,"likelihood",441.5,0.000008863
4,"R_Date","T3-60",,"likelihood",442.5,0.000009781
4,"R_Date","T3-60",,"likelihood",443.5,0.000010799
4,"R_Date","T3-60",,"likelihood",444.5,0.000011338
4,"R_Date","T3-60",,"likelihood",445.5,0.000011904
4,"R_Date","T3-60",,"likelihood",446.5,0.000011904
4,"R_Date","T3-60",,"likelihood",447.5,0.000011338
4,"R_Date","T3-60",,"likelihood",448.5,0.00001028
4,"R_Date","T3-60",,"likelihood",449.5,0.000009309
4,"R_Date","T3-60",,"likelihood",450.5,0.00000843
4,"R_Date","T3-60",,"likelihood",451.5,0.000007625
4,"R_Date","T3-60",,"likelihood",452.5,0.000007246
4,"R_Date","T3-60",,"likelihood",453.5,0.000007246
4,"R_Date","T3-60",,"likelihood",454.5,0.000007625
4,"R_Date","T3-60",,"likelihood",455.5,0.000008018
4,"R_Date","T3-60",,"likelihood",456.5,0.00000843
4,"R_Date","T3-60",,"likelihood",457.5,0.000008863
4,"R_Date","T3-60",,"likelihood",458.5,0.000008863
4,"R_Date","T3-60",,"likelihood",459.5,0.00000843
4,"R_Date","T3-60",,"likelihood",460.5,0.000007625
4,"R_Date","T3-60",,"likelihood",461.5,0.000006893
4,"R_Date","T3-60",,"likelihood",462.5,0.000006221
4,"R_Date","T3-60",,"likelihood",463.5,0.000005336
4,"R_Date","T3-60",,"likelihood",464.5,0.000004811
4,"R_Date","T3-60",,"likelihood",465.5,0.000004332
4,"R_Date","T3-60",,"likelihood",466.5,0.000003899
4,"R_Date","T3-60",,"likelihood",467.5,0.000003513
4,"R_Date","T3-60",,"likelihood",468.5,0.000003327
4,"R_Date","T3-60",,"likelihood",469.5,0.0000029942
4,"R_Date","T3-60",,"likelihood",470.5,0.0000029942
4,"R_Date","T3-60",,"likelihood",471.5,0.0000028345
4,"R_Date","T3-60",,"likelihood",472.5,0.0000029942
4,"R_Date","T3-60",,"likelihood",473.5,0.000003327
4,"R_Date","T3-60",,"likelihood",474.5,0.000003899
4,"R_Date","T3-60",,"likelihood",475.5,0.000004565
4,"R_Date","T3-60",,"likelihood",476.5,0.000005616
4,"R_Date","T3-60",,"likelihood",477.5,0.000006893
4,"R_Date","T3-60",,"likelihood",478.5,0.000008018
4,"R_Date","T3-60",,"likelihood",479.5,0.000009781
4,"R_Date","T3-60",,"likelihood",480.5,0.000010799
4,"R_Date","T3-60",,"likelihood",481.5,0.000011904
4,"R_Date","T3-60",,"likelihood",482.5,0.000013121
4,"R_Date","T3-60",,"likelihood",483.5,0.000013121
4,"R_Date","T3-60",,"likelihood",484.5,0.000013767
4,"R_Date","T3-60",,"likelihood",485.5,0.000013767
4,"R_Date","T3-60",,"likelihood",486.5,0.000013767
4,"R_Date","T3-60",,"likelihood",487.5,0.000014106
4,"R_Date","T3-60",,"likelihood",488.5,0.000013447
4,"R_Date","T3-60",,"likelihood",489.5,0.000013447
4,"R_Date","T3-60",,"likelihood",490.5,0.000012815
4,"R_Date","T3-60",,"likelihood",491.5,0.000012815
4,"R_Date","T3-60",,"likelihood",492.5,0.000011631
4,"R_Date","T3-60",,"likelihood",493.5,0.000011072
4,"R_Date","T3-60",,"likelihood",494.5,0.00001032
4,"R_Date","T3-60",,"likelihood",495.5,0.000009355
4,"R_Date","T3-60",,"likelihood",496.5,0.000007832
4,"R_Date","T3-60",,"likelihood",497.5,0.000006734
4,"R_Date","T3-60",,"likelihood",498.5,0.000006082
4,"R_Date","T3-60",,"likelihood",499.5,0.000005376
4,"R_Date","T3-60",,"likelihood",500.5,0.000004851
4,"R_Date","T3-60",,"likelihood",501.5,0.000004372
4,"R_Date","T3-60",,"likelihood",502.5,0.000004019
4,"R_Date","T3-60",,"likelihood",503.5,0.000004019
4,"R_Date","T3-60",,"likelihood",504.5,0.000004019
4,"R_Date","T3-60",,"likelihood",505.5,0.000004152
4,"R_Date","T3-60",,"likelihood",506.5,0.000004372
4,"R_Date","T3-60",,"likelihood",507.5,0.000004604
4,"R_Date","T3-60",,"likelihood",508.5,0.000004851
4,"R_Date","T3-60",,"likelihood",509.5,0.00000495
4,"R_Date","T3-60",,"likelihood",510.5,0.000005489
4,"R_Date","T3-60",,"likelihood",511.5,0.000005662
4,"R_Date","T3-60",,"likelihood",512.5,0.000005955
4,"R_Date","T3-60",,"likelihood",513.5,0.000005955
4,"R_Date","T3-60",,"likelihood",514.5,0.000005662
4,"R_Date","T3-60",,"likelihood",515.5,0.000005376
4,"R_Date","T3-60",,"likelihood",516.5,0.000004851
4,"R_Date","T3-60",,"likelihood",517.5,0.000004372
4,"R_Date","T3-60",,"likelihood",518.5,0.000003939
4,"R_Date","T3-60",,"likelihood",519.5,0.000003739
4,"R_Date","T3-60",,"likelihood",520.5,0.00000336
4,"R_Date","T3-60",,"likelihood",521.5,0.00000336
4,"R_Date","T3-60",,"likelihood",522.5,0.0000030874
4,"R_Date","T3-60",,"likelihood",523.5,0.0000030874
4,"R_Date","T3-60",,"likelihood",524.5,0.000003187
4,"R_Date","T3-60",,"likelihood",525.5,0.00000336
4,"R_Date","T3-60",,"likelihood",526.5,0.000003547
4,"R_Date","T3-60",,"likelihood",527.5,0.00000362
4,"R_Date","T3-60",,"likelihood",528.5,0.000003939
4,"R_Date","T3-60",,"likelihood",529.5,0.000004372
4,"R_Date","T3-60",,"likelihood",530.5,0.000004851
4,"R_Date","T3-60",,"likelihood",531.5,0.000005376
4,"R_Date","T3-60",,"likelihood",532.5,0.000005955
4,"R_Date","T3-60",,"likelihood",533.5,0.000006933
4,"R_Date","T3-60",,"likelihood",534.5,0.000007832
4,"R_Date","T3-60",,"likelihood",535.5,0.000009096
4,"R_Date","T3-60",,"likelihood",536.5,0.000010839
4,"R_Date","T3-60",,"likelihood",537.5,0.000013161
4,"R_Date","T3-60",,"likelihood",538.5,0.000015191
4,"R_Date","T3-60",,"likelihood",539.5,0.000017506
4,"R_Date","T3-60",,"likelihood",540.5,0.000020141
4,"R_Date","T3-60",,"likelihood",541.5,0.000023654
4,"R_Date","T3-60",,"likelihood",542.5,0.000027128
4,"R_Date","T3-60",,"likelihood",543.5,0.00003178
4,"R_Date","T3-60",,"likelihood",544.5,0.0000363
4,"R_Date","T3-60",,"likelihood",545.5,0.00004141
4,"R_Date","T3-60",,"likelihood",546.5,0.00004716
4,"R_Date","T3-60",,"likelihood",547.5,0.00005361
4,"R_Date","T3-60",,"likelihood",548.5,0.00006085
4,"R_Date","T3-60",,"likelihood",549.5,0.00006615
4,"R_Date","T3-60",,"likelihood",550.5,0.00007186
4,"R_Date","T3-60",,"likelihood",551.5,0.000078
4,"R_Date","T3-60",,"likelihood",552.5,0.00008125
4,"R_Date","T3-60",,"likelihood",553.5,0.00008461
4,"R_Date","T3-60",,"likelihood",554.5,0.0000881
4,"R_Date","T3-60",,"likelihood",555.5,0.00009172
4,"R_Date","T3-60",,"likelihood",556.5,0.00009172
4,"R_Date","T3-60",,"likelihood",557.5,0.00009546
4,"R_Date","T3-60",,"likelihood",558.5,0.00010121
4,"R_Date","T3-60",,"likelihood",559.5,0.00010121
4,"R_Date","T3-60",,"likelihood",560.5,0.00010528
4,"R_Date","T3-60",,"likelihood",561.5,0.00011183
4,"R_Date","T3-60",,"likelihood",562.5,0.00011629
4,"R_Date","T3-60",,"likelihood",563.5,0.00012568
4,"R_Date","T3-60",,"likelihood",564.5,0.00013573
4,"R_Date","T3-60",,"likelihood",565.5,0.00014648
4,"R_Date","T3-60",,"likelihood",566.5,0.00016057
4,"R_Date","T3-60",,"likelihood",567.5,0.00017297
4,"R_Date","T3-60",,"likelihood",568.5,0.00018617
4,"R_Date","T3-60",,"likelihood",569.5,0.00020025
4,"R_Date","T3-60",,"likelihood",570.5,0.00021524
4,"R_Date","T3-60",,"likelihood",571.5,0.00021982
4,"R_Date","T3-60",,"likelihood",572.5,0.00023609
4,"R_Date","T3-60",,"likelihood",573.5,0.00025338
4,"R_Date","T3-60",,"likelihood",574.5,0.00026608
4,"R_Date","T3-60",,"likelihood",575.5,0.00028514
4,"R_Date","T3-60",,"likelihood",576.5,0.0002951
4,"R_Date","T3-60",,"likelihood",577.5,0.00030535
4,"R_Date","T3-60",,"likelihood",578.5,0.0003159
4,"R_Date","T3-60",,"likelihood",579.5,0.0003226
4,"R_Date","T3-60",,"likelihood",580.5,0.0003337
4,"R_Date","T3-60",,"likelihood",581.5,0.0003379
4,"R_Date","T3-60",,"likelihood",582.5,0.0003494
4,"R_Date","T3-60",,"likelihood",583.5,0.0003612
4,"R_Date","T3-60",,"likelihood",584.5,0.0003612
4,"R_Date","T3-60",,"likelihood",585.5,0.0003733
4,"R_Date","T3-60",,"likelihood",586.5,0.0003688
4,"R_Date","T3-60",,"likelihood",587.5,0.0003812
4,"R_Date","T3-60",,"likelihood",588.5,0.0003939
4,"R_Date","T3-60",,"likelihood",589.5,0.0003986
4,"R_Date","T3-60",,"likelihood",590.5,0.0004118
4,"R_Date","T3-60",,"likelihood",591.5,0.0004253
4,"R_Date","T3-60",,"likelihood",592.5,0.0004392
4,"R_Date","T3-60",,"likelihood",593.5,0.0004534
4,"R_Date","T3-60",,"likelihood",594.5,0.0004778
4,"R_Date","T3-60",,"likelihood",595.5,0.0005088
4,"R_Date","T3-60",,"likelihood",596.5,0.0005415
4,"R_Date","T3-60",,"likelihood",597.5,0.0005757
4,"R_Date","T3-60",,"likelihood",598.5,0.0006176
4,"R_Date","T3-60",,"likelihood",599.5,0.0006752
4,"R_Date","T3-60",,"likelihood",600.5,0.0007584
4,"R_Date","T3-60",,"likelihood",601.5,0.0008258
4,"R_Date","T3-60",,"likelihood",602.5,0.0009228
4,"R_Date","T3-60",,"likelihood",603.5,0.0010208
4,"R_Date","T3-60",,"likelihood",604.5,0.0011344
4,"R_Date","T3-60",,"likelihood",605.5,0.0012569
4,"R_Date","T3-60",,"likelihood",606.5,0.0013884
4,"R_Date","T3-60",,"likelihood",607.5,0.0015291
4,"R_Date","T3-60",,"likelihood",608.5,0.0016482
4,"R_Date","T3-60",,"likelihood",609.5,0.0017253
4,"R_Date","T3-60",,"likelihood",610.5,0.0018047
4,"R_Date","T3-60",,"likelihood",611.5,0.0018864
4,"R_Date","T3-60",,"likelihood",612.5,0.0019206
4,"R_Date","T3-60",,"likelihood",613.5,0.0019206
4,"R_Date","T3-60",,"likelihood",614.5,0.0019206
4,"R_Date","T3-60",,"likelihood",615.5,0.0018864
4,"R_Date","T3-60",,"likelihood",616.5,0.0018864
4,"R_Date","T3-60",,"likelihood",617.5,0.0018453
4,"R_Date","T3-60",,"likelihood",618.5,0.0017647
4,"R_Date","T3-60",,"likelihood",619.5,0.0017253
4,"R_Date","T3-60",,"likelihood",620.5,0.0016865
4,"R_Date","T3-60",,"likelihood",621.5,0.0016028
4,"R_Date","T3-60",,"likelihood",622.5,0.0015657
4,"R_Date","T3-60",,"likelihood",623.5,0.001493
4,"R_Date","T3-60",,"likelihood",624.5,0.0014652
4,"R_Date","T3-60",,"likelihood",625.5,0.001396
4,"R_Date","T3-60",,"likelihood",626.5,0.0013623
4,"R_Date","T3-60",,"likelihood",627.5,0.0012889
4,"R_Date","T3-60",,"likelihood",628.5,0.0012569
4,"R_Date","T3-60",,"likelihood",629.5,0.0012254
4,"R_Date","T3-60",,"likelihood",630.5,0.0011945
4,"R_Date","T3-60",,"likelihood",631.5,0.0011945
4,"R_Date","T3-60",,"likelihood",632.5,0.0011945
4,"R_Date","T3-60",,"likelihood",633.5,0.0011945
4,"R_Date","T3-60",,"likelihood",634.5,0.0012569
4,"R_Date","T3-60",,"likelihood",635.5,0.0012889
4,"R_Date","T3-60",,"likelihood",636.5,0.0013547
4,"R_Date","T3-60",,"likelihood",637.5,0.0014505
4,"R_Date","T3-60",,"likelihood",638.5,0.0015585
4,"R_Date","T3-60",,"likelihood",639.5,0.0016718
4,"R_Date","T3-60",,"likelihood",640.5,0.0017972
4,"R_Date","T3-60",,"likelihood",641.5,0.0019629
4,"R_Date","T3-60",,"likelihood",642.5,0.0020929
4,"R_Date","T3-60",,"likelihood",643.5,0.0022737
4,"R_Date","T3-60",,"likelihood",644.5,0.0024626
4,"R_Date","T3-60",,"likelihood",645.5,0.0026649
4,"R_Date","T3-60",,"likelihood",646.5,0.0028625
4,"R_Date","T3-60",,"likelihood",647.5,0.0030721
4,"R_Date","T3-60",,"likelihood",648.5,0.003341
4,"R_Date","T3-60",,"likelihood",649.5,0.003561
4,"R_Date","T3-60",,"likelihood",650.5,0.003784
4,"R_Date","T3-60",,"likelihood",651.5,0.004065
4,"R_Date","T3-60",,"likelihood",652.5,0.00429
4,"R_Date","T3-60",,"likelihood",653.5,0.004568
4,"R_Date","T3-60",,"likelihood",654.5,0.004787
4,"R_Date","T3-60",,"likelihood",655.5,0.005001
4,"R_Date","T3-60",,"likelihood",656.5,0.005259
4,"R_Date","T3-60",,"likelihood",657.5,0.005456
4,"R_Date","T3-60",,"likelihood",658.5,0.005643
4,"R_Date","T3-60",,"likelihood",659.5,0.005818
4,"R_Date","T3-60",,"likelihood",660.5,0.005968
4,"R_Date","T3-60",,"likelihood",661.5,0.006114
4,"R_Date","T3-60",,"likelihood",662.5,0.006244
4,"R_Date","T3-60",,"likelihood",663.5,0.006357
4,"R_Date","T3-60",,"likelihood",664.5,0.006452
4,"R_Date","T3-60",,"likelihood",665.5,0.006511
4,"R_Date","T3-60",,"likelihood",666.5,0.006559
4,"R_Date","T3-60",,"likelihood",667.5,0.006605
4,"R_Date","T3-60",,"likelihood",668.5,0.006627
4,"R_Date","T3-60",,"likelihood",669.5,0.006654
4,"R_Date","T3-60",,"likelihood",670.5,0.006652
4,"R_Date","T3-60",,"likelihood",671.5,0.006644
4,"R_Date","T3-60",,"likelihood",672.5,0.006622
4,"R_Date","T3-60",,"likelihood",673.5,0.006601
4,"R_Date","T3-60",,"likelihood",674.5,0.00656
4,"R_Date","T3-60",,"likelihood",675.5,0.006526
4,"R_Date","T3-60",,"likelihood",676.5,0.006488
4,"R_Date","T3-60",,"likelihood",677.5,0.006444
4,"R_Date","T3-60",,"likelihood",678.5,0.006354
4,"R_Date","T3-60",,"likelihood",679.5,0.0063
4,"R_Date","T3-60",,"likelihood",680.5,0.00624
4,"R_Date","T3-60",,"likelihood",681.5,0.006209
4,"R_Date","T3-60",,"likelihood",682.5,0.006143
4,"R_Date","T3-60",,"likelihood",683.5,0.006073
4,"R_Date","T3-60",,"likelihood",684.5,0.005999
4,"R_Date","T3-60",,"likelihood",685.5,0.005922
4,"R_Date","T3-60",,"likelihood",686.5,0.005881
4,"R_Date","T3-60",,"likelihood",687.5,0.00581
4,"R_Date","T3-60",,"likelihood",688.5,0.005723
4,"R_Date","T3-60",,"likelihood",689.5,0.005687
4,"R_Date","T3-60",,"likelihood",690.5,0.005595
4,"R_Date","T3-60",,"likelihood",691.5,0.005548
4,"R_Date","T3-60",,"likelihood",692.5,0.0055
4,"R_Date","T3-60",,"likelihood",693.5,0.005459
4,"R_Date","T3-60",,"likelihood",694.5,0.005508
4,"R_Date","T3-60",,"likelihood",695.5,0.005556
4,"R_Date","T3-60",,"likelihood",696.5,0.00565
4,"R_Date","T3-60",,"likelihood",697.5,0.005742
4,"R_Date","T3-60",,"likelihood",698.5,0.005786
4,"R_Date","T3-60",,"likelihood",699.5,0.00583
4,"R_Date","T3-60",,"likelihood",700.5,0.005873
4,"R_Date","T3-60",,"likelihood",701.5,0.00583
4,"R_Date","T3-60",,"likelihood",702.5,0.005742
4,"R_Date","T3-60",,"likelihood",703.5,0.005603
4,"R_Date","T3-60",,"likelihood",704.5,0.005409
4,"R_Date","T3-60",,"likelihood",705.5,0.005204
4,"R_Date","T3-60",,"likelihood",706.5,0.004882
4,"R_Date","T3-60",,"likelihood",707.5,0.004603
4,"R_Date","T3-60",,"likelihood",708.5,0.004375
4,"R_Date","T3-60",,"likelihood",709.5,0.004202
4,"R_Date","T3-60",,"likelihood",710.5,0.004145
4,"R_Date","T3-60",,"likelihood",711.5,0.004202
4,"R_Date","T3-60",,"likelihood",712.5,0.00426
4,"R_Date","T3-60",,"likelihood",713.5,0.004317
4,"R_Date","T3-60",,"likelihood",714.5,0.004317
4,"R_Date","T3-60",,"likelihood",715.5,0.004375
4,"R_Date","T3-60",,"likelihood",716.5,0.004317
4,"R_Date","T3-60",,"likelihood",717.5,0.004317
4,"R_Date","T3-60",,"likelihood",718.5,0.00426
4,"R_Date","T3-60",,"likelihood",719.5,0.00426
4,"R_Date","T3-60",,"likelihood",720.5,0.00426
4,"R_Date","T3-60",,"likelihood",721.5,0.004319
4,"R_Date","T3-60",,"likelihood",722.5,0.004434
4,"R_Date","T3-60",,"likelihood",723.5,0.004548
4,"R_Date","T3-60",,"likelihood",724.5,0.004662
4,"R_Date","T3-60",,"likelihood",725.5,0.004774
4,"R_Date","T3-60",,"likelihood",726.5,0.00483
4,"R_Date","T3-60",,"likelihood",727.5,0.004941
4,"R_Date","T3-60",,"likelihood",728.5,0.004941
4,"R_Date","T3-60",,"likelihood",729.5,0.004941
4,"R_Date","T3-60",,"likelihood",730.5,0.004886
4,"R_Date","T3-60",,"likelihood",731.5,0.004886
4,"R_Date","T3-60",,"likelihood",732.5,0.00483
4,"R_Date","T3-60",,"likelihood",733.5,0.00483
4,"R_Date","T3-60",,"likelihood",734.5,0.00483
4,"R_Date","T3-60",,"likelihood",735.5,0.00483
4,"R_Date","T3-60",,"likelihood",736.5,0.00483
4,"R_Date","T3-60",,"likelihood",737.5,0.004941
4,"R_Date","T3-60",,"likelihood",738.5,0.00505
4,"R_Date","T3-60",,"likelihood",739.5,0.005262
4,"R_Date","T3-60",,"likelihood",740.5,0.005465
4,"R_Date","T3-60",,"likelihood",741.5,0.005658
4,"R_Date","T3-60",,"likelihood",742.5,0.005882
4,"R_Date","T3-60",,"likelihood",743.5,0.006006
4,"R_Date","T3-60",,"likelihood",744.5,0.006158
4,"R_Date","T3-60",,"likelihood",745.5,0.006261
4,"R_Date","T3-60",,"likelihood",746.5,0.006324
4,"R_Date","T3-60",,"likelihood",747.5,0.006354
4,"R_Date","T3-60",,"likelihood",748.5,0.006383
4,"R_Date","T3-60",,"likelihood",749.5,0.00641
4,"R_Date","T3-60",,"likelihood",750.5,0.006462
4,"R_Date","T3-60",,"likelihood",751.5,0.006486
4,"R_Date","T3-60",,"likelihood",752.5,0.00653
4,"R_Date","T3-60",,"likelihood",753.5,0.006588
4,"R_Date","T3-60",,"likelihood",754.5,0.006619
4,"R_Date","T3-60",,"likelihood",755.5,0.006633
4,"R_Date","T3-60",,"likelihood",756.5,0.006604
4,"R_Date","T3-60",,"likelihood",757.5,0.006551
4,"R_Date","T3-60",,"likelihood",758.5,0.006437
4,"R_Date","T3-60",,"likelihood",759.5,0.006293
4,"R_Date","T3-60",,"likelihood",760.5,0.006121
4,"R_Date","T3-60",,"likelihood",761.5,0.005965
4,"R_Date","T3-60",,"likelihood",762.5,0.005882
4,"R_Date","T3-60",,"likelihood",763.5,0.005839
4,"R_Date","T3-60",,"likelihood",764.5,0.005882
4,"R_Date","T3-60",,"likelihood",765.5,0.006006
4,"R_Date","T3-60",,"likelihood",766.5,0.006158
4,"R_Date","T3-60",,"likelihood",767.5,0.006293
4,"R_Date","T3-60",,"likelihood",768.5,0.00641
4,"R_Date","T3-60",,"likelihood",769.5,0.006462
4,"R_Date","T3-60",,"likelihood",770.5,0.006486
4,"R_Date","T3-60",,"likelihood",771.5,0.00641
4,"R_Date","T3-60",,"likelihood",772.5,0.006093
4,"R_Date","T3-60",,"likelihood",773.5,0.005157
4,"R_Date","T3-60",,"likelihood",774.5,0.003395
4,"R_Date","T3-60",,"likelihood",775.5,0.0016656
4,"R_Date","T3-60",,"likelihood",776.5,0.0008562
4,"R_Date","T3-60",,"likelihood",777.5,0.0005936
4,"R_Date","T3-60",,"likelihood",778.5,0.0005391
4,"R_Date","T3-60",,"likelihood",779.5,0.000637
4,"R_Date","T3-60",,"likelihood",780.5,0.0007654
4,"R_Date","T3-60",,"likelihood",781.5,0.0008868
4,"R_Date","T3-60",,"likelihood",782.5,0.0009939
4,"R_Date","T3-60",,"likelihood",783.5,0.0010509
4,"R_Date","T3-60",,"likelihood",784.5,0.0011407
4,"R_Date","T3-60",,"likelihood",785.5,0.001236
4,"R_Date","T3-60",,"likelihood",786.5,0.0013366
4,"R_Date","T3-60",,"likelihood",787.5,0.0015165
4,"R_Date","T3-60",,"likelihood",788.5,0.0017525
4,"R_Date","T3-60",,"likelihood",789.5,0.0020101
4,"R_Date","T3-60",,"likelihood",790.5,0.0022884
4,"R_Date","T3-60",,"likelihood",791.5,0.002535
4,"R_Date","T3-60",,"likelihood",792.5,0.002741
4,"R_Date","T3-60",,"likelihood",793.5,0.0028467
4,"R_Date","T3-60",,"likelihood",794.5,0.0028467
4,"R_Date","T3-60",,"likelihood",795.5,0.0028467
4,"R_Date","T3-60",,"likelihood",796.5,0.002741
4,"R_Date","T3-60",,"likelihood",797.5,0.0026888
4,"R_Date","T3-60",,"likelihood",798.5,0.0025858
4,"R_Date","T3-60",,"likelihood",799.5,0.0024846
4,"R_Date","T3-60",,"likelihood",800.5,0.0024401
4,"R_Date","T3-60",,"likelihood",801.5,0.0024401
4,"R_Date","T3-60",,"likelihood",802.5,0.0023909
4,"R_Date","T3-60",,"likelihood",803.5,0.0023909
4,"R_Date","T3-60",,"likelihood",804.5,0.0023482
4,"R_Date","T3-60",,"likelihood",805.5,0.0023482
4,"R_Date","T3-60",,"likelihood",806.5,0.0023001
4,"R_Date","T3-60",,"likelihood",807.5,0.0023001
4,"R_Date","T3-60",,"likelihood",808.5,0.0023001
4,"R_Date","T3-60",,"likelihood",809.5,0.0023001
4,"R_Date","T3-60",,"likelihood",810.5,0.0023482
4,"R_Date","T3-60",,"likelihood",811.5,0.0024459
4,"R_Date","T3-60",,"likelihood",812.5,0.0025456
4,"R_Date","T3-60",,"likelihood",813.5,0.0025962
4,"R_Date","T3-60",,"likelihood",814.5,0.0026419
4,"R_Date","T3-60",,"likelihood",815.5,0.0026419
4,"R_Date","T3-60",,"likelihood",816.5,0.0026419
4,"R_Date","T3-60",,"likelihood",817.5,0.0025962
4,"R_Date","T3-60",,"likelihood",818.5,0.0025456
4,"R_Date","T3-60",,"likelihood",819.5,0.0024459
4,"R_Date","T3-60",,"likelihood",820.5,0.0024031
4,"R_Date","T3-60",,"likelihood",821.5,0.0023067
4,"R_Date","T3-60",,"likelihood",822.5,0.0022195
4,"R_Date","T3-60",,"likelihood",823.5,0.0020821
4,"R_Date","T3-60",,"likelihood",824.5,0.0019933
4,"R_Date","T3-60",,"likelihood",825.5,0.0018643
4,"R_Date","T3-60",,"likelihood",826.5,0.0017811
4,"R_Date","T3-60",,"likelihood",827.5,0.0017002
4,"R_Date","T3-60",,"likelihood",828.5,0.0015834
4,"R_Date","T3-60",,"likelihood",829.5,0.0015084
4,"R_Date","T3-60",,"likelihood",830.5,0.0014445
4,"R_Date","T3-60",,"likelihood",831.5,0.0014091
4,"R_Date","T3-60",,"likelihood",832.5,0.00134
4,"R_Date","T3-60",,"likelihood",833.5,0.0013155
4,"R_Date","T3-60",,"likelihood",834.5,0.0012824
4,"R_Date","T3-60",,"likelihood",835.5,0.0012499
4,"R_Date","T3-60",,"likelihood",836.5,0.0012179
4,"R_Date","T3-60",,"likelihood",837.5,0.0012179
4,"R_Date","T3-60",,"likelihood",838.5,0.0011776
4,"R_Date","T3-60",,"likelihood",839.5,0.0011776
4,"R_Date","T3-60",,"likelihood",840.5,0.0011776
4,"R_Date","T3-60",,"likelihood",841.5,0.0011692
4,"R_Date","T3-60",,"likelihood",842.5,0.0012004
4,"R_Date","T3-60",,"likelihood",843.5,0.0012004
4,"R_Date","T3-60",,"likelihood",844.5,0.0012004
4,"R_Date","T3-60",,"likelihood",845.5,0.0012243
4,"R_Date","T3-60",,"likelihood",846.5,0.0012567
4,"R_Date","T3-60",,"likelihood",847.5,0.0012567
4,"R_Date","T3-60",,"likelihood",848.5,0.0012897
4,"R_Date","T3-60",,"likelihood",849.5,0.0013233
4,"R_Date","T3-60",,"likelihood",850.5,0.0013575
4,"R_Date","T3-60",,"likelihood",851.5,0.0013923
4,"R_Date","T3-60",,"likelihood",852.5,0.0013923
4,"R_Date","T3-60",,"likelihood",853.5,0.0014358
4,"R_Date","T3-60",,"likelihood",854.5,0.0014718
4,"R_Date","T3-60",,"likelihood",855.5,0.0015084
4,"R_Date","T3-60",,"likelihood",856.5,0.0015456
4,"R_Date","T3-60",,"likelihood",857.5,0.0015456
4,"R_Date","T3-60",,"likelihood",858.5,0.0015834
4,"R_Date","T3-60",,"likelihood",859.5,0.0016217
4,"R_Date","T3-60",,"likelihood",860.5,0.0016217
4,"R_Date","T3-60",,"likelihood",861.5,0.0016607
4,"R_Date","T3-60",,"likelihood",862.5,0.0016607
4,"R_Date","T3-60",,"likelihood",863.5,0.0016526
4,"R_Date","T3-60",,"likelihood",864.5,0.0016526
4,"R_Date","T3-60",,"likelihood",865.5,0.0016526
4,"R_Date","T3-60",,"likelihood",866.5,0.0016526
4,"R_Date","T3-60",,"likelihood",867.5,0.0016526
4,"R_Date","T3-60",,"likelihood",868.5,0.0016526
4,"R_Date","T3-60",,"likelihood",869.5,0.0016137
4,"R_Date","T3-60",,"likelihood",870.5,0.0016137
4,"R_Date","T3-60",,"likelihood",871.5,0.0015753
4,"R_Date","T3-60",,"likelihood",872.5,0.0015375
4,"R_Date","T3-60",,"likelihood",873.5,0.0015084
4,"R_Date","T3-60",,"likelihood",874.5,0.0014358
4,"R_Date","T3-60",,"likelihood",875.5,0.0014004
4,"R_Date","T3-60",,"likelihood",876.5,0.0013314
4,"R_Date","T3-60",,"likelihood",877.5,0.0012647
4,"R_Date","T3-60",,"likelihood",878.5,0.0011692
4,"R_Date","T3-60",,"likelihood",879.5,0.0011083
4,"R_Date","T3-60",,"likelihood",880.5,0.0010214
4,"R_Date","T3-60",,"likelihood",881.5,0.0009396
4,"R_Date","T3-60",,"likelihood",882.5,0.0008627
4,"R_Date","T3-60",,"likelihood",883.5,0.0007906
4,"R_Date","T3-60",,"likelihood",884.5,0.0007018
4,"R_Date","T3-60",,"likelihood",885.5,0.0006209
4,"R_Date","T3-60",,"likelihood",886.5,0.0005652
4,"R_Date","T3-60",,"likelihood",887.5,0.0004914
4,"R_Date","T3-60",,"likelihood",888.5,0.0004305
4,"R_Date","T3-60",,"likelihood",889.5,0.0003759
4,"R_Date","T3-60",,"likelihood",890.5,0.0003229
4,"R_Date","T3-60",,"likelihood",891.5,0.00027979
4,"R_Date","T3-60",,"likelihood",892.5,0.00024167
4,"R_Date","T3-60",,"likelihood",893.5,0.00020803
4,"R_Date","T3-60",,"likelihood",894.5,0.00017847
4,"R_Date","T3-60",,"likelihood",895.5,0.00015259
4,"R_Date","T3-60",,"likelihood",896.5,0.00013537
4,"R_Date","T3-60",,"likelihood",897.5,0.00011506
4,"R_Date","T3-60",,"likelihood",898.5,0.00010162
4,"R_Date","T3-60",,"likelihood",899.5,0.00008958
4,"R_Date","T3-60",,"likelihood",900.5,0.00007881
4,"R_Date","T3-60",,"likelihood",901.5,0.00007229
4,"R_Date","T3-60",,"likelihood",902.5,0.00006479
4,"R_Date","T3-60",,"likelihood",903.5,0.000062
4,"R_Date","T3-60",,"likelihood",904.5,0.00005675
4,"R_Date","T3-60",,"likelihood",905.5,0.00005428
4,"R_Date","T3-60",,"likelihood",906.5,0.0000519
4,"R_Date","T3-60",,"likelihood",907.5,0.0000519
4,"R_Date","T3-60",,"likelihood",908.5,0.0000519
4,"R_Date","T3-60",,"likelihood",909.5,0.00005073
4,"R_Date","T3-60",,"likelihood",910.5,0.00005307
4,"R_Date","T3-60",,"likelihood",911.5,0.00005307
4,"R_Date","T3-60",,"likelihood",912.5,0.0000555
4,"R_Date","T3-60",,"likelihood",913.5,0.00006066
4,"R_Date","T3-60",,"likelihood",914.5,0.0000634
4,"R_Date","T3-60",,"likelihood",915.5,0.00006921
4,"R_Date","T3-60",,"likelihood",916.5,0.00007549
4,"R_Date","T3-60",,"likelihood",917.5,0.00008227
4,"R_Date","T3-60",,"likelihood",918.5,0.00008958
4,"R_Date","T3-60",,"likelihood",919.5,0.00009746
4,"R_Date","T3-60",,"likelihood",920.5,0.00010594
4,"R_Date","T3-60",,"likelihood",921.5,0.00011506
4,"R_Date","T3-60",,"likelihood",922.5,0.00012485
4,"R_Date","T3-60",,"likelihood",923.5,0.00013777
4,"R_Date","T3-60",,"likelihood",924.5,0.00014919
4,"R_Date","T3-60",,"likelihood",925.5,0.00016141
4,"R_Date","T3-60",,"likelihood",926.5,0.00017449
4,"R_Date","T3-60",,"likelihood",927.5,0.00018847
4,"R_Date","T3-60",,"likelihood",928.5,0.0002034
4,"R_Date","T3-60",,"likelihood",929.5,0.00021123
4,"R_Date","T3-60",,"likelihood",930.5,0.00021932
4,"R_Date","T3-60",,"likelihood",931.5,0.00022768
4,"R_Date","T3-60",,"likelihood",932.5,0.0002363
4,"R_Date","T3-60",,"likelihood",933.5,0.0002363
4,"R_Date","T3-60",,"likelihood",934.5,0.0002452
4,"R_Date","T3-60",,"likelihood",935.5,0.0002452
4,"R_Date","T3-60",,"likelihood",936.5,0.0002452
4,"R_Date","T3-60",,"likelihood",937.5,0.0002452
4,"R_Date","T3-60",,"likelihood",938.5,0.0002452
4,"R_Date","T3-60",,"likelihood",939.5,0.0002363
4,"R_Date","T3-60",,"likelihood",940.5,0.0002363
4,"R_Date","T3-60",,"likelihood",941.5,0.00022768
4,"R_Date","T3-60",,"likelihood",942.5,0.00021932
4,"R_Date","T3-60",,"likelihood",943.5,0.00021123
4,"R_Date","T3-60",,"likelihood",944.5,0.0002034
4,"R_Date","T3-60",,"likelihood",945.5,0.00019912
4,"R_Date","T3-60",,"likelihood",946.5,0.0001917
4,"R_Date","T3-60",,"likelihood",947.5,0.00018136
4,"R_Date","T3-60",,"likelihood",948.5,0.00016784
4,"R_Date","T3-60",,"likelihood",949.5,0.00016141
4,"R_Date","T3-60",,"likelihood",950.5,0.00014919
4,"R_Date","T3-60",,"likelihood",951.5,0.00014338
4,"R_Date","T3-60",,"likelihood",952.5,0.00013002
4,"R_Date","T3-60",,"likelihood",953.5,0.00012485
4,"R_Date","T3-60",,"likelihood",954.5,0.00011506
4,"R_Date","T3-60",,"likelihood",955.5,0.00011041
4,"R_Date","T3-60",,"likelihood",956.5,0.00010594
4,"R_Date","T3-60",,"likelihood",957.5,0.00009746
4,"R_Date","T3-60",,"likelihood",958.5,0.00009345
4,"R_Date","T3-60",,"likelihood",959.5,0.00008958
4,"R_Date","T3-60",,"likelihood",960.5,0.00008759
4,"R_Date","T3-60",,"likelihood",961.5,0.00008759
4,"R_Date","T3-60",,"likelihood",962.5,0.00008395
4,"R_Date","T3-60",,"likelihood",963.5,0.00008227
4,"R_Date","T3-60",,"likelihood",964.5,0.00008227
4,"R_Date","T3-60",,"likelihood",965.5,0.00008428
4,"R_Date","T3-60",,"likelihood",966.5,0.00008428
4,"R_Date","T3-60",,"likelihood",967.5,0.00009177
4,"R_Date","T3-60",,"likelihood",968.5,0.00009573
4,"R_Date","T3-60",,"likelihood",969.5,0.0001041
4,"R_Date","T3-60",,"likelihood",970.5,0.0001068
4,"R_Date","T3-60",,"likelihood",971.5,0.0001068
4,"R_Date","T3-60",,"likelihood",972.5,0.00010243
4,"R_Date","T3-60",,"likelihood",973.5,0.00009416
4,"R_Date","T3-60",,"likelihood",974.5,0.00008285
4,"R_Date","T3-60",,"likelihood",975.5,0.00006965
4,"R_Date","T3-60",,"likelihood",976.5,0.00005579
4,"R_Date","T3-60",,"likelihood",977.5,0.00004654
4,"R_Date","T3-60",,"likelihood",978.5,0.00003869
4,"R_Date","T3-60",,"likelihood",979.5,0.0000336
4,"R_Date","T3-60",,"likelihood",980.5,0.000030554
4,"R_Date","T3-60",,"likelihood",981.5,0.000030554
4,"R_Date","T3-60",,"likelihood",982.5,0.00003204
4,"R_Date","T3-60",,"likelihood",983.5,0.0000336
4,"R_Date","T3-60",,"likelihood",984.5,0.00003523
4,"R_Date","T3-60",,"likelihood",985.5,0.00003692
4,"R_Date","T3-60",,"likelihood",986.5,0.00003869
4,"R_Date","T3-60",,"likelihood",987.5,0.00004053
4,"R_Date","T3-60",,"likelihood",988.5,0.00003869
4,"R_Date","T3-60",,"likelihood",989.5,0.00003523
4,"R_Date","T3-60",,"likelihood",990.5,0.000030554
4,"R_Date","T3-60",,"likelihood",991.5,0.000022856
4,"R_Date","T3-60",,"likelihood",992.5,0.000015337
4,"R_Date","T3-60",,"likelihood",993.5,0.000008657
4,"R_Date","T3-60",,"likelihood",994.5,0.000004505
4,"R_Date","T3-60",,"likelihood",995.5,0.000002402
4,"R_Date","T3-60",,"likelihood",996.5,0.0000014971
4,"R_Date","T3-60",,"likelihood",997.5,0.0000011045
4,"R_Date","T3-60",,"likelihood",998.5,9.182e-7
4,"R_Date","T3-60",,"likelihood",999.5,9.182e-7
4,"R_Date","T3-60",,"likelihood",1000.5,9.781e-7
4,"R_Date","T3-60",,"likelihood",1001.5,0.0000011045
4,"R_Date","T3-60",,"likelihood",1002.5,0.0000013308
4,"R_Date","T3-60",,"likelihood",1003.5,0.0000015903
4,"R_Date","T3-60",,"likelihood",1004.5,0.0000020161
4,"R_Date","T3-60",,"likelihood",1005.5,0.0000025484
4,"R_Date","T3-60",,"likelihood",1006.5,0.0000030275
4,"R_Date","T3-60",,"likelihood",1007.5,0.000003593
4,"R_Date","T3-60",,"likelihood",1008.5,0.000003806
4,"R_Date","T3-60",,"likelihood",1009.5,0.000004026
4,"R_Date","T3-60",,"likelihood",1010.5,0.000003806
4,"R_Date","T3-60",,"likelihood",1011.5,0.000003593
4,"R_Date","T3-60",,"likelihood",1012.5,0.0000034
4,"R_Date","T3-60",,"likelihood",1013.5,0.000003207
4,"R_Date","T3-60",,"likelihood",1014.5,0.0000030275
4,"R_Date","T3-60",,"likelihood",1015.5,0.0000028612
4,"R_Date","T3-60",,"likelihood",1016.5,0.0000028612
4,"R_Date","T3-60",,"likelihood",1017.5,0.0000025484
4,"R_Date","T3-60",,"likelihood",1018.5,0.000002269
4,"R_Date","T3-60",,"likelihood",1019.5,0.000001903
4,"R_Date","T3-60",,"likelihood",1020.5,0.0000014971
4,"R_Date","T3-60",,"likelihood",1021.5,0.0000011045
4,"R_Date","T3-60",,"likelihood",1022.5,8.118e-7
4,"R_Date","T3-60",,"likelihood",1023.5,5.589e-7
4,"R_Date","T3-60",,"likelihood",1024.5,4.059e-7
4,"R_Date","T3-60",,"likelihood",1025.5,2.9277e-7
4,"R_Date","T3-60",,"likelihood",1026.5,2.3954e-7
4,"R_Date","T3-60",,"likelihood",1027.5,1.8631e-7
4,"R_Date","T3-60",,"likelihood",1028.5,1.5304e-7
4,"R_Date","T3-60",,"likelihood",1029.5,1.1312e-7
4,"R_Date","T3-60",,"likelihood",1030.5,9.315e-8
4,"R_Date","T3-60",,"likelihood",1031.5,7.319e-8
4,"R_Date","T3-60",,"likelihood",1032.5,5.323e-8
4,"R_Date","T3-60",,"likelihood",1033.5,3.992e-8
4,"R_Date","T3-60",,"likelihood",1034.5,2.6615e-8
4,"R_Date","T3-60",,"likelihood",1035.5,1.9962e-8
4,"R_Date","T3-60",,"likelihood",1036.5,1.9962e-8
4,"R_Date","T3-60",,"likelihood",1037.5,1.3308e-8
4,"R_Date","T3-60",,"likelihood",1038.5,1.3308e-8
4,"R_Date","T3-60",,"likelihood",1039.5,6.654e-9
4,"R_Date","T3-60",,"likelihood",1040.5,6.654e-9
4,"R_Date","T3-60",,"likelihood",1041.5,6.654e-9
4,"R_Date","T3-60",,"likelihood",1042.5,6.654e-9
4,"R_Date","T3-60",,"likelihood",1043.5,6.654e-9
4,"R_Date","T3-60",,"likelihood",1044.5,6.654e-9
4,"R_Date","T3-60",,"likelihood",1045.5,6.654e-9
4,"R_Date","T3-60",,"likelihood",1046.5,6.654e-9
4,"R_Date","T3-60",,"likelihood",1047.5,6.654e-9
4,"R_Date","T3-60",,"likelihood",1048.5,0
4,"R_Date","T3-60",,"likelihood",1049.5,0
4,"R_Date","T3-60",,"likelihood",1050.5,0
4,"R_Date","T3-60",,"likelihood",1051.5,0
4,"R_Date","T3-60",,"likelihood",1052.5,0
4,"R_Date","T3-60",,"likelihood",1053.5,0
4,"R_Date","T3-60",,"likelihood",1054.5,0
4,"R_Date","T3-60",,"likelihood",1055.5,0
4,"R_Date","T3-60",,"likelihood",1056.5,0
4,"R_Date","T3-60",,"likelihood",1057.5,0
4,"R_Date","T3-60",,"likelihood",1058.5,0
4,"R_Date","T3-60",,"likelihood",1059.5,0
4,"R_Date","T3-60",,"likelihood",1060.5,0
4,"R_Date","T3-60",,"likelihood",1061.5,0
4,"R_Date","T3-60",,"likelihood",1062.5,0
4,"R_Date","T3-60",,"likelihood",1063.5,0
4,"R_Date","T3-60",,"likelihood",1064.5,0
4,"R_Date","T3-60",,"likelihood",1065.5,0
4,"R_Date","T3-60",,"likelihood",1066.5,0
4,"R_Date","T3-60",,"likelihood",1067.5,0
4,"R_Date","T3-60",,"likelihood",1068.5,0
4,"R_Date","T3-60",,"likelihood",1069.5,0
4,"R_Date","T3-60",,"likelihood",1070.5,0
4,"R_Date","T3-60",,"likelihood",1071.5,0
4,"R_Date","T3-60",,"likelihood",1072.5,0
4,"R_Date","T3-60",,"likelihood",1073.5,0
4,"R_Date","T3-60",,"likelihood",1074.5,0
4,"R_Date","T3-60",,"likelihood",1075.5,0
4,"R_Date","T3-60",,"likelihood",1076.5,0
4,"R_Date","T3-60",,"likelihood",1077.5,0
4,"R_Date","T3-60",,"likelihood",1078.5,0
4,"R_Date","T3-60",,"likelihood",1079.5,0
4,"R_Date","T3-60",,"likelihood",1080.5,0
4,"R_Date","T3-60",,"likelihood",1081.5,0
4,"R_Date","T3-60",,"likelihood",1082.5,0
4,"R_Date","T3-60",,"likelihood",1083.5,0
4,"R_Date","T3-60",,"likelihood",1084.5,6.654e-9
4,"R_Date","T3-60",,"likelihood",1085.5,6.654e-9
4,"R_Date","T3-60",,"likelihood",1086.5,6.654e-9
4,"R_Date","T3-60",,"likelihood",1087.5,6.654e-9
4,"R_Date","T3-60",,"likelihood",1088.5,6.654e-9
4,"R_Date","T3-60",,"likelihood",1089.5,6.654e-9
4,"R_Date","T3-60",,"likelihood",1090.5,6.654e-9
4,"R_Date","T3-60",,"likelihood",1091.5,6.654e-9
4,"R_Date","T3-60",,"likelihood",1092.5,6.654e-9
4,"R_Date","T3-60",,"likelihood",1093.5,6.654e-9
4,"R_Date","T3-60",,"likelihood",1094.5,6.654e-9
4,"R_Date","T3-60",,"likelihood",1095.5,6.654e-9
4,"R_Date","T3-60",,"likelihood",1096.5,0
4,"R_Date","T3-60",,"likelihood",1097.5,0
4,"R_Date","T3-60",,"likelihood",1098.5,0
4,"R_Date","T3-60",,"likelihood",1099.5,0
4,"R_Date","T3-60",,"likelihood",1100.5,0
4,"R_Date","T3-60",,"likelihood",1101.5,0
4,"R_Date","T3-60",,"likelihood",1102.5,0
4,"R_Date","T3-60",,"likelihood",1103.5,6.654e-9
4,"R_Date","T3-60",,"likelihood",1104.5,6.654e-9
4,"R_Date","T3-60",,"likelihood",1105.5,6.654e-9
4,"R_Date","T3-60",,"likelihood",1106.5,6.654e-9
4,"R_Date","T3-60",,"likelihood",1107.5,6.654e-9
4,"R_Date","T3-60",,"likelihood",1108.5,6.654e-9
4,"R_Date","T3-60",,"likelihood",1109.5,6.654e-9
4,"R_Date","T3-60",,"likelihood",1110.5,1.3308e-8
4,"R_Date","T3-60",,"likelihood",1111.5,1.3308e-8
4,"R_Date","T3-60",,"likelihood",1112.5,6.654e-9
4,"R_Date","T3-60",,"likelihood",1113.5,6.654e-9
4,"R_Date","T3-60",,"likelihood",1114.5,6.654e-9
4,"R_Date","T3-60",,"likelihood",1115.5,6.654e-9
4,"R_Date","T3-60",,"likelihood",1116.5,6.654e-9
4,"R_Date","T3-60",,"likelihood",1117.5,6.654e-9
4,"R_Date","T3-60",,"likelihood",1118.5,0
4,"R_Date","T3-60",,"posterior",541.5,0
4,"R_Date","T3-60",,"posterior",542.5,2.5771e-7
4,"R_Date","T3-60",,"posterior",543.5,0.0000018217
4,"R_Date","T3-60",,"posterior",544.5,0.00000391
4,"R_Date","T3-60",,"posterior",545.5,0.0000028614
4,"R_Date","T3-60",,"posterior",546.5,0.0000026037
4,"R_Date","T3-60",,"posterior",547.5,0.00000391
4,"R_Date","T3-60",,"posterior",548.5,0.000005207
4,"R_Date","T3-60",,"posterior",549.5,0.000004425
4,"R_Date","T3-60",,"posterior",550.5,0.000005989
4,"R_Date","T3-60",,"posterior",551.5,0.000006514
4,"R_Date","T3-60",,"posterior",552.5,0.000006514
4,"R_Date","T3-60",,"posterior",553.5,0.000006514
4,"R_Date","T3-60",,"posterior",554.5,0.00000495
4,"R_Date","T3-60",,"posterior",555.5,0.000005465
4,"R_Date","T3-60",,"posterior",556.5,0.000007811
4,"R_Date","T3-60",,"posterior",557.5,0.000005465
4,"R_Date","T3-60",,"posterior",558.5,0.000009117
4,"R_Date","T3-60",,"posterior",559.5,0.000011455
4,"R_Date","T3-60",,"posterior",560.5,0.000008593
4,"R_Date","T3-60",,"posterior",561.5,0.000009375
4,"R_Date","T3-60",,"posterior",562.5,0.000008593
4,"R_Date","T3-60",,"posterior",563.5,0.000011721
4,"R_Date","T3-60",,"posterior",564.5,0.000013019
4,"R_Date","T3-60",,"posterior",565.5,0.000015107
4,"R_Date","T3-60",,"posterior",566.5,0.000015622
4,"R_Date","T3-60",,"posterior",567.5,0.000013801
4,"R_Date","T3-60",,"posterior",568.5,0.000015107
4,"R_Date","T3-60",,"posterior",569.5,0.000018226
4,"R_Date","T3-60",,"posterior",570.5,0.000021354
4,"R_Date","T3-60",,"posterior",571.5,0.000023958
4,"R_Date","T3-60",,"posterior",572.5,0.000025264
4,"R_Date","T3-60",,"posterior",573.5,0.000024998
4,"R_Date","T3-60",,"posterior",574.5,0.000029165
4,"R_Date","T3-60",,"posterior",575.5,0.00002969
4,"R_Date","T3-60",,"posterior",576.5,0.000028908
4,"R_Date","T3-60",,"posterior",577.5,0.00003515
4,"R_Date","T3-60",,"posterior",578.5,0.00003568
4,"R_Date","T3-60",,"posterior",579.5,0.00004323
4,"R_Date","T3-60",,"posterior",580.5,0.00003906
4,"R_Date","T3-60",,"posterior",581.5,0.00003568
4,"R_Date","T3-60",,"posterior",582.5,0.00003412
4,"R_Date","T3-60",,"posterior",583.5,0.00004193
4,"R_Date","T3-60",,"posterior",584.5,0.00004167
4,"R_Date","T3-60",,"posterior",585.5,0.00003515
4,"R_Date","T3-60",,"posterior",586.5,0.00004427
4,"R_Date","T3-60",,"posterior",587.5,0.00004557
4,"R_Date","T3-60",,"posterior",588.5,0.00005287
4,"R_Date","T3-60",,"posterior",589.5,0.00005312
4,"R_Date","T3-60",,"posterior",590.5,0.00004297
4,"R_Date","T3-60",,"posterior",591.5,0.00005312
4,"R_Date","T3-60",,"posterior",592.5,0.0000625
4,"R_Date","T3-60",,"posterior",593.5,0.00005208
4,"R_Date","T3-60",,"posterior",594.5,0.00006406
4,"R_Date","T3-60",,"posterior",595.5,0.00007422
4,"R_Date","T3-60",,"posterior",596.5,0.00007526
4,"R_Date","T3-60",,"posterior",597.5,0.00007448
4,"R_Date","T3-60",,"posterior",598.5,0.00008646
4,"R_Date","T3-60",,"posterior",599.5,0.00009896
4,"R_Date","T3-60",,"posterior",600.5,0.00011094
4,"R_Date","T3-60",,"posterior",601.5,0.00011589
4,"R_Date","T3-60",,"posterior",602.5,0.00014349
4,"R_Date","T3-60",,"posterior",603.5,0.00015208
4,"R_Date","T3-60",,"posterior",604.5,0.0001625
4,"R_Date","T3-60",,"posterior",605.5,0.00019141
4,"R_Date","T3-60",,"posterior",606.5,0.00020781
4,"R_Date","T3-60",,"posterior",607.5,0.00022865
4,"R_Date","T3-60",,"posterior",608.5,0.00025234
4,"R_Date","T3-60",,"posterior",609.5,0.00027891
4,"R_Date","T3-60",,"posterior",610.5,0.00028229
4,"R_Date","T3-60",,"posterior",611.5,0.00030886
4,"R_Date","T3-60",,"posterior",612.5,0.00031094
4,"R_Date","T3-60",,"posterior",613.5,0.00031432
4,"R_Date","T3-60",,"posterior",614.5,0.0003297
4,"R_Date","T3-60",,"posterior",615.5,0.0003404
4,"R_Date","T3-60",,"posterior",616.5,0.0003323
4,"R_Date","T3-60",,"posterior",617.5,0.0003302
4,"R_Date","T3-60",,"posterior",618.5,0.0003
4,"R_Date","T3-60",,"posterior",619.5,0.0003414
4,"R_Date","T3-60",,"posterior",620.5,0.00030391
4,"R_Date","T3-60",,"posterior",621.5,0.00031276
4,"R_Date","T3-60",,"posterior",622.5,0.00030625
4,"R_Date","T3-60",,"posterior",623.5,0.00028047
4,"R_Date","T3-60",,"posterior",624.5,0.00026588
4,"R_Date","T3-60",,"posterior",625.5,0.00028047
4,"R_Date","T3-60",,"posterior",626.5,0.00027682
4,"R_Date","T3-60",,"posterior",627.5,0.00027005
4,"R_Date","T3-60",,"posterior",628.5,0.00028047
4,"R_Date","T3-60",,"posterior",629.5,0.0002513
4,"R_Date","T3-60",,"posterior",630.5,0.00027005
4,"R_Date","T3-60",,"posterior",631.5,0.00026459
4,"R_Date","T3-60",,"posterior",632.5,0.00026406
4,"R_Date","T3-60",,"posterior",633.5,0.00027864
4,"R_Date","T3-60",,"posterior",634.5,0.0002914
4,"R_Date","T3-60",,"posterior",635.5,0.0003167
4,"R_Date","T3-60",,"posterior",636.5,0.0003245
4,"R_Date","T3-60",,"posterior",637.5,0.0003503
4,"R_Date","T3-60",,"posterior",638.5,0.0003839
4,"R_Date","T3-60",,"posterior",639.5,0.0004
4,"R_Date","T3-60",,"posterior",640.5,0.0004583
4,"R_Date","T3-60",,"posterior",641.5,0.0004898
4,"R_Date","T3-60",,"posterior",642.5,0.0005352
4,"R_Date","T3-60",,"posterior",643.5,0.0005836
4,"R_Date","T3-60",,"posterior",644.5,0.0006523
4,"R_Date","T3-60",,"posterior",645.5,0.0006974
4,"R_Date","T3-60",,"posterior",646.5,0.0007974
4,"R_Date","T3-60",,"posterior",647.5,0.0008438
4,"R_Date","T3-60",,"posterior",648.5,0.0009523
4,"R_Date","T3-60",,"posterior",649.5,0.0010206
4,"R_Date","T3-60",,"posterior",650.5,0.0011359
4,"R_Date","T3-60",,"posterior",651.5,0.001219
4,"R_Date","T3-60",,"posterior",652.5,0.0012284
4,"R_Date","T3-60",,"posterior",653.5,0.0013391
4,"R_Date","T3-60",,"posterior",654.5,0.0014182
4,"R_Date","T3-60",,"posterior",655.5,0.0015414
4,"R_Date","T3-60",,"posterior",656.5,0.0016281
4,"R_Date","T3-60",,"posterior",657.5,0.001724
4,"R_Date","T3-60",,"posterior",658.5,0.0018234
4,"R_Date","T3-60",,"posterior",659.5,0.001882
4,"R_Date","T3-60",,"posterior",660.5,0.0019737
4,"R_Date","T3-60",,"posterior",661.5,0.0020615
4,"R_Date","T3-60",,"posterior",662.5,0.0021523
4,"R_Date","T3-60",,"posterior",663.5,0.0022065
4,"R_Date","T3-60",,"posterior",664.5,0.0022721
4,"R_Date","T3-60",,"posterior",665.5,0.0022961
4,"R_Date","T3-60",,"posterior",666.5,0.0024255
4,"R_Date","T3-60",,"posterior",667.5,0.0024487
4,"R_Date","T3-60",,"posterior",668.5,0.0024797
4,"R_Date","T3-60",,"posterior",669.5,0.0024721
4,"R_Date","T3-60",,"posterior",670.5,0.0025427
4,"R_Date","T3-60",,"posterior",671.5,0.0025047
4,"R_Date","T3-60",,"posterior",672.5,0.0026648
4,"R_Date","T3-60",,"posterior",673.5,0.0026945
4,"R_Date","T3-60",,"posterior",674.5,0.0026141
4,"R_Date","T3-60",,"posterior",675.5,0.0026799
4,"R_Date","T3-60",,"posterior",676.5,0.0026453
4,"R_Date","T3-60",,"posterior",677.5,0.0027052
4,"R_Date","T3-60",,"posterior",678.5,0.0028128
4,"R_Date","T3-60",,"posterior",679.5,0.0026849
4,"R_Date","T3-60",,"posterior",680.5,0.0027578
4,"R_Date","T3-60",,"posterior",681.5,0.0027271
4,"R_Date","T3-60",,"posterior",682.5,0.0027453
4,"R_Date","T3-60",,"posterior",683.5,0.002775
4,"R_Date","T3-60",,"posterior",684.5,0.0027432
4,"R_Date","T3-60",,"posterior",685.5,0.0027724
4,"R_Date","T3-60",,"posterior",686.5,0.0028406
4,"R_Date","T3-60",,"posterior",687.5,0.0027182
4,"R_Date","T3-60",,"posterior",688.5,0.0027865
4,"R_Date","T3-60",,"posterior",689.5,0.0027622
4,"R_Date","T3-60",,"posterior",690.5,0.0028445
4,"R_Date","T3-60",,"posterior",691.5,0.0027721
4,"R_Date","T3-60",,"posterior",692.5,0.0027516
4,"R_Date","T3-60",,"posterior",693.5,0.0027555
4,"R_Date","T3-60",,"posterior",694.5,0.0028367
4,"R_Date","T3-60",,"posterior",695.5,0.0029492
4,"R_Date","T3-60",,"posterior",696.5,0.0030487
4,"R_Date","T3-60",,"posterior",697.5,0.0031305
4,"R_Date","T3-60",,"posterior",698.5,0.0030734
4,"R_Date","T3-60",,"posterior",699.5,0.003297
4,"R_Date","T3-60",,"posterior",700.5,0.003283
4,"R_Date","T3-60",,"posterior",701.5,0.003326
4,"R_Date","T3-60",,"posterior",702.5,0.003234
4,"R_Date","T3-60",,"posterior",703.5,0.003199
4,"R_Date","T3-60",,"posterior",704.5,0.00319
4,"R_Date","T3-60",,"posterior",705.5,0.0030406
4,"R_Date","T3-60",,"posterior",706.5,0.0029729
4,"R_Date","T3-60",,"posterior",707.5,0.0028003
4,"R_Date","T3-60",,"posterior",708.5,0.0026958
4,"R_Date","T3-60",,"posterior",709.5,0.0026208
4,"R_Date","T3-60",,"posterior",710.5,0.0026349
4,"R_Date","T3-60",,"posterior",711.5,0.0026849
4,"R_Date","T3-60",,"posterior",712.5,0.0027622
4,"R_Date","T3-60",,"posterior",713.5,0.0028596
4,"R_Date","T3-60",,"posterior",714.5,0.0028422
4,"R_Date","T3-60",,"posterior",715.5,0.0029357
4,"R_Date","T3-60",,"posterior",716.5,0.0028755
4,"R_Date","T3-60",,"posterior",717.5,0.0029672
4,"R_Date","T3-60",,"posterior",718.5,0.0029224
4,"R_Date","T3-60",,"posterior",719.5,0.0029526
4,"R_Date","T3-60",,"posterior",720.5,0.0029711
4,"R_Date","T3-60",,"posterior",721.5,0.0030195
4,"R_Date","T3-60",,"posterior",722.5,0.0031396
4,"R_Date","T3-60",,"posterior",723.5,0.003355
4,"R_Date","T3-60",,"posterior",724.5,0.003415
4,"R_Date","T3-60",,"posterior",725.5,0.003564
4,"R_Date","T3-60",,"posterior",726.5,0.003647
4,"R_Date","T3-60",,"posterior",727.5,0.003755
4,"R_Date","T3-60",,"posterior",728.5,0.003841
4,"R_Date","T3-60",,"posterior",729.5,0.003783
4,"R_Date","T3-60",,"posterior",730.5,0.003855
4,"R_Date","T3-60",,"posterior",731.5,0.003855
4,"R_Date","T3-60",,"posterior",732.5,0.003858
4,"R_Date","T3-60",,"posterior",733.5,0.003954
4,"R_Date","T3-60",,"posterior",734.5,0.004033
4,"R_Date","T3-60",,"posterior",735.5,0.004054
4,"R_Date","T3-60",,"posterior",736.5,0.004136
4,"R_Date","T3-60",,"posterior",737.5,0.004244
4,"R_Date","T3-60",,"posterior",738.5,0.004401
4,"R_Date","T3-60",,"posterior",739.5,0.004624
4,"R_Date","T3-60",,"posterior",740.5,0.004829
4,"R_Date","T3-60",,"posterior",741.5,0.005197
4,"R_Date","T3-60",,"posterior",742.5,0.005339
4,"R_Date","T3-60",,"posterior",743.5,0.005461
4,"R_Date","T3-60",,"posterior",744.5,0.005799
4,"R_Date","T3-60",,"posterior",745.5,0.005869
4,"R_Date","T3-60",,"posterior",746.5,0.006047
4,"R_Date","T3-60",,"posterior",747.5,0.006219
4,"R_Date","T3-60",,"posterior",748.5,0.006312
4,"R_Date","T3-60",,"posterior",749.5,0.006608
4,"R_Date","T3-60",,"posterior",750.5,0.00651
4,"R_Date","T3-60",,"posterior",751.5,0.006749
4,"R_Date","T3-60",,"posterior",752.5,0.006949
4,"R_Date","T3-60",,"posterior",753.5,0.007125
4,"R_Date","T3-60",,"posterior",754.5,0.007086
4,"R_Date","T3-60",,"posterior",755.5,0.007124
4,"R_Date","T3-60",,"posterior",756.5,0.007282
4,"R_Date","T3-60",,"posterior",757.5,0.007508
4,"R_Date","T3-60",,"posterior",758.5,0.007434
4,"R_Date","T3-60",,"posterior",759.5,0.007179
4,"R_Date","T3-60",,"posterior",760.5,0.00706
4,"R_Date","T3-60",,"posterior",761.5,0.007007
4,"R_Date","T3-60",,"posterior",762.5,0.007178
4,"R_Date","T3-60",,"posterior",763.5,0.007189
4,"R_Date","T3-60",,"posterior",764.5,0.007384
4,"R_Date","T3-60",,"posterior",765.5,0.00771
4,"R_Date","T3-60",,"posterior",766.5,0.007972
4,"R_Date","T3-60",,"posterior",767.5,0.008213
4,"R_Date","T3-60",,"posterior",768.5,0.00835
4,"R_Date","T3-60",,"posterior",769.5,0.008631
4,"R_Date","T3-60",,"posterior",770.5,0.008886
4,"R_Date","T3-60",,"posterior",771.5,0.008705
4,"R_Date","T3-60",,"posterior",772.5,0.008342
4,"R_Date","T3-60",,"posterior",773.5,0.007292
4,"R_Date","T3-60",,"posterior",774.5,0.004736
4,"R_Date","T3-60",,"posterior",775.5,0.0025424
4,"R_Date","T3-60",,"posterior",776.5,0.0012901
4,"R_Date","T3-60",,"posterior",777.5,0.0009094
4,"R_Date","T3-60",,"posterior",778.5,0.0008289
4,"R_Date","T3-60",,"posterior",779.5,0.0010008
4,"R_Date","T3-60",,"posterior",780.5,0.0011417
4,"R_Date","T3-60",,"posterior",781.5,0.0013669
4,"R_Date","T3-60",,"posterior",782.5,0.0015401
4,"R_Date","T3-60",,"posterior",783.5,0.0016818
4,"R_Date","T3-60",,"posterior",784.5,0.0018404
4,"R_Date","T3-60",,"posterior",785.5,0.0019773
4,"R_Date","T3-60",,"posterior",786.5,0.0021992
4,"R_Date","T3-60",,"posterior",787.5,0.002495
4,"R_Date","T3-60",,"posterior",788.5,0.0028302
4,"R_Date","T3-60",,"posterior",789.5,0.003406
4,"R_Date","T3-60",,"posterior",790.5,0.003777
4,"R_Date","T3-60",,"posterior",791.5,0.004334
4,"R_Date","T3-60",,"posterior",792.5,0.004626
4,"R_Date","T3-60",,"posterior",793.5,0.004874
4,"R_Date","T3-60",,"posterior",794.5,0.005089
4,"R_Date","T3-60",,"posterior",795.5,0.005037
4,"R_Date","T3-60",,"posterior",796.5,0.00488
4,"R_Date","T3-60",,"posterior",797.5,0.00478
4,"R_Date","T3-60",,"posterior",798.5,0.004688
4,"R_Date","T3-60",,"posterior",799.5,0.004556
4,"R_Date","T3-60",,"posterior",800.5,0.004585
4,"R_Date","T3-60",,"posterior",801.5,0.004587
4,"R_Date","T3-60",,"posterior",802.5,0.004592
4,"R_Date","T3-60",,"posterior",803.5,0.004658
4,"R_Date","T3-60",,"posterior",804.5,0.004438
4,"R_Date","T3-60",,"posterior",805.5,0.00463
4,"R_Date","T3-60",,"posterior",806.5,0.004543
4,"R_Date","T3-60",,"posterior",807.5,0.004583
4,"R_Date","T3-60",,"posterior",808.5,0.004604
4,"R_Date","T3-60",,"posterior",809.5,0.004556
4,"R_Date","T3-60",,"posterior",810.5,0.00482
4,"R_Date","T3-60",,"posterior",811.5,0.005024
4,"R_Date","T3-60",,"posterior",812.5,0.005292
4,"R_Date","T3-60",,"posterior",813.5,0.005397
4,"R_Date","T3-60",,"posterior",814.5,0.005559
4,"R_Date","T3-60",,"posterior",815.5,0.005658
4,"R_Date","T3-60",,"posterior",816.5,0.005683
4,"R_Date","T3-60",,"posterior",817.5,0.005599
4,"R_Date","T3-60",,"posterior",818.5,0.005591
4,"R_Date","T3-60",,"posterior",819.5,0.005409
4,"R_Date","T3-60",,"posterior",820.5,0.00523
4,"R_Date","T3-60",,"posterior",821.5,0.00519
4,"R_Date","T3-60",,"posterior",822.5,0.004879
4,"R_Date","T3-60",,"posterior",823.5,0.004716
4,"R_Date","T3-60",,"posterior",824.5,0.004508
4,"R_Date","T3-60",,"posterior",825.5,0.004339
4,"R_Date","T3-60",,"posterior",826.5,0.004139
4,"R_Date","T3-60",,"posterior",827.5,0.003997
4,"R_Date","T3-60",,"posterior",828.5,0.003745
4,"R_Date","T3-60",,"posterior",829.5,0.003589
4,"R_Date","T3-60",,"posterior",830.5,0.00347
4,"R_Date","T3-60",,"posterior",831.5,0.003383
4,"R_Date","T3-60",,"posterior",832.5,0.003323
4,"R_Date","T3-60",,"posterior",833.5,0.003271
4,"R_Date","T3-60",,"posterior",834.5,0.003168
4,"R_Date","T3-60",,"posterior",835.5,0.0031299
4,"R_Date","T3-60",,"posterior",836.5,0.0030359
4,"R_Date","T3-60",,"posterior",837.5,0.0030659
4,"R_Date","T3-60",,"posterior",838.5,0.0030154
4,"R_Date","T3-60",,"posterior",839.5,0.0030372
4,"R_Date","T3-60",,"posterior",840.5,0.0030643
4,"R_Date","T3-60",,"posterior",841.5,0.0030581
4,"R_Date","T3-60",,"posterior",842.5,0.0031143
4,"R_Date","T3-60",,"posterior",843.5,0.0031117
4,"R_Date","T3-60",,"posterior",844.5,0.00321
4,"R_Date","T3-60",,"posterior",845.5,0.003314
4,"R_Date","T3-60",,"posterior",846.5,0.003364
4,"R_Date","T3-60",,"posterior",847.5,0.003384
4,"R_Date","T3-60",,"posterior",848.5,0.003459
4,"R_Date","T3-60",,"posterior",849.5,0.003648
4,"R_Date","T3-60",,"posterior",850.5,0.003785
4,"R_Date","T3-60",,"posterior",851.5,0.003763
4,"R_Date","T3-60",,"posterior",852.5,0.00394
4,"R_Date","T3-60",,"posterior",853.5,0.004021
4,"R_Date","T3-60",,"posterior",854.5,0.004109
4,"R_Date","T3-60",,"posterior",855.5,0.004287
4,"R_Date","T3-60",,"posterior",856.5,0.004385
4,"R_Date","T3-60",,"posterior",857.5,0.004438
4,"R_Date","T3-60",,"posterior",858.5,0.004527
4,"R_Date","T3-60",,"posterior",859.5,0.004566
4,"R_Date","T3-60",,"posterior",860.5,0.004606
4,"R_Date","T3-60",,"posterior",861.5,0.004742
4,"R_Date","T3-60",,"posterior",862.5,0.004808
4,"R_Date","T3-60",,"posterior",863.5,0.004779
4,"R_Date","T3-60",,"posterior",864.5,0.004771
4,"R_Date","T3-60",,"posterior",865.5,0.004788
4,"R_Date","T3-60",,"posterior",866.5,0.004753
4,"R_Date","T3-60",,"posterior",867.5,0.004772
4,"R_Date","T3-60",,"posterior",868.5,0.004796
4,"R_Date","T3-60",,"posterior",869.5,0.004796
4,"R_Date","T3-60",,"posterior",870.5,0.00469
4,"R_Date","T3-60",,"posterior",871.5,0.004599
4,"R_Date","T3-60",,"posterior",872.5,0.004546
4,"R_Date","T3-60",,"posterior",873.5,0.004379
4,"R_Date","T3-60",,"posterior",874.5,0.004223
4,"R_Date","T3-60",,"posterior",875.5,0.004157
4,"R_Date","T3-60",,"posterior",876.5,0.003959
4,"R_Date","T3-60",,"posterior",877.5,0.003727
4,"R_Date","T3-60",,"posterior",878.5,0.0035
4,"R_Date","T3-60",,"posterior",879.5,0.00317
4,"R_Date","T3-60",,"posterior",880.5,0.0029763
4,"R_Date","T3-60",,"posterior",881.5,0.0027534
4,"R_Date","T3-60",,"posterior",882.5,0.0025495
4,"R_Date","T3-60",,"posterior",883.5,0.002251
4,"R_Date","T3-60",,"posterior",884.5,0.0021174
4,"R_Date","T3-60",,"posterior",885.5,0.0017661
4,"R_Date","T3-60",,"posterior",886.5,0.001651
4,"R_Date","T3-60",,"posterior",887.5,0.0014286
4,"R_Date","T3-60",,"posterior",888.5,0.0012477
4,"R_Date","T3-60",,"posterior",889.5,0.0011328
4,"R_Date","T3-60",,"posterior",890.5,0.0009706
4,"R_Date","T3-60",,"posterior",891.5,0.0008461
4,"R_Date","T3-60",,"posterior",892.5,0.0007396
4,"R_Date","T3-60",,"posterior",893.5,0.0006469
4,"R_Date","T3-60",,"posterior",894.5,0.0005568
4,"R_Date","T3-60",,"posterior",895.5,0.0004703
4,"R_Date","T3-60",,"posterior",896.5,0.0004112
4,"R_Date","T3-60",,"posterior",897.5,0.0003727
4,"R_Date","T3-60",,"posterior",898.5,0.0003432
4,"R_Date","T3-60",,"posterior",899.5,0.00028125
4,"R_Date","T3-60",,"posterior",900.5,0.00026745
4,"R_Date","T3-60",,"posterior",901.5,0.00022865
4,"R_Date","T3-60",,"posterior",902.5,0.00021771
4,"R_Date","T3-60",,"posterior",903.5,0.00021693
4,"R_Date","T3-60",,"posterior",904.5,0.00020391
4,"R_Date","T3-60",,"posterior",905.5,0.00019062
4,"R_Date","T3-60",,"posterior",906.5,0.00018802
4,"R_Date","T3-60",,"posterior",907.5,0.00019271
4,"R_Date","T3-60",,"posterior",908.5,0.00020417
4,"R_Date","T3-60",,"posterior",909.5,0.00019244
4,"R_Date","T3-60",,"posterior",910.5,0.00020417
4,"R_Date","T3-60",,"posterior",911.5,0.00021094
4,"R_Date","T3-60",,"posterior",912.5,0.00021797
4,"R_Date","T3-60",,"posterior",913.5,0.00023073
4,"R_Date","T3-60",,"posterior",914.5,0.00025312
4,"R_Date","T3-60",,"posterior",915.5,0.00027708
4,"R_Date","T3-60",,"posterior",916.5,0.00030442
4,"R_Date","T3-60",,"posterior",917.5,0.000319
4,"R_Date","T3-60",,"posterior",918.5,0.0003609
4,"R_Date","T3-60",,"posterior",919.5,0.0004461
4,"R_Date","T3-60",,"posterior",920.5,0.0004367
4,"R_Date","T3-60",,"posterior",921.5,0.0004997
4,"R_Date","T3-60",,"posterior",922.5,0.0005487
4,"R_Date","T3-60",,"posterior",923.5,0.0006057
4,"R_Date","T3-60",,"posterior",924.5,0.0006659
4,"R_Date","T3-60",,"posterior",925.5,0.0007253
4,"R_Date","T3-60",,"posterior",926.5,0.0007815
4,"R_Date","T3-60",,"posterior",927.5,0.000894
4,"R_Date","T3-60",,"posterior",928.5,0.0009279
4,"R_Date","T3-60",,"posterior",929.5,0.000982
4,"R_Date","T3-60",,"posterior",930.5,0.0009841
4,"R_Date","T3-60",,"posterior",931.5,0.0010711
4,"R_Date","T3-60",,"posterior",932.5,0.0010807
4,"R_Date","T3-60",,"posterior",933.5,0.0011302
4,"R_Date","T3-60",,"posterior",934.5,0.0011042
4,"R_Date","T3-60",,"posterior",935.5,0.0011247
4,"R_Date","T3-60",,"posterior",936.5,0.0011234
4,"R_Date","T3-60",,"posterior",937.5,0.001143
4,"R_Date","T3-60",,"posterior",938.5,0.0011076
4,"R_Date","T3-60",,"posterior",939.5,0.0010854
4,"R_Date","T3-60",,"posterior",940.5,0.001038
4,"R_Date","T3-60",,"posterior",941.5,0.0010029
4,"R_Date","T3-60",,"posterior",942.5,0.0009602
4,"R_Date","T3-60",,"posterior",943.5,0.0009464
4,"R_Date","T3-60",,"posterior",944.5,0.0009138
4,"R_Date","T3-60",,"posterior",945.5,0.0008518
4,"R_Date","T3-60",,"posterior",946.5,0.0008266
4,"R_Date","T3-60",,"posterior",947.5,0.0007846
4,"R_Date","T3-60",,"posterior",948.5,0.0007039
4,"R_Date","T3-60",,"posterior",949.5,0.0006797
4,"R_Date","T3-60",,"posterior",950.5,0.0006159
4,"R_Date","T3-60",,"posterior",951.5,0.0005833
4,"R_Date","T3-60",,"posterior",952.5,0.0005453
4,"R_Date","T3-60",,"posterior",953.5,0.0005135
4,"R_Date","T3-60",,"posterior",954.5,0.0004747
4,"R_Date","T3-60",,"posterior",955.5,0.0004763
4,"R_Date","T3-60",,"posterior",956.5,0.0004182
4,"R_Date","T3-60",,"posterior",957.5,0.0004297
4,"R_Date","T3-60",,"posterior",958.5,0.0003844
4,"R_Date","T3-60",,"posterior",959.5,0.0003654
4,"R_Date","T3-60",,"posterior",960.5,0.000362
4,"R_Date","T3-60",,"posterior",961.5,0.0003479
4,"R_Date","T3-60",,"posterior",962.5,0.0003333
4,"R_Date","T3-60",,"posterior",963.5,0.0003232
4,"R_Date","T3-60",,"posterior",964.5,0.0003175
4,"R_Date","T3-60",,"posterior",965.5,0.0003318
4,"R_Date","T3-60",,"posterior",966.5,0.0003664
4,"R_Date","T3-60",,"posterior",967.5,0.00037
4,"R_Date","T3-60",,"posterior",968.5,0.0004094
4,"R_Date","T3-60",,"posterior",969.5,0.0004492
4,"R_Date","T3-60",,"posterior",970.5,0.0004346
4,"R_Date","T3-60",,"posterior",971.5,0.0004036
4,"R_Date","T3-60",,"posterior",972.5,0.0003589
4,"R_Date","T3-60",,"posterior",973.5,0.0003279
4,"R_Date","T3-60",,"posterior",974.5,0.00026562
4,"R_Date","T3-60",,"posterior",975.5,0.00018438
4,"R_Date","T3-60",,"posterior",976.5,0.00014948
4,"R_Date","T3-60",,"posterior",977.5,0.0001026
4,"R_Date","T3-60",,"posterior",978.5,0.00008177
4,"R_Date","T3-60",,"posterior",979.5,0.00007109
4,"R_Date","T3-60",,"posterior",980.5,0.00005807
4,"R_Date","T3-60",,"posterior",981.5,0.00005807
4,"R_Date","T3-60",,"posterior",982.5,0.00006354
4,"R_Date","T3-60",,"posterior",983.5,0.00005677
4,"R_Date","T3-60",,"posterior",984.5,0.00005494
4,"R_Date","T3-60",,"posterior",985.5,0.00006276
4,"R_Date","T3-60",,"posterior",986.5,0.00005078
4,"R_Date","T3-60",,"posterior",987.5,0.00005208
4,"R_Date","T3-60",,"posterior",988.5,0.00003386
4,"R_Date","T3-60",,"posterior",989.5,0.00003204
4,"R_Date","T3-60",,"posterior",990.5,0.000016929
4,"R_Date","T3-60",,"posterior",991.5,0.000015622
4,"R_Date","T3-60",,"posterior",992.5,0.0000099
4,"R_Date","T3-60",,"posterior",993.5,0.000004683
4,"R_Date","T3-60",,"posterior",994.5,0.000001564
4,"R_Date","T3-60",,"posterior",995.5,0.0000013063
4,"R_Date","T3-60",,"posterior",996.5,0.0000010397
4,"R_Date","T3-60",,"posterior",997.5,2.5771e-7
4,"R_Date","T3-60",,"posterior",998.5,2.5771e-7
4,"R_Date","T3-60",,"posterior",999.5,2.5771e-7
4,"R_Date","T3-60",,"posterior",1000.5,2.5771e-7
4,"R_Date","T3-60",,"posterior",1001.5,5.243e-7
4,"R_Date","T3-60",,"posterior",1002.5,2.5771e-7
4,"R_Date","T3-60",,"posterior",1003.5,5.243e-7
4,"R_Date","T3-60",,"posterior",1004.5,7.82e-7
4,"R_Date","T3-60",,"posterior",1005.5,7.82e-7
4,"R_Date","T3-60",,"posterior",1006.5,7.82e-7
4,"R_Date","T3-60",,"posterior",1007.5,7.82e-7
4,"R_Date","T3-60",,"posterior",1008.5,0.0000010397
4,"R_Date","T3-60",,"posterior",1009.5,0.0000010397
6,"R_Date","T4-35",,"likelihood",547.5,0
6,"R_Date","T4-35",,"likelihood",548.5,5.045e-9
6,"R_Date","T4-35",,"likelihood",549.5,5.045e-9
6,"R_Date","T4-35",,"likelihood",550.5,5.045e-9
6,"R_Date","T4-35",,"likelihood",551.5,5.045e-9
6,"R_Date","T4-35",,"likelihood",552.5,5.045e-9
6,"R_Date","T4-35",,"likelihood",553.5,1.009e-8
6,"R_Date","T4-35",,"likelihood",554.5,1.009e-8
6,"R_Date","T4-35",,"likelihood",555.5,1.009e-8
6,"R_Date","T4-35",,"likelihood",556.5,1.009e-8
6,"R_Date","T4-35",,"likelihood",557.5,1.009e-8
6,"R_Date","T4-35",,"likelihood",558.5,1.009e-8
6,"R_Date","T4-35",,"likelihood",559.5,1.009e-8
6,"R_Date","T4-35",,"likelihood",560.5,1.5135e-8
6,"R_Date","T4-35",,"likelihood",561.5,1.5135e-8
6,"R_Date","T4-35",,"likelihood",562.5,1.5135e-8
6,"R_Date","T4-35",,"likelihood",563.5,2.018e-8
6,"R_Date","T4-35",,"likelihood",564.5,2.018e-8
6,"R_Date","T4-35",,"likelihood",565.5,2.5225e-8
6,"R_Date","T4-35",,"likelihood",566.5,3.027e-8
6,"R_Date","T4-35",,"likelihood",567.5,3.532e-8
6,"R_Date","T4-35",,"likelihood",568.5,4.036e-8
6,"R_Date","T4-35",,"likelihood",569.5,5.045e-8
6,"R_Date","T4-35",,"likelihood",570.5,5.55e-8
6,"R_Date","T4-35",,"likelihood",571.5,5.55e-8
6,"R_Date","T4-35",,"likelihood",572.5,6.559e-8
6,"R_Date","T4-35",,"likelihood",573.5,7.568e-8
6,"R_Date","T4-35",,"likelihood",574.5,8.577e-8
6,"R_Date","T4-35",,"likelihood",575.5,1.009e-7
6,"R_Date","T4-35",,"likelihood",576.5,1.1099e-7
6,"R_Date","T4-35",,"likelihood",577.5,1.1604e-7
6,"R_Date","T4-35",,"likelihood",578.5,1.2613e-7
6,"R_Date","T4-35",,"likelihood",579.5,1.2613e-7
6,"R_Date","T4-35",,"likelihood",580.5,1.3622e-7
6,"R_Date","T4-35",,"likelihood",581.5,1.4631e-7
6,"R_Date","T4-35",,"likelihood",582.5,1.564e-7
6,"R_Date","T4-35",,"likelihood",583.5,1.7153e-7
6,"R_Date","T4-35",,"likelihood",584.5,1.7153e-7
6,"R_Date","T4-35",,"likelihood",585.5,1.8162e-7
6,"R_Date","T4-35",,"likelihood",586.5,1.7153e-7
6,"R_Date","T4-35",,"likelihood",587.5,1.8162e-7
6,"R_Date","T4-35",,"likelihood",588.5,1.9676e-7
6,"R_Date","T4-35",,"likelihood",589.5,2.0685e-7
6,"R_Date","T4-35",,"likelihood",590.5,2.2703e-7
6,"R_Date","T4-35",,"likelihood",591.5,2.4216e-7
6,"R_Date","T4-35",,"likelihood",592.5,2.573e-7
6,"R_Date","T4-35",,"likelihood",593.5,2.7748e-7
6,"R_Date","T4-35",,"likelihood",594.5,2.9766e-7
6,"R_Date","T4-35",,"likelihood",595.5,3.431e-7
6,"R_Date","T4-35",,"likelihood",596.5,3.935e-7
6,"R_Date","T4-35",,"likelihood",597.5,4.541e-7
6,"R_Date","T4-35",,"likelihood",598.5,5.499e-7
6,"R_Date","T4-35",,"likelihood",599.5,6.71e-7
6,"R_Date","T4-35",,"likelihood",600.5,8.728e-7
6,"R_Date","T4-35",,"likelihood",601.5,0.0000010645
6,"R_Date","T4-35",,"likelihood",602.5,0.0000013773
6,"R_Date","T4-35",,"likelihood",603.5,0.000001685
6,"R_Date","T4-35",,"likelihood",604.5,0.0000021694
6,"R_Date","T4-35",,"likelihood",605.5,0.0000027748
6,"R_Date","T4-35",,"likelihood",606.5,0.000003542
6,"R_Date","T4-35",,"likelihood",607.5,0.0000045
6,"R_Date","T4-35",,"likelihood",608.5,0.000005605
6,"R_Date","T4-35",,"likelihood",609.5,0.000006296
6,"R_Date","T4-35",,"likelihood",610.5,0.000007063
6,"R_Date","T4-35",,"likelihood",611.5,0.000007916
6,"R_Date","T4-35",,"likelihood",612.5,0.000008052
6,"R_Date","T4-35",,"likelihood",613.5,0.000008052
6,"R_Date","T4-35",,"likelihood",614.5,0.000008052
6,"R_Date","T4-35",,"likelihood",615.5,0.000007916
6,"R_Date","T4-35",,"likelihood",616.5,0.000007916
6,"R_Date","T4-35",,"likelihood",617.5,0.000007482
6,"R_Date","T4-35",,"likelihood",618.5,0.00000667
6,"R_Date","T4-35",,"likelihood",619.5,0.000006296
6,"R_Date","T4-35",,"likelihood",620.5,0.000005943
6,"R_Date","T4-35",,"likelihood",621.5,0.000005065
6,"R_Date","T4-35",,"likelihood",622.5,0.000004773
6,"R_Date","T4-35",,"likelihood",623.5,0.000004238
6,"R_Date","T4-35",,"likelihood",624.5,0.000004177
6,"R_Date","T4-35",,"likelihood",625.5,0.000003703
6,"R_Date","T4-35",,"likelihood",626.5,0.000003491
6,"R_Date","T4-35",,"likelihood",627.5,0.0000029513
6,"R_Date","T4-35",,"likelihood",628.5,0.0000027748
6,"R_Date","T4-35",,"likelihood",629.5,0.0000026083
6,"R_Date","T4-35",,"likelihood",630.5,0.0000024519
6,"R_Date","T4-35",,"likelihood",631.5,0.0000024519
6,"R_Date","T4-35",,"likelihood",632.5,0.0000024519
6,"R_Date","T4-35",,"likelihood",633.5,0.0000024519
6,"R_Date","T4-35",,"likelihood",634.5,0.0000027748
6,"R_Date","T4-35",,"likelihood",635.5,0.0000029513
6,"R_Date","T4-35",,"likelihood",636.5,0.000003335
6,"R_Date","T4-35",,"likelihood",637.5,0.000003829
6,"R_Date","T4-35",,"likelihood",638.5,0.000004586
6,"R_Date","T4-35",,"likelihood",639.5,0.000005474
6,"R_Date","T4-35",,"likelihood",640.5,0.000006781
6,"R_Date","T4-35",,"likelihood",641.5,0.000008521
6,"R_Date","T4-35",,"likelihood",642.5,0.00001009
6,"R_Date","T4-35",,"likelihood",643.5,0.000012597
6,"R_Date","T4-35",,"likelihood",644.5,0.000015665
6,"R_Date","T4-35",,"likelihood",645.5,0.000020079
6,"R_Date","T4-35",,"likelihood",646.5,0.000023944
6,"R_Date","T4-35",,"likelihood",647.5,0.000029423
6,"R_Date","T4-35",,"likelihood",648.5,0.00003786
6,"R_Date","T4-35",,"likelihood",649.5,0.00004611
6,"R_Date","T4-35",,"likelihood",650.5,0.00005594
6,"R_Date","T4-35",,"likelihood",651.5,0.00007082
6,"R_Date","T4-35",,"likelihood",652.5,0.00008515
6,"R_Date","T4-35",,"likelihood",653.5,0.0001066
6,"R_Date","T4-35",,"likelihood",654.5,0.00012702
6,"R_Date","T4-35",,"likelihood",655.5,0.00015075
6,"R_Date","T4-35",,"likelihood",656.5,0.00018568
6,"R_Date","T4-35",,"likelihood",657.5,0.00021837
6,"R_Date","T4-35",,"likelihood",658.5,0.0002558
6,"R_Date","T4-35",,"likelihood",659.5,0.00029843
6,"R_Date","T4-35",,"likelihood",660.5,0.000352
6,"R_Date","T4-35",,"likelihood",661.5,0.0004069
6,"R_Date","T4-35",,"likelihood",662.5,0.0004686
6,"R_Date","T4-35",,"likelihood",663.5,0.0005374
6,"R_Date","T4-35",,"likelihood",664.5,0.0006138
6,"R_Date","T4-35",,"likelihood",665.5,0.0006764
6,"R_Date","T4-35",,"likelihood",666.5,0.0007437
6,"R_Date","T4-35",,"likelihood",667.5,0.000841
6,"R_Date","T4-35",,"likelihood",668.5,0.0009197
6,"R_Date","T4-35",,"likelihood",669.5,0.0009958
6,"R_Date","T4-35",,"likelihood",670.5,0.0010848
6,"R_Date","T4-35",,"likelihood",671.5,0.0011469
6,"R_Date","T4-35",,"likelihood",672.5,0.0012446
6,"R_Date","T4-35",,"likelihood",673.5,0.0013126
6,"R_Date","T4-35",,"likelihood",674.5,0.0014188
6,"R_Date","T4-35",,"likelihood",675.5,0.0014925
6,"R_Date","T4-35",,"likelihood",676.5,0.0015684
6,"R_Date","T4-35",,"likelihood",677.5,0.0016464
6,"R_Date","T4-35",,"likelihood",678.5,0.0017741
6,"R_Date","T4-35",,"likelihood",679.5,0.001857
6,"R_Date","T4-35",,"likelihood",680.5,0.0019418
6,"R_Date","T4-35",,"likelihood",681.5,0.0019848
6,"R_Date","T4-35",,"likelihood",682.5,0.0020723
6,"R_Date","T4-35",,"likelihood",683.5,0.0021614
6,"R_Date","T4-35",,"likelihood",684.5,0.002252
6,"R_Date","T4-35",,"likelihood",685.5,0.002344
6,"R_Date","T4-35",,"likelihood",686.5,0.0023904
6,"R_Date","T4-35",,"likelihood",687.5,0.0024808
6,"R_Date","T4-35",,"likelihood",688.5,0.0025762
6,"R_Date","T4-35",,"likelihood",689.5,0.0026217
6,"R_Date","T4-35",,"likelihood",690.5,0.0027189
6,"R_Date","T4-35",,"likelihood",691.5,0.0027678
6,"R_Date","T4-35",,"likelihood",692.5,0.0028168
6,"R_Date","T4-35",,"likelihood",693.5,0.0028649
6,"R_Date","T4-35",,"likelihood",694.5,0.0028154
6,"R_Date","T4-35",,"likelihood",695.5,0.0027662
6,"R_Date","T4-35",,"likelihood",696.5,0.0026681
6,"R_Date","T4-35",,"likelihood",697.5,0.0025707
6,"R_Date","T4-35",,"likelihood",698.5,0.0025224
6,"R_Date","T4-35",,"likelihood",699.5,0.0024744
6,"R_Date","T4-35",,"likelihood",700.5,0.0024266
6,"R_Date","T4-35",,"likelihood",701.5,0.0024744
6,"R_Date","T4-35",,"likelihood",702.5,0.0025707
6,"R_Date","T4-35",,"likelihood",703.5,0.002717
6,"R_Date","T4-35",,"likelihood",704.5,0.0029144
6,"R_Date","T4-35",,"likelihood",705.5,0.0031129
6,"R_Date","T4-35",,"likelihood",706.5,0.003409
6,"R_Date","T4-35",,"likelihood",707.5,0.003651
6,"R_Date","T4-35",,"likelihood",708.5,0.003839
6,"R_Date","T4-35",,"likelihood",709.5,0.003975
6,"R_Date","T4-35",,"likelihood",710.5,0.004019
6,"R_Date","T4-35",,"likelihood",711.5,0.003975
6,"R_Date","T4-35",,"likelihood",712.5,0.00393
6,"R_Date","T4-35",,"likelihood",713.5,0.003885
6,"R_Date","T4-35",,"likelihood",714.5,0.003885
6,"R_Date","T4-35",,"likelihood",715.5,0.003839
6,"R_Date","T4-35",,"likelihood",716.5,0.003885
6,"R_Date","T4-35",,"likelihood",717.5,0.003885
6,"R_Date","T4-35",,"likelihood",718.5,0.00393
6,"R_Date","T4-35",,"likelihood",719.5,0.00393
6,"R_Date","T4-35",,"likelihood",720.5,0.00393
6,"R_Date","T4-35",,"likelihood",721.5,0.00389
6,"R_Date","T4-35",,"likelihood",722.5,0.003797
6,"R_Date","T4-35",,"likelihood",723.5,0.003703
6,"R_Date","T4-35",,"likelihood",724.5,0.003607
6,"R_Date","T4-35",,"likelihood",725.5,0.00351
6,"R_Date","T4-35",,"likelihood",726.5,0.003461
6,"R_Date","T4-35",,"likelihood",727.5,0.003362
6,"R_Date","T4-35",,"likelihood",728.5,0.003362
6,"R_Date","T4-35",,"likelihood",729.5,0.003362
6,"R_Date","T4-35",,"likelihood",730.5,0.003412
6,"R_Date","T4-35",,"likelihood",731.5,0.003412
6,"R_Date","T4-35",,"likelihood",732.5,0.003461
6,"R_Date","T4-35",,"likelihood",733.5,0.003461
6,"R_Date","T4-35",,"likelihood",734.5,0.003461
6,"R_Date","T4-35",,"likelihood",735.5,0.003461
6,"R_Date","T4-35",,"likelihood",736.5,0.003461
6,"R_Date","T4-35",,"likelihood",737.5,0.003362
6,"R_Date","T4-35",,"likelihood",738.5,0.003263
6,"R_Date","T4-35",,"likelihood",739.5,0.0030633
6,"R_Date","T4-35",,"likelihood",740.5,0.0028638
6,"R_Date","T4-35",,"likelihood",741.5,0.002666
6,"R_Date","T4-35",,"likelihood",742.5,0.0024235
6,"R_Date","T4-35",,"likelihood",743.5,0.0022814
6,"R_Date","T4-35",,"likelihood",744.5,0.0020972
6,"R_Date","T4-35",,"likelihood",745.5,0.0019634
6,"R_Date","T4-35",,"likelihood",746.5,0.0018765
6,"R_Date","T4-35",,"likelihood",747.5,0.0018338
6,"R_Date","T4-35",,"likelihood",748.5,0.0017916
6,"R_Date","T4-35",,"likelihood",749.5,0.0017499
6,"R_Date","T4-35",,"likelihood",750.5,0.0016681
6,"R_Date","T4-35",,"likelihood",751.5,0.001628
6,"R_Date","T4-35",,"likelihood",752.5,0.0015495
6,"R_Date","T4-35",,"likelihood",753.5,0.0014359
6,"R_Date","T4-35",,"likelihood",754.5,0.0013631
6,"R_Date","T4-35",,"likelihood",755.5,0.0013275
6,"R_Date","T4-35",,"likelihood",756.5,0.0013992
6,"R_Date","T4-35",,"likelihood",757.5,0.0015111
6,"R_Date","T4-35",,"likelihood",758.5,0.0017088
6,"R_Date","T4-35",,"likelihood",759.5,0.0019197
6,"R_Date","T4-35",,"likelihood",760.5,0.0021426
6,"R_Date","T4-35",,"likelihood",761.5,0.0023284
6,"R_Date","T4-35",,"likelihood",762.5,0.0024235
6,"R_Date","T4-35",,"likelihood",763.5,0.0024714
6,"R_Date","T4-35",,"likelihood",764.5,0.0024235
6,"R_Date","T4-35",,"likelihood",765.5,0.0022814
6,"R_Date","T4-35",,"likelihood",766.5,0.0020972
6,"R_Date","T4-35",,"likelihood",767.5,0.0019197
6,"R_Date","T4-35",,"likelihood",768.5,0.0017499
6,"R_Date","T4-35",,"likelihood",769.5,0.0016681
6,"R_Date","T4-35",,"likelihood",770.5,0.001628
6,"R_Date","T4-35",,"likelihood",771.5,0.0017499
6,"R_Date","T4-35",,"likelihood",772.5,0.0021848
6,"R_Date","T4-35",,"likelihood",773.5,0.003163
6,"R_Date","T4-35",,"likelihood",774.5,0.00455
6,"R_Date","T4-35",,"likelihood",775.5,0.005025
6,"R_Date","T4-35",,"likelihood",776.5,0.004399
6,"R_Date","T4-35",,"likelihood",777.5,0.003883
6,"R_Date","T4-35",,"likelihood",778.5,0.003741
6,"R_Date","T4-35",,"likelihood",779.5,0.00397
6,"R_Date","T4-35",,"likelihood",780.5,0.004231
6,"R_Date","T4-35",,"likelihood",781.5,0.004429
6,"R_Date","T4-35",,"likelihood",782.5,0.00457
6,"R_Date","T4-35",,"likelihood",783.5,0.004635
6,"R_Date","T4-35",,"likelihood",784.5,0.004725
6,"R_Date","T4-35",,"likelihood",785.5,0.004805
6,"R_Date","T4-35",,"likelihood",786.5,0.004874
6,"R_Date","T4-35",,"likelihood",787.5,0.004964
6,"R_Date","T4-35",,"likelihood",788.5,0.005029
6,"R_Date","T4-35",,"likelihood",789.5,0.005045
6,"R_Date","T4-35",,"likelihood",790.5,0.005013
6,"R_Date","T4-35",,"likelihood",791.5,0.004949
6,"R_Date","T4-35",,"likelihood",792.5,0.004875
6,"R_Date","T4-35",,"likelihood",793.5,0.00483
6,"R_Date","T4-35",,"likelihood",794.5,0.00483
6,"R_Date","T4-35",,"likelihood",795.5,0.00483
6,"R_Date","T4-35",,"likelihood",796.5,0.004875
6,"R_Date","T4-35",,"likelihood",797.5,0.004895
6,"R_Date","T4-35",,"likelihood",798.5,0.004932
6,"R_Date","T4-35",,"likelihood",799.5,0.004964
6,"R_Date","T4-35",,"likelihood",800.5,0.004965
6,"R_Date","T4-35",,"likelihood",801.5,0.004965
6,"R_Date","T4-35",,"likelihood",802.5,0.004977
6,"R_Date","T4-35",,"likelihood",803.5,0.004977
6,"R_Date","T4-35",,"likelihood",804.5,0.004973
6,"R_Date","T4-35",,"likelihood",805.5,0.004973
6,"R_Date","T4-35",,"likelihood",806.5,0.004983
6,"R_Date","T4-35",,"likelihood",807.5,0.004983
6,"R_Date","T4-35",,"likelihood",808.5,0.004983
6,"R_Date","T4-35",,"likelihood",809.5,0.004983
6,"R_Date","T4-35",,"likelihood",810.5,0.004973
6,"R_Date","T4-35",,"likelihood",811.5,0.00495
6,"R_Date","T4-35",,"likelihood",812.5,0.004921
6,"R_Date","T4-35",,"likelihood",813.5,0.004904
6,"R_Date","T4-35",,"likelihood",814.5,0.004901
6,"R_Date","T4-35",,"likelihood",815.5,0.004901
6,"R_Date","T4-35",,"likelihood",816.5,0.004901
6,"R_Date","T4-35",,"likelihood",817.5,0.004904
6,"R_Date","T4-35",,"likelihood",818.5,0.004921
6,"R_Date","T4-35",,"likelihood",819.5,0.00495
6,"R_Date","T4-35",,"likelihood",820.5,0.004946
6,"R_Date","T4-35",,"likelihood",821.5,0.004967
6,"R_Date","T4-35",,"likelihood",822.5,0.004965
6,"R_Date","T4-35",,"likelihood",823.5,0.004979
6,"R_Date","T4-35",,"likelihood",824.5,0.004981
6,"R_Date","T4-35",,"likelihood",825.5,0.004975
6,"R_Date","T4-35",,"likelihood",826.5,0.004965
6,"R_Date","T4-35",,"likelihood",827.5,0.004949
6,"R_Date","T4-35",,"likelihood",828.5,0.004916
6,"R_Date","T4-35",,"likelihood",829.5,0.004887
6,"R_Date","T4-35",,"likelihood",830.5,0.004836
6,"R_Date","T4-35",,"likelihood",831.5,0.004818
6,"R_Date","T4-35",,"likelihood",832.5,0.004778
6,"R_Date","T4-35",,"likelihood",833.5,0.004738
6,"R_Date","T4-35",,"likelihood",834.5,0.004715
6,"R_Date","T4-35",,"likelihood",835.5,0.004691
6,"R_Date","T4-35",,"likelihood",836.5,0.004666
6,"R_Date","T4-35",,"likelihood",837.5,0.004666
6,"R_Date","T4-35",,"likelihood",838.5,0.004657
6,"R_Date","T4-35",,"likelihood",839.5,0.004657
6,"R_Date","T4-35",,"likelihood",840.5,0.004657
6,"R_Date","T4-35",,"likelihood",841.5,0.004672
6,"R_Date","T4-35",,"likelihood",842.5,0.004699
6,"R_Date","T4-35",,"likelihood",843.5,0.004699
6,"R_Date","T4-35",,"likelihood",844.5,0.004699
6,"R_Date","T4-35",,"likelihood",845.5,0.00474
6,"R_Date","T4-35",,"likelihood",846.5,0.004765
6,"R_Date","T4-35",,"likelihood",847.5,0.004765
6,"R_Date","T4-35",,"likelihood",848.5,0.004788
6,"R_Date","T4-35",,"likelihood",849.5,0.00481
6,"R_Date","T4-35",,"likelihood",850.5,0.004832
6,"R_Date","T4-35",,"likelihood",851.5,0.004852
6,"R_Date","T4-35",,"likelihood",852.5,0.004852
6,"R_Date","T4-35",,"likelihood",853.5,0.004854
6,"R_Date","T4-35",,"likelihood",854.5,0.004871
6,"R_Date","T4-35",,"likelihood",855.5,0.004887
6,"R_Date","T4-35",,"likelihood",856.5,0.004902
6,"R_Date","T4-35",,"likelihood",857.5,0.004902
6,"R_Date","T4-35",,"likelihood",858.5,0.004916
6,"R_Date","T4-35",,"likelihood",859.5,0.004928
6,"R_Date","T4-35",,"likelihood",860.5,0.004928
6,"R_Date","T4-35",,"likelihood",861.5,0.004939
6,"R_Date","T4-35",,"likelihood",862.5,0.004939
6,"R_Date","T4-35",,"likelihood",863.5,0.004957
6,"R_Date","T4-35",,"likelihood",864.5,0.004957
6,"R_Date","T4-35",,"likelihood",865.5,0.004957
6,"R_Date","T4-35",,"likelihood",866.5,0.004957
6,"R_Date","T4-35",,"likelihood",867.5,0.004957
6,"R_Date","T4-35",,"likelihood",868.5,0.004957
6,"R_Date","T4-35",,"likelihood",869.5,0.004946
6,"R_Date","T4-35",,"likelihood",870.5,0.004946
6,"R_Date","T4-35",,"likelihood",871.5,0.004933
6,"R_Date","T4-35",,"likelihood",872.5,0.004919
6,"R_Date","T4-35",,"likelihood",873.5,0.004887
6,"R_Date","T4-35",,"likelihood",874.5,0.004854
6,"R_Date","T4-35",,"likelihood",875.5,0.004835
6,"R_Date","T4-35",,"likelihood",876.5,0.004795
6,"R_Date","T4-35",,"likelihood",877.5,0.004749
6,"R_Date","T4-35",,"likelihood",878.5,0.004672
6,"R_Date","T4-35",,"likelihood",879.5,0.004616
6,"R_Date","T4-35",,"likelihood",880.5,0.004523
6,"R_Date","T4-35",,"likelihood",881.5,0.004422
6,"R_Date","T4-35",,"likelihood",882.5,0.004313
6,"R_Date","T4-35",,"likelihood",883.5,0.004196
6,"R_Date","T4-35",,"likelihood",884.5,0.00403
6,"R_Date","T4-35",,"likelihood",885.5,0.003854
6,"R_Date","T4-35",,"likelihood",886.5,0.003717
6,"R_Date","T4-35",,"likelihood",887.5,0.003532
6,"R_Date","T4-35",,"likelihood",888.5,0.003337
6,"R_Date","T4-35",,"likelihood",889.5,0.0031395
6,"R_Date","T4-35",,"likelihood",890.5,0.00294
6,"R_Date","T4-35",,"likelihood",891.5,0.0027406
6,"R_Date","T4-35",,"likelihood",892.5,0.0025435
6,"R_Date","T4-35",,"likelihood",893.5,0.0023503
6,"R_Date","T4-35",,"likelihood",894.5,0.0021623
6,"R_Date","T4-35",,"likelihood",895.5,0.0019806
6,"R_Date","T4-35",,"likelihood",896.5,0.0018491
6,"R_Date","T4-35",,"likelihood",897.5,0.0016807
6,"R_Date","T4-35",,"likelihood",898.5,0.00156
6,"R_Date","T4-35",,"likelihood",899.5,0.0014445
6,"R_Date","T4-35",,"likelihood",900.5,0.0013341
6,"R_Date","T4-35",,"likelihood",901.5,0.0012635
6,"R_Date","T4-35",,"likelihood",902.5,0.0011698
6,"R_Date","T4-35",,"likelihood",903.5,0.0011372
6,"R_Date","T4-35",,"likelihood",904.5,0.0010739
6,"R_Date","T4-35",,"likelihood",905.5,0.0010432
6,"R_Date","T4-35",,"likelihood",906.5,0.001013
6,"R_Date","T4-35",,"likelihood",907.5,0.001013
6,"R_Date","T4-35",,"likelihood",908.5,0.001013
6,"R_Date","T4-35",,"likelihood",909.5,0.0010054
6,"R_Date","T4-35",,"likelihood",910.5,0.0010356
6,"R_Date","T4-35",,"likelihood",911.5,0.0010356
6,"R_Date","T4-35",,"likelihood",912.5,0.0010663
6,"R_Date","T4-35",,"likelihood",913.5,0.0011296
6,"R_Date","T4-35",,"likelihood",914.5,0.0011622
6,"R_Date","T4-35",,"likelihood",915.5,0.0012291
6,"R_Date","T4-35",,"likelihood",916.5,0.0012985
6,"R_Date","T4-35",,"likelihood",917.5,0.0013703
6,"R_Date","T4-35",,"likelihood",918.5,0.0014445
6,"R_Date","T4-35",,"likelihood",919.5,0.0015209
6,"R_Date","T4-35",,"likelihood",920.5,0.0015997
6,"R_Date","T4-35",,"likelihood",921.5,0.0016807
6,"R_Date","T4-35",,"likelihood",922.5,0.0017638
6,"R_Date","T4-35",,"likelihood",923.5,0.0018553
6,"R_Date","T4-35",,"likelihood",924.5,0.0019422
6,"R_Date","T4-35",,"likelihood",925.5,0.0020309
6,"R_Date","T4-35",,"likelihood",926.5,0.0021214
6,"R_Date","T4-35",,"likelihood",927.5,0.0022135
6,"R_Date","T4-35",,"likelihood",928.5,0.0023071
6,"R_Date","T4-35",,"likelihood",929.5,0.0023544
6,"R_Date","T4-35",,"likelihood",930.5,0.002402
6,"R_Date","T4-35",,"likelihood",931.5,0.0024499
6,"R_Date","T4-35",,"likelihood",932.5,0.0024981
6,"R_Date","T4-35",,"likelihood",933.5,0.0024981
6,"R_Date","T4-35",,"likelihood",934.5,0.0025466
6,"R_Date","T4-35",,"likelihood",935.5,0.0025466
6,"R_Date","T4-35",,"likelihood",936.5,0.0025466
6,"R_Date","T4-35",,"likelihood",937.5,0.0025466
6,"R_Date","T4-35",,"likelihood",938.5,0.0025466
6,"R_Date","T4-35",,"likelihood",939.5,0.0024981
6,"R_Date","T4-35",,"likelihood",940.5,0.0024981
6,"R_Date","T4-35",,"likelihood",941.5,0.0024499
6,"R_Date","T4-35",,"likelihood",942.5,0.002402
6,"R_Date","T4-35",,"likelihood",943.5,0.0023544
6,"R_Date","T4-35",,"likelihood",944.5,0.0023071
6,"R_Date","T4-35",,"likelihood",945.5,0.0022649
6,"R_Date","T4-35",,"likelihood",946.5,0.0022185
6,"R_Date","T4-35",,"likelihood",947.5,0.0021673
6,"R_Date","T4-35",,"likelihood",948.5,0.002076
6,"R_Date","T4-35",,"likelihood",949.5,0.0020309
6,"R_Date","T4-35",,"likelihood",950.5,0.0019422
6,"R_Date","T4-35",,"likelihood",951.5,0.0018985
6,"R_Date","T4-35",,"likelihood",952.5,0.0018062
6,"R_Date","T4-35",,"likelihood",953.5,0.0017638
6,"R_Date","T4-35",,"likelihood",954.5,0.0016807
6,"R_Date","T4-35",,"likelihood",955.5,0.0016399
6,"R_Date","T4-35",,"likelihood",956.5,0.0015997
6,"R_Date","T4-35",,"likelihood",957.5,0.0015209
6,"R_Date","T4-35",,"likelihood",958.5,0.0014824
6,"R_Date","T4-35",,"likelihood",959.5,0.0014445
6,"R_Date","T4-35",,"likelihood",960.5,0.0014145
6,"R_Date","T4-35",,"likelihood",961.5,0.0014145
6,"R_Date","T4-35",,"likelihood",962.5,0.0013777
6,"R_Date","T4-35",,"likelihood",963.5,0.0013703
6,"R_Date","T4-35",,"likelihood",964.5,0.0013703
6,"R_Date","T4-35",,"likelihood",965.5,0.0014002
6,"R_Date","T4-35",,"likelihood",966.5,0.0014002
6,"R_Date","T4-35",,"likelihood",967.5,0.0014757
6,"R_Date","T4-35",,"likelihood",968.5,0.0015143
6,"R_Date","T4-35",,"likelihood",969.5,0.0015932
6,"R_Date","T4-35",,"likelihood",970.5,0.0016276
6,"R_Date","T4-35",,"likelihood",971.5,0.0016276
6,"R_Date","T4-35",,"likelihood",972.5,0.0015872
6,"R_Date","T4-35",,"likelihood",973.5,0.0015081
6,"R_Date","T4-35",,"likelihood",974.5,0.0013939
6,"R_Date","T4-35",,"likelihood",975.5,0.00125
6,"R_Date","T4-35",,"likelihood",976.5,0.0010841
6,"R_Date","T4-35",,"likelihood",977.5,0.0009624
6,"R_Date","T4-35",,"likelihood",978.5,0.0008506
6,"R_Date","T4-35",,"likelihood",979.5,0.0007731
6,"R_Date","T4-35",,"likelihood",980.5,0.0007243
6,"R_Date","T4-35",,"likelihood",981.5,0.0007243
6,"R_Date","T4-35",,"likelihood",982.5,0.0007484
6,"R_Date","T4-35",,"likelihood",983.5,0.0007731
6,"R_Date","T4-35",,"likelihood",984.5,0.0007983
6,"R_Date","T4-35",,"likelihood",985.5,0.0008242
6,"R_Date","T4-35",,"likelihood",986.5,0.0008506
6,"R_Date","T4-35",,"likelihood",987.5,0.0008776
6,"R_Date","T4-35",,"likelihood",988.5,0.0008506
6,"R_Date","T4-35",,"likelihood",989.5,0.0007983
6,"R_Date","T4-35",,"likelihood",990.5,0.0007243
6,"R_Date","T4-35",,"likelihood",991.5,0.0005917
6,"R_Date","T4-35",,"likelihood",992.5,0.0004448
6,"R_Date","T4-35",,"likelihood",993.5,0.00029169
6,"R_Date","T4-35",,"likelihood",994.5,0.00017699
6,"R_Date","T4-35",,"likelihood",995.5,0.00010799
6,"R_Date","T4-35",,"likelihood",996.5,0.00007377
6,"R_Date","T4-35",,"likelihood",997.5,0.00005759
6,"R_Date","T4-35",,"likelihood",998.5,0.00004948
6,"R_Date","T4-35",,"likelihood",999.5,0.00004948
6,"R_Date","T4-35",,"likelihood",1000.5,0.00005206
6,"R_Date","T4-35",,"likelihood",1001.5,0.00005759
6,"R_Date","T4-35",,"likelihood",1002.5,0.00006687
6,"R_Date","T4-35",,"likelihood",1003.5,0.00007745
6,"R_Date","T4-35",,"likelihood",1004.5,0.00009381
6,"R_Date","T4-35",,"likelihood",1005.5,0.00011311
6,"R_Date","T4-35",,"likelihood",1006.5,0.00012976
6,"R_Date","T4-35",,"likelihood",1007.5,0.00014848
6,"R_Date","T4-35",,"likelihood",1008.5,0.00015521
6,"R_Date","T4-35",,"likelihood",1009.5,0.0001622
6,"R_Date","T4-35",,"likelihood",1010.5,0.00015521
6,"R_Date","T4-35",,"likelihood",1011.5,0.00014848
6,"R_Date","T4-35",,"likelihood",1012.5,0.000142
6,"R_Date","T4-35",,"likelihood",1013.5,0.00013576
6,"R_Date","T4-35",,"likelihood",1014.5,0.00012976
6,"R_Date","T4-35",,"likelihood",1015.5,0.00012399
6,"R_Date","T4-35",,"likelihood",1016.5,0.00012399
6,"R_Date","T4-35",,"likelihood",1017.5,0.00011311
6,"R_Date","T4-35",,"likelihood",1018.5,0.00010307
6,"R_Date","T4-35",,"likelihood",1019.5,0.00008946
6,"R_Date","T4-35",,"likelihood",1020.5,0.00007377
6,"R_Date","T4-35",,"likelihood",1021.5,0.00005759
6,"R_Date","T4-35",,"likelihood",1022.5,0.00004464
6,"R_Date","T4-35",,"likelihood",1023.5,0.00003258
6,"R_Date","T4-35",,"likelihood",1024.5,0.000024852
6,"R_Date","T4-35",,"likelihood",1025.5,0.000018823
6,"R_Date","T4-35",,"likelihood",1026.5,0.000015877
6,"R_Date","T4-35",,"likelihood",1027.5,0.000012602
6,"R_Date","T4-35",,"likelihood",1028.5,0.000010569
6,"R_Date","T4-35",,"likelihood",1029.5,0.000008319
6,"R_Date","T4-35",,"likelihood",1030.5,0.000006932
6,"R_Date","T4-35",,"likelihood",1031.5,0.000005413
6,"R_Date","T4-35",,"likelihood",1032.5,0.000004208
6,"R_Date","T4-35",,"likelihood",1033.5,0.000003254
6,"R_Date","T4-35",,"likelihood",1034.5,0.0000025074
6,"R_Date","T4-35",,"likelihood",1035.5,0.0000019222
6,"R_Date","T4-35",,"likelihood",1036.5,0.000001569
6,"R_Date","T4-35",,"likelihood",1037.5,0.0000012764
6,"R_Date","T4-35",,"likelihood",1038.5,0.0000010393
6,"R_Date","T4-35",,"likelihood",1039.5,9.031e-7
6,"R_Date","T4-35",,"likelihood",1040.5,7.82e-7
6,"R_Date","T4-35",,"likelihood",1041.5,6.811e-7
6,"R_Date","T4-35",,"likelihood",1042.5,6.306e-7
6,"R_Date","T4-35",,"likelihood",1043.5,5.903e-7
6,"R_Date","T4-35",,"likelihood",1044.5,5.751e-7
6,"R_Date","T4-35",,"likelihood",1045.5,4.995e-7
6,"R_Date","T4-35",,"likelihood",1046.5,4.086e-7
6,"R_Date","T4-35",,"likelihood",1047.5,3.733e-7
6,"R_Date","T4-35",,"likelihood",1048.5,2.6234e-7
6,"R_Date","T4-35",,"likelihood",1049.5,1.9171e-7
6,"R_Date","T4-35",,"likelihood",1050.5,1.4126e-7
6,"R_Date","T4-35",,"likelihood",1051.5,9.586e-8
6,"R_Date","T4-35",,"likelihood",1052.5,6.559e-8
6,"R_Date","T4-35",,"likelihood",1053.5,4.036e-8
6,"R_Date","T4-35",,"likelihood",1054.5,3.027e-8
6,"R_Date","T4-35",,"likelihood",1055.5,2.5225e-8
6,"R_Date","T4-35",,"likelihood",1056.5,2.5225e-8
6,"R_Date","T4-35",,"likelihood",1057.5,2.5225e-8
6,"R_Date","T4-35",,"likelihood",1058.5,3.027e-8
6,"R_Date","T4-35",,"likelihood",1059.5,3.532e-8
6,"R_Date","T4-35",,"likelihood",1060.5,4.036e-8
6,"R_Date","T4-35",,"likelihood",1061.5,4.036e-8
6,"R_Date","T4-35",,"likelihood",1062.5,4.541e-8
6,"R_Date","T4-35",,"likelihood",1063.5,4.541e-8
6,"R_Date","T4-35",,"likelihood",1064.5,4.541e-8
6,"R_Date","T4-35",,"likelihood",1065.5,4.541e-8
6,"R_Date","T4-35",,"likelihood",1066.5,4.541e-8
6,"R_Date","T4-35",,"likelihood",1067.5,4.036e-8
6,"R_Date","T4-35",,"likelihood",1068.5,4.036e-8
6,"R_Date","T4-35",,"likelihood",1069.5,4.036e-8
6,"R_Date","T4-35",,"likelihood",1070.5,4.036e-8
6,"R_Date","T4-35",,"likelihood",1071.5,4.036e-8
6,"R_Date","T4-35",,"likelihood",1072.5,4.036e-8
6,"R_Date","T4-35",,"likelihood",1073.5,4.036e-8
6,"R_Date","T4-35",,"likelihood",1074.5,4.036e-8
6,"R_Date","T4-35",,"likelihood",1075.5,4.036e-8
6,"R_Date","T4-35",,"likelihood",1076.5,4.541e-8
6,"R_Date","T4-35",,"likelihood",1077.5,5.55e-8
6,"R_Date","T4-35",,"likelihood",1078.5,6.559e-8
6,"R_Date","T4-35",,"likelihood",1079.5,9.081e-8
6,"R_Date","T4-35",,"likelihood",1080.5,1.3117e-7
6,"R_Date","T4-35",,"likelihood",1081.5,1.7658e-7
6,"R_Date","T4-35",,"likelihood",1082.5,2.4216e-7
6,"R_Date","T4-35",,"likelihood",1083.5,3.279e-7
6,"R_Date","T4-35",,"likelihood",1084.5,4.086e-7
6,"R_Date","T4-35",,"likelihood",1085.5,4.742e-7
6,"R_Date","T4-35",,"likelihood",1086.5,5.499e-7
6,"R_Date","T4-35",,"likelihood",1087.5,6.306e-7
6,"R_Date","T4-35",,"likelihood",1088.5,6.811e-7
6,"R_Date","T4-35",,"likelihood",1089.5,6.811e-7
6,"R_Date","T4-35",,"likelihood",1090.5,7.164e-7
6,"R_Date","T4-35",,"likelihood",1091.5,6.306e-7
6,"R_Date","T4-35",,"likelihood",1092.5,5.903e-7
6,"R_Date","T4-35",,"likelihood",1093.5,5.095e-7
6,"R_Date","T4-35",,"likelihood",1094.5,4.086e-7
6,"R_Date","T4-35",,"likelihood",1095.5,3.481e-7
6,"R_Date","T4-35",,"likelihood",1096.5,2.9766e-7
6,"R_Date","T4-35",,"likelihood",1097.5,2.7748e-7
6,"R_Date","T4-35",,"likelihood",1098.5,2.573e-7
6,"R_Date","T4-35",,"likelihood",1099.5,2.573e-7
6,"R_Date","T4-35",,"likelihood",1100.5,2.7748e-7
6,"R_Date","T4-35",,"likelihood",1101.5,2.9766e-7
6,"R_Date","T4-35",,"likelihood",1102.5,3.279e-7
6,"R_Date","T4-35",,"likelihood",1103.5,3.784e-7
6,"R_Date","T4-35",,"likelihood",1104.5,4.389e-7
6,"R_Date","T4-35",,"likelihood",1105.5,5.095e-7
6,"R_Date","T4-35",,"likelihood",1106.5,5.903e-7
6,"R_Date","T4-35",,"likelihood",1107.5,7.164e-7
6,"R_Date","T4-35",,"likelihood",1108.5,8.223e-7
6,"R_Date","T4-35",,"likelihood",1109.5,8.829e-7
6,"R_Date","T4-35",,"likelihood",1110.5,9.485e-7
6,"R_Date","T4-35",,"likelihood",1111.5,9.485e-7
6,"R_Date","T4-35",,"likelihood",1112.5,9.031e-7
6,"R_Date","T4-35",,"likelihood",1113.5,8.425e-7
6,"R_Date","T4-35",,"likelihood",1114.5,7.82e-7
6,"R_Date","T4-35",,"likelihood",1115.5,6.811e-7
6,"R_Date","T4-35",,"likelihood",1116.5,6.306e-7
6,"R_Date","T4-35",,"likelihood",1117.5,5.903e-7
6,"R_Date","T4-35",,"likelihood",1118.5,5.499e-7
6,"R_Date","T4-35",,"likelihood",1119.5,5.095e-7
6,"R_Date","T4-35",,"likelihood",1120.5,4.742e-7
6,"R_Date","T4-35",,"likelihood",1121.5,4.742e-7
6,"R_Date","T4-35",,"likelihood",1122.5,4.389e-7
6,"R_Date","T4-35",,"likelihood",1123.5,4.086e-7
6,"R_Date","T4-35",,"likelihood",1124.5,3.784e-7
6,"R_Date","T4-35",,"likelihood",1125.5,3.279e-7
6,"R_Date","T4-35",,"likelihood",1126.5,3.027e-7
6,"R_Date","T4-35",,"likelihood",1127.5,2.6234e-7
6,"R_Date","T4-35",,"likelihood",1128.5,2.6234e-7
6,"R_Date","T4-35",,"likelihood",1129.5,2.4216e-7
6,"R_Date","T4-35",,"likelihood",1130.5,2.4216e-7
6,"R_Date","T4-35",,"likelihood",1131.5,2.2703e-7
6,"R_Date","T4-35",,"likelihood",1132.5,2.2703e-7
6,"R_Date","T4-35",,"likelihood",1133.5,2.0685e-7
6,"R_Date","T4-35",,"likelihood",1134.5,1.9171e-7
6,"R_Date","T4-35",,"likelihood",1135.5,1.7658e-7
6,"R_Date","T4-35",,"likelihood",1136.5,1.7658e-7
6,"R_Date","T4-35",,"likelihood",1137.5,1.9171e-7
6,"R_Date","T4-35",,"likelihood",1138.5,2.3712e-7
6,"R_Date","T4-35",,"likelihood",1139.5,2.7748e-7
6,"R_Date","T4-35",,"likelihood",1140.5,3.229e-7
6,"R_Date","T4-35",,"likelihood",1141.5,3.733e-7
6,"R_Date","T4-35",,"likelihood",1142.5,4.339e-7
6,"R_Date","T4-35",,"likelihood",1143.5,4.339e-7
6,"R_Date","T4-35",,"likelihood",1144.5,4.339e-7
6,"R_Date","T4-35",,"likelihood",1145.5,4.339e-7
6,"R_Date","T4-35",,"likelihood",1146.5,3.986e-7
6,"R_Date","T4-35",,"likelihood",1147.5,3.733e-7
6,"R_Date","T4-35",,"likelihood",1148.5,3.481e-7
6,"R_Date","T4-35",,"likelihood",1149.5,2.9766e-7
6,"R_Date","T4-35",,"likelihood",1150.5,2.7748e-7
6,"R_Date","T4-35",,"likelihood",1151.5,2.3712e-7
6,"R_Date","T4-35",,"likelihood",1152.5,2.0685e-7
6,"R_Date","T4-35",,"likelihood",1153.5,1.5135e-7
6,"R_Date","T4-35",,"likelihood",1154.5,1.1099e-7
6,"R_Date","T4-35",,"likelihood",1155.5,8.072e-8
6,"R_Date","T4-35",,"likelihood",1156.5,5.55e-8
6,"R_Date","T4-35",,"likelihood",1157.5,4.036e-8
6,"R_Date","T4-35",,"likelihood",1158.5,2.5225e-8
6,"R_Date","T4-35",,"likelihood",1159.5,2.018e-8
6,"R_Date","T4-35",,"likelihood",1160.5,1.009e-8
6,"R_Date","T4-35",,"likelihood",1161.5,1.009e-8
6,"R_Date","T4-35",,"likelihood",1162.5,5.045e-9
6,"R_Date","T4-35",,"likelihood",1163.5,5.045e-9
6,"R_Date","T4-35",,"likelihood",1164.5,5.045e-9
6,"R_Date","T4-35",,"likelihood",1165.5,0
6,"R_Date","T4-35",,"posterior",649.5,0
6,"R_Date","T4-35",,"posterior",650.5,2.5942e-7
6,"R_Date","T4-35",,"posterior",651.5,7.783e-7
6,"R_Date","T4-35",,"posterior",652.5,0.0000020832
6,"R_Date","T4-35",,"posterior",653.5,0.0000026021
6,"R_Date","T4-35",,"posterior",654.5,0.0000026021
6,"R_Date","T4-35",,"posterior",655.5,0.000004945
6,"R_Date","T4-35",,"posterior",656.5,0.000006768
6,"R_Date","T4-35",,"posterior",657.5,0.000007814
6,"R_Date","T4-35",,"posterior",658.5,0.000009378
6,"R_Date","T4-35",,"posterior",659.5,0.000009897
6,"R_Date","T4-35",,"posterior",660.5,0.000010935
6,"R_Date","T4-35",,"posterior",661.5,0.000014842
6,"R_Date","T4-35",,"posterior",662.5,0.000019535
6,"R_Date","T4-35",,"posterior",663.5,0.000019268
6,"R_Date","T4-35",,"posterior",664.5,0.000022656
6,"R_Date","T4-35",,"posterior",665.5,0.00003646
6,"R_Date","T4-35",,"posterior",666.5,0.00003854
6,"R_Date","T4-35",,"posterior",667.5,0.00004505
6,"R_Date","T4-35",,"posterior",668.5,0.0000474
6,"R_Date","T4-35",,"posterior",669.5,0.00005703
6,"R_Date","T4-35",,"posterior",670.5,0.0000612
6,"R_Date","T4-35",,"posterior",671.5,0.00008099
6,"R_Date","T4-35",,"posterior",672.5,0.00007448
6,"R_Date","T4-35",,"posterior",673.5,0.00008724
6,"R_Date","T4-35",,"posterior",674.5,0.00009713
6,"R_Date","T4-35",,"posterior",675.5,0.00011745
6,"R_Date","T4-35",,"posterior",676.5,0.00011433
6,"R_Date","T4-35",,"posterior",677.5,0.00012292
6,"R_Date","T4-35",,"posterior",678.5,0.00014583
6,"R_Date","T4-35",,"posterior",679.5,0.00015443
6,"R_Date","T4-35",,"posterior",680.5,0.00016093
6,"R_Date","T4-35",,"posterior",681.5,0.00019011
6,"R_Date","T4-35",,"posterior",682.5,0.00017916
6,"R_Date","T4-35",,"posterior",683.5,0.00020912
6,"R_Date","T4-35",,"posterior",684.5,0.00021614
6,"R_Date","T4-35",,"posterior",685.5,0.00024609
6,"R_Date","T4-35",,"posterior",686.5,0.00025417
6,"R_Date","T4-35",,"posterior",687.5,0.00028568
6,"R_Date","T4-35",,"posterior",688.5,0.00029896
6,"R_Date","T4-35",,"posterior",689.5,0.00030234
6,"R_Date","T4-35",,"posterior",690.5,0.00028984
6,"R_Date","T4-35",,"posterior",691.5,0.0003193
6,"R_Date","T4-35",,"posterior",692.5,0.0003596
6,"R_Date","T4-35",,"posterior",693.5,0.0003424
6,"R_Date","T4-35",,"posterior",694.5,0.0003398
6,"R_Date","T4-35",,"posterior",695.5,0.0003539
6,"R_Date","T4-35",,"posterior",696.5,0.000351
6,"R_Date","T4-35",,"posterior",697.5,0.0003674
6,"R_Date","T4-35",,"posterior",698.5,0.0003589
6,"R_Date","T4-35",,"posterior",699.5,0.0003721
6,"R_Date","T4-35",,"posterior",700.5,0.0003547
6,"R_Date","T4-35",,"posterior",701.5,0.0003648
6,"R_Date","T4-35",,"posterior",702.5,0.0004195
6,"R_Date","T4-35",,"posterior",703.5,0.0004164
6,"R_Date","T4-35",,"posterior",704.5,0.0004721
6,"R_Date","T4-35",,"posterior",705.5,0.0005081
6,"R_Date","T4-35",,"posterior",706.5,0.0005925
6,"R_Date","T4-35",,"posterior",707.5,0.0005852
6,"R_Date","T4-35",,"posterior",708.5,0.0006797
6,"R_Date","T4-35",,"posterior",709.5,0.0007201
6,"R_Date","T4-35",,"posterior",710.5,0.0007068
6,"R_Date","T4-35",,"posterior",711.5,0.0007172
6,"R_Date","T4-35",,"posterior",712.5,0.0007677
6,"R_Date","T4-35",,"posterior",713.5,0.0007581
6,"R_Date","T4-35",,"posterior",714.5,0.0007279
6,"R_Date","T4-35",,"posterior",715.5,0.0007878
6,"R_Date","T4-35",,"posterior",716.5,0.0008016
6,"R_Date","T4-35",,"posterior",717.5,0.0008091
6,"R_Date","T4-35",,"posterior",718.5,0.0007917
6,"R_Date","T4-35",,"posterior",719.5,0.0008492
6,"R_Date","T4-35",,"posterior",720.5,0.0008263
6,"R_Date","T4-35",,"posterior",721.5,0.0008518
6,"R_Date","T4-35",,"posterior",722.5,0.0008411
6,"R_Date","T4-35",,"posterior",723.5,0.0008292
6,"R_Date","T4-35",,"posterior",724.5,0.0008075
6,"R_Date","T4-35",,"posterior",725.5,0.0008307
6,"R_Date","T4-35",,"posterior",726.5,0.0008075
6,"R_Date","T4-35",,"posterior",727.5,0.000818
6,"R_Date","T4-35",,"posterior",728.5,0.0008063
6,"R_Date","T4-35",,"posterior",729.5,0.0008987
6,"R_Date","T4-35",,"posterior",730.5,0.0009029
6,"R_Date","T4-35",,"posterior",731.5,0.0009026
6,"R_Date","T4-35",,"posterior",732.5,0.0009505
6,"R_Date","T4-35",,"posterior",733.5,0.0009495
6,"R_Date","T4-35",,"posterior",734.5,0.0009628
6,"R_Date","T4-35",,"posterior",735.5,0.0009768
6,"R_Date","T4-35",,"posterior",736.5,0.000994
6,"R_Date","T4-35",,"posterior",737.5,0.0009773
6,"R_Date","T4-35",,"posterior",738.5,0.0009753
6,"R_Date","T4-35",,"posterior",739.5,0.0009266
6,"R_Date","T4-35",,"posterior",740.5,0.0008911
6,"R_Date","T4-35",,"posterior",741.5,0.0008273
6,"R_Date","T4-35",,"posterior",742.5,0.0007716
6,"R_Date","T4-35",,"posterior",743.5,0.0007531
6,"R_Date","T4-35",,"posterior",744.5,0.0007125
6,"R_Date","T4-35",,"posterior",745.5,0.0006766
6,"R_Date","T4-35",,"posterior",746.5,0.0006813
6,"R_Date","T4-35",,"posterior",747.5,0.0006461
6,"R_Date","T4-35",,"posterior",748.5,0.0006596
6,"R_Date","T4-35",,"posterior",749.5,0.000626
6,"R_Date","T4-35",,"posterior",750.5,0.0006443
6,"R_Date","T4-35",,"posterior",751.5,0.000657
6,"R_Date","T4-35",,"posterior",752.5,0.0006362
6,"R_Date","T4-35",,"posterior",753.5,0.0005805
6,"R_Date","T4-35",,"posterior",754.5,0.0005672
6,"R_Date","T4-35",,"posterior",755.5,0.0005805
6,"R_Date","T4-35",,"posterior",756.5,0.0006047
6,"R_Date","T4-35",,"posterior",757.5,0.000674
6,"R_Date","T4-35",,"posterior",758.5,0.000807
6,"R_Date","T4-35",,"posterior",759.5,0.0008872
6,"R_Date","T4-35",,"posterior",760.5,0.00103
6,"R_Date","T4-35",,"posterior",761.5,0.0011695
6,"R_Date","T4-35",,"posterior",762.5,0.0012547
6,"R_Date","T4-35",,"posterior",763.5,0.0012833
6,"R_Date","T4-35",,"posterior",764.5,0.0012177
6,"R_Date","T4-35",,"posterior",765.5,0.0012154
6,"R_Date","T4-35",,"posterior",766.5,0.001132
6,"R_Date","T4-35",,"posterior",767.5,0.0010734
6,"R_Date","T4-35",,"posterior",768.5,0.0010029
6,"R_Date","T4-35",,"posterior",769.5,0.0009776
6,"R_Date","T4-35",,"posterior",770.5,0.0009852
6,"R_Date","T4-35",,"posterior",771.5,0.0011052
6,"R_Date","T4-35",,"posterior",772.5,0.0013227
6,"R_Date","T4-35",,"posterior",773.5,0.0019435
6,"R_Date","T4-35",,"posterior",774.5,0.0028375
6,"R_Date","T4-35",,"posterior",775.5,0.003235
6,"R_Date","T4-35",,"posterior",776.5,0.0028859
6,"R_Date","T4-35",,"posterior",777.5,0.0025372
6,"R_Date","T4-35",,"posterior",778.5,0.0024354
6,"R_Date","T4-35",,"posterior",779.5,0.0025781
6,"R_Date","T4-35",,"posterior",780.5,0.0027357
6,"R_Date","T4-35",,"posterior",781.5,0.0028487
6,"R_Date","T4-35",,"posterior",782.5,0.0029198
6,"R_Date","T4-35",,"posterior",783.5,0.0030513
6,"R_Date","T4-35",,"posterior",784.5,0.0030727
6,"R_Date","T4-35",,"posterior",785.5,0.003179
6,"R_Date","T4-35",,"posterior",786.5,0.003176
6,"R_Date","T4-35",,"posterior",787.5,0.003245
6,"R_Date","T4-35",,"posterior",788.5,0.003369
6,"R_Date","T4-35",,"posterior",789.5,0.003383
6,"R_Date","T4-35",,"posterior",790.5,0.003357
6,"R_Date","T4-35",,"posterior",791.5,0.003412
6,"R_Date","T4-35",,"posterior",792.5,0.003391
6,"R_Date","T4-35",,"posterior",793.5,0.00338
6,"R_Date","T4-35",,"posterior",794.5,0.003378
6,"R_Date","T4-35",,"posterior",795.5,0.003407
6,"R_Date","T4-35",,"posterior",796.5,0.003457
6,"R_Date","T4-35",,"posterior",797.5,0.003532
6,"R_Date","T4-35",,"posterior",798.5,0.003716
6,"R_Date","T4-35",,"posterior",799.5,0.003694
6,"R_Date","T4-35",,"posterior",800.5,0.003764
6,"R_Date","T4-35",,"posterior",801.5,0.003713
6,"R_Date","T4-35",,"posterior",802.5,0.003841
6,"R_Date","T4-35",,"posterior",803.5,0.003927
6,"R_Date","T4-35",,"posterior",804.5,0.003875
6,"R_Date","T4-35",,"posterior",805.5,0.004022
6,"R_Date","T4-35",,"posterior",806.5,0.003965
6,"R_Date","T4-35",,"posterior",807.5,0.004004
6,"R_Date","T4-35",,"posterior",808.5,0.004018
6,"R_Date","T4-35",,"posterior",809.5,0.004091
6,"R_Date","T4-35",,"posterior",810.5,0.00414
6,"R_Date","T4-35",,"posterior",811.5,0.004117
6,"R_Date","T4-35",,"posterior",812.5,0.004195
6,"R_Date","T4-35",,"posterior",813.5,0.004178
6,"R_Date","T4-35",,"posterior",814.5,0.004276
6,"R_Date","T4-35",,"posterior",815.5,0.004333
6,"R_Date","T4-35",,"posterior",816.5,0.004406
6,"R_Date","T4-35",,"posterior",817.5,0.004547
6,"R_Date","T4-35",,"posterior",818.5,0.004461
6,"R_Date","T4-35",,"posterior",819.5,0.004586
6,"R_Date","T4-35",,"posterior",820.5,0.004698
6,"R_Date","T4-35",,"posterior",821.5,0.004759
6,"R_Date","T4-35",,"posterior",822.5,0.004676
6,"R_Date","T4-35",,"posterior",823.5,0.004804
6,"R_Date","T4-35",,"posterior",824.5,0.004864
6,"R_Date","T4-35",,"posterior",825.5,0.004804
6,"R_Date","T4-35",,"posterior",826.5,0.004933
6,"R_Date","T4-35",,"posterior",827.5,0.005014
6,"R_Date","T4-35",,"posterior",828.5,0.005073
6,"R_Date","T4-35",,"posterior",829.5,0.005008
6,"R_Date","T4-35",,"posterior",830.5,0.004903
6,"R_Date","T4-35",,"posterior",831.5,0.004972
6,"R_Date","T4-35",,"posterior",832.5,0.00498
6,"R_Date","T4-35",,"posterior",833.5,0.005042
6,"R_Date","T4-35",,"posterior",834.5,0.005092
6,"R_Date","T4-35",,"posterior",835.5,0.004969
6,"R_Date","T4-35",,"posterior",836.5,0.005119
6,"R_Date","T4-35",,"posterior",837.5,0.005138
6,"R_Date","T4-35",,"posterior",838.5,0.005051
6,"R_Date","T4-35",,"posterior",839.5,0.005163
6,"R_Date","T4-35",,"posterior",840.5,0.005103
6,"R_Date","T4-35",,"posterior",841.5,0.005149
6,"R_Date","T4-35",,"posterior",842.5,0.005314
6,"R_Date","T4-35",,"posterior",843.5,0.00531
6,"R_Date","T4-35",,"posterior",844.5,0.005307
6,"R_Date","T4-35",,"posterior",845.5,0.005502
6,"R_Date","T4-35",,"posterior",846.5,0.00543
6,"R_Date","T4-35",,"posterior",847.5,0.005672
6,"R_Date","T4-35",,"posterior",848.5,0.005588
6,"R_Date","T4-35",,"posterior",849.5,0.005683
6,"R_Date","T4-35",,"posterior",850.5,0.005759
6,"R_Date","T4-35",,"posterior",851.5,0.006028
6,"R_Date","T4-35",,"posterior",852.5,0.005994
6,"R_Date","T4-35",,"posterior",853.5,0.00591
6,"R_Date","T4-35",,"posterior",854.5,0.005983
6,"R_Date","T4-35",,"posterior",855.5,0.006168
6,"R_Date","T4-35",,"posterior",856.5,0.006182
6,"R_Date","T4-35",,"posterior",857.5,0.006364
6,"R_Date","T4-35",,"posterior",858.5,0.006331
6,"R_Date","T4-35",,"posterior",859.5,0.006546
6,"R_Date","T4-35",,"posterior",860.5,0.006626
6,"R_Date","T4-35",,"posterior",861.5,0.006763
6,"R_Date","T4-35",,"posterior",862.5,0.006807
6,"R_Date","T4-35",,"posterior",863.5,0.006922
6,"R_Date","T4-35",,"posterior",864.5,0.006936
6,"R_Date","T4-35",,"posterior",865.5,0.007071
6,"R_Date","T4-35",,"posterior",866.5,0.00699
6,"R_Date","T4-35",,"posterior",867.5,0.007336
6,"R_Date","T4-35",,"posterior",868.5,0.007273
6,"R_Date","T4-35",,"posterior",869.5,0.007359
6,"R_Date","T4-35",,"posterior",870.5,0.00749
6,"R_Date","T4-35",,"posterior",871.5,0.007483
6,"R_Date","T4-35",,"posterior",872.5,0.007465
6,"R_Date","T4-35",,"posterior",873.5,0.007624
6,"R_Date","T4-35",,"posterior",874.5,0.007655
6,"R_Date","T4-35",,"posterior",875.5,0.007609
6,"R_Date","T4-35",,"posterior",876.5,0.007861
6,"R_Date","T4-35",,"posterior",877.5,0.007821
6,"R_Date","T4-35",,"posterior",878.5,0.007782
6,"R_Date","T4-35",,"posterior",879.5,0.007703
6,"R_Date","T4-35",,"posterior",880.5,0.007621
6,"R_Date","T4-35",,"posterior",881.5,0.007479
6,"R_Date","T4-35",,"posterior",882.5,0.007398
6,"R_Date","T4-35",,"posterior",883.5,0.007142
6,"R_Date","T4-35",,"posterior",884.5,0.006853
6,"R_Date","T4-35",,"posterior",885.5,0.006784
6,"R_Date","T4-35",,"posterior",886.5,0.006551
6,"R_Date","T4-35",,"posterior",887.5,0.006274
6,"R_Date","T4-35",,"posterior",888.5,0.005939
6,"R_Date","T4-35",,"posterior",889.5,0.005579
6,"R_Date","T4-35",,"posterior",890.5,0.005288
6,"R_Date","T4-35",,"posterior",891.5,0.004906
6,"R_Date","T4-35",,"posterior",892.5,0.004573
6,"R_Date","T4-35",,"posterior",893.5,0.004182
6,"R_Date","T4-35",,"posterior",894.5,0.003918
6,"R_Date","T4-35",,"posterior",895.5,0.003603
6,"R_Date","T4-35",,"posterior",896.5,0.003408
6,"R_Date","T4-35",,"posterior",897.5,0.0030674
6,"R_Date","T4-35",,"posterior",898.5,0.0028573
6,"R_Date","T4-35",,"posterior",899.5,0.0026089
6,"R_Date","T4-35",,"posterior",900.5,0.0024513
6,"R_Date","T4-35",,"posterior",901.5,0.0022891
6,"R_Date","T4-35",,"posterior",902.5,0.0021677
6,"R_Date","T4-35",,"posterior",903.5,0.0020268
6,"R_Date","T4-35",,"posterior",904.5,0.0019542
6,"R_Date","T4-35",,"posterior",905.5,0.0018698
6,"R_Date","T4-35",,"posterior",906.5,0.0018359
6,"R_Date","T4-35",,"posterior",907.5,0.0018466
6,"R_Date","T4-35",,"posterior",908.5,0.0017919
6,"R_Date","T4-35",,"posterior",909.5,0.0018573
6,"R_Date","T4-35",,"posterior",910.5,0.0017984
6,"R_Date","T4-35",,"posterior",911.5,0.0019414
6,"R_Date","T4-35",,"posterior",912.5,0.0019557
6,"R_Date","T4-35",,"posterior",913.5,0.0020133
6,"R_Date","T4-35",,"posterior",914.5,0.0020458
6,"R_Date","T4-35",,"posterior",915.5,0.0021526
6,"R_Date","T4-35",,"posterior",916.5,0.0023526
6,"R_Date","T4-35",,"posterior",917.5,0.0024544
6,"R_Date","T4-35",,"posterior",918.5,0.0026128
6,"R_Date","T4-35",,"posterior",919.5,0.0028203
6,"R_Date","T4-35",,"posterior",920.5,0.0028828
6,"R_Date","T4-35",,"posterior",921.5,0.0030586
6,"R_Date","T4-35",,"posterior",922.5,0.003248
6,"R_Date","T4-35",,"posterior",923.5,0.003304
6,"R_Date","T4-35",,"posterior",924.5,0.003429
6,"R_Date","T4-35",,"posterior",925.5,0.003712
6,"R_Date","T4-35",,"posterior",926.5,0.003876
6,"R_Date","T4-35",,"posterior",927.5,0.004011
6,"R_Date","T4-35",,"posterior",928.5,0.004245
6,"R_Date","T4-35",,"posterior",929.5,0.004306
6,"R_Date","T4-35",,"posterior",930.5,0.004346
6,"R_Date","T4-35",,"posterior",931.5,0.004557
6,"R_Date","T4-35",,"posterior",932.5,0.004719
6,"R_Date","T4-35",,"posterior",933.5,0.004697
6,"R_Date","T4-35",,"posterior",934.5,0.004793
6,"R_Date","T4-35",,"posterior",935.5,0.004855
6,"R_Date","T4-35",,"posterior",936.5,0.004921
6,"R_Date","T4-35",,"posterior",937.5,0.004884
6,"R_Date","T4-35",,"posterior",938.5,0.00491
6,"R_Date","T4-35",,"posterior",939.5,0.004888
6,"R_Date","T4-35",,"posterior",940.5,0.004955
6,"R_Date","T4-35",,"posterior",941.5,0.004824
6,"R_Date","T4-35",,"posterior",942.5,0.004804
6,"R_Date","T4-35",,"posterior",943.5,0.004708
6,"R_Date","T4-35",,"posterior",944.5,0.004587
6,"R_Date","T4-35",,"posterior",945.5,0.004583
6,"R_Date","T4-35",,"posterior",946.5,0.004542
6,"R_Date","T4-35",,"posterior",947.5,0.004514
6,"R_Date","T4-35",,"posterior",948.5,0.004336
6,"R_Date","T4-35",,"posterior",949.5,0.004286
6,"R_Date","T4-35",,"posterior",950.5,0.004065
6,"R_Date","T4-35",,"posterior",951.5,0.003999
6,"R_Date","T4-35",,"posterior",952.5,0.003866
6,"R_Date","T4-35",,"posterior",953.5,0.00379
6,"R_Date","T4-35",,"posterior",954.5,0.003597
6,"R_Date","T4-35",,"posterior",955.5,0.003475
6,"R_Date","T4-35",,"posterior",956.5,0.003432
6,"R_Date","T4-35",,"posterior",957.5,0.003256
6,"R_Date","T4-35",,"posterior",958.5,0.003196
6,"R_Date","T4-35",,"posterior",959.5,0.0031307
6,"R_Date","T4-35",,"posterior",960.5,0.0030922
6,"R_Date","T4-35",,"posterior",961.5,0.0030331
6,"R_Date","T4-35",,"posterior",962.5,0.0030414
6,"R_Date","T4-35",,"posterior",963.5,0.0029378
6,"R_Date","T4-35",,"posterior",964.5,0.0030435
6,"R_Date","T4-35",,"posterior",965.5,0.003176
6,"R_Date","T4-35",,"posterior",966.5,0.003174
6,"R_Date","T4-35",,"posterior",967.5,0.003286
6,"R_Date","T4-35",,"posterior",968.5,0.0034
6,"R_Date","T4-35",,"posterior",969.5,0.00354
6,"R_Date","T4-35",,"posterior",970.5,0.003746
6,"R_Date","T4-35",,"posterior",971.5,0.003759
6,"R_Date","T4-35",,"posterior",972.5,0.003672
6,"R_Date","T4-35",,"posterior",973.5,0.003498
6,"R_Date","T4-35",,"posterior",974.5,0.003232
6,"R_Date","T4-35",,"posterior",975.5,0.0029688
6,"R_Date","T4-35",,"posterior",976.5,0.0026203
6,"R_Date","T4-35",,"posterior",977.5,0.0022523
6,"R_Date","T4-35",,"posterior",978.5,0.0020352
6,"R_Date","T4-35",,"posterior",979.5,0.0018078
6,"R_Date","T4-35",,"posterior",980.5,0.0017562
6,"R_Date","T4-35",,"posterior",981.5,0.0017503
6,"R_Date","T4-35",,"posterior",982.5,0.0017615
6,"R_Date","T4-35",,"posterior",983.5,0.0018388
6,"R_Date","T4-35",,"posterior",984.5,0.0018925
6,"R_Date","T4-35",,"posterior",985.5,0.0019362
6,"R_Date","T4-35",,"posterior",986.5,0.0019956
6,"R_Date","T4-35",,"posterior",987.5,0.002076
6,"R_Date","T4-35",,"posterior",988.5,0.0020437
6,"R_Date","T4-35",,"posterior",989.5,0.0018844
6,"R_Date","T4-35",,"posterior",990.5,0.0017146
6,"R_Date","T4-35",,"posterior",991.5,0.0014247
6,"R_Date","T4-35",,"posterior",992.5,0.001051
6,"R_Date","T4-35",,"posterior",993.5,0.0007214
6,"R_Date","T4-35",,"posterior",994.5,0.0004266
6,"R_Date","T4-35",,"posterior",995.5,0.00026224
6,"R_Date","T4-35",,"posterior",996.5,0.00016901
6,"R_Date","T4-35",,"posterior",997.5,0.00014557
6,"R_Date","T4-35",,"posterior",998.5,0.00012969
6,"R_Date","T4-35",,"posterior",999.5,0.00011536
6,"R_Date","T4-35",,"posterior",1000.5,0.00012213
6,"R_Date","T4-35",,"posterior",1001.5,0.00013672
6,"R_Date","T4-35",,"posterior",1002.5,0.00015105
6,"R_Date","T4-35",,"posterior",1003.5,0.00018177
6,"R_Date","T4-35",,"posterior",1004.5,0.00020886
6,"R_Date","T4-35",,"posterior",1005.5,0.00024141
6,"R_Date","T4-35",,"posterior",1006.5,0.00027083
6,"R_Date","T4-35",,"posterior",1007.5,0.00029792
6,"R_Date","T4-35",,"posterior",1008.5,0.0003487
6,"R_Date","T4-35",,"posterior",1009.5,0.0003375
6,"R_Date","T4-35",,"posterior",1010.5,0.0003263
6,"R_Date","T4-35",,"posterior",1011.5,0.0003219
6,"R_Date","T4-35",,"posterior",1012.5,0.00029843
6,"R_Date","T4-35",,"posterior",1013.5,0.00029089
6,"R_Date","T4-35",,"posterior",1014.5,0.00026875
6,"R_Date","T4-35",,"posterior",1015.5,0.00024349
6,"R_Date","T4-35",,"posterior",1016.5,0.00027109
6,"R_Date","T4-35",,"posterior",1017.5,0.00022265
6,"R_Date","T4-35",,"posterior",1018.5,0.00020781
6,"R_Date","T4-35",,"posterior",1019.5,0.00019192
6,"R_Date","T4-35",,"posterior",1020.5,0.00015286
6,"R_Date","T4-35",,"posterior",1021.5,0.00011901
6,"R_Date","T4-35",,"posterior",1022.5,0.00008672
6,"R_Date","T4-35",,"posterior",1023.5,0.00006823
6,"R_Date","T4-35",,"posterior",1024.5,0.00005208
6,"R_Date","T4-35",,"posterior",1025.5,0.00004219
6,"R_Date","T4-35",,"posterior",1026.5,0.00003281
6,"R_Date","T4-35",,"posterior",1027.5,0.00002448
6,"R_Date","T4-35",,"posterior",1028.5,0.000017971
6,"R_Date","T4-35",,"posterior",1029.5,0.00001823
6,"R_Date","T4-35",,"posterior",1030.5,0.000016147
6,"R_Date","T4-35",,"posterior",1031.5,0.000008333
6,"R_Date","T4-35",,"posterior",1032.5,0.000008333
6,"R_Date","T4-35",,"posterior",1033.5,0.00000599
6,"R_Date","T4-35",,"posterior",1034.5,0.000006509
6,"R_Date","T4-35",,"posterior",1035.5,0.0000028615
6,"R_Date","T4-35",,"posterior",1036.5,0.000004426
6,"R_Date","T4-35",,"posterior",1037.5,0.000003388
6,"R_Date","T4-35",,"posterior",1038.5,7.783e-7
6,"R_Date","T4-35",,"posterior",1039.5,0.0000015644
6,"R_Date","T4-35",,"posterior",1040.5,7.783e-7
6,"R_Date","T4-35",,"posterior",1041.5,7.783e-7
6,"R_Date","T4-35",,"posterior",1042.5,7.783e-7
6,"R_Date","T4-35",,"posterior",1043.5,0.0000015644
6,"R_Date","T4-35",,"posterior",1044.5,0.0000010455
6,"R_Date","T4-35",,"posterior",1045.5,0.0000010455
6,"R_Date","T4-35",,"posterior",1046.5,0.0000010455
6,"R_Date","T4-35",,"posterior",1047.5,2.5942e-7
6,"R_Date","T4-35",,"posterior",1048.5,0
6,"R_Date","T4-35",,"posterior",1049.5,2.5942e-7
6,"R_Date","T4-35",,"posterior",1050.5,2.5942e-7
6,"R_Date","T4-35",,"posterior",1051.5,0
6,"R_Date","T4-35",,"posterior",1052.5,2.5942e-7
6,"R_Date","T4-35",,"posterior",1053.5,0
6,"R_Date","T4-35",,"posterior",1054.5,0
6,"R_Date","T4-35",,"posterior",1055.5,0
6,"R_Date","T4-35",,"posterior",1056.5,0
6,"R_Date","T4-35",,"posterior",1057.5,0
6,"R_Date","T4-35",,"posterior",1058.5,0
6,"R_Date","T4-35",,"posterior",1059.5,0
6,"R_Date","T4-35",,"posterior",1060.5,0
6,"R_Date","T4-35",,"posterior",1061.5,0
6,"R_Date","T4-35",,"posterior",1062.5,0
6,"R_Date","T4-35",,"posterior",1063.5,0
6,"R_Date","T4-35",,"posterior",1064.5,0
6,"R_Date","T4-35",,"posterior",1065.5,0
6,"R_Date","T4-35",,"posterior",1066.5,0
6,"R_Date","T4-35",,"posterior",1067.5,2.5942e-7
6,"R_Date","T4-35",,"posterior",1068.5,0
6,"R_Date","T4-35",,"posterior",1069.5,0
6,"R_Date","T4-35",,"posterior",1070.5,0
8,"R_Date","T4-33",,"likelihood",681.5,0
8,"R_Date","T4-33",,"likelihood",682.5,5.95e-9
8,"R_Date","T4-33",,"likelihood",683.5,5.95e-9
8,"R_Date","T4-33",,"likelihood",684.5,5.95e-9
8,"R_Date","T4-33",,"likelihood",685.5,5.95e-9
8,"R_Date","T4-33",,"likelihood",686.5,5.95e-9
8,"R_Date","T4-33",,"likelihood",687.5,1.1899e-8
8,"R_Date","T4-33",,"likelihood",688.5,1.1899e-8
8,"R_Date","T4-33",,"likelihood",689.5,1.1899e-8
8,"R_Date","T4-33",,"likelihood",690.5,1.1899e-8
8,"R_Date","T4-33",,"likelihood",691.5,1.1899e-8
8,"R_Date","T4-33",,"likelihood",692.5,1.7849e-8
8,"R_Date","T4-33",,"likelihood",693.5,1.7849e-8
8,"R_Date","T4-33",,"likelihood",694.5,1.1899e-8
8,"R_Date","T4-33",,"likelihood",695.5,1.1899e-8
8,"R_Date","T4-33",,"likelihood",696.5,1.1899e-8
8,"R_Date","T4-33",,"likelihood",697.5,1.1899e-8
8,"R_Date","T4-33",,"likelihood",698.5,5.95e-9
8,"R_Date","T4-33",,"likelihood",699.5,5.95e-9
8,"R_Date","T4-33",,"likelihood",700.5,5.95e-9
8,"R_Date","T4-33",,"likelihood",701.5,5.95e-9
8,"R_Date","T4-33",,"likelihood",702.5,1.1899e-8
8,"R_Date","T4-33",,"likelihood",703.5,1.1899e-8
8,"R_Date","T4-33",,"likelihood",704.5,1.7849e-8
8,"R_Date","T4-33",,"likelihood",705.5,2.3798e-8
8,"R_Date","T4-33",,"likelihood",706.5,3.57e-8
8,"R_Date","T4-33",,"likelihood",707.5,5.355e-8
8,"R_Date","T4-33",,"likelihood",708.5,7.139e-8
8,"R_Date","T4-33",,"likelihood",709.5,8.924e-8
8,"R_Date","T4-33",,"likelihood",710.5,1.0114e-7
8,"R_Date","T4-33",,"likelihood",711.5,8.924e-8
8,"R_Date","T4-33",,"likelihood",712.5,8.329e-8
8,"R_Date","T4-33",,"likelihood",713.5,7.734e-8
8,"R_Date","T4-33",,"likelihood",714.5,7.734e-8
8,"R_Date","T4-33",,"likelihood",715.5,7.139e-8
8,"R_Date","T4-33",,"likelihood",716.5,7.734e-8
8,"R_Date","T4-33",,"likelihood",717.5,7.734e-8
8,"R_Date","T4-33",,"likelihood",718.5,8.329e-8
8,"R_Date","T4-33",,"likelihood",719.5,8.329e-8
8,"R_Date","T4-33",,"likelihood",720.5,8.329e-8
8,"R_Date","T4-33",,"likelihood",721.5,7.734e-8
8,"R_Date","T4-33",,"likelihood",722.5,6.544e-8
8,"R_Date","T4-33",,"likelihood",723.5,5.355e-8
8,"R_Date","T4-33",,"likelihood",724.5,4.76e-8
8,"R_Date","T4-33",,"likelihood",725.5,4.165e-8
8,"R_Date","T4-33",,"likelihood",726.5,3.57e-8
8,"R_Date","T4-33",,"likelihood",727.5,2.9748e-8
8,"R_Date","T4-33",,"likelihood",728.5,2.9748e-8
8,"R_Date","T4-33",,"likelihood",729.5,2.9748e-8
8,"R_Date","T4-33",,"likelihood",730.5,3.57e-8
8,"R_Date","T4-33",,"likelihood",731.5,3.57e-8
8,"R_Date","T4-33",,"likelihood",732.5,3.57e-8
8,"R_Date","T4-33",,"likelihood",733.5,3.57e-8
8,"R_Date","T4-33",,"likelihood",734.5,3.57e-8
8,"R_Date","T4-33",,"likelihood",735.5,3.57e-8
8,"R_Date","T4-33",,"likelihood",736.5,3.57e-8
8,"R_Date","T4-33",,"likelihood",737.5,2.9748e-8
8,"R_Date","T4-33",,"likelihood",738.5,2.9748e-8
8,"R_Date","T4-33",,"likelihood",739.5,1.7849e-8
8,"R_Date","T4-33",,"likelihood",740.5,1.1899e-8
8,"R_Date","T4-33",,"likelihood",741.5,1.1899e-8
8,"R_Date","T4-33",,"likelihood",742.5,5.95e-9
8,"R_Date","T4-33",,"likelihood",743.5,5.95e-9
8,"R_Date","T4-33",,"likelihood",744.5,5.95e-9
8,"R_Date","T4-33",,"likelihood",745.5,5.95e-9
8,"R_Date","T4-33",,"likelihood",746.5,0
8,"R_Date","T4-33",,"likelihood",747.5,0
8,"R_Date","T4-33",,"likelihood",748.5,0
8,"R_Date","T4-33",,"likelihood",749.5,0
8,"R_Date","T4-33",,"likelihood",750.5,0
8,"R_Date","T4-33",,"likelihood",751.5,0
8,"R_Date","T4-33",,"likelihood",752.5,0
8,"R_Date","T4-33",,"likelihood",753.5,0
8,"R_Date","T4-33",,"likelihood",754.5,0
8,"R_Date","T4-33",,"likelihood",755.5,0
8,"R_Date","T4-33",,"likelihood",756.5,0
8,"R_Date","T4-33",,"likelihood",757.5,0
8,"R_Date","T4-33",,"likelihood",758.5,0
8,"R_Date","T4-33",,"likelihood",759.5,0
8,"R_Date","T4-33",,"likelihood",760.5,5.95e-9
8,"R_Date","T4-33",,"likelihood",761.5,5.95e-9
8,"R_Date","T4-33",,"likelihood",762.5,5.95e-9
8,"R_Date","T4-33",,"likelihood",763.5,5.95e-9
8,"R_Date","T4-33",,"likelihood",764.5,5.95e-9
8,"R_Date","T4-33",,"likelihood",765.5,5.95e-9
8,"R_Date","T4-33",,"likelihood",766.5,5.95e-9
8,"R_Date","T4-33",,"likelihood",767.5,0
8,"R_Date","T4-33",,"likelihood",768.5,0
8,"R_Date","T4-33",,"likelihood",769.5,0
8,"R_Date","T4-33",,"likelihood",770.5,0
8,"R_Date","T4-33",,"likelihood",771.5,0
8,"R_Date","T4-33",,"likelihood",772.5,5.95e-9
8,"R_Date","T4-33",,"likelihood",773.5,2.3798e-8
8,"R_Date","T4-33",,"likelihood",774.5,2.3203e-7
8,"R_Date","T4-33",,"likelihood",775.5,0.0000024631
8,"R_Date","T4-33",,"likelihood",776.5,0.000011066
8,"R_Date","T4-33",,"likelihood",777.5,0.000021531
8,"R_Date","T4-33",,"likelihood",778.5,0.000025285
8,"R_Date","T4-33",,"likelihood",779.5,0.000019818
8,"R_Date","T4-33",,"likelihood",780.5,0.000014255
8,"R_Date","T4-33",,"likelihood",781.5,0.000010757
8,"R_Date","T4-33",,"likelihood",782.5,0.000008549
8,"R_Date","T4-33",,"likelihood",783.5,0.000007609
8,"R_Date","T4-33",,"likelihood",784.5,0.000006378
8,"R_Date","T4-33",,"likelihood",785.5,0.000005337
8,"R_Date","T4-33",,"likelihood",786.5,0.00000445
8,"R_Date","T4-33",,"likelihood",787.5,0.000003278
8,"R_Date","T4-33",,"likelihood",788.5,0.0000022489
8,"R_Date","T4-33",,"likelihood",789.5,0.000001529
8,"R_Date","T4-33",,"likelihood",790.5,0.0000010352
8,"R_Date","T4-33",,"likelihood",791.5,7.377e-7
8,"R_Date","T4-33",,"likelihood",792.5,5.652e-7
8,"R_Date","T4-33",,"likelihood",793.5,4.879e-7
8,"R_Date","T4-33",,"likelihood",794.5,4.879e-7
8,"R_Date","T4-33",,"likelihood",795.5,4.879e-7
8,"R_Date","T4-33",,"likelihood",796.5,5.652e-7
8,"R_Date","T4-33",,"likelihood",797.5,6.009e-7
8,"R_Date","T4-33",,"likelihood",798.5,6.901e-7
8,"R_Date","T4-33",,"likelihood",799.5,7.913e-7
8,"R_Date","T4-33",,"likelihood",800.5,8.865e-7
8,"R_Date","T4-33",,"likelihood",801.5,8.865e-7
8,"R_Date","T4-33",,"likelihood",802.5,9.46e-7
8,"R_Date","T4-33",,"likelihood",803.5,9.46e-7
8,"R_Date","T4-33",,"likelihood",804.5,0.000001059
8,"R_Date","T4-33",,"likelihood",805.5,0.000001059
8,"R_Date","T4-33",,"likelihood",806.5,0.0000011304
8,"R_Date","T4-33",,"likelihood",807.5,0.0000011304
8,"R_Date","T4-33",,"likelihood",808.5,0.0000011304
8,"R_Date","T4-33",,"likelihood",809.5,0.0000011304
8,"R_Date","T4-33",,"likelihood",810.5,0.000001059
8,"R_Date","T4-33",,"likelihood",811.5,9.281e-7
8,"R_Date","T4-33",,"likelihood",812.5,8.091e-7
8,"R_Date","T4-33",,"likelihood",813.5,7.615e-7
8,"R_Date","T4-33",,"likelihood",814.5,6.723e-7
8,"R_Date","T4-33",,"likelihood",815.5,6.723e-7
8,"R_Date","T4-33",,"likelihood",816.5,6.723e-7
8,"R_Date","T4-33",,"likelihood",817.5,7.615e-7
8,"R_Date","T4-33",,"likelihood",818.5,8.091e-7
8,"R_Date","T4-33",,"likelihood",819.5,9.281e-7
8,"R_Date","T4-33",,"likelihood",820.5,0.0000010412
8,"R_Date","T4-33",,"likelihood",821.5,0.0000011899
8,"R_Date","T4-33",,"likelihood",822.5,0.0000014279
8,"R_Date","T4-33",,"likelihood",823.5,0.0000017313
8,"R_Date","T4-33",,"likelihood",824.5,0.0000019633
8,"R_Date","T4-33",,"likelihood",825.5,0.0000023679
8,"R_Date","T4-33",,"likelihood",826.5,0.0000026832
8,"R_Date","T4-33",,"likelihood",827.5,0.0000030343
8,"R_Date","T4-33",,"likelihood",828.5,0.000003647
8,"R_Date","T4-33",,"likelihood",829.5,0.000004117
8,"R_Date","T4-33",,"likelihood",830.5,0.000004867
8,"R_Date","T4-33",,"likelihood",831.5,0.000005164
8,"R_Date","T4-33",,"likelihood",832.5,0.000005807
8,"R_Date","T4-33",,"likelihood",833.5,0.000006461
8,"R_Date","T4-33",,"likelihood",834.5,0.000006848
8,"R_Date","T4-33",,"likelihood",835.5,0.000007252
8,"R_Date","T4-33",,"likelihood",836.5,0.000007681
8,"R_Date","T4-33",,"likelihood",837.5,0.000007681
8,"R_Date","T4-33",,"likelihood",838.5,0.000007758
8,"R_Date","T4-33",,"likelihood",839.5,0.000007758
8,"R_Date","T4-33",,"likelihood",840.5,0.000007758
8,"R_Date","T4-33",,"likelihood",841.5,0.000007425
8,"R_Date","T4-33",,"likelihood",842.5,0.000007003
8,"R_Date","T4-33",,"likelihood",843.5,0.000007003
8,"R_Date","T4-33",,"likelihood",844.5,0.000007003
8,"R_Date","T4-33",,"likelihood",845.5,0.000006336
8,"R_Date","T4-33",,"likelihood",846.5,0.000005973
8,"R_Date","T4-33",,"likelihood",847.5,0.000005973
8,"R_Date","T4-33",,"likelihood",848.5,0.000005628
8,"R_Date","T4-33",,"likelihood",849.5,0.000005307
8,"R_Date","T4-33",,"likelihood",850.5,0.000004998
8,"R_Date","T4-33",,"likelihood",851.5,0.000004706
8,"R_Date","T4-33",,"likelihood",852.5,0.000004706
8,"R_Date","T4-33",,"likelihood",853.5,0.000004641
8,"R_Date","T4-33",,"likelihood",854.5,0.000004367
8,"R_Date","T4-33",,"likelihood",855.5,0.000004117
8,"R_Date","T4-33",,"likelihood",856.5,0.000003873
8,"R_Date","T4-33",,"likelihood",857.5,0.000003873
8,"R_Date","T4-33",,"likelihood",858.5,0.000003647
8,"R_Date","T4-33",,"likelihood",859.5,0.000003433
8,"R_Date","T4-33",,"likelihood",860.5,0.000003433
8,"R_Date","T4-33",,"likelihood",861.5,0.000003225
8,"R_Date","T4-33",,"likelihood",862.5,0.000003225
8,"R_Date","T4-33",,"likelihood",863.5,0.0000030759
8,"R_Date","T4-33",,"likelihood",864.5,0.0000030759
8,"R_Date","T4-33",,"likelihood",865.5,0.0000030759
8,"R_Date","T4-33",,"likelihood",866.5,0.0000030759
8,"R_Date","T4-33",,"likelihood",867.5,0.0000030759
8,"R_Date","T4-33",,"likelihood",868.5,0.0000030759
8,"R_Date","T4-33",,"likelihood",869.5,0.000003272
8,"R_Date","T4-33",,"likelihood",870.5,0.000003272
8,"R_Date","T4-33",,"likelihood",871.5,0.00000348
8,"R_Date","T4-33",,"likelihood",872.5,0.000003701
8,"R_Date","T4-33",,"likelihood",873.5,0.000004117
8,"R_Date","T4-33",,"likelihood",874.5,0.000004641
8,"R_Date","T4-33",,"likelihood",875.5,0.000004926
8,"R_Date","T4-33",,"likelihood",876.5,0.000005545
8,"R_Date","T4-33",,"likelihood",877.5,0.000006235
8,"R_Date","T4-33",,"likelihood",878.5,0.000007425
8,"R_Date","T4-33",,"likelihood",879.5,0.000008329
8,"R_Date","T4-33",,"likelihood",880.5,0.000009882
8,"R_Date","T4-33",,"likelihood",881.5,0.000011697
8,"R_Date","T4-33",,"likelihood",882.5,0.000013815
8,"R_Date","T4-33",,"likelihood",883.5,0.000016278
8,"R_Date","T4-33",,"likelihood",884.5,0.000020199
8,"R_Date","T4-33",,"likelihood",885.5,0.000024958
8,"R_Date","T4-33",,"likelihood",886.5,0.00002917
8,"R_Date","T4-33",,"likelihood",887.5,0.00003469
8,"R_Date","T4-33",,"likelihood",888.5,0.00004247
8,"R_Date","T4-33",,"likelihood",889.5,0.00005177
8,"R_Date","T4-33",,"likelihood",890.5,0.00006127
8,"R_Date","T4-33",,"likelihood",891.5,0.0000742
8,"R_Date","T4-33",,"likelihood",892.5,0.00008949
8,"R_Date","T4-33",,"likelihood",893.5,0.0001075
8,"R_Date","T4-33",,"likelihood",894.5,0.00012862
8,"R_Date","T4-33",,"likelihood",895.5,0.00015327
8,"R_Date","T4-33",,"likelihood",896.5,0.00017436
8,"R_Date","T4-33",,"likelihood",897.5,0.00020631
8,"R_Date","T4-33",,"likelihood",898.5,0.00023344
8,"R_Date","T4-33",,"likelihood",899.5,0.00026355
8,"R_Date","T4-33",,"likelihood",900.5,0.00029685
8,"R_Date","T4-33",,"likelihood",901.5,0.000321
8,"R_Date","T4-33",,"likelihood",902.5,0.0003655
8,"R_Date","T4-33",,"likelihood",903.5,0.0003795
8,"R_Date","T4-33",,"likelihood",904.5,0.0004089
8,"R_Date","T4-33",,"likelihood",905.5,0.0004243
8,"R_Date","T4-33",,"likelihood",906.5,0.0004401
8,"R_Date","T4-33",,"likelihood",907.5,0.0004401
8,"R_Date","T4-33",,"likelihood",908.5,0.0004401
8,"R_Date","T4-33",,"likelihood",909.5,0.0004342
8,"R_Date","T4-33",,"likelihood",910.5,0.0004184
8,"R_Date","T4-33",,"likelihood",911.5,0.0004184
8,"R_Date","T4-33",,"likelihood",912.5,0.0004032
8,"R_Date","T4-33",,"likelihood",913.5,0.0003741
8,"R_Date","T4-33",,"likelihood",914.5,0.0003601
8,"R_Date","T4-33",,"likelihood",915.5,0.0003336
8,"R_Date","T4-33",,"likelihood",916.5,0.00030871
8,"R_Date","T4-33",,"likelihood",917.5,0.00028537
8,"R_Date","T4-33",,"likelihood",918.5,0.00026355
8,"R_Date","T4-33",,"likelihood",919.5,0.00024313
8,"R_Date","T4-33",,"likelihood",920.5,0.00022408
8,"R_Date","T4-33",,"likelihood",921.5,0.00020631
8,"R_Date","T4-33",,"likelihood",922.5,0.00018975
8,"R_Date","T4-33",,"likelihood",923.5,0.00017775
8,"R_Date","T4-33",,"likelihood",924.5,0.00016324
8,"R_Date","T4-33",,"likelihood",925.5,0.00014977
8,"R_Date","T4-33",,"likelihood",926.5,0.00013728
8,"R_Date","T4-33",,"likelihood",927.5,0.0001257
8,"R_Date","T4-33",,"likelihood",928.5,0.00011498
8,"R_Date","T4-33",,"likelihood",929.5,0.00010993
8,"R_Date","T4-33",,"likelihood",930.5,0.00010507
8,"R_Date","T4-33",,"likelihood",931.5,0.0001004
8,"R_Date","T4-33",,"likelihood",932.5,0.00009592
8,"R_Date","T4-33",,"likelihood",933.5,0.00009592
8,"R_Date","T4-33",,"likelihood",934.5,0.00009161
8,"R_Date","T4-33",,"likelihood",935.5,0.00009161
8,"R_Date","T4-33",,"likelihood",936.5,0.00009161
8,"R_Date","T4-33",,"likelihood",937.5,0.00009161
8,"R_Date","T4-33",,"likelihood",938.5,0.00009161
8,"R_Date","T4-33",,"likelihood",939.5,0.00009592
8,"R_Date","T4-33",,"likelihood",940.5,0.00009592
8,"R_Date","T4-33",,"likelihood",941.5,0.0001004
8,"R_Date","T4-33",,"likelihood",942.5,0.00010507
8,"R_Date","T4-33",,"likelihood",943.5,0.00010993
8,"R_Date","T4-33",,"likelihood",944.5,0.00011498
8,"R_Date","T4-33",,"likelihood",945.5,0.00012305
8,"R_Date","T4-33",,"likelihood",946.5,0.0001286
8,"R_Date","T4-33",,"likelihood",947.5,0.00013138
8,"R_Date","T4-33",,"likelihood",948.5,0.00014341
8,"R_Date","T4-33",,"likelihood",949.5,0.00014977
8,"R_Date","T4-33",,"likelihood",950.5,0.00016324
8,"R_Date","T4-33",,"likelihood",951.5,0.00017036
8,"R_Date","T4-33",,"likelihood",952.5,0.00018191
8,"R_Date","T4-33",,"likelihood",953.5,0.00018975
8,"R_Date","T4-33",,"likelihood",954.5,0.00020631
8,"R_Date","T4-33",,"likelihood",955.5,0.00021504
8,"R_Date","T4-33",,"likelihood",956.5,0.00022408
8,"R_Date","T4-33",,"likelihood",957.5,0.00024313
8,"R_Date","T4-33",,"likelihood",958.5,0.00025316
8,"R_Date","T4-33",,"likelihood",959.5,0.00026355
8,"R_Date","T4-33",,"likelihood",960.5,0.00027882
8,"R_Date","T4-33",,"likelihood",961.5,0.00027882
8,"R_Date","T4-33",,"likelihood",962.5,0.00029003
8,"R_Date","T4-33",,"likelihood",963.5,0.00028537
8,"R_Date","T4-33",,"likelihood",964.5,0.00028537
8,"R_Date","T4-33",,"likelihood",965.5,0.00027011
8,"R_Date","T4-33",,"likelihood",966.5,0.00027011
8,"R_Date","T4-33",,"likelihood",967.5,0.0002492
8,"R_Date","T4-33",,"likelihood",968.5,0.00023927
8,"R_Date","T4-33",,"likelihood",969.5,0.00022041
8,"R_Date","T4-33",,"likelihood",970.5,0.00020822
8,"R_Date","T4-33",,"likelihood",971.5,0.00020822
8,"R_Date","T4-33",,"likelihood",972.5,0.00021707
8,"R_Date","T4-33",,"likelihood",973.5,0.00023574
8,"R_Date","T4-33",,"likelihood",974.5,0.00026631
8,"R_Date","T4-33",,"likelihood",975.5,0.00031218
8,"R_Date","T4-33",,"likelihood",976.5,0.0003786
8,"R_Date","T4-33",,"likelihood",977.5,0.0004397
8,"R_Date","T4-33",,"likelihood",978.5,0.0005086
8,"R_Date","T4-33",,"likelihood",979.5,0.0005658
8,"R_Date","T4-33",,"likelihood",980.5,0.0006066
8,"R_Date","T4-33",,"likelihood",981.5,0.0006066
8,"R_Date","T4-33",,"likelihood",982.5,0.0005859
8,"R_Date","T4-33",,"likelihood",983.5,0.0005658
8,"R_Date","T4-33",,"likelihood",984.5,0.0005462
8,"R_Date","T4-33",,"likelihood",985.5,0.0005272
8,"R_Date","T4-33",,"likelihood",986.5,0.0005086
8,"R_Date","T4-33",,"likelihood",987.5,0.0004907
8,"R_Date","T4-33",,"likelihood",988.5,0.0005086
8,"R_Date","T4-33",,"likelihood",989.5,0.0005462
8,"R_Date","T4-33",,"likelihood",990.5,0.0006066
8,"R_Date","T4-33",,"likelihood",991.5,0.0007431
8,"R_Date","T4-33",,"likelihood",992.5,0.00096
8,"R_Date","T4-33",,"likelihood",993.5,0.0013286
8,"R_Date","T4-33",,"likelihood",994.5,0.0018271
8,"R_Date","T4-33",,"likelihood",995.5,0.0023672
8,"R_Date","T4-33",,"likelihood",996.5,0.0028014
8,"R_Date","T4-33",,"likelihood",997.5,0.0030858
8,"R_Date","T4-33",,"likelihood",998.5,0.00326
8,"R_Date","T4-33",,"likelihood",999.5,0.00326
8,"R_Date","T4-33",,"likelihood",1000.5,0.003202
8,"R_Date","T4-33",,"likelihood",1001.5,0.0030858
8,"R_Date","T4-33",,"likelihood",1002.5,0.0029142
8,"R_Date","T4-33",,"likelihood",1003.5,0.0027455
8,"R_Date","T4-33",,"likelihood",1004.5,0.0025265
8,"R_Date","T4-33",,"likelihood",1005.5,0.0023151
8,"R_Date","T4-33",,"likelihood",1006.5,0.0021623
8,"R_Date","T4-33",,"likelihood",1007.5,0.0020149
8,"R_Date","T4-33",,"likelihood",1008.5,0.0019669
8,"R_Date","T4-33",,"likelihood",1009.5,0.0019197
8,"R_Date","T4-33",,"likelihood",1010.5,0.0019669
8,"R_Date","T4-33",,"likelihood",1011.5,0.0020149
8,"R_Date","T4-33",,"likelihood",1012.5,0.0020634
8,"R_Date","T4-33",,"likelihood",1013.5,0.0021126
8,"R_Date","T4-33",,"likelihood",1014.5,0.0021623
8,"R_Date","T4-33",,"likelihood",1015.5,0.0022127
8,"R_Date","T4-33",,"likelihood",1016.5,0.0022127
8,"R_Date","T4-33",,"likelihood",1017.5,0.0023151
8,"R_Date","T4-33",,"likelihood",1018.5,0.0024197
8,"R_Date","T4-33",,"likelihood",1019.5,0.0025806
8,"R_Date","T4-33",,"likelihood",1020.5,0.0028014
8,"R_Date","T4-33",,"likelihood",1021.5,0.0030858
8,"R_Date","T4-33",,"likelihood",1022.5,0.003377
8,"R_Date","T4-33",,"likelihood",1023.5,0.00373
8,"R_Date","T4-33",,"likelihood",1024.5,0.004023
8,"R_Date","T4-33",,"likelihood",1025.5,0.00431
8,"R_Date","T4-33",,"likelihood",1026.5,0.004477
8,"R_Date","T4-33",,"likelihood",1027.5,0.004694
8,"R_Date","T4-33",,"likelihood",1028.5,0.004849
8,"R_Date","T4-33",,"likelihood",1029.5,0.005046
8,"R_Date","T4-33",,"likelihood",1030.5,0.005184
8,"R_Date","T4-33",,"likelihood",1031.5,0.005354
8,"R_Date","T4-33",,"likelihood",1032.5,0.005506
8,"R_Date","T4-33",,"likelihood",1033.5,0.005638
8,"R_Date","T4-33",,"likelihood",1034.5,0.005748
8,"R_Date","T4-33",,"likelihood",1035.5,0.005835
8,"R_Date","T4-33",,"likelihood",1036.5,0.005885
8,"R_Date","T4-33",,"likelihood",1037.5,0.005921
8,"R_Date","T4-33",,"likelihood",1038.5,0.005942
8,"R_Date","T4-33",,"likelihood",1039.5,0.005949
8,"R_Date","T4-33",,"likelihood",1040.5,0.005949
8,"R_Date","T4-33",,"likelihood",1041.5,0.005942
8,"R_Date","T4-33",,"likelihood",1042.5,0.005937
8,"R_Date","T4-33",,"likelihood",1043.5,0.005929
8,"R_Date","T4-33",,"likelihood",1044.5,0.005904
8,"R_Date","T4-33",,"likelihood",1045.5,0.005882
8,"R_Date","T4-33",,"likelihood",1046.5,0.005869
8,"R_Date","T4-33",,"likelihood",1047.5,0.005819
8,"R_Date","T4-33",,"likelihood",1048.5,0.005747
8,"R_Date","T4-33",,"likelihood",1049.5,0.005635
8,"R_Date","T4-33",,"likelihood",1050.5,0.005502
8,"R_Date","T4-33",,"likelihood",1051.5,0.005308
8,"R_Date","T4-33",,"likelihood",1052.5,0.005085
8,"R_Date","T4-33",,"likelihood",1053.5,0.004839
8,"R_Date","T4-33",,"likelihood",1054.5,0.004628
8,"R_Date","T4-33",,"likelihood",1055.5,0.004462
8,"R_Date","T4-33",,"likelihood",1056.5,0.004462
8,"R_Date","T4-33",,"likelihood",1057.5,0.004518
8,"R_Date","T4-33",,"likelihood",1058.5,0.004628
8,"R_Date","T4-33",,"likelihood",1059.5,0.004681
8,"R_Date","T4-33",,"likelihood",1060.5,0.004787
8,"R_Date","T4-33",,"likelihood",1061.5,0.004839
8,"R_Date","T4-33",,"likelihood",1062.5,0.00489
8,"R_Date","T4-33",,"likelihood",1063.5,0.00489
8,"R_Date","T4-33",,"likelihood",1064.5,0.00489
8,"R_Date","T4-33",,"likelihood",1065.5,0.00489
8,"R_Date","T4-33",,"likelihood",1066.5,0.00489
8,"R_Date","T4-33",,"likelihood",1067.5,0.004839
8,"R_Date","T4-33",,"likelihood",1068.5,0.004839
8,"R_Date","T4-33",,"likelihood",1069.5,0.004839
8,"R_Date","T4-33",,"likelihood",1070.5,0.004839
8,"R_Date","T4-33",,"likelihood",1071.5,0.004839
8,"R_Date","T4-33",,"likelihood",1072.5,0.004839
8,"R_Date","T4-33",,"likelihood",1073.5,0.004839
8,"R_Date","T4-33",,"likelihood",1074.5,0.004839
8,"R_Date","T4-33",,"likelihood",1075.5,0.004839
8,"R_Date","T4-33",,"likelihood",1076.5,0.00489
8,"R_Date","T4-33",,"likelihood",1077.5,0.004989
8,"R_Date","T4-33",,"likelihood",1078.5,0.005085
8,"R_Date","T4-33",,"likelihood",1079.5,0.005265
8,"R_Date","T4-33",,"likelihood",1080.5,0.005466
8,"R_Date","T4-33",,"likelihood",1081.5,0.005604
8,"R_Date","T4-33",,"likelihood",1082.5,0.005721
8,"R_Date","T4-33",,"likelihood",1083.5,0.005815
8,"R_Date","T4-33",,"likelihood",1084.5,0.005869
8,"R_Date","T4-33",,"likelihood",1085.5,0.005898
8,"R_Date","T4-33",,"likelihood",1086.5,0.005921
8,"R_Date","T4-33",,"likelihood",1087.5,0.005937
8,"R_Date","T4-33",,"likelihood",1088.5,0.005942
8,"R_Date","T4-33",,"likelihood",1089.5,0.005942
8,"R_Date","T4-33",,"likelihood",1090.5,0.005925
8,"R_Date","T4-33",,"likelihood",1091.5,0.005937
8,"R_Date","T4-33",,"likelihood",1092.5,0.005929
8,"R_Date","T4-33",,"likelihood",1093.5,0.00591
8,"R_Date","T4-33",,"likelihood",1094.5,0.005869
8,"R_Date","T4-33",,"likelihood",1095.5,0.005799
8,"R_Date","T4-33",,"likelihood",1096.5,0.005755
8,"R_Date","T4-33",,"likelihood",1097.5,0.005731
8,"R_Date","T4-33",,"likelihood",1098.5,0.005706
8,"R_Date","T4-33",,"likelihood",1099.5,0.005706
8,"R_Date","T4-33",,"likelihood",1100.5,0.005731
8,"R_Date","T4-33",,"likelihood",1101.5,0.005755
8,"R_Date","T4-33",,"likelihood",1102.5,0.005815
8,"R_Date","T4-33",,"likelihood",1103.5,0.005853
8,"R_Date","T4-33",,"likelihood",1104.5,0.005885
8,"R_Date","T4-33",,"likelihood",1105.5,0.00591
8,"R_Date","T4-33",,"likelihood",1106.5,0.005929
8,"R_Date","T4-33",,"likelihood",1107.5,0.005925
8,"R_Date","T4-33",,"likelihood",1108.5,0.005932
8,"R_Date","T4-33",,"likelihood",1109.5,0.005933
8,"R_Date","T4-33",,"likelihood",1110.5,0.005932
8,"R_Date","T4-33",,"likelihood",1111.5,0.005932
8,"R_Date","T4-33",,"likelihood",1112.5,0.005949
8,"R_Date","T4-33",,"likelihood",1113.5,0.00595
8,"R_Date","T4-33",,"likelihood",1114.5,0.005949
8,"R_Date","T4-33",,"likelihood",1115.5,0.005942
8,"R_Date","T4-33",,"likelihood",1116.5,0.005937
8,"R_Date","T4-33",,"likelihood",1117.5,0.005929
8,"R_Date","T4-33",,"likelihood",1118.5,0.005921
8,"R_Date","T4-33",,"likelihood",1119.5,0.00591
8,"R_Date","T4-33",,"likelihood",1120.5,0.005898
8,"R_Date","T4-33",,"likelihood",1121.5,0.005898
8,"R_Date","T4-33",,"likelihood",1122.5,0.005885
8,"R_Date","T4-33",,"likelihood",1123.5,0.005869
8,"R_Date","T4-33",,"likelihood",1124.5,0.005853
8,"R_Date","T4-33",,"likelihood",1125.5,0.005815
8,"R_Date","T4-33",,"likelihood",1126.5,0.005793
8,"R_Date","T4-33",,"likelihood",1127.5,0.005747
8,"R_Date","T4-33",,"likelihood",1128.5,0.005747
8,"R_Date","T4-33",,"likelihood",1129.5,0.005721
8,"R_Date","T4-33",,"likelihood",1130.5,0.005721
8,"R_Date","T4-33",,"likelihood",1131.5,0.005694
8,"R_Date","T4-33",,"likelihood",1132.5,0.005694
8,"R_Date","T4-33",,"likelihood",1133.5,0.005665
8,"R_Date","T4-33",,"likelihood",1134.5,0.005635
8,"R_Date","T4-33",,"likelihood",1135.5,0.005604
8,"R_Date","T4-33",,"likelihood",1136.5,0.005604
8,"R_Date","T4-33",,"likelihood",1137.5,0.005635
8,"R_Date","T4-33",,"likelihood",1138.5,0.005679
8,"R_Date","T4-33",,"likelihood",1139.5,0.005731
8,"R_Date","T4-33",,"likelihood",1140.5,0.005778
8,"R_Date","T4-33",,"likelihood",1141.5,0.005819
8,"R_Date","T4-33",,"likelihood",1142.5,0.005853
8,"R_Date","T4-33",,"likelihood",1143.5,0.005853
8,"R_Date","T4-33",,"likelihood",1144.5,0.005853
8,"R_Date","T4-33",,"likelihood",1145.5,0.005853
8,"R_Date","T4-33",,"likelihood",1146.5,0.005837
8,"R_Date","T4-33",,"likelihood",1147.5,0.005819
8,"R_Date","T4-33",,"likelihood",1148.5,0.005799
8,"R_Date","T4-33",,"likelihood",1149.5,0.005755
8,"R_Date","T4-33",,"likelihood",1150.5,0.005731
8,"R_Date","T4-33",,"likelihood",1151.5,0.005679
8,"R_Date","T4-33",,"likelihood",1152.5,0.005621
8,"R_Date","T4-33",,"likelihood",1153.5,0.005538
8,"R_Date","T4-33",,"likelihood",1154.5,0.005389
8,"R_Date","T4-33",,"likelihood",1155.5,0.005167
8,"R_Date","T4-33",,"likelihood",1156.5,0.004931
8,"R_Date","T4-33",,"likelihood",1157.5,0.004727
8,"R_Date","T4-33",,"likelihood",1158.5,0.004457
8,"R_Date","T4-33",,"likelihood",1159.5,0.004231
8,"R_Date","T4-33",,"likelihood",1160.5,0.004001
8,"R_Date","T4-33",,"likelihood",1161.5,0.003823
8,"R_Date","T4-33",,"likelihood",1162.5,0.003585
8,"R_Date","T4-33",,"likelihood",1163.5,0.003405
8,"R_Date","T4-33",,"likelihood",1164.5,0.003227
8,"R_Date","T4-33",,"likelihood",1165.5,0.0029926
8,"R_Date","T4-33",,"likelihood",1166.5,0.0028196
8,"R_Date","T4-33",,"likelihood",1167.5,0.0027105
8,"R_Date","T4-33",,"likelihood",1168.5,0.0025991
8,"R_Date","T4-33",,"likelihood",1169.5,0.0025991
8,"R_Date","T4-33",,"likelihood",1170.5,0.0025991
8,"R_Date","T4-33",,"likelihood",1171.5,0.0026546
8,"R_Date","T4-33",,"likelihood",1172.5,0.0026546
8,"R_Date","T4-33",,"likelihood",1173.5,0.0026546
8,"R_Date","T4-33",,"likelihood",1174.5,0.0026546
8,"R_Date","T4-33",,"likelihood",1175.5,0.0025441
8,"R_Date","T4-33",,"likelihood",1176.5,0.0024356
8,"R_Date","T4-33",,"likelihood",1177.5,0.0023291
8,"R_Date","T4-33",,"likelihood",1178.5,0.0021734
8,"R_Date","T4-33",,"likelihood",1179.5,0.0020232
8,"R_Date","T4-33",,"likelihood",1180.5,0.0018786
8,"R_Date","T4-33",,"likelihood",1181.5,0.0017855
8,"R_Date","T4-33",,"likelihood",1182.5,0.0016952
8,"R_Date","T4-33",,"likelihood",1183.5,0.0016511
8,"R_Date","T4-33",,"likelihood",1184.5,0.0016511
8,"R_Date","T4-33",,"likelihood",1185.5,0.0016952
8,"R_Date","T4-33",,"likelihood",1186.5,0.00174
8,"R_Date","T4-33",,"likelihood",1187.5,0.0018317
8,"R_Date","T4-33",,"likelihood",1188.5,0.0018786
8,"R_Date","T4-33",,"likelihood",1189.5,0.0019261
8,"R_Date","T4-33",,"likelihood",1190.5,0.0019743
8,"R_Date","T4-33",,"likelihood",1191.5,0.0020726
8,"R_Date","T4-33",,"likelihood",1192.5,0.0021734
8,"R_Date","T4-33",,"likelihood",1193.5,0.0022766
8,"R_Date","T4-33",,"likelihood",1194.5,0.0024356
8,"R_Date","T4-33",,"likelihood",1195.5,0.0025441
8,"R_Date","T4-33",,"likelihood",1196.5,0.0025991
8,"R_Date","T4-33",,"likelihood",1197.5,0.0026546
8,"R_Date","T4-33",,"likelihood",1198.5,0.0025991
8,"R_Date","T4-33",,"likelihood",1199.5,0.0025441
8,"R_Date","T4-33",,"likelihood",1200.5,0.0024356
8,"R_Date","T4-33",,"likelihood",1201.5,0.0022766
8,"R_Date","T4-33",,"likelihood",1202.5,0.0021734
8,"R_Date","T4-33",,"likelihood",1203.5,0.0020726
8,"R_Date","T4-33",,"likelihood",1204.5,0.0020232
8,"R_Date","T4-33",,"likelihood",1205.5,0.0020232
8,"R_Date","T4-33",,"likelihood",1206.5,0.0020232
8,"R_Date","T4-33",,"likelihood",1207.5,0.0020232
8,"R_Date","T4-33",,"likelihood",1208.5,0.0019743
8,"R_Date","T4-33",,"likelihood",1209.5,0.0019261
8,"R_Date","T4-33",,"likelihood",1210.5,0.0018786
8,"R_Date","T4-33",,"likelihood",1211.5,0.0018246
8,"R_Date","T4-33",,"likelihood",1212.5,0.0017783
8,"R_Date","T4-33",,"likelihood",1213.5,0.0016878
8,"R_Date","T4-33",,"likelihood",1214.5,0.0016001
8,"R_Date","T4-33",,"likelihood",1215.5,0.0015153
8,"R_Date","T4-33",,"likelihood",1216.5,0.0013935
8,"R_Date","T4-33",,"likelihood",1217.5,0.0012413
8,"R_Date","T4-33",,"likelihood",1218.5,0.001075
8,"R_Date","T4-33",,"likelihood",1219.5,0.0008825
8,"R_Date","T4-33",,"likelihood",1220.5,0.0007044
8,"R_Date","T4-33",,"likelihood",1221.5,0.0005642
8,"R_Date","T4-33",,"likelihood",1222.5,0.0004691
8,"R_Date","T4-33",,"likelihood",1223.5,0.0003872
8,"R_Date","T4-33",,"likelihood",1224.5,0.0003304
8,"R_Date","T4-33",,"likelihood",1225.5,0.00029251
8,"R_Date","T4-33",,"likelihood",1226.5,0.00026229
8,"R_Date","T4-33",,"likelihood",1227.5,0.00025155
8,"R_Date","T4-33",,"likelihood",1228.5,0.00023117
8,"R_Date","T4-33",,"likelihood",1229.5,0.00022152
8,"R_Date","T4-33",,"likelihood",1230.5,0.00020323
8,"R_Date","T4-33",,"likelihood",1231.5,0.00019458
8,"R_Date","T4-33",,"likelihood",1232.5,0.00017821
8,"R_Date","T4-33",,"likelihood",1233.5,0.00017048
8,"R_Date","T4-33",,"likelihood",1234.5,0.00015587
8,"R_Date","T4-33",,"likelihood",1235.5,0.00015587
8,"R_Date","T4-33",,"likelihood",1236.5,0.00015587
8,"R_Date","T4-33",,"likelihood",1237.5,0.00015587
8,"R_Date","T4-33",,"likelihood",1238.5,0.00016303
8,"R_Date","T4-33",,"likelihood",1239.5,0.00017048
8,"R_Date","T4-33",,"likelihood",1240.5,0.00017821
8,"R_Date","T4-33",,"likelihood",1241.5,0.00018624
8,"R_Date","T4-33",,"likelihood",1242.5,0.00019458
8,"R_Date","T4-33",,"likelihood",1243.5,0.00020323
8,"R_Date","T4-33",,"likelihood",1244.5,0.00021221
8,"R_Date","T4-33",,"likelihood",1245.5,0.00022152
8,"R_Date","T4-33",,"likelihood",1246.5,0.00023117
8,"R_Date","T4-33",,"likelihood",1247.5,0.00024118
8,"R_Date","T4-33",,"likelihood",1248.5,0.00025155
8,"R_Date","T4-33",,"likelihood",1249.5,0.00025155
8,"R_Date","T4-33",,"likelihood",1250.5,0.00026229
8,"R_Date","T4-33",,"likelihood",1251.5,0.00026229
8,"R_Date","T4-33",,"likelihood",1252.5,0.00025155
8,"R_Date","T4-33",,"likelihood",1253.5,0.00024118
8,"R_Date","T4-33",,"likelihood",1254.5,0.00023117
8,"R_Date","T4-33",,"likelihood",1255.5,0.00022152
8,"R_Date","T4-33",,"likelihood",1256.5,0.00022152
8,"R_Date","T4-33",,"likelihood",1257.5,0.00021221
8,"R_Date","T4-33",,"likelihood",1258.5,0.00020323
8,"R_Date","T4-33",,"likelihood",1259.5,0.00019458
8,"R_Date","T4-33",,"likelihood",1260.5,0.00017821
8,"R_Date","T4-33",,"likelihood",1261.5,0.00015587
8,"R_Date","T4-33",,"likelihood",1262.5,0.00014235
8,"R_Date","T4-33",,"likelihood",1263.5,0.00012398
8,"R_Date","T4-33",,"likelihood",1264.5,0.0001027
8,"R_Date","T4-33",,"likelihood",1265.5,0.00008891
8,"R_Date","T4-33",,"likelihood",1266.5,0.00007307
8,"R_Date","T4-33",,"likelihood",1267.5,0.00006288
8,"R_Date","T4-33",,"likelihood",1268.5,0.00005126
8,"R_Date","T4-33",,"likelihood",1269.5,0.00004385
8,"R_Date","T4-33",,"likelihood",1270.5,0.00003546
8,"R_Date","T4-33",,"likelihood",1271.5,0.000030152
8,"R_Date","T4-33",,"likelihood",1272.5,0.000025571
8,"R_Date","T4-33",,"likelihood",1273.5,0.000021627
8,"R_Date","T4-33",,"likelihood",1274.5,0.00001723
8,"R_Date","T4-33",,"likelihood",1275.5,0.000013666
8,"R_Date","T4-33",,"likelihood",1276.5,0.000010162
8,"R_Date","T4-33",,"likelihood",1277.5,0.00000705
8,"R_Date","T4-33",,"likelihood",1278.5,0.000004545
8,"R_Date","T4-33",,"likelihood",1279.5,0.0000028855
8,"R_Date","T4-33",,"likelihood",1280.5,0.0000018087
8,"R_Date","T4-33",,"likelihood",1281.5,0.0000011959
8,"R_Date","T4-33",,"likelihood",1282.5,8.448e-7
8,"R_Date","T4-33",,"likelihood",1283.5,6.306e-7
8,"R_Date","T4-33",,"likelihood",1284.5,4.7e-7
8,"R_Date","T4-33",,"likelihood",1285.5,3.808e-7
8,"R_Date","T4-33",,"likelihood",1286.5,3.272e-7
8,"R_Date","T4-33",,"likelihood",1287.5,2.7963e-7
8,"R_Date","T4-33",,"likelihood",1288.5,2.2608e-7
8,"R_Date","T4-33",,"likelihood",1289.5,2.0823e-7
8,"R_Date","T4-33",,"likelihood",1290.5,1.7849e-7
8,"R_Date","T4-33",,"likelihood",1291.5,1.5469e-7
8,"R_Date","T4-33",,"likelihood",1292.5,1.4279e-7
8,"R_Date","T4-33",,"likelihood",1293.5,1.1899e-7
8,"R_Date","T4-33",,"likelihood",1294.5,1.1304e-7
8,"R_Date","T4-33",,"likelihood",1295.5,9.519e-8
8,"R_Date","T4-33",,"likelihood",1296.5,7.734e-8
8,"R_Date","T4-33",,"likelihood",1297.5,5.95e-8
8,"R_Date","T4-33",,"likelihood",1298.5,4.165e-8
8,"R_Date","T4-33",,"likelihood",1299.5,2.9748e-8
8,"R_Date","T4-33",,"likelihood",1300.5,1.7849e-8
8,"R_Date","T4-33",,"likelihood",1301.5,1.1899e-8
8,"R_Date","T4-33",,"likelihood",1302.5,5.95e-9
8,"R_Date","T4-33",,"likelihood",1303.5,5.95e-9
8,"R_Date","T4-33",,"likelihood",1304.5,5.95e-9
8,"R_Date","T4-33",,"likelihood",1305.5,0
8,"R_Date","T4-33",,"likelihood",1306.5,0
8,"R_Date","T4-33",,"likelihood",1307.5,0
8,"R_Date","T4-33",,"likelihood",1308.5,0
8,"R_Date","T4-33",,"likelihood",1309.5,0
8,"R_Date","T4-33",,"likelihood",1310.5,0
8,"R_Date","T4-33",,"likelihood",1311.5,0
8,"R_Date","T4-33",,"likelihood",1312.5,0
8,"R_Date","T4-33",,"likelihood",1313.5,0
8,"R_Date","T4-33",,"likelihood",1314.5,0
8,"R_Date","T4-33",,"likelihood",1315.5,0
8,"R_Date","T4-33",,"likelihood",1316.5,0
8,"R_Date","T4-33",,"likelihood",1317.5,0
8,"R_Date","T4-33",,"likelihood",1318.5,0
8,"R_Date","T4-33",,"likelihood",1319.5,0
8,"R_Date","T4-33",,"likelihood",1320.5,0
8,"R_Date","T4-33",,"likelihood",1321.5,0
8,"R_Date","T4-33",,"likelihood",1322.5,0
8,"R_Date","T4-33",,"likelihood",1323.5,0
8,"R_Date","T4-33",,"likelihood",1324.5,0
8,"R_Date","T4-33",,"likelihood",1325.5,0
8,"R_Date","T4-33",,"likelihood",1326.5,0
8,"R_Date","T4-33",,"likelihood",1327.5,0
8,"R_Date","T4-33",,"likelihood",1328.5,0
8,"R_Date","T4-33",,"likelihood",1329.5,0
8,"R_Date","T4-33",,"likelihood",1330.5,0
8,"R_Date","T4-33",,"likelihood",1331.5,0
8,"R_Date","T4-33",,"likelihood",1332.5,0
8,"R_Date","T4-33",,"likelihood",1333.5,0
8,"R_Date","T4-33",,"likelihood",1334.5,0
8,"R_Date","T4-33",,"likelihood",1335.5,0
8,"R_Date","T4-33",,"likelihood",1336.5,0
8,"R_Date","T4-33",,"likelihood",1337.5,0
8,"R_Date","T4-33",,"likelihood",1338.5,0
8,"R_Date","T4-33",,"likelihood",1339.5,0
8,"R_Date","T4-33",,"likelihood",1340.5,0
8,"R_Date","T4-33",,"likelihood",1341.5,0
8,"R_Date","T4-33",,"likelihood",1342.5,0
8,"R_Date","T4-33",,"likelihood",1343.5,0
8,"R_Date","T4-33",,"likelihood",1344.5,0
8,"R_Date","T4-33",,"likelihood",1345.5,0
8,"R_Date","T4-33",,"likelihood",1346.5,0
8,"R_Date","T4-33",,"likelihood",1347.5,0
8,"R_Date","T4-33",,"likelihood",1348.5,0
8,"R_Date","T4-33",,"likelihood",1349.5,0
8,"R_Date","T4-33",,"likelihood",1350.5,0
8,"R_Date","T4-33",,"likelihood",1351.5,0
8,"R_Date","T4-33",,"likelihood",1352.5,0
8,"R_Date","T4-33",,"likelihood",1353.5,0
8,"R_Date","T4-33",,"likelihood",1354.5,0
8,"R_Date","T4-33",,"likelihood",1355.5,0
8,"R_Date","T4-33",,"likelihood",1356.5,0
8,"R_Date","T4-33",,"likelihood",1357.5,0
8,"R_Date","T4-33",,"likelihood",1358.5,0
8,"R_Date","T4-33",,"likelihood",1359.5,0
8,"R_Date","T4-33",,"likelihood",1360.5,0
8,"R_Date","T4-33",,"likelihood",1361.5,0
8,"R_Date","T4-33",,"likelihood",1362.5,0
8,"R_Date","T4-33",,"likelihood",1363.5,0
8,"R_Date","T4-33",,"likelihood",1364.5,0
8,"R_Date","T4-33",,"likelihood",1365.5,5.95e-9
8,"R_Date","T4-33",,"likelihood",1366.5,5.95e-9
8,"R_Date","T4-33",,"likelihood",1367.5,5.95e-9
8,"R_Date","T4-33",,"likelihood",1368.5,5.95e-9
8,"R_Date","T4-33",,"likelihood",1369.5,1.1899e-8
8,"R_Date","T4-33",,"likelihood",1370.5,1.7849e-8
8,"R_Date","T4-33",,"likelihood",1371.5,2.3798e-8
8,"R_Date","T4-33",,"likelihood",1372.5,2.3798e-8
8,"R_Date","T4-33",,"likelihood",1373.5,2.9748e-8
8,"R_Date","T4-33",,"likelihood",1374.5,3.57e-8
8,"R_Date","T4-33",,"likelihood",1375.5,3.57e-8
8,"R_Date","T4-33",,"likelihood",1376.5,2.3798e-8
8,"R_Date","T4-33",,"likelihood",1377.5,1.7849e-8
8,"R_Date","T4-33",,"likelihood",1378.5,1.1899e-8
8,"R_Date","T4-33",,"likelihood",1379.5,1.1899e-8
8,"R_Date","T4-33",,"likelihood",1380.5,5.95e-9
8,"R_Date","T4-33",,"likelihood",1381.5,5.95e-9
8,"R_Date","T4-33",,"likelihood",1382.5,0
8,"R_Date","T4-33",,"posterior",776.5,0
8,"R_Date","T4-33",,"posterior",777.5,0.000006514
8,"R_Date","T4-33",,"posterior",778.5,0.000008333
8,"R_Date","T4-33",,"posterior",779.5,0.000007552
8,"R_Date","T4-33",,"posterior",780.5,0.000007028
8,"R_Date","T4-33",,"posterior",781.5,0.000008076
8,"R_Date","T4-33",,"posterior",782.5,0.000004685
8,"R_Date","T4-33",,"posterior",783.5,0.000004685
8,"R_Date","T4-33",,"posterior",784.5,0.000004685
8,"R_Date","T4-33",,"posterior",785.5,0.0000015618
8,"R_Date","T4-33",,"posterior",786.5,0.0000013048
8,"R_Date","T4-33",,"posterior",787.5,0.0000015618
8,"R_Date","T4-33",,"posterior",788.5,0.0000013048
8,"R_Date","T4-33",,"posterior",789.5,5.239e-7
8,"R_Date","T4-33",,"posterior",790.5,0.0000010379
8,"R_Date","T4-33",,"posterior",791.5,5.239e-7
8,"R_Date","T4-33",,"posterior",792.5,0.0000010379
8,"R_Date","T4-33",,"posterior",793.5,5.239e-7
8,"R_Date","T4-33",,"posterior",794.5,2.5701e-7
8,"R_Date","T4-33",,"posterior",795.5,2.5701e-7
8,"R_Date","T4-33",,"posterior",796.5,0
8,"R_Date","T4-33",,"posterior",797.5,7.809e-7
8,"R_Date","T4-33",,"posterior",798.5,0
8,"R_Date","T4-33",,"posterior",799.5,7.809e-7
8,"R_Date","T4-33",,"posterior",800.5,5.239e-7
8,"R_Date","T4-33",,"posterior",801.5,5.239e-7
8,"R_Date","T4-33",,"posterior",802.5,0.0000015618
8,"R_Date","T4-33",,"posterior",803.5,2.5701e-7
8,"R_Date","T4-33",,"posterior",804.5,7.809e-7
8,"R_Date","T4-33",,"posterior",805.5,7.809e-7
8,"R_Date","T4-33",,"posterior",806.5,2.5701e-7
8,"R_Date","T4-33",,"posterior",807.5,0.0000013048
8,"R_Date","T4-33",,"posterior",808.5,0.0000018188
8,"R_Date","T4-33",,"posterior",809.5,0.0000018188
8,"R_Date","T4-33",,"posterior",810.5,0.0000018188
8,"R_Date","T4-33",,"posterior",811.5,7.809e-7
8,"R_Date","T4-33",,"posterior",812.5,5.239e-7
8,"R_Date","T4-33",,"posterior",813.5,7.809e-7
8,"R_Date","T4-33",,"posterior",814.5,7.809e-7
8,"R_Date","T4-33",,"posterior",815.5,0.0000013048
8,"R_Date","T4-33",,"posterior",816.5,0.0000010379
8,"R_Date","T4-33",,"posterior",817.5,5.239e-7
8,"R_Date","T4-33",,"posterior",818.5,0.0000013048
8,"R_Date","T4-33",,"posterior",819.5,0.0000018188
8,"R_Date","T4-33",,"posterior",820.5,5.239e-7
8,"R_Date","T4-33",,"posterior",821.5,0.0000023427
8,"R_Date","T4-33",,"posterior",822.5,0.0000013048
8,"R_Date","T4-33",,"posterior",823.5,0.0000010379
8,"R_Date","T4-33",,"posterior",824.5,0.0000028666
8,"R_Date","T4-33",,"posterior",825.5,0.0000020857
8,"R_Date","T4-33",,"posterior",826.5,0.000003648
8,"R_Date","T4-33",,"posterior",827.5,0.000004952
8,"R_Date","T4-33",,"posterior",828.5,0.00000599
8,"R_Date","T4-33",,"posterior",829.5,0.000007028
8,"R_Date","T4-33",,"posterior",830.5,0.000006771
8,"R_Date","T4-33",,"posterior",831.5,0.000007028
8,"R_Date","T4-33",,"posterior",832.5,0.000006247
8,"R_Date","T4-33",,"posterior",833.5,0.000011723
8,"R_Date","T4-33",,"posterior",834.5,0.000009371
8,"R_Date","T4-33",,"posterior",835.5,0.000009895
8,"R_Date","T4-33",,"posterior",836.5,0.000011457
8,"R_Date","T4-33",,"posterior",837.5,0.000013285
8,"R_Date","T4-33",,"posterior",838.5,0.000013285
8,"R_Date","T4-33",,"posterior",839.5,0.000010676
8,"R_Date","T4-33",,"posterior",840.5,0.000009638
8,"R_Date","T4-33",,"posterior",841.5,0.000010933
8,"R_Date","T4-33",,"posterior",842.5,0.000013018
8,"R_Date","T4-33",,"posterior",843.5,0.000012504
8,"R_Date","T4-33",,"posterior",844.5,0.000014847
8,"R_Date","T4-33",,"posterior",845.5,0.00001458
8,"R_Date","T4-33",,"posterior",846.5,0.000010676
8,"R_Date","T4-33",,"posterior",847.5,0.000010676
8,"R_Date","T4-33",,"posterior",848.5,0.000007028
8,"R_Date","T4-33",,"posterior",849.5,0.000013542
8,"R_Date","T4-33",,"posterior",850.5,0.000006771
8,"R_Date","T4-33",,"posterior",851.5,0.000010152
8,"R_Date","T4-33",,"posterior",852.5,0.000008076
8,"R_Date","T4-33",,"posterior",853.5,0.000005466
8,"R_Date","T4-33",,"posterior",854.5,0.000005209
8,"R_Date","T4-33",,"posterior",855.5,0.000009371
8,"R_Date","T4-33",,"posterior",856.5,0.000004685
8,"R_Date","T4-33",,"posterior",857.5,0.000007552
8,"R_Date","T4-33",,"posterior",858.5,0.000007295
8,"R_Date","T4-33",,"posterior",859.5,0.000005209
8,"R_Date","T4-33",,"posterior",860.5,0.000007028
8,"R_Date","T4-33",,"posterior",861.5,0.000007028
8,"R_Date","T4-33",,"posterior",862.5,0.000007295
8,"R_Date","T4-33",,"posterior",863.5,0.000004952
8,"R_Date","T4-33",,"posterior",864.5,0.000006514
8,"R_Date","T4-33",,"posterior",865.5,0.000005209
8,"R_Date","T4-33",,"posterior",866.5,0.000007552
8,"R_Date","T4-33",,"posterior",867.5,0.000005733
8,"R_Date","T4-33",,"posterior",868.5,0.000009114
8,"R_Date","T4-33",,"posterior",869.5,0.000005466
8,"R_Date","T4-33",,"posterior",870.5,0.000005466
8,"R_Date","T4-33",,"posterior",871.5,0.000006247
8,"R_Date","T4-33",,"posterior",872.5,0.000010419
8,"R_Date","T4-33",,"posterior",873.5,0.000009114
8,"R_Date","T4-33",,"posterior",874.5,0.000011723
8,"R_Date","T4-33",,"posterior",875.5,0.000014847
8,"R_Date","T4-33",,"posterior",876.5,0.000010676
8,"R_Date","T4-33",,"posterior",877.5,0.000011723
8,"R_Date","T4-33",,"posterior",878.5,0.000019533
8,"R_Date","T4-33",,"posterior",879.5,0.000023437
8,"R_Date","T4-33",,"posterior",880.5,0.000026037
8,"R_Date","T4-33",,"posterior",881.5,0.000022913
8,"R_Date","T4-33",,"posterior",882.5,0.00003594
8,"R_Date","T4-33",,"posterior",883.5,0.00003907
8,"R_Date","T4-33",,"posterior",884.5,0.00004635
8,"R_Date","T4-33",,"posterior",885.5,0.00006563
8,"R_Date","T4-33",,"posterior",886.5,0.00006979
8,"R_Date","T4-33",,"posterior",887.5,0.00008282
8,"R_Date","T4-33",,"posterior",888.5,0.00010807
8,"R_Date","T4-33",,"posterior",889.5,0.00012136
8,"R_Date","T4-33",,"posterior",890.5,0.00015391
8,"R_Date","T4-33",,"posterior",891.5,0.00018593
8,"R_Date","T4-33",,"posterior",892.5,0.00024479
8,"R_Date","T4-33",,"posterior",893.5,0.00029765
8,"R_Date","T4-33",,"posterior",894.5,0.0003365
8,"R_Date","T4-33",,"posterior",895.5,0.0004068
8,"R_Date","T4-33",,"posterior",896.5,0.0004378
8,"R_Date","T4-33",,"posterior",897.5,0.000513
8,"R_Date","T4-33",,"posterior",898.5,0.0006013
8,"R_Date","T4-33",,"posterior",899.5,0.0007276
8,"R_Date","T4-33",,"posterior",900.5,0.0007948
8,"R_Date","T4-33",,"posterior",901.5,0.000888
8,"R_Date","T4-33",,"posterior",902.5,0.0009094
8,"R_Date","T4-33",,"posterior",903.5,0.0010172
8,"R_Date","T4-33",,"posterior",904.5,0.0010695
8,"R_Date","T4-33",,"posterior",905.5,0.0011349
8,"R_Date","T4-33",,"posterior",906.5,0.0010982
8,"R_Date","T4-33",,"posterior",907.5,0.0010719
8,"R_Date","T4-33",,"posterior",908.5,0.0011284
8,"R_Date","T4-33",,"posterior",909.5,0.0011406
8,"R_Date","T4-33",,"posterior",910.5,0.0010997
8,"R_Date","T4-33",,"posterior",911.5,0.0010854
8,"R_Date","T4-33",,"posterior",912.5,0.0010263
8,"R_Date","T4-33",,"posterior",913.5,0.0010161
8,"R_Date","T4-33",,"posterior",914.5,0.0009339
8,"R_Date","T4-33",,"posterior",915.5,0.0008753
8,"R_Date","T4-33",,"posterior",916.5,0.0007807
8,"R_Date","T4-33",,"posterior",917.5,0.0007276
8,"R_Date","T4-33",,"posterior",918.5,0.0006706
8,"R_Date","T4-33",,"posterior",919.5,0.0006081
8,"R_Date","T4-33",,"posterior",920.5,0.0005779
8,"R_Date","T4-33",,"posterior",921.5,0.000544
8,"R_Date","T4-33",,"posterior",922.5,0.0004917
8,"R_Date","T4-33",,"posterior",923.5,0.0004492
8,"R_Date","T4-33",,"posterior",924.5,0.0004534
8,"R_Date","T4-33",,"posterior",925.5,0.0003938
8,"R_Date","T4-33",,"posterior",926.5,0.0003487
8,"R_Date","T4-33",,"posterior",927.5,0.00030208
8,"R_Date","T4-33",,"posterior",928.5,0.00030807
8,"R_Date","T4-33",,"posterior",929.5,0.00027734
8,"R_Date","T4-33",,"posterior",930.5,0.00026849
8,"R_Date","T4-33",,"posterior",931.5,0.00027865
8,"R_Date","T4-33",,"posterior",932.5,0.00023411
8,"R_Date","T4-33",,"posterior",933.5,0.00025183
8,"R_Date","T4-33",,"posterior",934.5,0.00021875
8,"R_Date","T4-33",,"posterior",935.5,0.00022344
8,"R_Date","T4-33",,"posterior",936.5,0.0002427
8,"R_Date","T4-33",,"posterior",937.5,0.00023021
8,"R_Date","T4-33",,"posterior",938.5,0.00025287
8,"R_Date","T4-33",,"posterior",939.5,0.00023672
8,"R_Date","T4-33",,"posterior",940.5,0.00023829
8,"R_Date","T4-33",,"posterior",941.5,0.00025365
8,"R_Date","T4-33",,"posterior",942.5,0.00027812
8,"R_Date","T4-33",,"posterior",943.5,0.00027917
8,"R_Date","T4-33",,"posterior",944.5,0.0002987
8,"R_Date","T4-33",,"posterior",945.5,0.00031224
8,"R_Date","T4-33",,"posterior",946.5,0.0003359
8,"R_Date","T4-33",,"posterior",947.5,0.0003612
8,"R_Date","T4-33",,"posterior",948.5,0.0003612
8,"R_Date","T4-33",,"posterior",949.5,0.0004096
8,"R_Date","T4-33",,"posterior",950.5,0.0004146
8,"R_Date","T4-33",,"posterior",951.5,0.0004615
8,"R_Date","T4-33",,"posterior",952.5,0.0004763
8,"R_Date","T4-33",,"posterior",953.5,0.0004745
8,"R_Date","T4-33",,"posterior",954.5,0.0005161
8,"R_Date","T4-33",,"posterior",955.5,0.0005839
8,"R_Date","T4-33",,"posterior",956.5,0.0005833
8,"R_Date","T4-33",,"posterior",957.5,0.0006378
8,"R_Date","T4-33",,"posterior",958.5,0.0006378
8,"R_Date","T4-33",,"posterior",959.5,0.0007122
8,"R_Date","T4-33",,"posterior",960.5,0.000719
8,"R_Date","T4-33",,"posterior",961.5,0.0006854
8,"R_Date","T4-33",,"posterior",962.5,0.0007044
8,"R_Date","T4-33",,"posterior",963.5,0.0007203
8,"R_Date","T4-33",,"posterior",964.5,0.0007039
8,"R_Date","T4-33",,"posterior",965.5,0.0007141
8,"R_Date","T4-33",,"posterior",966.5,0.0006784
8,"R_Date","T4-33",,"posterior",967.5,0.0006385
8,"R_Date","T4-33",,"posterior",968.5,0.0005956
8,"R_Date","T4-33",,"posterior",969.5,0.000538
8,"R_Date","T4-33",,"posterior",970.5,0.0005305
8,"R_Date","T4-33",,"posterior",971.5,0.0005383
8,"R_Date","T4-33",,"posterior",972.5,0.0005297
8,"R_Date","T4-33",,"posterior",973.5,0.0005755
8,"R_Date","T4-33",,"posterior",974.5,0.0006953
8,"R_Date","T4-33",,"posterior",975.5,0.0007549
8,"R_Date","T4-33",,"posterior",976.5,0.0009208
8,"R_Date","T4-33",,"posterior",977.5,0.0011003
8,"R_Date","T4-33",,"posterior",978.5,0.0012979
8,"R_Date","T4-33",,"posterior",979.5,0.0013776
8,"R_Date","T4-33",,"posterior",980.5,0.0014964
8,"R_Date","T4-33",,"posterior",981.5,0.0014286
8,"R_Date","T4-33",,"posterior",982.5,0.0014273
8,"R_Date","T4-33",,"posterior",983.5,0.0013526
8,"R_Date","T4-33",,"posterior",984.5,0.0013362
8,"R_Date","T4-33",,"posterior",985.5,0.001307
8,"R_Date","T4-33",,"posterior",986.5,0.0012031
8,"R_Date","T4-33",,"posterior",987.5,0.0011797
8,"R_Date","T4-33",,"posterior",988.5,0.001232
8,"R_Date","T4-33",,"posterior",989.5,0.0012984
8,"R_Date","T4-33",,"posterior",990.5,0.0014896
8,"R_Date","T4-33",,"posterior",991.5,0.001757
8,"R_Date","T4-33",,"posterior",992.5,0.002243
8,"R_Date","T4-33",,"posterior",993.5,0.0029977
8,"R_Date","T4-33",,"posterior",994.5,0.004187
8,"R_Date","T4-33",,"posterior",995.5,0.005428
8,"R_Date","T4-33",,"posterior",996.5,0.006343
8,"R_Date","T4-33",,"posterior",997.5,0.007034
8,"R_Date","T4-33",,"posterior",998.5,0.007411
8,"R_Date","T4-33",,"posterior",999.5,0.007364
8,"R_Date","T4-33",,"posterior",1000.5,0.007148
8,"R_Date","T4-33",,"posterior",1001.5,0.006746
8,"R_Date","T4-33",,"posterior",1002.5,0.006375
8,"R_Date","T4-33",,"posterior",1003.5,0.005952
8,"R_Date","T4-33",,"posterior",1004.5,0.005555
8,"R_Date","T4-33",,"posterior",1005.5,0.004973
8,"R_Date","T4-33",,"posterior",1006.5,0.004657
8,"R_Date","T4-33",,"posterior",1007.5,0.004206
8,"R_Date","T4-33",,"posterior",1008.5,0.004168
8,"R_Date","T4-33",,"posterior",1009.5,0.004043
8,"R_Date","T4-33",,"posterior",1010.5,0.004056
8,"R_Date","T4-33",,"posterior",1011.5,0.004185
8,"R_Date","T4-33",,"posterior",1012.5,0.004176
8,"R_Date","T4-33",,"posterior",1013.5,0.004253
8,"R_Date","T4-33",,"posterior",1014.5,0.004267
8,"R_Date","T4-33",,"posterior",1015.5,0.00437
8,"R_Date","T4-33",,"posterior",1016.5,0.004475
8,"R_Date","T4-33",,"posterior",1017.5,0.004537
8,"R_Date","T4-33",,"posterior",1018.5,0.004642
8,"R_Date","T4-33",,"posterior",1019.5,0.004967
8,"R_Date","T4-33",,"posterior",1020.5,0.005488
8,"R_Date","T4-33",,"posterior",1021.5,0.005768
8,"R_Date","T4-33",,"posterior",1022.5,0.006352
8,"R_Date","T4-33",,"posterior",1023.5,0.007021
8,"R_Date","T4-33",,"posterior",1024.5,0.00741
8,"R_Date","T4-33",,"posterior",1025.5,0.008017
8,"R_Date","T4-33",,"posterior",1026.5,0.00816
8,"R_Date","T4-33",,"posterior",1027.5,0.00845
8,"R_Date","T4-33",,"posterior",1028.5,0.008716
8,"R_Date","T4-33",,"posterior",1029.5,0.008925
8,"R_Date","T4-33",,"posterior",1030.5,0.009054
8,"R_Date","T4-33",,"posterior",1031.5,0.00926
8,"R_Date","T4-33",,"posterior",1032.5,0.009547
8,"R_Date","T4-33",,"posterior",1033.5,0.00941
8,"R_Date","T4-33",,"posterior",1034.5,0.009885
8,"R_Date","T4-33",,"posterior",1035.5,0.009872
8,"R_Date","T4-33",,"posterior",1036.5,0.009795
8,"R_Date","T4-33",,"posterior",1037.5,0.009704
8,"R_Date","T4-33",,"posterior",1038.5,0.009787
8,"R_Date","T4-33",,"posterior",1039.5,0.009472
8,"R_Date","T4-33",,"posterior",1040.5,0.009523
8,"R_Date","T4-33",,"posterior",1041.5,0.009466
8,"R_Date","T4-33",,"posterior",1042.5,0.009325
8,"R_Date","T4-33",,"posterior",1043.5,0.009055
8,"R_Date","T4-33",,"posterior",1044.5,0.009126
8,"R_Date","T4-33",,"posterior",1045.5,0.009051
8,"R_Date","T4-33",,"posterior",1046.5,0.00886
8,"R_Date","T4-33",,"posterior",1047.5,0.008626
8,"R_Date","T4-33",,"posterior",1048.5,0.008548
8,"R_Date","T4-33",,"posterior",1049.5,0.008353
8,"R_Date","T4-33",,"posterior",1050.5,0.008004
8,"R_Date","T4-33",,"posterior",1051.5,0.007742
8,"R_Date","T4-33",,"posterior",1052.5,0.007253
8,"R_Date","T4-33",,"posterior",1053.5,0.006757
8,"R_Date","T4-33",,"posterior",1054.5,0.006569
8,"R_Date","T4-33",,"posterior",1055.5,0.006327
8,"R_Date","T4-33",,"posterior",1056.5,0.006034
8,"R_Date","T4-33",,"posterior",1057.5,0.006285
8,"R_Date","T4-33",,"posterior",1058.5,0.0063
8,"R_Date","T4-33",,"posterior",1059.5,0.006211
8,"R_Date","T4-33",,"posterior",1060.5,0.006222
8,"R_Date","T4-33",,"posterior",1061.5,0.006372
8,"R_Date","T4-33",,"posterior",1062.5,0.006384
8,"R_Date","T4-33",,"posterior",1063.5,0.006395
8,"R_Date","T4-33",,"posterior",1064.5,0.006224
8,"R_Date","T4-33",,"posterior",1065.5,0.006159
8,"R_Date","T4-33",,"posterior",1066.5,0.006107
8,"R_Date","T4-33",,"posterior",1067.5,0.006005
8,"R_Date","T4-33",,"posterior",1068.5,0.005913
8,"R_Date","T4-33",,"posterior",1069.5,0.005763
8,"R_Date","T4-33",,"posterior",1070.5,0.005705
8,"R_Date","T4-33",,"posterior",1071.5,0.005785
8,"R_Date","T4-33",,"posterior",1072.5,0.005668
8,"R_Date","T4-33",,"posterior",1073.5,0.005558
8,"R_Date","T4-33",,"posterior",1074.5,0.005519
8,"R_Date","T4-33",,"posterior",1075.5,0.005524
8,"R_Date","T4-33",,"posterior",1076.5,0.00545
8,"R_Date","T4-33",,"posterior",1077.5,0.005644
8,"R_Date","T4-33",,"posterior",1078.5,0.005649
8,"R_Date","T4-33",,"posterior",1079.5,0.005652
8,"R_Date","T4-33",,"posterior",1080.5,0.005811
8,"R_Date","T4-33",,"posterior",1081.5,0.006037
8,"R_Date","T4-33",,"posterior",1082.5,0.006019
8,"R_Date","T4-33",,"posterior",1083.5,0.006055
8,"R_Date","T4-33",,"posterior",1084.5,0.006103
8,"R_Date","T4-33",,"posterior",1085.5,0.006061
8,"R_Date","T4-33",,"posterior",1086.5,0.005981
8,"R_Date","T4-33",,"posterior",1087.5,0.005762
8,"R_Date","T4-33",,"posterior",1088.5,0.005768
8,"R_Date","T4-33",,"posterior",1089.5,0.00578
8,"R_Date","T4-33",,"posterior",1090.5,0.005863
8,"R_Date","T4-33",,"posterior",1091.5,0.005649
8,"R_Date","T4-33",,"posterior",1092.5,0.005649
8,"R_Date","T4-33",,"posterior",1093.5,0.005482
8,"R_Date","T4-33",,"posterior",1094.5,0.005365
8,"R_Date","T4-33",,"posterior",1095.5,0.005342
8,"R_Date","T4-33",,"posterior",1096.5,0.005266
8,"R_Date","T4-33",,"posterior",1097.5,0.005015
8,"R_Date","T4-33",,"posterior",1098.5,0.00498
8,"R_Date","T4-33",,"posterior",1099.5,0.005004
8,"R_Date","T4-33",,"posterior",1100.5,0.004887
8,"R_Date","T4-33",,"posterior",1101.5,0.004911
8,"R_Date","T4-33",,"posterior",1102.5,0.004946
8,"R_Date","T4-33",,"posterior",1103.5,0.004792
8,"R_Date","T4-33",,"posterior",1104.5,0.004732
8,"R_Date","T4-33",,"posterior",1105.5,0.00474
8,"R_Date","T4-33",,"posterior",1106.5,0.004753
8,"R_Date","T4-33",,"posterior",1107.5,0.00471
8,"R_Date","T4-33",,"posterior",1108.5,0.004562
8,"R_Date","T4-33",,"posterior",1109.5,0.004577
8,"R_Date","T4-33",,"posterior",1110.5,0.004489
8,"R_Date","T4-33",,"posterior",1111.5,0.004372
8,"R_Date","T4-33",,"posterior",1112.5,0.004352
8,"R_Date","T4-33",,"posterior",1113.5,0.004414
8,"R_Date","T4-33",,"posterior",1114.5,0.004326
8,"R_Date","T4-33",,"posterior",1115.5,0.004269
8,"R_Date","T4-33",,"posterior",1116.5,0.004169
8,"R_Date","T4-33",,"posterior",1117.5,0.004088
8,"R_Date","T4-33",,"posterior",1118.5,0.004151
8,"R_Date","T4-33",,"posterior",1119.5,0.003984
8,"R_Date","T4-33",,"posterior",1120.5,0.00402
8,"R_Date","T4-33",,"posterior",1121.5,0.003917
8,"R_Date","T4-33",,"posterior",1122.5,0.0037
8,"R_Date","T4-33",,"posterior",1123.5,0.003727
8,"R_Date","T4-33",,"posterior",1124.5,0.003779
8,"R_Date","T4-33",,"posterior",1125.5,0.003557
8,"R_Date","T4-33",,"posterior",1126.5,0.003521
8,"R_Date","T4-33",,"posterior",1127.5,0.003457
8,"R_Date","T4-33",,"posterior",1128.5,0.003457
8,"R_Date","T4-33",,"posterior",1129.5,0.003331
8,"R_Date","T4-33",,"posterior",1130.5,0.003275
8,"R_Date","T4-33",,"posterior",1131.5,0.003361
8,"R_Date","T4-33",,"posterior",1132.5,0.0031276
8,"R_Date","T4-33",,"posterior",1133.5,0.0031617
8,"R_Date","T4-33",,"posterior",1134.5,0.003112
8,"R_Date","T4-33",,"posterior",1135.5,0.002993
8,"R_Date","T4-33",,"posterior",1136.5,0.0029443
8,"R_Date","T4-33",,"posterior",1137.5,0.0028586
8,"R_Date","T4-33",,"posterior",1138.5,0.0028039
8,"R_Date","T4-33",,"posterior",1139.5,0.0028214
8,"R_Date","T4-33",,"posterior",1140.5,0.0028815
8,"R_Date","T4-33",,"posterior",1141.5,0.002813
8,"R_Date","T4-33",,"posterior",1142.5,0.0027854
8,"R_Date","T4-33",,"posterior",1143.5,0.0027531
8,"R_Date","T4-33",,"posterior",1144.5,0.0027055
8,"R_Date","T4-33",,"posterior",1145.5,0.0026411
8,"R_Date","T4-33",,"posterior",1146.5,0.0026297
8,"R_Date","T4-33",,"posterior",1147.5,0.0024914
8,"R_Date","T4-33",,"posterior",1148.5,0.0025557
8,"R_Date","T4-33",,"posterior",1149.5,0.0024109
8,"R_Date","T4-33",,"posterior",1150.5,0.0024221
8,"R_Date","T4-33",,"posterior",1151.5,0.0023003
8,"R_Date","T4-33",,"posterior",1152.5,0.0022664
8,"R_Date","T4-33",,"posterior",1153.5,0.0021346
8,"R_Date","T4-33",,"posterior",1154.5,0.002126
8,"R_Date","T4-33",,"posterior",1155.5,0.0018865
8,"R_Date","T4-33",,"posterior",1156.5,0.0018096
8,"R_Date","T4-33",,"posterior",1157.5,0.0017227
8,"R_Date","T4-33",,"posterior",1158.5,0.0016427
8,"R_Date","T4-33",,"posterior",1159.5,0.0014365
8,"R_Date","T4-33",,"posterior",1160.5,0.0013333
8,"R_Date","T4-33",,"posterior",1161.5,0.0013021
8,"R_Date","T4-33",,"posterior",1162.5,0.0011823
8,"R_Date","T4-33",,"posterior",1163.5,0.0010669
8,"R_Date","T4-33",,"posterior",1164.5,0.0010466
8,"R_Date","T4-33",,"posterior",1165.5,0.0009042
8,"R_Date","T4-33",,"posterior",1166.5,0.000813
8,"R_Date","T4-33",,"posterior",1167.5,0.0007651
8,"R_Date","T4-33",,"posterior",1168.5,0.0007219
8,"R_Date","T4-33",,"posterior",1169.5,0.0007159
8,"R_Date","T4-33",,"posterior",1170.5,0.0007112
8,"R_Date","T4-33",,"posterior",1171.5,0.0006677
8,"R_Date","T4-33",,"posterior",1172.5,0.0006914
8,"R_Date","T4-33",,"posterior",1173.5,0.0006495
8,"R_Date","T4-33",,"posterior",1174.5,0.0006302
8,"R_Date","T4-33",,"posterior",1175.5,0.0006372
8,"R_Date","T4-33",,"posterior",1176.5,0.000587
8,"R_Date","T4-33",,"posterior",1177.5,0.0005456
8,"R_Date","T4-33",,"posterior",1178.5,0.0004831
8,"R_Date","T4-33",,"posterior",1179.5,0.0004516
8,"R_Date","T4-33",,"posterior",1180.5,0.0004109
8,"R_Date","T4-33",,"posterior",1181.5,0.000399
8,"R_Date","T4-33",,"posterior",1182.5,0.0003479
8,"R_Date","T4-33",,"posterior",1183.5,0.00030312
8,"R_Date","T4-33",,"posterior",1184.5,0.0003266
8,"R_Date","T4-33",,"posterior",1185.5,0.0003294
8,"R_Date","T4-33",,"posterior",1186.5,0.0003164
8,"R_Date","T4-33",,"posterior",1187.5,0.0003206
8,"R_Date","T4-33",,"posterior",1188.5,0.0003167
8,"R_Date","T4-33",,"posterior",1189.5,0.0003232
8,"R_Date","T4-33",,"posterior",1190.5,0.0003273
8,"R_Date","T4-33",,"posterior",1191.5,0.000338
8,"R_Date","T4-33",,"posterior",1192.5,0.0003383
8,"R_Date","T4-33",,"posterior",1193.5,0.0003333
8,"R_Date","T4-33",,"posterior",1194.5,0.0003542
8,"R_Date","T4-33",,"posterior",1195.5,0.0003602
8,"R_Date","T4-33",,"posterior",1196.5,0.0003781
8,"R_Date","T4-33",,"posterior",1197.5,0.0003635
8,"R_Date","T4-33",,"posterior",1198.5,0.0003398
8,"R_Date","T4-33",,"posterior",1199.5,0.0003323
8,"R_Date","T4-33",,"posterior",1200.5,0.00029453
8,"R_Date","T4-33",,"posterior",1201.5,0.00028255
8,"R_Date","T4-33",,"posterior",1202.5,0.00024713
8,"R_Date","T4-33",,"posterior",1203.5,0.00024531
8,"R_Date","T4-33",,"posterior",1204.5,0.00022318
8,"R_Date","T4-33",,"posterior",1205.5,0.00021171
8,"R_Date","T4-33",,"posterior",1206.5,0.00020677
8,"R_Date","T4-33",,"posterior",1207.5,0.00019896
8,"R_Date","T4-33",,"posterior",1208.5,0.00018151
8,"R_Date","T4-33",,"posterior",1209.5,0.00017709
8,"R_Date","T4-33",,"posterior",1210.5,0.00017631
8,"R_Date","T4-33",,"posterior",1211.5,0.00016511
8,"R_Date","T4-33",,"posterior",1212.5,0.00014714
8,"R_Date","T4-33",,"posterior",1213.5,0.00014011
8,"R_Date","T4-33",,"posterior",1214.5,0.00012396
8,"R_Date","T4-33",,"posterior",1215.5,0.00011719
8,"R_Date","T4-33",,"posterior",1216.5,0.00010755
8,"R_Date","T4-33",,"posterior",1217.5,0.00008802
8,"R_Date","T4-33",,"posterior",1218.5,0.00007005
8,"R_Date","T4-33",,"posterior",1219.5,0.00005885
8,"R_Date","T4-33",,"posterior",1220.5,0.00004584
8,"R_Date","T4-33",,"posterior",1221.5,0.000030732
8,"R_Date","T4-33",,"posterior",1222.5,0.000028123
8,"R_Date","T4-33",,"posterior",1223.5,0.000024999
8,"R_Date","T4-33",,"posterior",1224.5,0.000015885
8,"R_Date","T4-33",,"posterior",1225.5,0.000015628
8,"R_Date","T4-33",,"posterior",1226.5,0.00001458
8,"R_Date","T4-33",,"posterior",1227.5,0.000013018
8,"R_Date","T4-33",,"posterior",1228.5,0.000009895
8,"R_Date","T4-33",,"posterior",1229.5,0.000012237
8,"R_Date","T4-33",,"posterior",1230.5,0.000009638
8,"R_Date","T4-33",,"posterior",1231.5,0.000006247
8,"R_Date","T4-33",,"posterior",1232.5,0.000006514
8,"R_Date","T4-33",,"posterior",1233.5,0.000006247
8,"R_Date","T4-33",,"posterior",1234.5,0.000005466
8,"R_Date","T4-33",,"posterior",1235.5,0.000005466
8,"R_Date","T4-33",,"posterior",1236.5,0.000006514
8,"R_Date","T4-33",,"posterior",1237.5,0.000004952
8,"R_Date","T4-33",,"posterior",1238.5,0.00000599
8,"R_Date","T4-33",,"posterior",1239.5,0.000004952
8,"R_Date","T4-33",,"posterior",1240.5,0.000004171
8,"R_Date","T4-33",,"posterior",1241.5,0.000005209
8,"R_Date","T4-33",,"posterior",1242.5,0.000004428
8,"R_Date","T4-33",,"posterior",1243.5,0.000005733
8,"R_Date","T4-33",,"posterior",1244.5,0.000003905
8,"R_Date","T4-33",,"posterior",1245.5,0.000003648
8,"R_Date","T4-33",,"posterior",1246.5,0.000004428
8,"R_Date","T4-33",,"posterior",1247.5,0.0000028666
8,"R_Date","T4-33",,"posterior",1248.5,0.000005209
8,"R_Date","T4-33",,"posterior",1249.5,0.000003381
8,"R_Date","T4-33",,"posterior",1250.5,0.0000025997
8,"R_Date","T4-33",,"posterior",1251.5,0.000003648
8,"R_Date","T4-33",,"posterior",1252.5,0.0000025997
8,"R_Date","T4-33",,"posterior",1253.5,0.0000015618
9,"Calculate","Event 6",,"posterior",815.5,0
9,"Calculate","Event 6",,"posterior",816.5,0
9,"Calculate","Event 6",,"posterior",817.5,2.6112e-7
9,"Calculate","Event 6",,"posterior",818.5,0.0000010445
9,"Calculate","Event 6",,"posterior",819.5,0
9,"Calculate","Event 6",,"posterior",820.5,0
9,"Calculate","Event 6",,"posterior",821.5,5.222e-7
9,"Calculate","Event 6",,"posterior",822.5,2.6112e-7
9,"Calculate","Event 6",,"posterior",823.5,0
9,"Calculate","Event 6",,"posterior",824.5,2.6112e-7
9,"Calculate","Event 6",,"posterior",825.5,0
9,"Calculate","Event 6",,"posterior",826.5,5.222e-7
9,"Calculate","Event 6",,"posterior",827.5,2.6112e-7
9,"Calculate","Event 6",,"posterior",828.5,5.222e-7
9,"Calculate","Event 6",,"posterior",829.5,2.6112e-7
9,"Calculate","Event 6",,"posterior",830.5,2.6112e-7
9,"Calculate","Event 6",,"posterior",831.5,0
9,"Calculate","Event 6",,"posterior",832.5,0
9,"Calculate","Event 6",,"posterior",833.5,2.6112e-7
9,"Calculate","Event 6",,"posterior",834.5,2.6112e-7
9,"Calculate","Event 6",,"posterior",835.5,0.0000010445
9,"Calculate","Event 6",,"posterior",836.5,0.0000010445
9,"Calculate","Event 6",,"posterior",837.5,5.222e-7
9,"Calculate","Event 6",,"posterior",838.5,5.222e-7
9,"Calculate","Event 6",,"posterior",839.5,2.6112e-7
9,"Calculate","Event 6",,"posterior",840.5,0.0000010445
9,"Calculate","Event 6",,"posterior",841.5,2.6112e-7
9,"Calculate","Event 6",,"posterior",842.5,7.834e-7
9,"Calculate","Event 6",,"posterior",843.5,7.834e-7
9,"Calculate","Event 6",,"posterior",844.5,7.834e-7
9,"Calculate","Event 6",,"posterior",845.5,0.0000015605
9,"Calculate","Event 6",,"posterior",846.5,0.0000012994
9,"Calculate","Event 6",,"posterior",847.5,0
9,"Calculate","Event 6",,"posterior",848.5,5.222e-7
9,"Calculate","Event 6",,"posterior",849.5,7.834e-7
9,"Calculate","Event 6",,"posterior",850.5,0.0000023439
9,"Calculate","Event 6",,"posterior",851.5,7.834e-7
9,"Calculate","Event 6",,"posterior",852.5,0.0000010445
9,"Calculate","Event 6",,"posterior",853.5,7.834e-7
9,"Calculate","Event 6",,"posterior",854.5,0.0000010445
9,"Calculate","Event 6",,"posterior",855.5,0.0000010445
9,"Calculate","Event 6",,"posterior",856.5,0.0000012994
9,"Calculate","Event 6",,"posterior",857.5,0.0000020828
9,"Calculate","Event 6",,"posterior",858.5,0.0000010445
9,"Calculate","Event 6",,"posterior",859.5,0.0000015605
9,"Calculate","Event 6",,"posterior",860.5,0.0000023439
9,"Calculate","Event 6",,"posterior",861.5,0.0000012994
9,"Calculate","Event 6",,"posterior",862.5,0.0000010445
9,"Calculate","Event 6",,"posterior",863.5,5.222e-7
9,"Calculate","Event 6",,"posterior",864.5,2.6112e-7
9,"Calculate","Event 6",,"posterior",865.5,0.0000018216
9,"Calculate","Event 6",,"posterior",866.5,0.0000020828
9,"Calculate","Event 6",,"posterior",867.5,0.0000012994
9,"Calculate","Event 6",,"posterior",868.5,0.0000020828
9,"Calculate","Event 6",,"posterior",869.5,0.0000015605
9,"Calculate","Event 6",,"posterior",870.5,0.0000020828
9,"Calculate","Event 6",,"posterior",871.5,0.0000012994
9,"Calculate","Event 6",,"posterior",872.5,0.0000018216
9,"Calculate","Event 6",,"posterior",873.5,0.000003388
9,"Calculate","Event 6",,"posterior",874.5,0.0000015605
9,"Calculate","Event 6",,"posterior",875.5,0.0000028661
9,"Calculate","Event 6",,"posterior",876.5,0.0000015605
9,"Calculate","Event 6",,"posterior",877.5,0.0000012994
9,"Calculate","Event 6",,"posterior",878.5,0.000002605
9,"Calculate","Event 6",,"posterior",879.5,0.0000015605
9,"Calculate","Event 6",,"posterior",880.5,0.0000018216
9,"Calculate","Event 6",,"posterior",881.5,0.0000018216
9,"Calculate","Event 6",,"posterior",882.5,0.000003388
9,"Calculate","Event 6",,"posterior",883.5,0.000002605
9,"Calculate","Event 6",,"posterior",884.5,0.0000023439
9,"Calculate","Event 6",,"posterior",885.5,0.000002605
9,"Calculate","Event 6",,"posterior",886.5,0.0000015605
9,"Calculate","Event 6",,"posterior",887.5,0.000004949
9,"Calculate","Event 6",,"posterior",888.5,0.000004688
9,"Calculate","Event 6",,"posterior",889.5,0.000005732
9,"Calculate","Event 6",,"posterior",890.5,0.000004949
9,"Calculate","Event 6",,"posterior",891.5,0.00000521
9,"Calculate","Event 6",,"posterior",892.5,0.000006248
9,"Calculate","Event 6",,"posterior",893.5,0.000006771
9,"Calculate","Event 6",,"posterior",894.5,0.000007815
9,"Calculate","Event 6",,"posterior",895.5,0.000013019
9,"Calculate","Event 6",,"posterior",896.5,0.000012503
9,"Calculate","Event 6",,"posterior",897.5,0.000013019
9,"Calculate","Event 6",,"posterior",898.5,0.000014324
9,"Calculate","Event 6",,"posterior",899.5,0.00002005
9,"Calculate","Event 6",,"posterior",900.5,0.000024216
9,"Calculate","Event 6",,"posterior",901.5,0.000028388
9,"Calculate","Event 6",,"posterior",902.5,0.000028388
9,"Calculate","Event 6",,"posterior",903.5,0.00003333
9,"Calculate","Event 6",,"posterior",904.5,0.00004401
9,"Calculate","Event 6",,"posterior",905.5,0.00004636
9,"Calculate","Event 6",,"posterior",906.5,0.00005026
9,"Calculate","Event 6",,"posterior",907.5,0.00004818
9,"Calculate","Event 6",,"posterior",908.5,0.0000513
9,"Calculate","Event 6",,"posterior",909.5,0.00006198
9,"Calculate","Event 6",,"posterior",910.5,0.00006224
9,"Calculate","Event 6",,"posterior",911.5,0.00007162
9,"Calculate","Event 6",,"posterior",912.5,0.00008021
9,"Calculate","Event 6",,"posterior",913.5,0.0000763
9,"Calculate","Event 6",,"posterior",914.5,0.0000888
9,"Calculate","Event 6",,"posterior",915.5,0.00008776
9,"Calculate","Event 6",,"posterior",916.5,0.00009609
9,"Calculate","Event 6",,"posterior",917.5,0.00010234
9,"Calculate","Event 6",,"posterior",918.5,0.00009375
9,"Calculate","Event 6",,"posterior",919.5,0.00009037
9,"Calculate","Event 6",,"posterior",920.5,0.00010729
9,"Calculate","Event 6",,"posterior",921.5,0.00011614
9,"Calculate","Event 6",,"posterior",922.5,0.00010625
9,"Calculate","Event 6",,"posterior",923.5,0.00010573
9,"Calculate","Event 6",,"posterior",924.5,0.00010963
9,"Calculate","Event 6",,"posterior",925.5,0.00011849
9,"Calculate","Event 6",,"posterior",926.5,0.00011224
9,"Calculate","Event 6",,"posterior",927.5,0.00012526
9,"Calculate","Event 6",,"posterior",928.5,0.00012526
9,"Calculate","Event 6",,"posterior",929.5,0.00011354
9,"Calculate","Event 6",,"posterior",930.5,0.00012422
9,"Calculate","Event 6",,"posterior",931.5,0.00012135
9,"Calculate","Event 6",,"posterior",932.5,0.00012526
9,"Calculate","Event 6",,"posterior",933.5,0.00012109
9,"Calculate","Event 6",,"posterior",934.5,0.00012682
9,"Calculate","Event 6",,"posterior",935.5,0.00012448
9,"Calculate","Event 6",,"posterior",936.5,0.00013568
9,"Calculate","Event 6",,"posterior",937.5,0.00013698
9,"Calculate","Event 6",,"posterior",938.5,0.00013594
9,"Calculate","Event 6",,"posterior",939.5,0.00013333
9,"Calculate","Event 6",,"posterior",940.5,0.00012552
9,"Calculate","Event 6",,"posterior",941.5,0.00013412
9,"Calculate","Event 6",,"posterior",942.5,0.00013932
9,"Calculate","Event 6",,"posterior",943.5,0.00012474
9,"Calculate","Event 6",,"posterior",944.5,0.00014375
9,"Calculate","Event 6",,"posterior",945.5,0.0001474
9,"Calculate","Event 6",,"posterior",946.5,0.00014479
9,"Calculate","Event 6",,"posterior",947.5,0.00013594
9,"Calculate","Event 6",,"posterior",948.5,0.00014193
9,"Calculate","Event 6",,"posterior",949.5,0.00015547
9,"Calculate","Event 6",,"posterior",950.5,0.00015338
9,"Calculate","Event 6",,"posterior",951.5,0.00014635
9,"Calculate","Event 6",,"posterior",952.5,0.00016094
9,"Calculate","Event 6",,"posterior",953.5,0.00015391
9,"Calculate","Event 6",,"posterior",954.5,0.00015625
9,"Calculate","Event 6",,"posterior",955.5,0.00016693
9,"Calculate","Event 6",,"posterior",956.5,0.00016953
9,"Calculate","Event 6",,"posterior",957.5,0.00018854
9,"Calculate","Event 6",,"posterior",958.5,0.00019062
9,"Calculate","Event 6",,"posterior",959.5,0.00017552
9,"Calculate","Event 6",,"posterior",960.5,0.00017969
9,"Calculate","Event 6",,"posterior",961.5,0.00018307
9,"Calculate","Event 6",,"posterior",962.5,0.00021354
9,"Calculate","Event 6",,"posterior",963.5,0.00019869
9,"Calculate","Event 6",,"posterior",964.5,0.0001974
9,"Calculate","Event 6",,"posterior",965.5,0.00020547
9,"Calculate","Event 6",,"posterior",966.5,0.00019375
9,"Calculate","Event 6",,"posterior",967.5,0.00021536
9,"Calculate","Event 6",,"posterior",968.5,0.00020964
9,"Calculate","Event 6",,"posterior",969.5,0.0002112
9,"Calculate","Event 6",,"posterior",970.5,0.0002138
9,"Calculate","Event 6",,"posterior",971.5,0.00020938
9,"Calculate","Event 6",,"posterior",972.5,0.00022161
9,"Calculate","Event 6",,"posterior",973.5,0.00023359
9,"Calculate","Event 6",,"posterior",974.5,0.00023255
9,"Calculate","Event 6",,"posterior",975.5,0.00022787
9,"Calculate","Event 6",,"posterior",976.5,0.00024375
9,"Calculate","Event 6",,"posterior",977.5,0.00026094
9,"Calculate","Event 6",,"posterior",978.5,0.00024974
9,"Calculate","Event 6",,"posterior",979.5,0.00025625
9,"Calculate","Event 6",,"posterior",980.5,0.000275
9,"Calculate","Event 6",,"posterior",981.5,0.00028359
9,"Calculate","Event 6",,"posterior",982.5,0.00028828
9,"Calculate","Event 6",,"posterior",983.5,0.00029505
9,"Calculate","Event 6",,"posterior",984.5,0.0003167
9,"Calculate","Event 6",,"posterior",985.5,0.0003294
9,"Calculate","Event 6",,"posterior",986.5,0.0003349
9,"Calculate","Event 6",,"posterior",987.5,0.0003487
9,"Calculate","Event 6",,"posterior",988.5,0.0003383
9,"Calculate","Event 6",,"posterior",989.5,0.0003612
9,"Calculate","Event 6",,"posterior",990.5,0.0003497
9,"Calculate","Event 6",,"posterior",991.5,0.0003667
9,"Calculate","Event 6",,"posterior",992.5,0.0003825
9,"Calculate","Event 6",,"posterior",993.5,0.0004005
9,"Calculate","Event 6",,"posterior",994.5,0.0004128
9,"Calculate","Event 6",,"posterior",995.5,0.0004659
9,"Calculate","Event 6",,"posterior",996.5,0.0005148
9,"Calculate","Event 6",,"posterior",997.5,0.00055
9,"Calculate","Event 6",,"posterior",998.5,0.0006023
9,"Calculate","Event 6",,"posterior",999.5,0.0006362
9,"Calculate","Event 6",,"posterior",1000.5,0.0006781
9,"Calculate","Event 6",,"posterior",1001.5,0.0007479
9,"Calculate","Event 6",,"posterior",1002.5,0.000776
9,"Calculate","Event 6",,"posterior",1003.5,0.0008505
9,"Calculate","Event 6",,"posterior",1004.5,0.0008745
9,"Calculate","Event 6",,"posterior",1005.5,0.0009216
9,"Calculate","Event 6",,"posterior",1006.5,0.0009646
9,"Calculate","Event 6",,"posterior",1007.5,0.0009953
9,"Calculate","Event 6",,"posterior",1008.5,0.0010018
9,"Calculate","Event 6",,"posterior",1009.5,0.0010211
9,"Calculate","Event 6",,"posterior",1010.5,0.0010906
9,"Calculate","Event 6",,"posterior",1011.5,0.0011255
9,"Calculate","Event 6",,"posterior",1012.5,0.001144
9,"Calculate","Event 6",,"posterior",1013.5,0.001168
9,"Calculate","Event 6",,"posterior",1014.5,0.0012198
9,"Calculate","Event 6",,"posterior",1015.5,0.0012174
9,"Calculate","Event 6",,"posterior",1016.5,0.0012693
9,"Calculate","Event 6",,"posterior",1017.5,0.0013227
9,"Calculate","Event 6",,"posterior",1018.5,0.0013138
9,"Calculate","Event 6",,"posterior",1019.5,0.0013302
9,"Calculate","Event 6",,"posterior",1020.5,0.0014044
9,"Calculate","Event 6",,"posterior",1021.5,0.0014844
9,"Calculate","Event 6",,"posterior",1022.5,0.001493
9,"Calculate","Event 6",,"posterior",1023.5,0.0015828
9,"Calculate","Event 6",,"posterior",1024.5,0.0016638
9,"Calculate","Event 6",,"posterior",1025.5,0.001699
9,"Calculate","Event 6",,"posterior",1026.5,0.0017385
9,"Calculate","Event 6",,"posterior",1027.5,0.0018297
9,"Calculate","Event 6",,"posterior",1028.5,0.0019339
9,"Calculate","Event 6",,"posterior",1029.5,0.0019547
9,"Calculate","Event 6",,"posterior",1030.5,0.0020706
9,"Calculate","Event 6",,"posterior",1031.5,0.0021604
9,"Calculate","Event 6",,"posterior",1032.5,0.0022297
9,"Calculate","Event 6",,"posterior",1033.5,0.0023091
9,"Calculate","Event 6",,"posterior",1034.5,0.002368
9,"Calculate","Event 6",,"posterior",1035.5,0.0024346
9,"Calculate","Event 6",,"posterior",1036.5,0.0025456
9,"Calculate","Event 6",,"posterior",1037.5,0.0026117
9,"Calculate","Event 6",,"posterior",1038.5,0.0026672
9,"Calculate","Event 6",,"posterior",1039.5,0.0028172
9,"Calculate","Event 6",,"posterior",1040.5,0.002874
9,"Calculate","Event 6",,"posterior",1041.5,0.0028865
9,"Calculate","Event 6",,"posterior",1042.5,0.0029958
9,"Calculate","Event 6",,"posterior",1043.5,0.0030536
9,"Calculate","Event 6",,"posterior",1044.5,0.003157
9,"Calculate","Event 6",,"posterior",1045.5,0.003269
9,"Calculate","Event 6",,"posterior",1046.5,0.003256
9,"Calculate","Event 6",,"posterior",1047.5,0.00333
9,"Calculate","Event 6",,"posterior",1048.5,0.003425
9,"Calculate","Event 6",,"posterior",1049.5,0.003501
9,"Calculate","Event 6",,"posterior",1050.5,0.003536
9,"Calculate","Event 6",,"posterior",1051.5,0.003651
9,"Calculate","Event 6",,"posterior",1052.5,0.003629
9,"Calculate","Event 6",,"posterior",1053.5,0.003688
9,"Calculate","Event 6",,"posterior",1054.5,0.003774
9,"Calculate","Event 6",,"posterior",1055.5,0.00383
9,"Calculate","Event 6",,"posterior",1056.5,0.003855
9,"Calculate","Event 6",,"posterior",1057.5,0.0038
9,"Calculate","Event 6",,"posterior",1058.5,0.003864
9,"Calculate","Event 6",,"posterior",1059.5,0.003924
9,"Calculate","Event 6",,"posterior",1060.5,0.003911
9,"Calculate","Event 6",,"posterior",1061.5,0.003976
9,"Calculate","Event 6",,"posterior",1062.5,0.003985
9,"Calculate","Event 6",,"posterior",1063.5,0.004064
9,"Calculate","Event 6",,"posterior",1064.5,0.004006
9,"Calculate","Event 6",,"posterior",1065.5,0.004038
9,"Calculate","Event 6",,"posterior",1066.5,0.004133
9,"Calculate","Event 6",,"posterior",1067.5,0.00417
9,"Calculate","Event 6",,"posterior",1068.5,0.00417
9,"Calculate","Event 6",,"posterior",1069.5,0.004206
9,"Calculate","Event 6",,"posterior",1070.5,0.004256
9,"Calculate","Event 6",,"posterior",1071.5,0.004211
9,"Calculate","Event 6",,"posterior",1072.5,0.004273
9,"Calculate","Event 6",,"posterior",1073.5,0.004348
9,"Calculate","Event 6",,"posterior",1074.5,0.004382
9,"Calculate","Event 6",,"posterior",1075.5,0.004376
9,"Calculate","Event 6",,"posterior",1076.5,0.004409
9,"Calculate","Event 6",,"posterior",1077.5,0.004317
9,"Calculate","Event 6",,"posterior",1078.5,0.004398
9,"Calculate","Event 6",,"posterior",1079.5,0.004479
9,"Calculate","Event 6",,"posterior",1080.5,0.00447
9,"Calculate","Event 6",,"posterior",1081.5,0.004516
9,"Calculate","Event 6",,"posterior",1082.5,0.004537
9,"Calculate","Event 6",,"posterior",1083.5,0.004629
9,"Calculate","Event 6",,"posterior",1084.5,0.004591
9,"Calculate","Event 6",,"posterior",1085.5,0.004622
9,"Calculate","Event 6",,"posterior",1086.5,0.004669
9,"Calculate","Event 6",,"posterior",1087.5,0.00474
9,"Calculate","Event 6",,"posterior",1088.5,0.00474
9,"Calculate","Event 6",,"posterior",1089.5,0.004886
9,"Calculate","Event 6",,"posterior",1090.5,0.004835
9,"Calculate","Event 6",,"posterior",1091.5,0.004952
9,"Calculate","Event 6",,"posterior",1092.5,0.004908
9,"Calculate","Event 6",,"posterior",1093.5,0.004979
9,"Calculate","Event 6",,"posterior",1094.5,0.005083
9,"Calculate","Event 6",,"posterior",1095.5,0.005062
9,"Calculate","Event 6",,"posterior",1096.5,0.005034
9,"Calculate","Event 6",,"posterior",1097.5,0.005128
9,"Calculate","Event 6",,"posterior",1098.5,0.005208
9,"Calculate","Event 6",,"posterior",1099.5,0.005152
9,"Calculate","Event 6",,"posterior",1100.5,0.005228
9,"Calculate","Event 6",,"posterior",1101.5,0.005281
9,"Calculate","Event 6",,"posterior",1102.5,0.005246
9,"Calculate","Event 6",,"posterior",1103.5,0.00527
9,"Calculate","Event 6",,"posterior",1104.5,0.005232
9,"Calculate","Event 6",,"posterior",1105.5,0.005348
9,"Calculate","Event 6",,"posterior",1106.5,0.005355
9,"Calculate","Event 6",,"posterior",1107.5,0.005352
9,"Calculate","Event 6",,"posterior",1108.5,0.00546
9,"Calculate","Event 6",,"posterior",1109.5,0.005404
9,"Calculate","Event 6",,"posterior",1110.5,0.005534
9,"Calculate","Event 6",,"posterior",1111.5,0.005529
9,"Calculate","Event 6",,"posterior",1112.5,0.00551
9,"Calculate","Event 6",,"posterior",1113.5,0.005622
9,"Calculate","Event 6",,"posterior",1114.5,0.005632
9,"Calculate","Event 6",,"posterior",1115.5,0.005635
9,"Calculate","Event 6",,"posterior",1116.5,0.005637
9,"Calculate","Event 6",,"posterior",1117.5,0.005658
9,"Calculate","Event 6",,"posterior",1118.5,0.005774
9,"Calculate","Event 6",,"posterior",1119.5,0.005708
9,"Calculate","Event 6",,"posterior",1120.5,0.005757
9,"Calculate","Event 6",,"posterior",1121.5,0.005788
9,"Calculate","Event 6",,"posterior",1122.5,0.005816
9,"Calculate","Event 6",,"posterior",1123.5,0.00583
9,"Calculate","Event 6",,"posterior",1124.5,0.005938
9,"Calculate","Event 6",,"posterior",1125.5,0.005898
9,"Calculate","Event 6",,"posterior",1126.5,0.005919
9,"Calculate","Event 6",,"posterior",1127.5,0.005918
9,"Calculate","Event 6",,"posterior",1128.5,0.005864
9,"Calculate","Event 6",,"posterior",1129.5,0.005963
9,"Calculate","Event 6",,"posterior",1130.5,0.005919
9,"Calculate","Event 6",,"posterior",1131.5,0.005976
9,"Calculate","Event 6",,"posterior",1132.5,0.006067
9,"Calculate","Event 6",,"posterior",1133.5,0.005997
9,"Calculate","Event 6",,"posterior",1134.5,0.005994
9,"Calculate","Event 6",,"posterior",1135.5,0.006047
9,"Calculate","Event 6",,"posterior",1136.5,0.005898
9,"Calculate","Event 6",,"posterior",1137.5,0.00602
9,"Calculate","Event 6",,"posterior",1138.5,0.006024
9,"Calculate","Event 6",,"posterior",1139.5,0.006034
9,"Calculate","Event 6",,"posterior",1140.5,0.005935
9,"Calculate","Event 6",,"posterior",1141.5,0.006016
9,"Calculate","Event 6",,"posterior",1142.5,0.006006
9,"Calculate","Event 6",,"posterior",1143.5,0.006022
9,"Calculate","Event 6",,"posterior",1144.5,0.006048
9,"Calculate","Event 6",,"posterior",1145.5,0.006021
9,"Calculate","Event 6",,"posterior",1146.5,0.006036
9,"Calculate","Event 6",,"posterior",1147.5,0.00614
9,"Calculate","Event 6",,"posterior",1148.5,0.006094
9,"Calculate","Event 6",,"posterior",1149.5,0.006139
9,"Calculate","Event 6",,"posterior",1150.5,0.006217
9,"Calculate","Event 6",,"posterior",1151.5,0.00616
9,"Calculate","Event 6",,"posterior",1152.5,0.00604
9,"Calculate","Event 6",,"posterior",1153.5,0.006126
9,"Calculate","Event 6",,"posterior",1154.5,0.006108
9,"Calculate","Event 6",,"posterior",1155.5,0.006126
9,"Calculate","Event 6",,"posterior",1156.5,0.006056
9,"Calculate","Event 6",,"posterior",1157.5,0.006037
9,"Calculate","Event 6",,"posterior",1158.5,0.00599
9,"Calculate","Event 6",,"posterior",1159.5,0.006035
9,"Calculate","Event 6",,"posterior",1160.5,0.005917
9,"Calculate","Event 6",,"posterior",1161.5,0.005986
9,"Calculate","Event 6",,"posterior",1162.5,0.005917
9,"Calculate","Event 6",,"posterior",1163.5,0.00591
9,"Calculate","Event 6",,"posterior",1164.5,0.005793
9,"Calculate","Event 6",,"posterior",1165.5,0.005767
9,"Calculate","Event 6",,"posterior",1166.5,0.005711
9,"Calculate","Event 6",,"posterior",1167.5,0.005654
9,"Calculate","Event 6",,"posterior",1168.5,0.005634
9,"Calculate","Event 6",,"posterior",1169.5,0.005537
9,"Calculate","Event 6",,"posterior",1170.5,0.005449
9,"Calculate","Event 6",,"posterior",1171.5,0.00536
9,"Calculate","Event 6",,"posterior",1172.5,0.005335
9,"Calculate","Event 6",,"posterior",1173.5,0.005356
9,"Calculate","Event 6",,"posterior",1174.5,0.005234
9,"Calculate","Event 6",,"posterior",1175.5,0.005276
9,"Calculate","Event 6",,"posterior",1176.5,0.005098
9,"Calculate","Event 6",,"posterior",1177.5,0.005122
9,"Calculate","Event 6",,"posterior",1178.5,0.005027
9,"Calculate","Event 6",,"posterior",1179.5,0.00502
9,"Calculate","Event 6",,"posterior",1180.5,0.004882
9,"Calculate","Event 6",,"posterior",1181.5,0.004847
9,"Calculate","Event 6",,"posterior",1182.5,0.004723
9,"Calculate","Event 6",,"posterior",1183.5,0.004743
9,"Calculate","Event 6",,"posterior",1184.5,0.004563
9,"Calculate","Event 6",,"posterior",1185.5,0.004515
9,"Calculate","Event 6",,"posterior",1186.5,0.004473
9,"Calculate","Event 6",,"posterior",1187.5,0.00436
9,"Calculate","Event 6",,"posterior",1188.5,0.004302
9,"Calculate","Event 6",,"posterior",1189.5,0.00427
9,"Calculate","Event 6",,"posterior",1190.5,0.004191
9,"Calculate","Event 6",,"posterior",1191.5,0.004088
9,"Calculate","Event 6",,"posterior",1192.5,0.004037
9,"Calculate","Event 6",,"posterior",1193.5,0.003968
9,"Calculate","Event 6",,"posterior",1194.5,0.004002
9,"Calculate","Event 6",,"posterior",1195.5,0.003914
9,"Calculate","Event 6",,"posterior",1196.5,0.003818
9,"Calculate","Event 6",,"posterior",1197.5,0.003801
9,"Calculate","Event 6",,"posterior",1198.5,0.003786
9,"Calculate","Event 6",,"posterior",1199.5,0.003695
9,"Calculate","Event 6",,"posterior",1200.5,0.003611
9,"Calculate","Event 6",,"posterior",1201.5,0.003539
9,"Calculate","Event 6",,"posterior",1202.5,0.003501
9,"Calculate","Event 6",,"posterior",1203.5,0.00347
9,"Calculate","Event 6",,"posterior",1204.5,0.003432
9,"Calculate","Event 6",,"posterior",1205.5,0.003247
9,"Calculate","Event 6",,"posterior",1206.5,0.003319
9,"Calculate","Event 6",,"posterior",1207.5,0.003215
9,"Calculate","Event 6",,"posterior",1208.5,0.0031013
9,"Calculate","Event 6",,"posterior",1209.5,0.0031404
9,"Calculate","Event 6",,"posterior",1210.5,0.0030477
9,"Calculate","Event 6",,"posterior",1211.5,0.0029258
9,"Calculate","Event 6",,"posterior",1212.5,0.0029049
9,"Calculate","Event 6",,"posterior",1213.5,0.0028198
9,"Calculate","Event 6",,"posterior",1214.5,0.0028589
9,"Calculate","Event 6",,"posterior",1215.5,0.0027573
9,"Calculate","Event 6",,"posterior",1216.5,0.0026859
9,"Calculate","Event 6",,"posterior",1217.5,0.0025417
9,"Calculate","Event 6",,"posterior",1218.5,0.002563
9,"Calculate","Event 6",,"posterior",1219.5,0.0024794
9,"Calculate","Event 6",,"posterior",1220.5,0.0023846
9,"Calculate","Event 6",,"posterior",1221.5,0.0023607
9,"Calculate","Event 6",,"posterior",1222.5,0.0022536
9,"Calculate","Event 6",,"posterior",1223.5,0.0022187
9,"Calculate","Event 6",,"posterior",1224.5,0.002174
9,"Calculate","Event 6",,"posterior",1225.5,0.0021187
9,"Calculate","Event 6",,"posterior",1226.5,0.0020815
9,"Calculate","Event 6",,"posterior",1227.5,0.002
9,"Calculate","Event 6",,"posterior",1228.5,0.0019516
9,"Calculate","Event 6",,"posterior",1229.5,0.0018789
9,"Calculate","Event 6",,"posterior",1230.5,0.0018417
9,"Calculate","Event 6",,"posterior",1231.5,0.0017995
9,"Calculate","Event 6",,"posterior",1232.5,0.0017396
9,"Calculate","Event 6",,"posterior",1233.5,0.0016612
9,"Calculate","Event 6",,"posterior",1234.5,0.0016773
9,"Calculate","Event 6",,"posterior",1235.5,0.0016008
9,"Calculate","Event 6",,"posterior",1236.5,0.001543
9,"Calculate","Event 6",,"posterior",1237.5,0.001481
9,"Calculate","Event 6",,"posterior",1238.5,0.0014148
9,"Calculate","Event 6",,"posterior",1239.5,0.0014174
9,"Calculate","Event 6",,"posterior",1240.5,0.0013857
9,"Calculate","Event 6",,"posterior",1241.5,0.0013286
9,"Calculate","Event 6",,"posterior",1242.5,0.0012779
9,"Calculate","Event 6",,"posterior",1243.5,0.0012271
9,"Calculate","Event 6",,"posterior",1244.5,0.001151
9,"Calculate","Event 6",,"posterior",1245.5,0.0011326
9,"Calculate","Event 6",,"posterior",1246.5,0.0010898
9,"Calculate","Event 6",,"posterior",1247.5,0.001074
9,"Calculate","Event 6",,"posterior",1248.5,0.0010036
9,"Calculate","Event 6",,"posterior",1249.5,0.0009578
9,"Calculate","Event 6",,"posterior",1250.5,0.0009602
9,"Calculate","Event 6",,"posterior",1251.5,0.0008768
9,"Calculate","Event 6",,"posterior",1252.5,0.0008286
9,"Calculate","Event 6",,"posterior",1253.5,0.0007646
9,"Calculate","Event 6",,"posterior",1254.5,0.0007576
9,"Calculate","Event 6",,"posterior",1255.5,0.0007148
9,"Calculate","Event 6",,"posterior",1256.5,0.0006693
9,"Calculate","Event 6",,"posterior",1257.5,0.0006406
9,"Calculate","Event 6",,"posterior",1258.5,0.0006245
9,"Calculate","Event 6",,"posterior",1259.5,0.0005591
9,"Calculate","Event 6",,"posterior",1260.5,0.0005331
9,"Calculate","Event 6",,"posterior",1261.5,0.0004833
9,"Calculate","Event 6",,"posterior",1262.5,0.0004536
9,"Calculate","Event 6",,"posterior",1263.5,0.0004326
9,"Calculate","Event 6",,"posterior",1264.5,0.0004044
9,"Calculate","Event 6",,"posterior",1265.5,0.0003724
9,"Calculate","Event 6",,"posterior",1266.5,0.0003305
9,"Calculate","Event 6",,"posterior",1267.5,0.00031119
9,"Calculate","Event 6",,"posterior",1268.5,0.00027865
9,"Calculate","Event 6",,"posterior",1269.5,0.00026797
9,"Calculate","Event 6",,"posterior",1270.5,0.0002526
9,"Calculate","Event 6",,"posterior",1271.5,0.00023333
9,"Calculate","Event 6",,"posterior",1272.5,0.00020495
9,"Calculate","Event 6",,"posterior",1273.5,0.00017943
9,"Calculate","Event 6",,"posterior",1274.5,0.00015859
9,"Calculate","Event 6",,"posterior",1275.5,0.00014635
9,"Calculate","Event 6",,"posterior",1276.5,0.00013516
9,"Calculate","Event 6",,"posterior",1277.5,0.00011406
9,"Calculate","Event 6",,"posterior",1278.5,0.00010911
9,"Calculate","Event 6",,"posterior",1279.5,0.00009375
9,"Calculate","Event 6",,"posterior",1280.5,0.00008385
9,"Calculate","Event 6",,"posterior",1281.5,0.00007917
9,"Calculate","Event 6",,"posterior",1282.5,0.00006667
9,"Calculate","Event 6",,"posterior",1283.5,0.00006172
9,"Calculate","Event 6",,"posterior",1284.5,0.00006093
9,"Calculate","Event 6",,"posterior",1285.5,0.00005313
9,"Calculate","Event 6",,"posterior",1286.5,0.00004583
9,"Calculate","Event 6",,"posterior",1287.5,0.00004792
9,"Calculate","Event 6",,"posterior",1288.5,0.00003437
9,"Calculate","Event 6",,"posterior",1289.5,0.000030209
9,"Calculate","Event 6",,"posterior",1290.5,0.000027082
9,"Calculate","Event 6",,"posterior",1291.5,0.000029687
9,"Calculate","Event 6",,"posterior",1292.5,0.000023178
9,"Calculate","Event 6",,"posterior",1293.5,0.000020573
9,"Calculate","Event 6",,"posterior",1294.5,0.000021872
9,"Calculate","Event 6",,"posterior",1295.5,0.000021095
9,"Calculate","Event 6",,"posterior",1296.5,0.000015624
9,"Calculate","Event 6",,"posterior",1297.5,0.000011719
9,"Calculate","Event 6",,"posterior",1298.5,0.00001328
9,"Calculate","Event 6",,"posterior",1299.5,0.000009637
9,"Calculate","Event 6",,"posterior",1300.5,0.000007554
9,"Calculate","Event 6",,"posterior",1301.5,0.000007032
9,"Calculate","Event 6",,"posterior",1302.5,0.000008592
9,"Calculate","Event 6",,"posterior",1303.5,0.000006248
9,"Calculate","Event 6",,"posterior",1304.5,0.000004949
9,"Calculate","Event 6",,"posterior",1305.5,0.000004688
9,"Calculate","Event 6",,"posterior",1306.5,0.0000028661
9,"Calculate","Event 6",,"posterior",1307.5,0.000003904
9,"Calculate","Event 6",,"posterior",1308.5,0.000003904
9,"Calculate","Event 6",,"posterior",1309.5,0.000004166
9,"Calculate","Event 6",,"posterior",1310.5,0.000003388
9,"Calculate","Event 6",,"posterior",1311.5,0.000003904
9,"Calculate","Event 6",,"posterior",1312.5,0.0000020828
9,"Calculate","Event 6",,"posterior",1313.5,0.0000031272
9,"Calculate","Event 6",,"posterior",1314.5,0.000002605
9,"Calculate","Event 6",,"posterior",1315.5,0.000003643
9,"Calculate","Event 6",,"posterior",1316.5,0.0000018216
9,"Calculate","Event 6",,"posterior",1317.5,0.0000018216
9,"Calculate","Event 6",,"posterior",1318.5,0.0000012994
9,"Calculate","Event 6",,"posterior",1319.5,0.0000012994
9,"Calculate","Event 6",,"posterior",1320.5,0.0000018216
9,"Calculate","Event 6",,"posterior",1321.5,5.222e-7
9,"Calculate","Event 6",,"posterior",1322.5,0.0000020828
9,"Calculate","Event 6",,"posterior",1323.5,5.222e-7
9,"Calculate","Event 6",,"posterior",1324.5,7.834e-7
9,"Calculate","Event 6",,"posterior",1325.5,0
9,"Calculate","Event 6",,"posterior",1326.5,0.0000015605
9,"Calculate","Event 6",,"posterior",1327.5,5.222e-7
9,"Calculate","Event 6",,"posterior",1328.5,0.0000015605
9,"Calculate","Event 6",,"posterior",1329.5,5.222e-7
9,"Calculate","Event 6",,"posterior",1330.5,7.834e-7
9,"Calculate","Event 6",,"posterior",1331.5,0.0000012994
9,"Calculate","Event 6",,"posterior",1332.5,0.0000010445
9,"Calculate","Event 6",,"posterior",1333.5,2.6112e-7
9,"Calculate","Event 6",,"posterior",1334.5,0.0000012994
9,"Calculate","Event 6",,"posterior",1335.5,7.834e-7
9,"Calculate","Event 6",,"posterior",1336.5,0.0000015605
9,"Calculate","Event 6",,"posterior",1337.5,2.6112e-7
9,"Calculate","Event 6",,"posterior",1338.5,7.834e-7
9,"Calculate","Event 6",,"posterior",1339.5,5.222e-7
9,"Calculate","Event 6",,"posterior",1340.5,5.222e-7
9,"Calculate","Event 6",,"posterior",1341.5,0.0000010445
9,"Calculate","Event 6",,"posterior",1342.5,0
9,"Calculate","Event 6",,"posterior",1343.5,0.0000010445
9,"Calculate","Event 6",,"posterior",1344.5,0.0000010445
9,"Calculate","Event 6",,"posterior",1345.5,0.0000010445
9,"Calculate","Event 6",,"posterior",1346.5,2.6112e-7
9,"Calculate","Event 6",,"posterior",1347.5,7.834e-7
9,"Calculate","Event 6",,"posterior",1348.5,5.222e-7
9,"Calculate","Event 6",,"posterior",1349.5,0.0000015605
9,"Calculate","Event 6",,"posterior",1350.5,7.834e-7
9,"Calculate","Event 6",,"posterior",1351.5,0.0000010445
9,"Calculate","Event 6",,"posterior",1352.5,2.6112e-7
9,"Calculate","Event 6",,"posterior",1353.5,0.0000010445
9,"Calculate","Event 6",,"posterior",1354.5,5.222e-7
9,"Calculate","Event 6",,"posterior",1355.5,0
9,"Calculate","Event 6",,"posterior",1356.5,7.834e-7
9,"Calculate","Event 6",,"posterior",1357.5,2.6112e-7
9,"Calculate","Event 6",,"posterior",1358.5,2.6112e-7
9,"Calculate","Event 6",,"posterior",1359.5,7.834e-7
9,"Calculate","Event 6",,"posterior",1360.5,2.6112e-7
9,"Calculate","Event 6",,"posterior",1361.5,5.222e-7
9,"Calculate","Event 6",,"posterior",1362.5,0.0000010445
9,"Calculate","Event 6",,"posterior",1363.5,5.222e-7
9,"Calculate","Event 6",,"posterior",1364.5,2.6112e-7
9,"Calculate","Event 6",,"posterior",1365.5,7.834e-7
9,"Calculate","Event 6",,"posterior",1366.5,0
9,"Calculate","Event 6",,"posterior",1367.5,0.0000012994
9,"Calculate","Event 6",,"posterior",1368.5,2.6112e-7
9,"Calculate","Event 6",,"posterior",1369.5,7.834e-7
9,"Calculate","Event 6",,"posterior",1370.5,7.834e-7
11,"R_Date","T4-3",,"likelihood",689.5,0
11,"R_Date","T4-3",,"likelihood",690.5,5.837e-9
11,"R_Date","T4-3",,"likelihood",691.5,5.837e-9
11,"R_Date","T4-3",,"likelihood",692.5,5.837e-9
11,"R_Date","T4-3",,"likelihood",693.5,5.837e-9
11,"R_Date","T4-3",,"likelihood",694.5,5.837e-9
11,"R_Date","T4-3",,"likelihood",695.5,5.837e-9
11,"R_Date","T4-3",,"likelihood",696.5,5.837e-9
11,"R_Date","T4-3",,"likelihood",697.5,5.837e-9
11,"R_Date","T4-3",,"likelihood",698.5,5.837e-9
11,"R_Date","T4-3",,"likelihood",699.5,5.837e-9
11,"R_Date","T4-3",,"likelihood",700.5,5.837e-9
11,"R_Date","T4-3",,"likelihood",701.5,5.837e-9
11,"R_Date","T4-3",,"likelihood",702.5,5.837e-9
11,"R_Date","T4-3",,"likelihood",703.5,5.837e-9
11,"R_Date","T4-3",,"likelihood",704.5,5.837e-9
11,"R_Date","T4-3",,"likelihood",705.5,5.837e-9
11,"R_Date","T4-3",,"likelihood",706.5,1.1674e-8
11,"R_Date","T4-3",,"likelihood",707.5,1.7511e-8
11,"R_Date","T4-3",,"likelihood",708.5,1.7511e-8
11,"R_Date","T4-3",,"likelihood",709.5,2.3348e-8
11,"R_Date","T4-3",,"likelihood",710.5,2.3348e-8
11,"R_Date","T4-3",,"likelihood",711.5,2.3348e-8
11,"R_Date","T4-3",,"likelihood",712.5,2.3348e-8
11,"R_Date","T4-3",,"likelihood",713.5,2.3348e-8
11,"R_Date","T4-3",,"likelihood",714.5,2.3348e-8
11,"R_Date","T4-3",,"likelihood",715.5,1.7511e-8
11,"R_Date","T4-3",,"likelihood",716.5,2.3348e-8
11,"R_Date","T4-3",,"likelihood",717.5,2.3348e-8
11,"R_Date","T4-3",,"likelihood",718.5,2.3348e-8
11,"R_Date","T4-3",,"likelihood",719.5,2.3348e-8
11,"R_Date","T4-3",,"likelihood",720.5,2.3348e-8
11,"R_Date","T4-3",,"likelihood",721.5,2.3348e-8
11,"R_Date","T4-3",,"likelihood",722.5,1.7511e-8
11,"R_Date","T4-3",,"likelihood",723.5,1.7511e-8
11,"R_Date","T4-3",,"likelihood",724.5,1.1674e-8
11,"R_Date","T4-3",,"likelihood",725.5,1.1674e-8
11,"R_Date","T4-3",,"likelihood",726.5,1.1674e-8
11,"R_Date","T4-3",,"likelihood",727.5,1.1674e-8
11,"R_Date","T4-3",,"likelihood",728.5,1.1674e-8
11,"R_Date","T4-3",,"likelihood",729.5,1.1674e-8
11,"R_Date","T4-3",,"likelihood",730.5,1.1674e-8
11,"R_Date","T4-3",,"likelihood",731.5,1.1674e-8
11,"R_Date","T4-3",,"likelihood",732.5,1.1674e-8
11,"R_Date","T4-3",,"likelihood",733.5,1.1674e-8
11,"R_Date","T4-3",,"likelihood",734.5,1.1674e-8
11,"R_Date","T4-3",,"likelihood",735.5,1.1674e-8
11,"R_Date","T4-3",,"likelihood",736.5,1.1674e-8
11,"R_Date","T4-3",,"likelihood",737.5,1.1674e-8
11,"R_Date","T4-3",,"likelihood",738.5,1.1674e-8
11,"R_Date","T4-3",,"likelihood",739.5,5.837e-9
11,"R_Date","T4-3",,"likelihood",740.5,5.837e-9
11,"R_Date","T4-3",,"likelihood",741.5,5.837e-9
11,"R_Date","T4-3",,"likelihood",742.5,5.837e-9
11,"R_Date","T4-3",,"likelihood",743.5,0
11,"R_Date","T4-3",,"likelihood",744.5,0
11,"R_Date","T4-3",,"likelihood",745.5,0
11,"R_Date","T4-3",,"likelihood",746.5,0
11,"R_Date","T4-3",,"likelihood",747.5,0
11,"R_Date","T4-3",,"likelihood",748.5,0
11,"R_Date","T4-3",,"likelihood",749.5,0
11,"R_Date","T4-3",,"likelihood",750.5,0
11,"R_Date","T4-3",,"likelihood",751.5,0
11,"R_Date","T4-3",,"likelihood",752.5,0
11,"R_Date","T4-3",,"likelihood",753.5,0
11,"R_Date","T4-3",,"likelihood",754.5,0
11,"R_Date","T4-3",,"likelihood",755.5,0
11,"R_Date","T4-3",,"likelihood",756.5,0
11,"R_Date","T4-3",,"likelihood",757.5,0
11,"R_Date","T4-3",,"likelihood",758.5,0
11,"R_Date","T4-3",,"likelihood",759.5,0
11,"R_Date","T4-3",,"likelihood",760.5,0
11,"R_Date","T4-3",,"likelihood",761.5,5.837e-9
11,"R_Date","T4-3",,"likelihood",762.5,5.837e-9
11,"R_Date","T4-3",,"likelihood",763.5,5.837e-9
11,"R_Date","T4-3",,"likelihood",764.5,5.837e-9
11,"R_Date","T4-3",,"likelihood",765.5,0
11,"R_Date","T4-3",,"likelihood",766.5,0
11,"R_Date","T4-3",,"likelihood",767.5,0
11,"R_Date","T4-3",,"likelihood",768.5,0
11,"R_Date","T4-3",,"likelihood",769.5,0
11,"R_Date","T4-3",,"likelihood",770.5,0
11,"R_Date","T4-3",,"likelihood",771.5,0
11,"R_Date","T4-3",,"likelihood",772.5,0
11,"R_Date","T4-3",,"likelihood",773.5,5.837e-9
11,"R_Date","T4-3",,"likelihood",774.5,5.253e-8
11,"R_Date","T4-3",,"likelihood",775.5,3.502e-7
11,"R_Date","T4-3",,"likelihood",776.5,0.0000012374
11,"R_Date","T4-3",,"likelihood",777.5,0.0000022064
11,"R_Date","T4-3",,"likelihood",778.5,0.0000025449
11,"R_Date","T4-3",,"likelihood",779.5,0.0000020488
11,"R_Date","T4-3",,"likelihood",780.5,0.0000015351
11,"R_Date","T4-3",,"likelihood",781.5,0.0000012024
11,"R_Date","T4-3",,"likelihood",782.5,9.864e-7
11,"R_Date","T4-3",,"likelihood",783.5,8.931e-7
11,"R_Date","T4-3",,"likelihood",784.5,7.705e-7
11,"R_Date","T4-3",,"likelihood",785.5,6.596e-7
11,"R_Date","T4-3",,"likelihood",786.5,5.662e-7
11,"R_Date","T4-3",,"likelihood",787.5,4.378e-7
11,"R_Date","T4-3",,"likelihood",788.5,3.21e-7
11,"R_Date","T4-3",,"likelihood",789.5,2.3348e-7
11,"R_Date","T4-3",,"likelihood",790.5,1.6927e-7
11,"R_Date","T4-3",,"likelihood",791.5,1.2841e-7
11,"R_Date","T4-3",,"likelihood",792.5,1.0506e-7
11,"R_Date","T4-3",,"likelihood",793.5,9.339e-8
11,"R_Date","T4-3",,"likelihood",794.5,9.339e-8
11,"R_Date","T4-3",,"likelihood",795.5,9.339e-8
11,"R_Date","T4-3",,"likelihood",796.5,1.0506e-7
11,"R_Date","T4-3",,"likelihood",797.5,1.109e-7
11,"R_Date","T4-3",,"likelihood",798.5,1.2258e-7
11,"R_Date","T4-3",,"likelihood",799.5,1.3425e-7
11,"R_Date","T4-3",,"likelihood",800.5,1.4592e-7
11,"R_Date","T4-3",,"likelihood",801.5,1.4592e-7
11,"R_Date","T4-3",,"likelihood",802.5,1.576e-7
11,"R_Date","T4-3",,"likelihood",803.5,1.576e-7
11,"R_Date","T4-3",,"likelihood",804.5,1.6927e-7
11,"R_Date","T4-3",,"likelihood",805.5,1.6927e-7
11,"R_Date","T4-3",,"likelihood",806.5,1.8095e-7
11,"R_Date","T4-3",,"likelihood",807.5,1.8095e-7
11,"R_Date","T4-3",,"likelihood",808.5,1.8095e-7
11,"R_Date","T4-3",,"likelihood",809.5,1.8095e-7
11,"R_Date","T4-3",,"likelihood",810.5,1.6927e-7
11,"R_Date","T4-3",,"likelihood",811.5,1.5176e-7
11,"R_Date","T4-3",,"likelihood",812.5,1.4009e-7
11,"R_Date","T4-3",,"likelihood",813.5,1.2841e-7
11,"R_Date","T4-3",,"likelihood",814.5,1.1674e-7
11,"R_Date","T4-3",,"likelihood",815.5,1.1674e-7
11,"R_Date","T4-3",,"likelihood",816.5,1.1674e-7
11,"R_Date","T4-3",,"likelihood",817.5,1.2841e-7
11,"R_Date","T4-3",,"likelihood",818.5,1.4009e-7
11,"R_Date","T4-3",,"likelihood",819.5,1.5176e-7
11,"R_Date","T4-3",,"likelihood",820.5,1.6927e-7
11,"R_Date","T4-3",,"likelihood",821.5,1.8678e-7
11,"R_Date","T4-3",,"likelihood",822.5,2.1597e-7
11,"R_Date","T4-3",,"likelihood",823.5,2.5099e-7
11,"R_Date","T4-3",,"likelihood",824.5,2.8017e-7
11,"R_Date","T4-3",,"likelihood",825.5,3.269e-7
11,"R_Date","T4-3",,"likelihood",826.5,3.619e-7
11,"R_Date","T4-3",,"likelihood",827.5,4.027e-7
11,"R_Date","T4-3",,"likelihood",828.5,4.728e-7
11,"R_Date","T4-3",,"likelihood",829.5,5.195e-7
11,"R_Date","T4-3",,"likelihood",830.5,5.954e-7
11,"R_Date","T4-3",,"likelihood",831.5,6.304e-7
11,"R_Date","T4-3",,"likelihood",832.5,6.946e-7
11,"R_Date","T4-3",,"likelihood",833.5,7.588e-7
11,"R_Date","T4-3",,"likelihood",834.5,7.997e-7
11,"R_Date","T4-3",,"likelihood",835.5,8.347e-7
11,"R_Date","T4-3",,"likelihood",836.5,8.814e-7
11,"R_Date","T4-3",,"likelihood",837.5,8.814e-7
11,"R_Date","T4-3",,"likelihood",838.5,8.931e-7
11,"R_Date","T4-3",,"likelihood",839.5,8.931e-7
11,"R_Date","T4-3",,"likelihood",840.5,8.931e-7
11,"R_Date","T4-3",,"likelihood",841.5,8.639e-7
11,"R_Date","T4-3",,"likelihood",842.5,8.23e-7
11,"R_Date","T4-3",,"likelihood",843.5,8.23e-7
11,"R_Date","T4-3",,"likelihood",844.5,8.23e-7
11,"R_Date","T4-3",,"likelihood",845.5,7.588e-7
11,"R_Date","T4-3",,"likelihood",846.5,7.179e-7
11,"R_Date","T4-3",,"likelihood",847.5,7.179e-7
11,"R_Date","T4-3",,"likelihood",848.5,6.829e-7
11,"R_Date","T4-3",,"likelihood",849.5,6.479e-7
11,"R_Date","T4-3",,"likelihood",850.5,6.187e-7
11,"R_Date","T4-3",,"likelihood",851.5,5.895e-7
11,"R_Date","T4-3",,"likelihood",852.5,5.895e-7
11,"R_Date","T4-3",,"likelihood",853.5,5.779e-7
11,"R_Date","T4-3",,"likelihood",854.5,5.487e-7
11,"R_Date","T4-3",,"likelihood",855.5,5.195e-7
11,"R_Date","T4-3",,"likelihood",856.5,4.961e-7
11,"R_Date","T4-3",,"likelihood",857.5,4.961e-7
11,"R_Date","T4-3",,"likelihood",858.5,4.728e-7
11,"R_Date","T4-3",,"likelihood",859.5,4.494e-7
11,"R_Date","T4-3",,"likelihood",860.5,4.494e-7
11,"R_Date","T4-3",,"likelihood",861.5,4.261e-7
11,"R_Date","T4-3",,"likelihood",862.5,4.261e-7
11,"R_Date","T4-3",,"likelihood",863.5,4.086e-7
11,"R_Date","T4-3",,"likelihood",864.5,4.086e-7
11,"R_Date","T4-3",,"likelihood",865.5,4.086e-7
11,"R_Date","T4-3",,"likelihood",866.5,4.086e-7
11,"R_Date","T4-3",,"likelihood",867.5,4.086e-7
11,"R_Date","T4-3",,"likelihood",868.5,4.086e-7
11,"R_Date","T4-3",,"likelihood",869.5,4.319e-7
11,"R_Date","T4-3",,"likelihood",870.5,4.319e-7
11,"R_Date","T4-3",,"likelihood",871.5,4.553e-7
11,"R_Date","T4-3",,"likelihood",872.5,4.786e-7
11,"R_Date","T4-3",,"likelihood",873.5,5.195e-7
11,"R_Date","T4-3",,"likelihood",874.5,5.779e-7
11,"R_Date","T4-3",,"likelihood",875.5,6.07e-7
11,"R_Date","T4-3",,"likelihood",876.5,6.712e-7
11,"R_Date","T4-3",,"likelihood",877.5,7.413e-7
11,"R_Date","T4-3",,"likelihood",878.5,8.639e-7
11,"R_Date","T4-3",,"likelihood",879.5,9.514e-7
11,"R_Date","T4-3",,"likelihood",880.5,0.0000011032
11,"R_Date","T4-3",,"likelihood",881.5,0.0000012783
11,"R_Date","T4-3",,"likelihood",882.5,0.0000014767
11,"R_Date","T4-3",,"likelihood",883.5,0.0000017044
11,"R_Date","T4-3",,"likelihood",884.5,0.0000020604
11,"R_Date","T4-3",,"likelihood",885.5,0.0000024865
11,"R_Date","T4-3",,"likelihood",886.5,0.0000028601
11,"R_Date","T4-3",,"likelihood",887.5,0.00000335
11,"R_Date","T4-3",,"likelihood",888.5,0.000004016
11,"R_Date","T4-3",,"likelihood",889.5,0.00000481
11,"R_Date","T4-3",,"likelihood",890.5,0.000005621
11,"R_Date","T4-3",,"likelihood",891.5,0.000006707
11,"R_Date","T4-3",,"likelihood",892.5,0.000007985
11,"R_Date","T4-3",,"likelihood",893.5,0.000009485
11,"R_Date","T4-3",,"likelihood",894.5,0.000011242
11,"R_Date","T4-3",,"likelihood",895.5,0.000013291
11,"R_Date","T4-3",,"likelihood",896.5,0.000015053
11,"R_Date","T4-3",,"likelihood",897.5,0.000017733
11,"R_Date","T4-3",,"likelihood",898.5,0.000020021
11,"R_Date","T4-3",,"likelihood",899.5,0.000022583
11,"R_Date","T4-3",,"likelihood",900.5,0.000025437
11,"R_Date","T4-3",,"likelihood",901.5,0.000027515
11,"R_Date","T4-3",,"likelihood",902.5,0.000031455
11,"R_Date","T4-3",,"likelihood",903.5,0.00003269
11,"R_Date","T4-3",,"likelihood",904.5,0.0000353
11,"R_Date","T4-3",,"likelihood",905.5,0.00003667
11,"R_Date","T4-3",,"likelihood",906.5,0.00003809
11,"R_Date","T4-3",,"likelihood",907.5,0.00003809
11,"R_Date","T4-3",,"likelihood",908.5,0.00003809
11,"R_Date","T4-3",,"likelihood",909.5,0.00003748
11,"R_Date","T4-3",,"likelihood",910.5,0.00003607
11,"R_Date","T4-3",,"likelihood",911.5,0.00003607
11,"R_Date","T4-3",,"likelihood",912.5,0.00003472
11,"R_Date","T4-3",,"likelihood",913.5,0.00003215
11,"R_Date","T4-3",,"likelihood",914.5,0.00003093
11,"R_Date","T4-3",,"likelihood",915.5,0.000028613
11,"R_Date","T4-3",,"likelihood",916.5,0.000026459
11,"R_Date","T4-3",,"likelihood",917.5,0.000024451
11,"R_Date","T4-3",,"likelihood",918.5,0.000022583
11,"R_Date","T4-3",,"likelihood",919.5,0.000020844
11,"R_Date","T4-3",,"likelihood",920.5,0.000019233
11,"R_Date","T4-3",,"likelihood",921.5,0.000017733
11,"R_Date","T4-3",,"likelihood",922.5,0.000016343
11,"R_Date","T4-3",,"likelihood",923.5,0.000015345
11,"R_Date","T4-3",,"likelihood",924.5,0.000014131
11,"R_Date","T4-3",,"likelihood",925.5,0.000013005
11,"R_Date","T4-3",,"likelihood",926.5,0.000011966
11,"R_Date","T4-3",,"likelihood",927.5,0.000010997
11,"R_Date","T4-3",,"likelihood",928.5,0.000010104
11,"R_Date","T4-3",,"likelihood",929.5,0.000009683
11,"R_Date","T4-3",,"likelihood",930.5,0.000009281
11,"R_Date","T4-3",,"likelihood",931.5,0.00000889
11,"R_Date","T4-3",,"likelihood",932.5,0.000008516
11,"R_Date","T4-3",,"likelihood",933.5,0.000008516
11,"R_Date","T4-3",,"likelihood",934.5,0.000008154
11,"R_Date","T4-3",,"likelihood",935.5,0.000008154
11,"R_Date","T4-3",,"likelihood",936.5,0.000008154
11,"R_Date","T4-3",,"likelihood",937.5,0.000008154
11,"R_Date","T4-3",,"likelihood",938.5,0.000008154
11,"R_Date","T4-3",,"likelihood",939.5,0.000008516
11,"R_Date","T4-3",,"likelihood",940.5,0.000008516
11,"R_Date","T4-3",,"likelihood",941.5,0.00000889
11,"R_Date","T4-3",,"likelihood",942.5,0.000009281
11,"R_Date","T4-3",,"likelihood",943.5,0.000009683
11,"R_Date","T4-3",,"likelihood",944.5,0.000010104
11,"R_Date","T4-3",,"likelihood",945.5,0.000010781
11,"R_Date","T4-3",,"likelihood",946.5,0.000011242
11,"R_Date","T4-3",,"likelihood",947.5,0.00001147
11,"R_Date","T4-3",,"likelihood",948.5,0.000012474
11,"R_Date","T4-3",,"likelihood",949.5,0.000013005
11,"R_Date","T4-3",,"likelihood",950.5,0.000014131
11,"R_Date","T4-3",,"likelihood",951.5,0.000014727
11,"R_Date","T4-3",,"likelihood",952.5,0.000015684
11,"R_Date","T4-3",,"likelihood",953.5,0.000016343
11,"R_Date","T4-3",,"likelihood",954.5,0.000017733
11,"R_Date","T4-3",,"likelihood",955.5,0.000018468
11,"R_Date","T4-3",,"likelihood",956.5,0.000019233
11,"R_Date","T4-3",,"likelihood",957.5,0.000020844
11,"R_Date","T4-3",,"likelihood",958.5,0.000021696
11,"R_Date","T4-3",,"likelihood",959.5,0.000022583
11,"R_Date","T4-3",,"likelihood",960.5,0.00002392
11,"R_Date","T4-3",,"likelihood",961.5,0.00002392
11,"R_Date","T4-3",,"likelihood",962.5,0.000024889
11,"R_Date","T4-3",,"likelihood",963.5,0.000024451
11,"R_Date","T4-3",,"likelihood",964.5,0.000024451
11,"R_Date","T4-3",,"likelihood",965.5,0.000023114
11,"R_Date","T4-3",,"likelihood",966.5,0.000023114
11,"R_Date","T4-3",,"likelihood",967.5,0.000021334
11,"R_Date","T4-3",,"likelihood",968.5,0.000020493
11,"R_Date","T4-3",,"likelihood",969.5,0.000018906
11,"R_Date","T4-3",,"likelihood",970.5,0.000017867
11,"R_Date","T4-3",,"likelihood",971.5,0.000017867
11,"R_Date","T4-3",,"likelihood",972.5,0.000018608
11,"R_Date","T4-3",,"likelihood",973.5,0.000020178
11,"R_Date","T4-3",,"likelihood",974.5,0.000022764
11,"R_Date","T4-3",,"likelihood",975.5,0.000026681
11,"R_Date","T4-3",,"likelihood",976.5,0.00003244
11,"R_Date","T4-3",,"likelihood",977.5,0.00003783
11,"R_Date","T4-3",,"likelihood",978.5,0.00004402
11,"R_Date","T4-3",,"likelihood",979.5,0.00004924
11,"R_Date","T4-3",,"likelihood",980.5,0.00005303
11,"R_Date","T4-3",,"likelihood",981.5,0.00005303
11,"R_Date","T4-3",,"likelihood",982.5,0.0000511
11,"R_Date","T4-3",,"likelihood",983.5,0.00004924
11,"R_Date","T4-3",,"likelihood",984.5,0.00004744
11,"R_Date","T4-3",,"likelihood",985.5,0.0000457
11,"R_Date","T4-3",,"likelihood",986.5,0.00004402
11,"R_Date","T4-3",,"likelihood",987.5,0.00004239
11,"R_Date","T4-3",,"likelihood",988.5,0.00004402
11,"R_Date","T4-3",,"likelihood",989.5,0.00004744
11,"R_Date","T4-3",,"likelihood",990.5,0.00005303
11,"R_Date","T4-3",,"likelihood",991.5,0.000066
11,"R_Date","T4-3",,"likelihood",992.5,0.00008767
11,"R_Date","T4-3",,"likelihood",993.5,0.00012765
11,"R_Date","T4-3",,"likelihood",994.5,0.00018859
11,"R_Date","T4-3",,"likelihood",995.5,0.00026489
11,"R_Date","T4-3",,"likelihood",996.5,0.0003355
11,"R_Date","T4-3",,"likelihood",997.5,0.000387
11,"R_Date","T4-3",,"likelihood",998.5,0.000421
11,"R_Date","T4-3",,"likelihood",999.5,0.000421
11,"R_Date","T4-3",,"likelihood",1000.5,0.0004094
11,"R_Date","T4-3",,"likelihood",1001.5,0.000387
11,"R_Date","T4-3",,"likelihood",1002.5,0.0003554
11,"R_Date","T4-3",,"likelihood",1003.5,0.0003259
11,"R_Date","T4-3",,"likelihood",1004.5,0.00028974
11,"R_Date","T4-3",,"likelihood",1005.5,0.00025702
11,"R_Date","T4-3",,"likelihood",1006.5,0.00023457
11,"R_Date","T4-3",,"likelihood",1007.5,0.00021381
11,"R_Date","T4-3",,"likelihood",1008.5,0.00020725
11,"R_Date","T4-3",,"likelihood",1009.5,0.00020086
11,"R_Date","T4-3",,"likelihood",1010.5,0.00020725
11,"R_Date","T4-3",,"likelihood",1011.5,0.00021381
11,"R_Date","T4-3",,"likelihood",1012.5,0.00022055
11,"R_Date","T4-3",,"likelihood",1013.5,0.00022747
11,"R_Date","T4-3",,"likelihood",1014.5,0.00023457
11,"R_Date","T4-3",,"likelihood",1015.5,0.00024186
11,"R_Date","T4-3",,"likelihood",1016.5,0.00024186
11,"R_Date","T4-3",,"likelihood",1017.5,0.00025702
11,"R_Date","T4-3",,"likelihood",1018.5,0.00027296
11,"R_Date","T4-3",,"likelihood",1019.5,0.00029844
11,"R_Date","T4-3",,"likelihood",1020.5,0.0003355
11,"R_Date","T4-3",,"likelihood",1021.5,0.000387
11,"R_Date","T4-3",,"likelihood",1022.5,0.0004449
11,"R_Date","T4-3",,"likelihood",1023.5,0.0005235
11,"R_Date","T4-3",,"likelihood",1024.5,0.000597
11,"R_Date","T4-3",,"likelihood",1025.5,0.0006785
11,"R_Date","T4-3",,"likelihood",1026.5,0.0007313
11,"R_Date","T4-3",,"likelihood",1027.5,0.0008066
11,"R_Date","T4-3",,"likelihood",1028.5,0.0008668
11,"R_Date","T4-3",,"likelihood",1029.5,0.0009521
11,"R_Date","T4-3",,"likelihood",1030.5,0.00102
11,"R_Date","T4-3",,"likelihood",1031.5,0.0011159
11,"R_Date","T4-3",,"likelihood",1032.5,0.0012179
11,"R_Date","T4-3",,"likelihood",1033.5,0.0013262
11,"R_Date","T4-3",,"likelihood",1034.5,0.0014407
11,"R_Date","T4-3",,"likelihood",1035.5,0.0015614
11,"R_Date","T4-3",,"likelihood",1036.5,0.001656
11,"R_Date","T4-3",,"likelihood",1037.5,0.001754
11,"R_Date","T4-3",,"likelihood",1038.5,0.0018554
11,"R_Date","T4-3",,"likelihood",1039.5,0.0019248
11,"R_Date","T4-3",,"likelihood",1040.5,0.0019956
11,"R_Date","T4-3",,"likelihood",1041.5,0.0020678
11,"R_Date","T4-3",,"likelihood",1042.5,0.0021044
11,"R_Date","T4-3",,"likelihood",1043.5,0.0021413
11,"R_Date","T4-3",,"likelihood",1044.5,0.0021819
11,"R_Date","T4-3",,"likelihood",1045.5,0.0022573
11,"R_Date","T4-3",,"likelihood",1046.5,0.0023308
11,"R_Date","T4-3",,"likelihood",1047.5,0.0024116
11,"R_Date","T4-3",,"likelihood",1048.5,0.0025679
11,"R_Date","T4-3",,"likelihood",1049.5,0.0027311
11,"R_Date","T4-3",,"likelihood",1050.5,0.0028977
11,"R_Date","T4-3",,"likelihood",1051.5,0.00311
11,"R_Date","T4-3",,"likelihood",1052.5,0.003325
11,"R_Date","T4-3",,"likelihood",1053.5,0.003543
11,"R_Date","T4-3",,"likelihood",1054.5,0.003717
11,"R_Date","T4-3",,"likelihood",1055.5,0.003846
11,"R_Date","T4-3",,"likelihood",1056.5,0.003846
11,"R_Date","T4-3",,"likelihood",1057.5,0.003803
11,"R_Date","T4-3",,"likelihood",1058.5,0.003717
11,"R_Date","T4-3",,"likelihood",1059.5,0.003673
11,"R_Date","T4-3",,"likelihood",1060.5,0.003586
11,"R_Date","T4-3",,"likelihood",1061.5,0.003543
11,"R_Date","T4-3",,"likelihood",1062.5,0.003499
11,"R_Date","T4-3",,"likelihood",1063.5,0.003499
11,"R_Date","T4-3",,"likelihood",1064.5,0.003499
11,"R_Date","T4-3",,"likelihood",1065.5,0.003499
11,"R_Date","T4-3",,"likelihood",1066.5,0.003499
11,"R_Date","T4-3",,"likelihood",1067.5,0.003543
11,"R_Date","T4-3",,"likelihood",1068.5,0.003543
11,"R_Date","T4-3",,"likelihood",1069.5,0.003543
11,"R_Date","T4-3",,"likelihood",1070.5,0.003543
11,"R_Date","T4-3",,"likelihood",1071.5,0.003543
11,"R_Date","T4-3",,"likelihood",1072.5,0.003543
11,"R_Date","T4-3",,"likelihood",1073.5,0.003543
11,"R_Date","T4-3",,"likelihood",1074.5,0.003543
11,"R_Date","T4-3",,"likelihood",1075.5,0.003543
11,"R_Date","T4-3",,"likelihood",1076.5,0.003499
11,"R_Date","T4-3",,"likelihood",1077.5,0.003412
11,"R_Date","T4-3",,"likelihood",1078.5,0.003325
11,"R_Date","T4-3",,"likelihood",1079.5,0.0031529
11,"R_Date","T4-3",,"likelihood",1080.5,0.0029399
11,"R_Date","T4-3",,"likelihood",1081.5,0.0027724
11,"R_Date","T4-3",,"likelihood",1082.5,0.0026083
11,"R_Date","T4-3",,"likelihood",1083.5,0.0024481
11,"R_Date","T4-3",,"likelihood",1084.5,0.0023308
11,"R_Date","T4-3",,"likelihood",1085.5,0.0022541
11,"R_Date","T4-3",,"likelihood",1086.5,0.0021786
11,"R_Date","T4-3",,"likelihood",1087.5,0.0021044
11,"R_Date","T4-3",,"likelihood",1088.5,0.0020678
11,"R_Date","T4-3",,"likelihood",1089.5,0.0020678
11,"R_Date","T4-3",,"likelihood",1090.5,0.0020713
11,"R_Date","T4-3",,"likelihood",1091.5,0.0021044
11,"R_Date","T4-3",,"likelihood",1092.5,0.0021413
11,"R_Date","T4-3",,"likelihood",1093.5,0.0022162
11,"R_Date","T4-3",,"likelihood",1094.5,0.0023308
11,"R_Date","T4-3",,"likelihood",1095.5,0.0024509
11,"R_Date","T4-3",,"likelihood",1096.5,0.0025303
11,"R_Date","T4-3",,"likelihood",1097.5,0.0025705
11,"R_Date","T4-3",,"likelihood",1098.5,0.0026108
11,"R_Date","T4-3",,"likelihood",1099.5,0.0026108
11,"R_Date","T4-3",,"likelihood",1100.5,0.0025705
11,"R_Date","T4-3",,"likelihood",1101.5,0.0025303
11,"R_Date","T4-3",,"likelihood",1102.5,0.0024481
11,"R_Date","T4-3",,"likelihood",1103.5,0.0023696
11,"R_Date","T4-3",,"likelihood",1104.5,0.0022923
11,"R_Date","T4-3",,"likelihood",1105.5,0.0022162
11,"R_Date","T4-3",,"likelihood",1106.5,0.0021413
11,"R_Date","T4-3",,"likelihood",1107.5,0.0020713
11,"R_Date","T4-3",,"likelihood",1108.5,0.0019992
11,"R_Date","T4-3",,"likelihood",1109.5,0.0019636
11,"R_Date","T4-3",,"likelihood",1110.5,0.0019285
11,"R_Date","T4-3",,"likelihood",1111.5,0.0019285
11,"R_Date","T4-3",,"likelihood",1112.5,0.0019248
11,"R_Date","T4-3",,"likelihood",1113.5,0.00196
11,"R_Date","T4-3",,"likelihood",1114.5,0.0019956
11,"R_Date","T4-3",,"likelihood",1115.5,0.0020678
11,"R_Date","T4-3",,"likelihood",1116.5,0.0021044
11,"R_Date","T4-3",,"likelihood",1117.5,0.0021413
11,"R_Date","T4-3",,"likelihood",1118.5,0.0021786
11,"R_Date","T4-3",,"likelihood",1119.5,0.0022162
11,"R_Date","T4-3",,"likelihood",1120.5,0.0022541
11,"R_Date","T4-3",,"likelihood",1121.5,0.0022541
11,"R_Date","T4-3",,"likelihood",1122.5,0.0022923
11,"R_Date","T4-3",,"likelihood",1123.5,0.0023308
11,"R_Date","T4-3",,"likelihood",1124.5,0.0023696
11,"R_Date","T4-3",,"likelihood",1125.5,0.0024481
11,"R_Date","T4-3",,"likelihood",1126.5,0.0024878
11,"R_Date","T4-3",,"likelihood",1127.5,0.0025679
11,"R_Date","T4-3",,"likelihood",1128.5,0.0025679
11,"R_Date","T4-3",,"likelihood",1129.5,0.0026083
11,"R_Date","T4-3",,"likelihood",1130.5,0.0026083
11,"R_Date","T4-3",,"likelihood",1131.5,0.002649
11,"R_Date","T4-3",,"likelihood",1132.5,0.002649
11,"R_Date","T4-3",,"likelihood",1133.5,0.0026899
11,"R_Date","T4-3",,"likelihood",1134.5,0.0027311
11,"R_Date","T4-3",,"likelihood",1135.5,0.0027724
11,"R_Date","T4-3",,"likelihood",1136.5,0.0027724
11,"R_Date","T4-3",,"likelihood",1137.5,0.0027311
11,"R_Date","T4-3",,"likelihood",1138.5,0.0026514
11,"R_Date","T4-3",,"likelihood",1139.5,0.0025705
11,"R_Date","T4-3",,"likelihood",1140.5,0.0024905
11,"R_Date","T4-3",,"likelihood",1141.5,0.0024116
11,"R_Date","T4-3",,"likelihood",1142.5,0.0023339
11,"R_Date","T4-3",,"likelihood",1143.5,0.0023339
11,"R_Date","T4-3",,"likelihood",1144.5,0.0023339
11,"R_Date","T4-3",,"likelihood",1145.5,0.0023339
11,"R_Date","T4-3",,"likelihood",1146.5,0.0023726
11,"R_Date","T4-3",,"likelihood",1147.5,0.0024116
11,"R_Date","T4-3",,"likelihood",1148.5,0.0024509
11,"R_Date","T4-3",,"likelihood",1149.5,0.0025303
11,"R_Date","T4-3",,"likelihood",1150.5,0.0025705
11,"R_Date","T4-3",,"likelihood",1151.5,0.0026514
11,"R_Date","T4-3",,"likelihood",1152.5,0.0027333
11,"R_Date","T4-3",,"likelihood",1153.5,0.0028558
11,"R_Date","T4-3",,"likelihood",1154.5,0.0030247
11,"R_Date","T4-3",,"likelihood",1155.5,0.00324
11,"R_Date","T4-3",,"likelihood",1156.5,0.003456
11,"R_Date","T4-3",,"likelihood",1157.5,0.003629
11,"R_Date","T4-3",,"likelihood",1158.5,0.003845
11,"R_Date","T4-3",,"likelihood",1159.5,0.004017
11,"R_Date","T4-3",,"likelihood",1160.5,0.004188
11,"R_Date","T4-3",,"likelihood",1161.5,0.004313
11,"R_Date","T4-3",,"likelihood",1162.5,0.004476
11,"R_Date","T4-3",,"likelihood",1163.5,0.004595
11,"R_Date","T4-3",,"likelihood",1164.5,0.004711
11,"R_Date","T4-3",,"likelihood",1165.5,0.00486
11,"R_Date","T4-3",,"likelihood",1166.5,0.004967
11,"R_Date","T4-3",,"likelihood",1167.5,0.00503
11,"R_Date","T4-3",,"likelihood",1168.5,0.005096
11,"R_Date","T4-3",,"likelihood",1169.5,0.005096
11,"R_Date","T4-3",,"likelihood",1170.5,0.005096
11,"R_Date","T4-3",,"likelihood",1171.5,0.005063
11,"R_Date","T4-3",,"likelihood",1172.5,0.005063
11,"R_Date","T4-3",,"likelihood",1173.5,0.005063
11,"R_Date","T4-3",,"likelihood",1174.5,0.005063
11,"R_Date","T4-3",,"likelihood",1175.5,0.005128
11,"R_Date","T4-3",,"likelihood",1176.5,0.005191
11,"R_Date","T4-3",,"likelihood",1177.5,0.005251
11,"R_Date","T4-3",,"likelihood",1178.5,0.005337
11,"R_Date","T4-3",,"likelihood",1179.5,0.005417
11,"R_Date","T4-3",,"likelihood",1180.5,0.005491
11,"R_Date","T4-3",,"likelihood",1181.5,0.005536
11,"R_Date","T4-3",,"likelihood",1182.5,0.005578
11,"R_Date","T4-3",,"likelihood",1183.5,0.005599
11,"R_Date","T4-3",,"likelihood",1184.5,0.005599
11,"R_Date","T4-3",,"likelihood",1185.5,0.005578
11,"R_Date","T4-3",,"likelihood",1186.5,0.005558
11,"R_Date","T4-3",,"likelihood",1187.5,0.005514
11,"R_Date","T4-3",,"likelihood",1188.5,0.005491
11,"R_Date","T4-3",,"likelihood",1189.5,0.005467
11,"R_Date","T4-3",,"likelihood",1190.5,0.005442
11,"R_Date","T4-3",,"likelihood",1191.5,0.005391
11,"R_Date","T4-3",,"likelihood",1192.5,0.005337
11,"R_Date","T4-3",,"likelihood",1193.5,0.005281
11,"R_Date","T4-3",,"likelihood",1194.5,0.005191
11,"R_Date","T4-3",,"likelihood",1195.5,0.005128
11,"R_Date","T4-3",,"likelihood",1196.5,0.005096
11,"R_Date","T4-3",,"likelihood",1197.5,0.005063
11,"R_Date","T4-3",,"likelihood",1198.5,0.005096
11,"R_Date","T4-3",,"likelihood",1199.5,0.005128
11,"R_Date","T4-3",,"likelihood",1200.5,0.005191
11,"R_Date","T4-3",,"likelihood",1201.5,0.005281
11,"R_Date","T4-3",,"likelihood",1202.5,0.005337
11,"R_Date","T4-3",,"likelihood",1203.5,0.005391
11,"R_Date","T4-3",,"likelihood",1204.5,0.005417
11,"R_Date","T4-3",,"likelihood",1205.5,0.005417
11,"R_Date","T4-3",,"likelihood",1206.5,0.005417
11,"R_Date","T4-3",,"likelihood",1207.5,0.005417
11,"R_Date","T4-3",,"likelihood",1208.5,0.005442
11,"R_Date","T4-3",,"likelihood",1209.5,0.005467
11,"R_Date","T4-3",,"likelihood",1210.5,0.005491
11,"R_Date","T4-3",,"likelihood",1211.5,0.005522
11,"R_Date","T4-3",,"likelihood",1212.5,0.005544
11,"R_Date","T4-3",,"likelihood",1213.5,0.005587
11,"R_Date","T4-3",,"likelihood",1214.5,0.005626
11,"R_Date","T4-3",,"likelihood",1215.5,0.005662
11,"R_Date","T4-3",,"likelihood",1216.5,0.005711
11,"R_Date","T4-3",,"likelihood",1217.5,0.005764
11,"R_Date","T4-3",,"likelihood",1218.5,0.005801
11,"R_Date","T4-3",,"likelihood",1219.5,0.005837
11,"R_Date","T4-3",,"likelihood",1220.5,0.005818
11,"R_Date","T4-3",,"likelihood",1221.5,0.005784
11,"R_Date","T4-3",,"likelihood",1222.5,0.005724
11,"R_Date","T4-3",,"likelihood",1223.5,0.005643
11,"R_Date","T4-3",,"likelihood",1224.5,0.005564
11,"R_Date","T4-3",,"likelihood",1225.5,0.005496
11,"R_Date","T4-3",,"likelihood",1226.5,0.005413
11,"R_Date","T4-3",,"likelihood",1227.5,0.005387
11,"R_Date","T4-3",,"likelihood",1228.5,0.005332
11,"R_Date","T4-3",,"likelihood",1229.5,0.005304
11,"R_Date","T4-3",,"likelihood",1230.5,0.005246
11,"R_Date","T4-3",,"likelihood",1231.5,0.005215
11,"R_Date","T4-3",,"likelihood",1232.5,0.005153
11,"R_Date","T4-3",,"likelihood",1233.5,0.005121
11,"R_Date","T4-3",,"likelihood",1234.5,0.005055
11,"R_Date","T4-3",,"likelihood",1235.5,0.005055
11,"R_Date","T4-3",,"likelihood",1236.5,0.005055
11,"R_Date","T4-3",,"likelihood",1237.5,0.005055
11,"R_Date","T4-3",,"likelihood",1238.5,0.005088
11,"R_Date","T4-3",,"likelihood",1239.5,0.005121
11,"R_Date","T4-3",,"likelihood",1240.5,0.005153
11,"R_Date","T4-3",,"likelihood",1241.5,0.005184
11,"R_Date","T4-3",,"likelihood",1242.5,0.005215
11,"R_Date","T4-3",,"likelihood",1243.5,0.005246
11,"R_Date","T4-3",,"likelihood",1244.5,0.005275
11,"R_Date","T4-3",,"likelihood",1245.5,0.005304
11,"R_Date","T4-3",,"likelihood",1246.5,0.005332
11,"R_Date","T4-3",,"likelihood",1247.5,0.00536
11,"R_Date","T4-3",,"likelihood",1248.5,0.005387
11,"R_Date","T4-3",,"likelihood",1249.5,0.005387
11,"R_Date","T4-3",,"likelihood",1250.5,0.005413
11,"R_Date","T4-3",,"likelihood",1251.5,0.005413
11,"R_Date","T4-3",,"likelihood",1252.5,0.005387
11,"R_Date","T4-3",,"likelihood",1253.5,0.00536
11,"R_Date","T4-3",,"likelihood",1254.5,0.005332
11,"R_Date","T4-3",,"likelihood",1255.5,0.005304
11,"R_Date","T4-3",,"likelihood",1256.5,0.005304
11,"R_Date","T4-3",,"likelihood",1257.5,0.005275
11,"R_Date","T4-3",,"likelihood",1258.5,0.005246
11,"R_Date","T4-3",,"likelihood",1259.5,0.005215
11,"R_Date","T4-3",,"likelihood",1260.5,0.005153
11,"R_Date","T4-3",,"likelihood",1261.5,0.005055
11,"R_Date","T4-3",,"likelihood",1262.5,0.004986
11,"R_Date","T4-3",,"likelihood",1263.5,0.00488
11,"R_Date","T4-3",,"likelihood",1264.5,0.004731
11,"R_Date","T4-3",,"likelihood",1265.5,0.004615
11,"R_Date","T4-3",,"likelihood",1266.5,0.004455
11,"R_Date","T4-3",,"likelihood",1267.5,0.004331
11,"R_Date","T4-3",,"likelihood",1268.5,0.004162
11,"R_Date","T4-3",,"likelihood",1269.5,0.004034
11,"R_Date","T4-3",,"likelihood",1270.5,0.003859
11,"R_Date","T4-3",,"likelihood",1271.5,0.003728
11,"R_Date","T4-3",,"likelihood",1272.5,0.003595
11,"R_Date","T4-3",,"likelihood",1273.5,0.003463
11,"R_Date","T4-3",,"likelihood",1274.5,0.003286
11,"R_Date","T4-3",,"likelihood",1275.5,0.0031108
11,"R_Date","T4-3",,"likelihood",1276.5,0.0028943
11,"R_Date","T4-3",,"likelihood",1277.5,0.0026405
11,"R_Date","T4-3",,"likelihood",1278.5,0.0023552
11,"R_Date","T4-3",,"likelihood",1279.5,0.0020845
11,"R_Date","T4-3",,"likelihood",1280.5,0.0018304
11,"R_Date","T4-3",,"likelihood",1281.5,0.0016273
11,"R_Date","T4-3",,"likelihood",1282.5,0.0014688
11,"R_Date","T4-3",,"likelihood",1283.5,0.0013493
11,"R_Date","T4-3",,"likelihood",1284.5,0.0012364
11,"R_Date","T4-3",,"likelihood",1285.5,0.0011559
11,"R_Date","T4-3",,"likelihood",1286.5,0.0011044
11,"R_Date","T4-3",,"likelihood",1287.5,0.0010544
11,"R_Date","T4-3",,"likelihood",1288.5,0.0009825
11,"R_Date","T4-3",,"likelihood",1289.5,0.0009593
11,"R_Date","T4-3",,"likelihood",1290.5,0.0009141
11,"R_Date","T4-3",,"likelihood",1291.5,0.0008705
11,"R_Date","T4-3",,"likelihood",1292.5,0.0008493
11,"R_Date","T4-3",,"likelihood",1293.5,0.000808
11,"R_Date","T4-3",,"likelihood",1294.5,0.0007879
11,"R_Date","T4-3",,"likelihood",1295.5,0.0007488
11,"R_Date","T4-3",,"likelihood",1296.5,0.000693
11,"R_Date","T4-3",,"likelihood",1297.5,0.0006404
11,"R_Date","T4-3",,"likelihood",1298.5,0.0005751
11,"R_Date","T4-3",,"likelihood",1299.5,0.0005009
11,"R_Date","T4-3",,"likelihood",1300.5,0.0004472
11,"R_Date","T4-3",,"likelihood",1301.5,0.0003838
11,"R_Date","T4-3",,"likelihood",1302.5,0.0003405
11,"R_Date","T4-3",,"likelihood",1303.5,0.00029459
11,"R_Date","T4-3",,"likelihood",1304.5,0.00025992
11,"R_Date","T4-3",,"likelihood",1305.5,0.00022873
11,"R_Date","T4-3",,"likelihood",1306.5,0.00020075
11,"R_Date","T4-3",,"likelihood",1307.5,0.00018172
11,"R_Date","T4-3",,"likelihood",1308.5,0.00016991
11,"R_Date","T4-3",,"likelihood",1309.5,0.00016425
11,"R_Date","T4-3",,"likelihood",1310.5,0.00015875
11,"R_Date","T4-3",,"likelihood",1311.5,0.00015342
11,"R_Date","T4-3",,"likelihood",1312.5,0.00015342
11,"R_Date","T4-3",,"likelihood",1313.5,0.00015179
11,"R_Date","T4-3",,"likelihood",1314.5,0.00015179
11,"R_Date","T4-3",,"likelihood",1315.5,0.00015179
11,"R_Date","T4-3",,"likelihood",1316.5,0.00015179
11,"R_Date","T4-3",,"likelihood",1317.5,0.00015179
11,"R_Date","T4-3",,"likelihood",1318.5,0.00014165
11,"R_Date","T4-3",,"likelihood",1319.5,0.00013211
11,"R_Date","T4-3",,"likelihood",1320.5,0.00011883
11,"R_Date","T4-3",,"likelihood",1321.5,0.00010294
11,"R_Date","T4-3",,"likelihood",1322.5,0.00008893
11,"R_Date","T4-3",,"likelihood",1323.5,0.00007663
11,"R_Date","T4-3",,"likelihood",1324.5,0.00006338
11,"R_Date","T4-3",,"likelihood",1325.5,0.00005428
11,"R_Date","T4-3",,"likelihood",1326.5,0.00004455
11,"R_Date","T4-3",,"likelihood",1327.5,0.00003793
11,"R_Date","T4-3",,"likelihood",1328.5,0.0000322
11,"R_Date","T4-3",,"likelihood",1329.5,0.000029646
11,"R_Date","T4-3",,"likelihood",1330.5,0.00002727
11,"R_Date","T4-3",,"likelihood",1331.5,0.00002727
11,"R_Date","T4-3",,"likelihood",1332.5,0.00002727
11,"R_Date","T4-3",,"likelihood",1333.5,0.000028432
11,"R_Date","T4-3",,"likelihood",1334.5,0.000029646
11,"R_Date","T4-3",,"likelihood",1335.5,0.000030901
11,"R_Date","T4-3",,"likelihood",1336.5,0.00003356
11,"R_Date","T4-3",,"likelihood",1337.5,0.00003496
11,"R_Date","T4-3",,"likelihood",1338.5,0.00003642
11,"R_Date","T4-3",,"likelihood",1339.5,0.00003642
11,"R_Date","T4-3",,"likelihood",1340.5,0.00003642
11,"R_Date","T4-3",,"likelihood",1341.5,0.00003642
11,"R_Date","T4-3",,"likelihood",1342.5,0.00003642
11,"R_Date","T4-3",,"likelihood",1343.5,0.00003642
11,"R_Date","T4-3",,"likelihood",1344.5,0.00003642
11,"R_Date","T4-3",,"likelihood",1345.5,0.00003793
11,"R_Date","T4-3",,"likelihood",1346.5,0.0000395
11,"R_Date","T4-3",,"likelihood",1347.5,0.0000395
11,"R_Date","T4-3",,"likelihood",1348.5,0.00004113
11,"R_Date","T4-3",,"likelihood",1349.5,0.00004113
11,"R_Date","T4-3",,"likelihood",1350.5,0.00004113
11,"R_Date","T4-3",,"likelihood",1351.5,0.00004281
11,"R_Date","T4-3",,"likelihood",1352.5,0.00004455
11,"R_Date","T4-3",,"likelihood",1353.5,0.00005019
11,"R_Date","T4-3",,"likelihood",1354.5,0.00005867
11,"R_Date","T4-3",,"likelihood",1355.5,0.00006841
11,"R_Date","T4-3",,"likelihood",1356.5,0.00007956
11,"R_Date","T4-3",,"likelihood",1357.5,0.00009689
11,"R_Date","T4-3",,"likelihood",1358.5,0.00011195
11,"R_Date","T4-3",,"likelihood",1359.5,0.00012453
11,"R_Date","T4-3",,"likelihood",1360.5,0.00014321
11,"R_Date","T4-3",,"likelihood",1361.5,0.00015875
11,"R_Date","T4-3",,"likelihood",1362.5,0.00016991
11,"R_Date","T4-3",,"likelihood",1363.5,0.00018789
11,"R_Date","T4-3",,"likelihood",1364.5,0.00021436
11,"R_Date","T4-3",,"likelihood",1365.5,0.00023622
11,"R_Date","T4-3",,"likelihood",1366.5,0.00026825
11,"R_Date","T4-3",,"likelihood",1367.5,0.00029459
11,"R_Date","T4-3",,"likelihood",1368.5,0.000333
11,"R_Date","T4-3",,"likelihood",1369.5,0.0003754
11,"R_Date","T4-3",,"likelihood",1370.5,0.0004101
11,"R_Date","T4-3",,"likelihood",1371.5,0.0004602
11,"R_Date","T4-3",,"likelihood",1372.5,0.0004871
11,"R_Date","T4-3",,"likelihood",1373.5,0.0005151
11,"R_Date","T4-3",,"likelihood",1374.5,0.0005297
11,"R_Date","T4-3",,"likelihood",1375.5,0.0005297
11,"R_Date","T4-3",,"likelihood",1376.5,0.0004977
11,"R_Date","T4-3",,"likelihood",1377.5,0.0004441
11,"R_Date","T4-3",,"likelihood",1378.5,0.0003953
11,"R_Date","T4-3",,"likelihood",1379.5,0.000351
11,"R_Date","T4-3",,"likelihood",1380.5,0.00030131
11,"R_Date","T4-3",,"likelihood",1381.5,0.00027442
11,"R_Date","T4-3",,"likelihood",1382.5,0.00024956
11,"R_Date","T4-3",,"likelihood",1383.5,0.00022661
11,"R_Date","T4-3",,"likelihood",1384.5,0.00021232
11,"R_Date","T4-3",,"likelihood",1385.5,0.0001988
11,"R_Date","T4-3",,"likelihood",1386.5,0.00018602
11,"R_Date","T4-3",,"likelihood",1387.5,0.00016816
11,"R_Date","T4-3",,"likelihood",1388.5,0.00014665
11,"R_Date","T4-3",,"likelihood",1389.5,0.00012754
11,"R_Date","T4-3",,"likelihood",1390.5,0.00010672
11,"R_Date","T4-3",,"likelihood",1391.5,0.00008893
11,"R_Date","T4-3",,"likelihood",1392.5,0.0000738
11,"R_Date","T4-3",,"likelihood",1393.5,0.00005867
11,"R_Date","T4-3",,"likelihood",1394.5,0.00004824
11,"R_Date","T4-3",,"likelihood",1395.5,0.0000395
11,"R_Date","T4-3",,"likelihood",1396.5,0.000030901
11,"R_Date","T4-3",,"likelihood",1397.5,0.00002507
11,"R_Date","T4-3",,"likelihood",1398.5,0.000021141
11,"R_Date","T4-3",,"likelihood",1399.5,0.000017779
11,"R_Date","T4-3",,"likelihood",1400.5,0.000016285
11,"R_Date","T4-3",,"likelihood",1401.5,0.000014913
11,"R_Date","T4-3",,"likelihood",1402.5,0.000013641
11,"R_Date","T4-3",,"likelihood",1403.5,0.000011925
11,"R_Date","T4-3",,"likelihood",1404.5,0.000010407
11,"R_Date","T4-3",,"likelihood",1405.5,0.000009065
11,"R_Date","T4-3",,"likelihood",1406.5,0.00000753
11,"R_Date","T4-3",,"likelihood",1407.5,0.000005942
11,"R_Date","T4-3",,"likelihood",1408.5,0.000004903
11,"R_Date","T4-3",,"likelihood",1409.5,0.000004033
11,"R_Date","T4-3",,"likelihood",1410.5,0.00000331
11,"R_Date","T4-3",,"likelihood",1411.5,0.0000028484
11,"R_Date","T4-3",,"likelihood",1412.5,0.0000025741
11,"R_Date","T4-3",,"likelihood",1413.5,0.0000023289
11,"R_Date","T4-3",,"likelihood",1414.5,0.0000022122
11,"R_Date","T4-3",,"likelihood",1415.5,0.0000022122
11,"R_Date","T4-3",,"likelihood",1416.5,0.0000022122
11,"R_Date","T4-3",,"likelihood",1417.5,0.0000022122
11,"R_Date","T4-3",,"likelihood",1418.5,0.0000021013
11,"R_Date","T4-3",,"likelihood",1419.5,0.0000019962
11,"R_Date","T4-3",,"likelihood",1420.5,0.0000017978
11,"R_Date","T4-3",,"likelihood",1421.5,0.0000014592
11,"R_Date","T4-3",,"likelihood",1422.5,0.0000011849
11,"R_Date","T4-3",,"likelihood",1423.5,9.047e-7
11,"R_Date","T4-3",,"likelihood",1424.5,6.888e-7
11,"R_Date","T4-3",,"likelihood",1425.5,5.545e-7
11,"R_Date","T4-3",,"likelihood",1426.5,4.436e-7
11,"R_Date","T4-3",,"likelihood",1427.5,3.736e-7
11,"R_Date","T4-3",,"likelihood",1428.5,3.327e-7
11,"R_Date","T4-3",,"likelihood",1429.5,3.1519e-7
11,"R_Date","T4-3",,"likelihood",1430.5,2.9768e-7
11,"R_Date","T4-3",,"likelihood",1431.5,2.8017e-7
11,"R_Date","T4-3",,"likelihood",1432.5,2.5099e-7
11,"R_Date","T4-3",,"likelihood",1433.5,2.218e-7
11,"R_Date","T4-3",,"likelihood",1434.5,1.9846e-7
11,"R_Date","T4-3",,"likelihood",1435.5,1.576e-7
11,"R_Date","T4-3",,"likelihood",1436.5,1.2841e-7
11,"R_Date","T4-3",,"likelihood",1437.5,1.0506e-7
11,"R_Date","T4-3",,"likelihood",1438.5,8.755e-8
11,"R_Date","T4-3",,"likelihood",1439.5,7.004e-8
11,"R_Date","T4-3",,"likelihood",1440.5,6.421e-8
11,"R_Date","T4-3",,"likelihood",1441.5,5.253e-8
11,"R_Date","T4-3",,"likelihood",1442.5,4.086e-8
11,"R_Date","T4-3",,"likelihood",1443.5,3.502e-8
11,"R_Date","T4-3",,"likelihood",1444.5,2.9185e-8
11,"R_Date","T4-3",,"likelihood",1445.5,2.3348e-8
11,"R_Date","T4-3",,"likelihood",1446.5,1.7511e-8
11,"R_Date","T4-3",,"likelihood",1447.5,1.1674e-8
11,"R_Date","T4-3",,"likelihood",1448.5,1.1674e-8
11,"R_Date","T4-3",,"likelihood",1449.5,5.837e-9
11,"R_Date","T4-3",,"likelihood",1450.5,5.837e-9
11,"R_Date","T4-3",,"likelihood",1451.5,5.837e-9
11,"R_Date","T4-3",,"likelihood",1452.5,5.837e-9
11,"R_Date","T4-3",,"likelihood",1453.5,5.837e-9
11,"R_Date","T4-3",,"likelihood",1454.5,0
11,"R_Date","T4-3",,"posterior",966.5,0
11,"R_Date","T4-3",,"posterior",967.5,2.6054e-7
11,"R_Date","T4-3",,"posterior",968.5,5.211e-7
11,"R_Date","T4-3",,"posterior",969.5,2.6054e-7
11,"R_Date","T4-3",,"posterior",970.5,2.6054e-7
11,"R_Date","T4-3",,"posterior",971.5,2.6054e-7
11,"R_Date","T4-3",,"posterior",972.5,2.6054e-7
11,"R_Date","T4-3",,"posterior",973.5,0
11,"R_Date","T4-3",,"posterior",974.5,0
11,"R_Date","T4-3",,"posterior",975.5,7.816e-7
11,"R_Date","T4-3",,"posterior",976.5,5.211e-7
11,"R_Date","T4-3",,"posterior",977.5,0.0000010422
11,"R_Date","T4-3",,"posterior",978.5,0.0000013027
11,"R_Date","T4-3",,"posterior",979.5,0.0000010422
11,"R_Date","T4-3",,"posterior",980.5,7.816e-7
11,"R_Date","T4-3",,"posterior",981.5,7.816e-7
11,"R_Date","T4-3",,"posterior",982.5,0.0000013027
11,"R_Date","T4-3",,"posterior",983.5,0.0000015632
11,"R_Date","T4-3",,"posterior",984.5,7.816e-7
11,"R_Date","T4-3",,"posterior",985.5,5.211e-7
11,"R_Date","T4-3",,"posterior",986.5,0.0000010422
11,"R_Date","T4-3",,"posterior",987.5,2.6054e-7
11,"R_Date","T4-3",,"posterior",988.5,7.816e-7
11,"R_Date","T4-3",,"posterior",989.5,2.6054e-7
11,"R_Date","T4-3",,"posterior",990.5,0.0000023449
11,"R_Date","T4-3",,"posterior",991.5,0.0000018238
11,"R_Date","T4-3",,"posterior",992.5,0.00000495
11,"R_Date","T4-3",,"posterior",993.5,0.0000031265
11,"R_Date","T4-3",,"posterior",994.5,0.000005732
11,"R_Date","T4-3",,"posterior",995.5,0.000007035
11,"R_Date","T4-3",,"posterior",996.5,0.000008337
11,"R_Date","T4-3",,"posterior",997.5,0.00001823
11,"R_Date","T4-3",,"posterior",998.5,0.000012498
11,"R_Date","T4-3",,"posterior",999.5,0.000014322
11,"R_Date","T4-3",,"posterior",1000.5,0.00001849
11,"R_Date","T4-3",,"posterior",1001.5,0.000014061
11,"R_Date","T4-3",,"posterior",1002.5,0.00001354
11,"R_Date","T4-3",,"posterior",1003.5,0.000014843
11,"R_Date","T4-3",,"posterior",1004.5,0.000011977
11,"R_Date","T4-3",,"posterior",1005.5,0.000012758
11,"R_Date","T4-3",,"posterior",1006.5,0.000009111
11,"R_Date","T4-3",,"posterior",1007.5,0.000010935
11,"R_Date","T4-3",,"posterior",1008.5,0.000009111
11,"R_Date","T4-3",,"posterior",1009.5,0.000005992
11,"R_Date","T4-3",,"posterior",1010.5,0.000010153
11,"R_Date","T4-3",,"posterior",1011.5,0.000011456
11,"R_Date","T4-3",,"posterior",1012.5,0.000014582
11,"R_Date","T4-3",,"posterior",1013.5,0.000016667
11,"R_Date","T4-3",,"posterior",1014.5,0.000015103
11,"R_Date","T4-3",,"posterior",1015.5,0.000014061
11,"R_Date","T4-3",,"posterior",1016.5,0.000019272
11,"R_Date","T4-3",,"posterior",1017.5,0.000021877
11,"R_Date","T4-3",,"posterior",1018.5,0.000024483
11,"R_Date","T4-3",,"posterior",1019.5,0.000024743
11,"R_Date","T4-3",,"posterior",1020.5,0.00002708
11,"R_Date","T4-3",,"posterior",1021.5,0.000030988
11,"R_Date","T4-3",,"posterior",1022.5,0.00003802
11,"R_Date","T4-3",,"posterior",1023.5,0.00005
11,"R_Date","T4-3",,"posterior",1024.5,0.00005182
11,"R_Date","T4-3",,"posterior",1025.5,0.00006667
11,"R_Date","T4-3",,"posterior",1026.5,0.00007682
11,"R_Date","T4-3",,"posterior",1027.5,0.00008802
11,"R_Date","T4-3",,"posterior",1028.5,0.00009141
11,"R_Date","T4-3",,"posterior",1029.5,0.00010651
11,"R_Date","T4-3",,"posterior",1030.5,0.00012083
11,"R_Date","T4-3",,"posterior",1031.5,0.00013594
11,"R_Date","T4-3",,"posterior",1032.5,0.00015052
11,"R_Date","T4-3",,"posterior",1033.5,0.00015313
11,"R_Date","T4-3",,"posterior",1034.5,0.00019739
11,"R_Date","T4-3",,"posterior",1035.5,0.00022005
11,"R_Date","T4-3",,"posterior",1036.5,0.0002362
11,"R_Date","T4-3",,"posterior",1037.5,0.00026354
11,"R_Date","T4-3",,"posterior",1038.5,0.00027552
11,"R_Date","T4-3",,"posterior",1039.5,0.00030417
11,"R_Date","T4-3",,"posterior",1040.5,0.0003245
11,"R_Date","T4-3",,"posterior",1041.5,0.0003346
11,"R_Date","T4-3",,"posterior",1042.5,0.0003477
11,"R_Date","T4-3",,"posterior",1043.5,0.0003607
11,"R_Date","T4-3",,"posterior",1044.5,0.0004003
11,"R_Date","T4-3",,"posterior",1045.5,0.000425
11,"R_Date","T4-3",,"posterior",1046.5,0.0004589
11,"R_Date","T4-3",,"posterior",1047.5,0.0004875
11,"R_Date","T4-3",,"posterior",1048.5,0.0005419
11,"R_Date","T4-3",,"posterior",1049.5,0.0005732
11,"R_Date","T4-3",,"posterior",1050.5,0.0006219
11,"R_Date","T4-3",,"posterior",1051.5,0.0007148
11,"R_Date","T4-3",,"posterior",1052.5,0.0008
11,"R_Date","T4-3",,"posterior",1053.5,0.0008807
11,"R_Date","T4-3",,"posterior",1054.5,0.0009177
11,"R_Date","T4-3",,"posterior",1055.5,0.0009779
11,"R_Date","T4-3",,"posterior",1056.5,0.0010349
11,"R_Date","T4-3",,"posterior",1057.5,0.001044
11,"R_Date","T4-3",,"posterior",1058.5,0.0010214
11,"R_Date","T4-3",,"posterior",1059.5,0.0010518
11,"R_Date","T4-3",,"posterior",1060.5,0.0010297
11,"R_Date","T4-3",,"posterior",1061.5,0.0010862
11,"R_Date","T4-3",,"posterior",1062.5,0.0010867
11,"R_Date","T4-3",,"posterior",1063.5,0.0010825
11,"R_Date","T4-3",,"posterior",1064.5,0.0011159
11,"R_Date","T4-3",,"posterior",1065.5,0.0011776
11,"R_Date","T4-3",,"posterior",1066.5,0.0011596
11,"R_Date","T4-3",,"posterior",1067.5,0.0012117
11,"R_Date","T4-3",,"posterior",1068.5,0.0012659
11,"R_Date","T4-3",,"posterior",1069.5,0.0013083
11,"R_Date","T4-3",,"posterior",1070.5,0.001301
11,"R_Date","T4-3",,"posterior",1071.5,0.0013419
11,"R_Date","T4-3",,"posterior",1072.5,0.0013477
11,"R_Date","T4-3",,"posterior",1073.5,0.0013831
11,"R_Date","T4-3",,"posterior",1074.5,0.0014315
11,"R_Date","T4-3",,"posterior",1075.5,0.0014753
11,"R_Date","T4-3",,"posterior",1076.5,0.0014456
11,"R_Date","T4-3",,"posterior",1077.5,0.0014669
11,"R_Date","T4-3",,"posterior",1078.5,0.0014469
11,"R_Date","T4-3",,"posterior",1079.5,0.0013755
11,"R_Date","T4-3",,"posterior",1080.5,0.0013161
11,"R_Date","T4-3",,"posterior",1081.5,0.0012807
11,"R_Date","T4-3",,"posterior",1082.5,0.0011828
11,"R_Date","T4-3",,"posterior",1083.5,0.0011708
11,"R_Date","T4-3",,"posterior",1084.5,0.0011417
11,"R_Date","T4-3",,"posterior",1085.5,0.0011307
11,"R_Date","T4-3",,"posterior",1086.5,0.0011174
11,"R_Date","T4-3",,"posterior",1087.5,0.0010977
11,"R_Date","T4-3",,"posterior",1088.5,0.0010685
11,"R_Date","T4-3",,"posterior",1089.5,0.0011182
11,"R_Date","T4-3",,"posterior",1090.5,0.0011266
11,"R_Date","T4-3",,"posterior",1091.5,0.0011719
11,"R_Date","T4-3",,"posterior",1092.5,0.0011807
11,"R_Date","T4-3",,"posterior",1093.5,0.001282
11,"R_Date","T4-3",,"posterior",1094.5,0.0013365
11,"R_Date","T4-3",,"posterior",1095.5,0.0014648
11,"R_Date","T4-3",,"posterior",1096.5,0.0014937
11,"R_Date","T4-3",,"posterior",1097.5,0.0015539
11,"R_Date","T4-3",,"posterior",1098.5,0.0015617
11,"R_Date","T4-3",,"posterior",1099.5,0.0016091
11,"R_Date","T4-3",,"posterior",1100.5,0.0015813
11,"R_Date","T4-3",,"posterior",1101.5,0.0016365
11,"R_Date","T4-3",,"posterior",1102.5,0.0016089
11,"R_Date","T4-3",,"posterior",1103.5,0.0016083
11,"R_Date","T4-3",,"posterior",1104.5,0.0015385
11,"R_Date","T4-3",,"posterior",1105.5,0.0015286
11,"R_Date","T4-3",,"posterior",1106.5,0.0015203
11,"R_Date","T4-3",,"posterior",1107.5,0.0014724
11,"R_Date","T4-3",,"posterior",1108.5,0.0014445
11,"R_Date","T4-3",,"posterior",1109.5,0.0014102
11,"R_Date","T4-3",,"posterior",1110.5,0.0014154
11,"R_Date","T4-3",,"posterior",1111.5,0.0014294
11,"R_Date","T4-3",,"posterior",1112.5,0.0014424
11,"R_Date","T4-3",,"posterior",1113.5,0.0014833
11,"R_Date","T4-3",,"posterior",1114.5,0.0015318
11,"R_Date","T4-3",,"posterior",1115.5,0.00162
11,"R_Date","T4-3",,"posterior",1116.5,0.0017057
11,"R_Date","T4-3",,"posterior",1117.5,0.0017375
11,"R_Date","T4-3",,"posterior",1118.5,0.0017229
11,"R_Date","T4-3",,"posterior",1119.5,0.0018174
11,"R_Date","T4-3",,"posterior",1120.5,0.0018482
11,"R_Date","T4-3",,"posterior",1121.5,0.0019346
11,"R_Date","T4-3",,"posterior",1122.5,0.0019568
11,"R_Date","T4-3",,"posterior",1123.5,0.0020185
11,"R_Date","T4-3",,"posterior",1124.5,0.0020753
11,"R_Date","T4-3",,"posterior",1125.5,0.0021461
11,"R_Date","T4-3",,"posterior",1126.5,0.0022039
11,"R_Date","T4-3",,"posterior",1127.5,0.0022458
11,"R_Date","T4-3",,"posterior",1128.5,0.0022977
11,"R_Date","T4-3",,"posterior",1129.5,0.0023987
11,"R_Date","T4-3",,"posterior",1130.5,0.0023781
11,"R_Date","T4-3",,"posterior",1131.5,0.0024273
11,"R_Date","T4-3",,"posterior",1132.5,0.002506
11,"R_Date","T4-3",,"posterior",1133.5,0.0025724
11,"R_Date","T4-3",,"posterior",1134.5,0.0026062
11,"R_Date","T4-3",,"posterior",1135.5,0.0027258
11,"R_Date","T4-3",,"posterior",1136.5,0.0026742
11,"R_Date","T4-3",,"posterior",1137.5,0.0027102
11,"R_Date","T4-3",,"posterior",1138.5,0.0026474
11,"R_Date","T4-3",,"posterior",1139.5,0.0026375
11,"R_Date","T4-3",,"posterior",1140.5,0.0025841
11,"R_Date","T4-3",,"posterior",1141.5,0.0024674
11,"R_Date","T4-3",,"posterior",1142.5,0.0024016
11,"R_Date","T4-3",,"posterior",1143.5,0.0024065
11,"R_Date","T4-3",,"posterior",1144.5,0.0024625
11,"R_Date","T4-3",,"posterior",1145.5,0.0024948
11,"R_Date","T4-3",,"posterior",1146.5,0.0025453
11,"R_Date","T4-3",,"posterior",1147.5,0.0025732
11,"R_Date","T4-3",,"posterior",1148.5,0.0026469
11,"R_Date","T4-3",,"posterior",1149.5,0.0028138
11,"R_Date","T4-3",,"posterior",1150.5,0.0028401
11,"R_Date","T4-3",,"posterior",1151.5,0.0029667
11,"R_Date","T4-3",,"posterior",1152.5,0.0030872
11,"R_Date","T4-3",,"posterior",1153.5,0.003279
11,"R_Date","T4-3",,"posterior",1154.5,0.003466
11,"R_Date","T4-3",,"posterior",1155.5,0.003749
11,"R_Date","T4-3",,"posterior",1156.5,0.004063
11,"R_Date","T4-3",,"posterior",1157.5,0.004343
11,"R_Date","T4-3",,"posterior",1158.5,0.004467
11,"R_Date","T4-3",,"posterior",1159.5,0.004764
11,"R_Date","T4-3",,"posterior",1160.5,0.004936
11,"R_Date","T4-3",,"posterior",1161.5,0.005128
11,"R_Date","T4-3",,"posterior",1162.5,0.005485
11,"R_Date","T4-3",,"posterior",1163.5,0.005519
11,"R_Date","T4-3",,"posterior",1164.5,0.005828
11,"R_Date","T4-3",,"posterior",1165.5,0.005945
11,"R_Date","T4-3",,"posterior",1166.5,0.006133
11,"R_Date","T4-3",,"posterior",1167.5,0.006318
11,"R_Date","T4-3",,"posterior",1168.5,0.006354
11,"R_Date","T4-3",,"posterior",1169.5,0.006594
11,"R_Date","T4-3",,"posterior",1170.5,0.006446
11,"R_Date","T4-3",,"posterior",1171.5,0.006376
11,"R_Date","T4-3",,"posterior",1172.5,0.006435
11,"R_Date","T4-3",,"posterior",1173.5,0.006532
11,"R_Date","T4-3",,"posterior",1174.5,0.006513
11,"R_Date","T4-3",,"posterior",1175.5,0.006597
11,"R_Date","T4-3",,"posterior",1176.5,0.006697
11,"R_Date","T4-3",,"posterior",1177.5,0.006804
11,"R_Date","T4-3",,"posterior",1178.5,0.007001
11,"R_Date","T4-3",,"posterior",1179.5,0.007038
11,"R_Date","T4-3",,"posterior",1180.5,0.00721
11,"R_Date","T4-3",,"posterior",1181.5,0.007349
11,"R_Date","T4-3",,"posterior",1182.5,0.007325
11,"R_Date","T4-3",,"posterior",1183.5,0.007504
11,"R_Date","T4-3",,"posterior",1184.5,0.007517
11,"R_Date","T4-3",,"posterior",1185.5,0.007603
11,"R_Date","T4-3",,"posterior",1186.5,0.007611
11,"R_Date","T4-3",,"posterior",1187.5,0.007542
11,"R_Date","T4-3",,"posterior",1188.5,0.007454
11,"R_Date","T4-3",,"posterior",1189.5,0.007364
11,"R_Date","T4-3",,"posterior",1190.5,0.007382
11,"R_Date","T4-3",,"posterior",1191.5,0.00736
11,"R_Date","T4-3",,"posterior",1192.5,0.007263
11,"R_Date","T4-3",,"posterior",1193.5,0.007266
11,"R_Date","T4-3",,"posterior",1194.5,0.007098
11,"R_Date","T4-3",,"posterior",1195.5,0.007191
11,"R_Date","T4-3",,"posterior",1196.5,0.007102
11,"R_Date","T4-3",,"posterior",1197.5,0.006972
11,"R_Date","T4-3",,"posterior",1198.5,0.007043
11,"R_Date","T4-3",,"posterior",1199.5,0.007107
11,"R_Date","T4-3",,"posterior",1200.5,0.007292
11,"R_Date","T4-3",,"posterior",1201.5,0.007342
11,"R_Date","T4-3",,"posterior",1202.5,0.007439
11,"R_Date","T4-3",,"posterior",1203.5,0.007566
11,"R_Date","T4-3",,"posterior",1204.5,0.007524
11,"R_Date","T4-3",,"posterior",1205.5,0.007545
11,"R_Date","T4-3",,"posterior",1206.5,0.007551
11,"R_Date","T4-3",,"posterior",1207.5,0.007545
11,"R_Date","T4-3",,"posterior",1208.5,0.007622
11,"R_Date","T4-3",,"posterior",1209.5,0.007479
11,"R_Date","T4-3",,"posterior",1210.5,0.007564
11,"R_Date","T4-3",,"posterior",1211.5,0.007716
11,"R_Date","T4-3",,"posterior",1212.5,0.007793
11,"R_Date","T4-3",,"posterior",1213.5,0.00774
11,"R_Date","T4-3",,"posterior",1214.5,0.007899
11,"R_Date","T4-3",,"posterior",1215.5,0.007851
11,"R_Date","T4-3",,"posterior",1216.5,0.007949
11,"R_Date","T4-3",,"posterior",1217.5,0.008038
11,"R_Date","T4-3",,"posterior",1218.5,0.007985
11,"R_Date","T4-3",,"posterior",1219.5,0.008142
11,"R_Date","T4-3",,"posterior",1220.5,0.008005
11,"R_Date","T4-3",,"posterior",1221.5,0.007794
11,"R_Date","T4-3",,"posterior",1222.5,0.007839
11,"R_Date","T4-3",,"posterior",1223.5,0.007777
11,"R_Date","T4-3",,"posterior",1224.5,0.007665
11,"R_Date","T4-3",,"posterior",1225.5,0.007458
11,"R_Date","T4-3",,"posterior",1226.5,0.007329
11,"R_Date","T4-3",,"posterior",1227.5,0.007335
11,"R_Date","T4-3",,"posterior",1228.5,0.007176
11,"R_Date","T4-3",,"posterior",1229.5,0.007129
11,"R_Date","T4-3",,"posterior",1230.5,0.007038
11,"R_Date","T4-3",,"posterior",1231.5,0.006944
11,"R_Date","T4-3",,"posterior",1232.5,0.006917
11,"R_Date","T4-3",,"posterior",1233.5,0.006839
11,"R_Date","T4-3",,"posterior",1234.5,0.006674
11,"R_Date","T4-3",,"posterior",1235.5,0.006656
11,"R_Date","T4-3",,"posterior",1236.5,0.006623
11,"R_Date","T4-3",,"posterior",1237.5,0.006615
11,"R_Date","T4-3",,"posterior",1238.5,0.006583
11,"R_Date","T4-3",,"posterior",1239.5,0.006697
11,"R_Date","T4-3",,"posterior",1240.5,0.006689
11,"R_Date","T4-3",,"posterior",1241.5,0.006671
11,"R_Date","T4-3",,"posterior",1242.5,0.00659
11,"R_Date","T4-3",,"posterior",1243.5,0.006725
11,"R_Date","T4-3",,"posterior",1244.5,0.006587
11,"R_Date","T4-3",,"posterior",1245.5,0.00666
11,"R_Date","T4-3",,"posterior",1246.5,0.006651
11,"R_Date","T4-3",,"posterior",1247.5,0.006585
11,"R_Date","T4-3",,"posterior",1248.5,0.006728
11,"R_Date","T4-3",,"posterior",1249.5,0.006673
11,"R_Date","T4-3",,"posterior",1250.5,0.006508
11,"R_Date","T4-3",,"posterior",1251.5,0.006496
11,"R_Date","T4-3",,"posterior",1252.5,0.00642
11,"R_Date","T4-3",,"posterior",1253.5,0.006307
11,"R_Date","T4-3",,"posterior",1254.5,0.006336
11,"R_Date","T4-3",,"posterior",1255.5,0.006151
11,"R_Date","T4-3",,"posterior",1256.5,0.006133
11,"R_Date","T4-3",,"posterior",1257.5,0.006085
11,"R_Date","T4-3",,"posterior",1258.5,0.005997
11,"R_Date","T4-3",,"posterior",1259.5,0.005878
11,"R_Date","T4-3",,"posterior",1260.5,0.005734
11,"R_Date","T4-3",,"posterior",1261.5,0.005586
11,"R_Date","T4-3",,"posterior",1262.5,0.005428
11,"R_Date","T4-3",,"posterior",1263.5,0.005303
11,"R_Date","T4-3",,"posterior",1264.5,0.004979
11,"R_Date","T4-3",,"posterior",1265.5,0.004862
11,"R_Date","T4-3",,"posterior",1266.5,0.004662
11,"R_Date","T4-3",,"posterior",1267.5,0.004484
11,"R_Date","T4-3",,"posterior",1268.5,0.004241
11,"R_Date","T4-3",,"posterior",1269.5,0.004103
11,"R_Date","T4-3",,"posterior",1270.5,0.003825
11,"R_Date","T4-3",,"posterior",1271.5,0.003656
11,"R_Date","T4-3",,"posterior",1272.5,0.003487
11,"R_Date","T4-3",,"posterior",1273.5,0.003312
11,"R_Date","T4-3",,"posterior",1274.5,0.0030948
11,"R_Date","T4-3",,"posterior",1275.5,0.0028802
11,"R_Date","T4-3",,"posterior",1276.5,0.0026305
11,"R_Date","T4-3",,"posterior",1277.5,0.0023461
11,"R_Date","T4-3",,"posterior",1278.5,0.0021049
11,"R_Date","T4-3",,"posterior",1279.5,0.0018003
11,"R_Date","T4-3",,"posterior",1280.5,0.0015521
11,"R_Date","T4-3",,"posterior",1281.5,0.0013547
11,"R_Date","T4-3",,"posterior",1282.5,0.0011898
11,"R_Date","T4-3",,"posterior",1283.5,0.0011357
11,"R_Date","T4-3",,"posterior",1284.5,0.000975
11,"R_Date","T4-3",,"posterior",1285.5,0.0008591
11,"R_Date","T4-3",,"posterior",1286.5,0.0008521
11,"R_Date","T4-3",,"posterior",1287.5,0.0007839
11,"R_Date","T4-3",,"posterior",1288.5,0.0007083
11,"R_Date","T4-3",,"posterior",1289.5,0.0006724
11,"R_Date","T4-3",,"posterior",1290.5,0.000663
11,"R_Date","T4-3",,"posterior",1291.5,0.0006227
11,"R_Date","T4-3",,"posterior",1292.5,0.0005813
11,"R_Date","T4-3",,"posterior",1293.5,0.0005422
11,"R_Date","T4-3",,"posterior",1294.5,0.0004818
11,"R_Date","T4-3",,"posterior",1295.5,0.0004578
11,"R_Date","T4-3",,"posterior",1296.5,0.0004018
11,"R_Date","T4-3",,"posterior",1297.5,0.0003927
11,"R_Date","T4-3",,"posterior",1298.5,0.0003388
11,"R_Date","T4-3",,"posterior",1299.5,0.00028515
11,"R_Date","T4-3",,"posterior",1300.5,0.00023411
11,"R_Date","T4-3",,"posterior",1301.5,0.00020417
11,"R_Date","T4-3",,"posterior",1302.5,0.00014922
11,"R_Date","T4-3",,"posterior",1303.5,0.00013932
11,"R_Date","T4-3",,"posterior",1304.5,0.00011562
11,"R_Date","T4-3",,"posterior",1305.5,0.0001
11,"R_Date","T4-3",,"posterior",1306.5,0.00009661
11,"R_Date","T4-3",,"posterior",1307.5,0.00007786
11,"R_Date","T4-3",,"posterior",1308.5,0.0000776
11,"R_Date","T4-3",,"posterior",1309.5,0.00006328
11,"R_Date","T4-3",,"posterior",1310.5,0.00005808
11,"R_Date","T4-3",,"posterior",1311.5,0.00004609
11,"R_Date","T4-3",,"posterior",1312.5,0.00005391
11,"R_Date","T4-3",,"posterior",1313.5,0.00004296
11,"R_Date","T4-3",,"posterior",1314.5,0.00005182
11,"R_Date","T4-3",,"posterior",1315.5,0.0000487
11,"R_Date","T4-3",,"posterior",1316.5,0.00003594
11,"R_Date","T4-3",,"posterior",1317.5,0.00004635
11,"R_Date","T4-3",,"posterior",1318.5,0.00003698
11,"R_Date","T4-3",,"posterior",1319.5,0.0000349
11,"R_Date","T4-3",,"posterior",1320.5,0.000030988
11,"R_Date","T4-3",,"posterior",1321.5,0.000023441
11,"R_Date","T4-3",,"posterior",1322.5,0.000023441
11,"R_Date","T4-3",,"posterior",1323.5,0.000015103
11,"R_Date","T4-3",,"posterior",1324.5,0.000012237
11,"R_Date","T4-3",,"posterior",1325.5,0.000010674
11,"R_Date","T4-3",,"posterior",1326.5,0.00000885
11,"R_Date","T4-3",,"posterior",1327.5,0.000007295
11,"R_Date","T4-3",,"posterior",1328.5,0.000005732
11,"R_Date","T4-3",,"posterior",1329.5,0.000005732
11,"R_Date","T4-3",,"posterior",1330.5,0.000004169
11,"R_Date","T4-3",,"posterior",1331.5,0.00000495
11,"R_Date","T4-3",,"posterior",1332.5,0.0000031265
11,"R_Date","T4-3",,"posterior",1333.5,0.000003908
11,"R_Date","T4-3",,"posterior",1334.5,0.00000495
11,"R_Date","T4-3",,"posterior",1335.5,0.000003648
11,"R_Date","T4-3",,"posterior",1336.5,0.0000018238
11,"R_Date","T4-3",,"posterior",1337.5,0.000003908
11,"R_Date","T4-3",,"posterior",1338.5,0.00000495
11,"R_Date","T4-3",,"posterior",1339.5,0.0000026054
11,"R_Date","T4-3",,"posterior",1340.5,0.0000023449
11,"R_Date","T4-3",,"posterior",1341.5,0.000003648
11,"R_Date","T4-3",,"posterior",1342.5,0.000004169
11,"R_Date","T4-3",,"posterior",1343.5,0.0000020843
11,"R_Date","T4-3",,"posterior",1344.5,0.000002866
11,"R_Date","T4-3",,"posterior",1345.5,0.0000026054
11,"R_Date","T4-3",,"posterior",1346.5,0.0000026054
11,"R_Date","T4-3",,"posterior",1347.5,0.0000020843
11,"R_Date","T4-3",,"posterior",1348.5,0.000003648
11,"R_Date","T4-3",,"posterior",1349.5,0.0000015632
11,"R_Date","T4-3",,"posterior",1350.5,0.000002866
11,"R_Date","T4-3",,"posterior",1351.5,0.0000020843
11,"R_Date","T4-3",,"posterior",1352.5,0.000002866
11,"R_Date","T4-3",,"posterior",1353.5,0.0000026054
11,"R_Date","T4-3",,"posterior",1354.5,0.000002866
11,"R_Date","T4-3",,"posterior",1355.5,0.000004429
11,"R_Date","T4-3",,"posterior",1356.5,0.000003387
11,"R_Date","T4-3",,"posterior",1357.5,0.0000015632
11,"R_Date","T4-3",,"posterior",1358.5,0.0000031265
11,"R_Date","T4-3",,"posterior",1359.5,0.00000495
11,"R_Date","T4-3",,"posterior",1360.5,0.00000495
11,"R_Date","T4-3",,"posterior",1361.5,0.000006774
11,"R_Date","T4-3",,"posterior",1362.5,0.000008077
11,"R_Date","T4-3",,"posterior",1363.5,0.000006514
11,"R_Date","T4-3",,"posterior",1364.5,0.00000885
11,"R_Date","T4-3",,"posterior",1365.5,0.000005471
11,"R_Date","T4-3",,"posterior",1366.5,0.000007816
11,"R_Date","T4-3",,"posterior",1367.5,0.00000859
11,"R_Date","T4-3",,"posterior",1368.5,0.00000885
11,"R_Date","T4-3",,"posterior",1369.5,0.000007295
11,"R_Date","T4-3",,"posterior",1370.5,0.000011716
11,"R_Date","T4-3",,"posterior",1371.5,0.000009632
11,"R_Date","T4-3",,"posterior",1372.5,0.000007035
11,"R_Date","T4-3",,"posterior",1373.5,0.000012237
11,"R_Date","T4-3",,"posterior",1374.5,0.00000885
11,"R_Date","T4-3",,"posterior",1375.5,0.000007295
11,"R_Date","T4-3",,"posterior",1376.5,0.000010414
11,"R_Date","T4-3",,"posterior",1377.5,0.000006514
11,"R_Date","T4-3",,"posterior",1378.5,0.000006774
11,"R_Date","T4-3",,"posterior",1379.5,0.000004169
11,"R_Date","T4-3",,"posterior",1380.5,0.0000020843
11,"R_Date","T4-3",,"posterior",1381.5,0.000003908
11,"R_Date","T4-3",,"posterior",1382.5,0.0000026054
12,"Calculate","Event 5",,"posterior",1029.5,0
12,"Calculate","Event 5",,"posterior",1030.5,0.0000013015
12,"Calculate","Event 5",,"posterior",1031.5,0.000003644
12,"Calculate","Event 5",,"posterior",1032.5,0.000004425
12,"Calculate","Event 5",,"posterior",1033.5,0.000007028
12,"Calculate","Event 5",,"posterior",1034.5,0.000004425
12,"Calculate","Event 5",,"posterior",1035.5,0.000005987
12,"Calculate","Event 5",,"posterior",1036.5,0.000007288
12,"Calculate","Event 5",,"posterior",1037.5,0.000006247
12,"Calculate","Event 5",,"posterior",1038.5,0.000010681
12,"Calculate","Event 5",,"posterior",1039.5,0.000009631
12,"Calculate","Event 5",,"posterior",1040.5,0.000011722
12,"Calculate","Event 5",,"posterior",1041.5,0.000011202
12,"Calculate","Event 5",,"posterior",1042.5,0.000013024
12,"Calculate","Event 5",,"posterior",1043.5,0.000015627
12,"Calculate","Event 5",,"posterior",1044.5,0.00001797
12,"Calculate","Event 5",,"posterior",1045.5,0.000015367
12,"Calculate","Event 5",,"posterior",1046.5,0.000020572
12,"Calculate","Event 5",,"posterior",1047.5,0.000022395
12,"Calculate","Event 5",,"posterior",1048.5,0.000023175
12,"Calculate","Event 5",,"posterior",1049.5,0.000023956
12,"Calculate","Event 5",,"posterior",1050.5,0.000029162
12,"Calculate","Event 5",,"posterior",1051.5,0.000029692
12,"Calculate","Event 5",,"posterior",1052.5,0.00003177
12,"Calculate","Event 5",,"posterior",1053.5,0.00003672
12,"Calculate","Event 5",,"posterior",1054.5,0.00003412
12,"Calculate","Event 5",,"posterior",1055.5,0.00004609
12,"Calculate","Event 5",,"posterior",1056.5,0.00004193
12,"Calculate","Event 5",,"posterior",1057.5,0.00005026
12,"Calculate","Event 5",,"posterior",1058.5,0.00005078
12,"Calculate","Event 5",,"posterior",1059.5,0.00005911
12,"Calculate","Event 5",,"posterior",1060.5,0.00006458
12,"Calculate","Event 5",,"posterior",1061.5,0.0000612
12,"Calculate","Event 5",,"posterior",1062.5,0.0000677
12,"Calculate","Event 5",,"posterior",1063.5,0.00007396
12,"Calculate","Event 5",,"posterior",1064.5,0.00007266
12,"Calculate","Event 5",,"posterior",1065.5,0.00007552
12,"Calculate","Event 5",,"posterior",1066.5,0.00008593
12,"Calculate","Event 5",,"posterior",1067.5,0.00008802
12,"Calculate","Event 5",,"posterior",1068.5,0.00010312
12,"Calculate","Event 5",,"posterior",1069.5,0.00010182
12,"Calculate","Event 5",,"posterior",1070.5,0.00011693
12,"Calculate","Event 5",,"posterior",1071.5,0.00011511
12,"Calculate","Event 5",,"posterior",1072.5,0.00011589
12,"Calculate","Event 5",,"posterior",1073.5,0.00012708
12,"Calculate","Event 5",,"posterior",1074.5,0.00013125
12,"Calculate","Event 5",,"posterior",1075.5,0.00013568
12,"Calculate","Event 5",,"posterior",1076.5,0.00013828
12,"Calculate","Event 5",,"posterior",1077.5,0.00014818
12,"Calculate","Event 5",,"posterior",1078.5,0.00015573
12,"Calculate","Event 5",,"posterior",1079.5,0.00016406
12,"Calculate","Event 5",,"posterior",1080.5,0.00016276
12,"Calculate","Event 5",,"posterior",1081.5,0.00016172
12,"Calculate","Event 5",,"posterior",1082.5,0.00017422
12,"Calculate","Event 5",,"posterior",1083.5,0.00017734
12,"Calculate","Event 5",,"posterior",1084.5,0.00018698
12,"Calculate","Event 5",,"posterior",1085.5,0.00018385
12,"Calculate","Event 5",,"posterior",1086.5,0.00018698
12,"Calculate","Event 5",,"posterior",1087.5,0.00020026
12,"Calculate","Event 5",,"posterior",1088.5,0.00021068
12,"Calculate","Event 5",,"posterior",1089.5,0.00018619
12,"Calculate","Event 5",,"posterior",1090.5,0.00020572
12,"Calculate","Event 5",,"posterior",1091.5,0.00021354
12,"Calculate","Event 5",,"posterior",1092.5,0.00022917
12,"Calculate","Event 5",,"posterior",1093.5,0.00021536
12,"Calculate","Event 5",,"posterior",1094.5,0.00023724
12,"Calculate","Event 5",,"posterior",1095.5,0.00022526
12,"Calculate","Event 5",,"posterior",1096.5,0.00024714
12,"Calculate","Event 5",,"posterior",1097.5,0.00025911
12,"Calculate","Event 5",,"posterior",1098.5,0.00027422
12,"Calculate","Event 5",,"posterior",1099.5,0.00026849
12,"Calculate","Event 5",,"posterior",1100.5,0.00027057
12,"Calculate","Event 5",,"posterior",1101.5,0.00026771
12,"Calculate","Event 5",,"posterior",1102.5,0.00027864
12,"Calculate","Event 5",,"posterior",1103.5,0.00028933
12,"Calculate","Event 5",,"posterior",1104.5,0.00030208
12,"Calculate","Event 5",,"posterior",1105.5,0.0003211
12,"Calculate","Event 5",,"posterior",1106.5,0.00030808
12,"Calculate","Event 5",,"posterior",1107.5,0.0003263
12,"Calculate","Event 5",,"posterior",1108.5,0.0003279
12,"Calculate","Event 5",,"posterior",1109.5,0.0003404
12,"Calculate","Event 5",,"posterior",1110.5,0.0003354
12,"Calculate","Event 5",,"posterior",1111.5,0.0003482
12,"Calculate","Event 5",,"posterior",1112.5,0.0003609
12,"Calculate","Event 5",,"posterior",1113.5,0.0003596
12,"Calculate","Event 5",,"posterior",1114.5,0.0003878
12,"Calculate","Event 5",,"posterior",1115.5,0.0003825
12,"Calculate","Event 5",,"posterior",1116.5,0.000382
12,"Calculate","Event 5",,"posterior",1117.5,0.0003961
12,"Calculate","Event 5",,"posterior",1118.5,0.0004128
12,"Calculate","Event 5",,"posterior",1119.5,0.0004151
12,"Calculate","Event 5",,"posterior",1120.5,0.0004273
12,"Calculate","Event 5",,"posterior",1121.5,0.0004414
12,"Calculate","Event 5",,"posterior",1122.5,0.000444
12,"Calculate","Event 5",,"posterior",1123.5,0.0004542
12,"Calculate","Event 5",,"posterior",1124.5,0.0004583
12,"Calculate","Event 5",,"posterior",1125.5,0.0004698
12,"Calculate","Event 5",,"posterior",1126.5,0.0004815
12,"Calculate","Event 5",,"posterior",1127.5,0.0004919
12,"Calculate","Event 5",,"posterior",1128.5,0.000494
12,"Calculate","Event 5",,"posterior",1129.5,0.000538
12,"Calculate","Event 5",,"posterior",1130.5,0.0005208
12,"Calculate","Event 5",,"posterior",1131.5,0.0005299
12,"Calculate","Event 5",,"posterior",1132.5,0.0005664
12,"Calculate","Event 5",,"posterior",1133.5,0.0005578
12,"Calculate","Event 5",,"posterior",1134.5,0.000576
12,"Calculate","Event 5",,"posterior",1135.5,0.0006107
12,"Calculate","Event 5",,"posterior",1136.5,0.0006133
12,"Calculate","Event 5",,"posterior",1137.5,0.0006096
12,"Calculate","Event 5",,"posterior",1138.5,0.0006638
12,"Calculate","Event 5",,"posterior",1139.5,0.0006482
12,"Calculate","Event 5",,"posterior",1140.5,0.0006583
12,"Calculate","Event 5",,"posterior",1141.5,0.0006891
12,"Calculate","Event 5",,"posterior",1142.5,0.0006867
12,"Calculate","Event 5",,"posterior",1143.5,0.0006987
12,"Calculate","Event 5",,"posterior",1144.5,0.000732
12,"Calculate","Event 5",,"posterior",1145.5,0.000738
12,"Calculate","Event 5",,"posterior",1146.5,0.0007354
12,"Calculate","Event 5",,"posterior",1147.5,0.0007716
12,"Calculate","Event 5",,"posterior",1148.5,0.0007878
12,"Calculate","Event 5",,"posterior",1149.5,0.0007987
12,"Calculate","Event 5",,"posterior",1150.5,0.0008297
12,"Calculate","Event 5",,"posterior",1151.5,0.000819
12,"Calculate","Event 5",,"posterior",1152.5,0.000843
12,"Calculate","Event 5",,"posterior",1153.5,0.0008924
12,"Calculate","Event 5",,"posterior",1154.5,0.0009005
12,"Calculate","Event 5",,"posterior",1155.5,0.0009161
12,"Calculate","Event 5",,"posterior",1156.5,0.0009635
12,"Calculate","Event 5",,"posterior",1157.5,0.0009409
12,"Calculate","Event 5",,"posterior",1158.5,0.0009922
12,"Calculate","Event 5",,"posterior",1159.5,0.0010427
12,"Calculate","Event 5",,"posterior",1160.5,0.0010461
12,"Calculate","Event 5",,"posterior",1161.5,0.001069
12,"Calculate","Event 5",,"posterior",1162.5,0.0011466
12,"Calculate","Event 5",,"posterior",1163.5,0.001112
12,"Calculate","Event 5",,"posterior",1164.5,0.0011617
12,"Calculate","Event 5",,"posterior",1165.5,0.0011951
12,"Calculate","Event 5",,"posterior",1166.5,0.0012409
12,"Calculate","Event 5",,"posterior",1167.5,0.0012714
12,"Calculate","Event 5",,"posterior",1168.5,0.0013148
12,"Calculate","Event 5",,"posterior",1169.5,0.0013682
12,"Calculate","Event 5",,"posterior",1170.5,0.0014023
12,"Calculate","Event 5",,"posterior",1171.5,0.0014716
12,"Calculate","Event 5",,"posterior",1172.5,0.0015081
12,"Calculate","Event 5",,"posterior",1173.5,0.0015276
12,"Calculate","Event 5",,"posterior",1174.5,0.0015354
12,"Calculate","Event 5",,"posterior",1175.5,0.0016427
12,"Calculate","Event 5",,"posterior",1176.5,0.0016451
12,"Calculate","Event 5",,"posterior",1177.5,0.0017474
12,"Calculate","Event 5",,"posterior",1178.5,0.001781
12,"Calculate","Event 5",,"posterior",1179.5,0.0018617
12,"Calculate","Event 5",,"posterior",1180.5,0.0018854
12,"Calculate","Event 5",,"posterior",1181.5,0.0019284
12,"Calculate","Event 5",,"posterior",1182.5,0.0019651
12,"Calculate","Event 5",,"posterior",1183.5,0.0020297
12,"Calculate","Event 5",,"posterior",1184.5,0.0020719
12,"Calculate","Event 5",,"posterior",1185.5,0.002106
12,"Calculate","Event 5",,"posterior",1186.5,0.0021344
12,"Calculate","Event 5",,"posterior",1187.5,0.0022807
12,"Calculate","Event 5",,"posterior",1188.5,0.002307
12,"Calculate","Event 5",,"posterior",1189.5,0.002394
12,"Calculate","Event 5",,"posterior",1190.5,0.0023836
12,"Calculate","Event 5",,"posterior",1191.5,0.002463
12,"Calculate","Event 5",,"posterior",1192.5,0.0025326
12,"Calculate","Event 5",,"posterior",1193.5,0.0025552
12,"Calculate","Event 5",,"posterior",1194.5,0.0025943
12,"Calculate","Event 5",,"posterior",1195.5,0.0026753
12,"Calculate","Event 5",,"posterior",1196.5,0.0027034
12,"Calculate","Event 5",,"posterior",1197.5,0.0027883
12,"Calculate","Event 5",,"posterior",1198.5,0.0028901
12,"Calculate","Event 5",,"posterior",1199.5,0.0029544
12,"Calculate","Event 5",,"posterior",1200.5,0.0029547
12,"Calculate","Event 5",,"posterior",1201.5,0.0030437
12,"Calculate","Event 5",,"posterior",1202.5,0.003013
12,"Calculate","Event 5",,"posterior",1203.5,0.003165
12,"Calculate","Event 5",,"posterior",1204.5,0.003213
12,"Calculate","Event 5",,"posterior",1205.5,0.003323
12,"Calculate","Event 5",,"posterior",1206.5,0.003356
12,"Calculate","Event 5",,"posterior",1207.5,0.00341
12,"Calculate","Event 5",,"posterior",1208.5,0.003457
12,"Calculate","Event 5",,"posterior",1209.5,0.003567
12,"Calculate","Event 5",,"posterior",1210.5,0.003607
12,"Calculate","Event 5",,"posterior",1211.5,0.003632
12,"Calculate","Event 5",,"posterior",1212.5,0.003747
12,"Calculate","Event 5",,"posterior",1213.5,0.003819
12,"Calculate","Event 5",,"posterior",1214.5,0.003863
12,"Calculate","Event 5",,"posterior",1215.5,0.003942
12,"Calculate","Event 5",,"posterior",1216.5,0.004065
12,"Calculate","Event 5",,"posterior",1217.5,0.004099
12,"Calculate","Event 5",,"posterior",1218.5,0.004178
12,"Calculate","Event 5",,"posterior",1219.5,0.004284
12,"Calculate","Event 5",,"posterior",1220.5,0.004276
12,"Calculate","Event 5",,"posterior",1221.5,0.004405
12,"Calculate","Event 5",,"posterior",1222.5,0.004489
12,"Calculate","Event 5",,"posterior",1223.5,0.004555
12,"Calculate","Event 5",,"posterior",1224.5,0.004647
12,"Calculate","Event 5",,"posterior",1225.5,0.004708
12,"Calculate","Event 5",,"posterior",1226.5,0.004814
12,"Calculate","Event 5",,"posterior",1227.5,0.004861
12,"Calculate","Event 5",,"posterior",1228.5,0.00498
12,"Calculate","Event 5",,"posterior",1229.5,0.005037
12,"Calculate","Event 5",,"posterior",1230.5,0.00518
12,"Calculate","Event 5",,"posterior",1231.5,0.005227
12,"Calculate","Event 5",,"posterior",1232.5,0.005289
12,"Calculate","Event 5",,"posterior",1233.5,0.0053
12,"Calculate","Event 5",,"posterior",1234.5,0.005456
12,"Calculate","Event 5",,"posterior",1235.5,0.005433
12,"Calculate","Event 5",,"posterior",1236.5,0.005559
12,"Calculate","Event 5",,"posterior",1237.5,0.005669
12,"Calculate","Event 5",,"posterior",1238.5,0.0057
12,"Calculate","Event 5",,"posterior",1239.5,0.005759
12,"Calculate","Event 5",,"posterior",1240.5,0.005825
12,"Calculate","Event 5",,"posterior",1241.5,0.005878
12,"Calculate","Event 5",,"posterior",1242.5,0.006034
12,"Calculate","Event 5",,"posterior",1243.5,0.006132
12,"Calculate","Event 5",,"posterior",1244.5,0.006208
12,"Calculate","Event 5",,"posterior",1245.5,0.006267
12,"Calculate","Event 5",,"posterior",1246.5,0.006437
12,"Calculate","Event 5",,"posterior",1247.5,0.006454
12,"Calculate","Event 5",,"posterior",1248.5,0.00664
12,"Calculate","Event 5",,"posterior",1249.5,0.006626
12,"Calculate","Event 5",,"posterior",1250.5,0.006692
12,"Calculate","Event 5",,"posterior",1251.5,0.006811
12,"Calculate","Event 5",,"posterior",1252.5,0.00687
12,"Calculate","Event 5",,"posterior",1253.5,0.006959
12,"Calculate","Event 5",,"posterior",1254.5,0.007041
12,"Calculate","Event 5",,"posterior",1255.5,0.007134
12,"Calculate","Event 5",,"posterior",1256.5,0.007251
12,"Calculate","Event 5",,"posterior",1257.5,0.007325
12,"Calculate","Event 5",,"posterior",1258.5,0.007435
12,"Calculate","Event 5",,"posterior",1259.5,0.00753
12,"Calculate","Event 5",,"posterior",1260.5,0.007677
12,"Calculate","Event 5",,"posterior",1261.5,0.007736
12,"Calculate","Event 5",,"posterior",1262.5,0.007793
12,"Calculate","Event 5",,"posterior",1263.5,0.007868
12,"Calculate","Event 5",,"posterior",1264.5,0.007949
12,"Calculate","Event 5",,"posterior",1265.5,0.008025
12,"Calculate","Event 5",,"posterior",1266.5,0.008118
12,"Calculate","Event 5",,"posterior",1267.5,0.008182
12,"Calculate","Event 5",,"posterior",1268.5,0.008314
12,"Calculate","Event 5",,"posterior",1269.5,0.008395
12,"Calculate","Event 5",,"posterior",1270.5,0.008458
12,"Calculate","Event 5",,"posterior",1271.5,0.008482
12,"Calculate","Event 5",,"posterior",1272.5,0.008591
12,"Calculate","Event 5",,"posterior",1273.5,0.008589
12,"Calculate","Event 5",,"posterior",1274.5,0.008732
12,"Calculate","Event 5",,"posterior",1275.5,0.008783
12,"Calculate","Event 5",,"posterior",1276.5,0.008837
12,"Calculate","Event 5",,"posterior",1277.5,0.008859
12,"Calculate","Event 5",,"posterior",1278.5,0.008974
12,"Calculate","Event 5",,"posterior",1279.5,0.008922
12,"Calculate","Event 5",,"posterior",1280.5,0.008929
12,"Calculate","Event 5",,"posterior",1281.5,0.00892
12,"Calculate","Event 5",,"posterior",1282.5,0.008884
12,"Calculate","Event 5",,"posterior",1283.5,0.008976
12,"Calculate","Event 5",,"posterior",1284.5,0.008943
12,"Calculate","Event 5",,"posterior",1285.5,0.008912
12,"Calculate","Event 5",,"posterior",1286.5,0.008929
12,"Calculate","Event 5",,"posterior",1287.5,0.008745
12,"Calculate","Event 5",,"posterior",1288.5,0.008828
12,"Calculate","Event 5",,"posterior",1289.5,0.008738
12,"Calculate","Event 5",,"posterior",1290.5,0.008911
12,"Calculate","Event 5",,"posterior",1291.5,0.00868
12,"Calculate","Event 5",,"posterior",1292.5,0.008695
12,"Calculate","Event 5",,"posterior",1293.5,0.008618
12,"Calculate","Event 5",,"posterior",1294.5,0.008564
12,"Calculate","Event 5",,"posterior",1295.5,0.008547
12,"Calculate","Event 5",,"posterior",1296.5,0.008441
12,"Calculate","Event 5",,"posterior",1297.5,0.00852
12,"Calculate","Event 5",,"posterior",1298.5,0.008336
12,"Calculate","Event 5",,"posterior",1299.5,0.008272
12,"Calculate","Event 5",,"posterior",1300.5,0.008196
12,"Calculate","Event 5",,"posterior",1301.5,0.008107
12,"Calculate","Event 5",,"posterior",1302.5,0.007976
12,"Calculate","Event 5",,"posterior",1303.5,0.007857
12,"Calculate","Event 5",,"posterior",1304.5,0.00771
12,"Calculate","Event 5",,"posterior",1305.5,0.007573
12,"Calculate","Event 5",,"posterior",1306.5,0.007447
12,"Calculate","Event 5",,"posterior",1307.5,0.007237
12,"Calculate","Event 5",,"posterior",1308.5,0.007044
12,"Calculate","Event 5",,"posterior",1309.5,0.00687
12,"Calculate","Event 5",,"posterior",1310.5,0.006638
12,"Calculate","Event 5",,"posterior",1311.5,0.006594
12,"Calculate","Event 5",,"posterior",1312.5,0.006301
12,"Calculate","Event 5",,"posterior",1313.5,0.006203
12,"Calculate","Event 5",,"posterior",1314.5,0.005986
12,"Calculate","Event 5",,"posterior",1315.5,0.005794
12,"Calculate","Event 5",,"posterior",1316.5,0.005695
12,"Calculate","Event 5",,"posterior",1317.5,0.005568
12,"Calculate","Event 5",,"posterior",1318.5,0.005439
12,"Calculate","Event 5",,"posterior",1319.5,0.005186
12,"Calculate","Event 5",,"posterior",1320.5,0.004955
12,"Calculate","Event 5",,"posterior",1321.5,0.004924
12,"Calculate","Event 5",,"posterior",1322.5,0.004683
12,"Calculate","Event 5",,"posterior",1323.5,0.004478
12,"Calculate","Event 5",,"posterior",1324.5,0.004377
12,"Calculate","Event 5",,"posterior",1325.5,0.004182
12,"Calculate","Event 5",,"posterior",1326.5,0.004037
12,"Calculate","Event 5",,"posterior",1327.5,0.003742
12,"Calculate","Event 5",,"posterior",1328.5,0.003591
12,"Calculate","Event 5",,"posterior",1329.5,0.003335
12,"Calculate","Event 5",,"posterior",1330.5,0.003191
12,"Calculate","Event 5",,"posterior",1331.5,0.0030362
12,"Calculate","Event 5",,"posterior",1332.5,0.0028924
12,"Calculate","Event 5",,"posterior",1333.5,0.0026958
12,"Calculate","Event 5",,"posterior",1334.5,0.002501
12,"Calculate","Event 5",,"posterior",1335.5,0.002393
12,"Calculate","Event 5",,"posterior",1336.5,0.0021893
12,"Calculate","Event 5",,"posterior",1337.5,0.0021247
12,"Calculate","Event 5",,"posterior",1338.5,0.0019924
12,"Calculate","Event 5",,"posterior",1339.5,0.001832
12,"Calculate","Event 5",,"posterior",1340.5,0.0017781
12,"Calculate","Event 5",,"posterior",1341.5,0.0015997
12,"Calculate","Event 5",,"posterior",1342.5,0.0015305
12,"Calculate","Event 5",,"posterior",1343.5,0.0014052
12,"Calculate","Event 5",,"posterior",1344.5,0.0013445
12,"Calculate","Event 5",,"posterior",1345.5,0.0012518
12,"Calculate","Event 5",,"posterior",1346.5,0.0012068
12,"Calculate","Event 5",,"posterior",1347.5,0.001088
12,"Calculate","Event 5",,"posterior",1348.5,0.0010352
12,"Calculate","Event 5",,"posterior",1349.5,0.000955
12,"Calculate","Event 5",,"posterior",1350.5,0.0009109
12,"Calculate","Event 5",,"posterior",1351.5,0.0008438
12,"Calculate","Event 5",,"posterior",1352.5,0.0007815
12,"Calculate","Event 5",,"posterior",1353.5,0.0007263
12,"Calculate","Event 5",,"posterior",1354.5,0.0006549
12,"Calculate","Event 5",,"posterior",1355.5,0.0006508
12,"Calculate","Event 5",,"posterior",1356.5,0.0006034
12,"Calculate","Event 5",,"posterior",1357.5,0.0005549
12,"Calculate","Event 5",,"posterior",1358.5,0.0005484
12,"Calculate","Event 5",,"posterior",1359.5,0.0005018
12,"Calculate","Event 5",,"posterior",1360.5,0.0004818
12,"Calculate","Event 5",,"posterior",1361.5,0.000487
12,"Calculate","Event 5",,"posterior",1362.5,0.0004341
12,"Calculate","Event 5",,"posterior",1363.5,0.0004398
12,"Calculate","Event 5",,"posterior",1364.5,0.0004146
12,"Calculate","Event 5",,"posterior",1365.5,0.0004091
12,"Calculate","Event 5",,"posterior",1366.5,0.0004036
12,"Calculate","Event 5",,"posterior",1367.5,0.0003628
12,"Calculate","Event 5",,"posterior",1368.5,0.0003516
12,"Calculate","Event 5",,"posterior",1369.5,0.0003677
12,"Calculate","Event 5",,"posterior",1370.5,0.000351
12,"Calculate","Event 5",,"posterior",1371.5,0.000337
12,"Calculate","Event 5",,"posterior",1372.5,0.0003482
12,"Calculate","Event 5",,"posterior",1373.5,0.0003326
12,"Calculate","Event 5",,"posterior",1374.5,0.0003258
12,"Calculate","Event 5",,"posterior",1375.5,0.0003362
12,"Calculate","Event 5",,"posterior",1376.5,0.0003167
12,"Calculate","Event 5",,"posterior",1377.5,0.00030938
12,"Calculate","Event 5",,"posterior",1378.5,0.0003208
12,"Calculate","Event 5",,"posterior",1379.5,0.00029818
12,"Calculate","Event 5",,"posterior",1380.5,0.0002875
12,"Calculate","Event 5",,"posterior",1381.5,0.0002849
12,"Calculate","Event 5",,"posterior",1382.5,0.00029609
12,"Calculate","Event 5",,"posterior",1383.5,0.00028307
12,"Calculate","Event 5",,"posterior",1384.5,0.00027812
12,"Calculate","Event 5",,"posterior",1385.5,0.00025807
12,"Calculate","Event 5",,"posterior",1386.5,0.00022917
12,"Calculate","Event 5",,"posterior",1387.5,0.00022813
12,"Calculate","Event 5",,"posterior",1388.5,0.00021953
12,"Calculate","Event 5",,"posterior",1389.5,0.0002151
12,"Calculate","Event 5",,"posterior",1390.5,0.0002151
12,"Calculate","Event 5",,"posterior",1391.5,0.0001987
12,"Calculate","Event 5",,"posterior",1392.5,0.00018907
12,"Calculate","Event 5",,"posterior",1393.5,0.00018619
12,"Calculate","Event 5",,"posterior",1394.5,0.00015078
12,"Calculate","Event 5",,"posterior",1395.5,0.00016068
12,"Calculate","Event 5",,"posterior",1396.5,0.00013828
12,"Calculate","Event 5",,"posterior",1397.5,0.00013828
12,"Calculate","Event 5",,"posterior",1398.5,0.00012213
12,"Calculate","Event 5",,"posterior",1399.5,0.0001125
12,"Calculate","Event 5",,"posterior",1400.5,0.00010494
12,"Calculate","Event 5",,"posterior",1401.5,0.00009792
12,"Calculate","Event 5",,"posterior",1402.5,0.00008541
12,"Calculate","Event 5",,"posterior",1403.5,0.00007474
12,"Calculate","Event 5",,"posterior",1404.5,0.00007865
12,"Calculate","Event 5",,"posterior",1405.5,0.00006744
12,"Calculate","Event 5",,"posterior",1406.5,0.00005833
12,"Calculate","Event 5",,"posterior",1407.5,0.00005417
12,"Calculate","Event 5",,"posterior",1408.5,0.00004297
12,"Calculate","Event 5",,"posterior",1409.5,0.00004375
12,"Calculate","Event 5",,"posterior",1410.5,0.00003282
12,"Calculate","Event 5",,"posterior",1411.5,0.000031254
12,"Calculate","Event 5",,"posterior",1412.5,0.000030733
12,"Calculate","Event 5",,"posterior",1413.5,0.000021874
12,"Calculate","Event 5",,"posterior",1414.5,0.000025518
12,"Calculate","Event 5",,"posterior",1415.5,0.00001875
12,"Calculate","Event 5",,"posterior",1416.5,0.00001875
12,"Calculate","Event 5",,"posterior",1417.5,0.000017189
12,"Calculate","Event 5",,"posterior",1418.5,0.000011983
12,"Calculate","Event 5",,"posterior",1419.5,0.000012764
12,"Calculate","Event 5",,"posterior",1420.5,0.000007549
12,"Calculate","Event 5",,"posterior",1421.5,0.00000885
12,"Calculate","Event 5",,"posterior",1422.5,0.00000859
12,"Calculate","Event 5",,"posterior",1423.5,0.000007028
12,"Calculate","Event 5",,"posterior",1424.5,0.000005466
12,"Calculate","Event 5",,"posterior",1425.5,0.000004946
12,"Calculate","Event 5",,"posterior",1426.5,0.0000028633
12,"Calculate","Event 5",,"posterior",1427.5,0.000003644
12,"Calculate","Event 5",,"posterior",1428.5,0.0000028633
12,"Calculate","Event 5",,"posterior",1429.5,0.0000028633
12,"Calculate","Event 5",,"posterior",1430.5,0.0000015618
12,"Calculate","Event 5",,"posterior",1431.5,0.0000020824
12,"Calculate","Event 5",,"posterior",1432.5,0.0000018221
12,"Calculate","Event 5",,"posterior",1433.5,5.206e-7
12,"Calculate","Event 5",,"posterior",1434.5,0.0000013015
12,"Calculate","Event 5",,"posterior",1435.5,0.0000013015
12,"Calculate","Event 5",,"posterior",1436.5,5.206e-7
12,"Calculate","Event 5",,"posterior",1437.5,0.0000013015
12,"Calculate","Event 5",,"posterior",1438.5,0.0000010412
12,"Calculate","Event 5",,"posterior",1439.5,0.0000010412
12,"Calculate","Event 5",,"posterior",1440.5,7.809e-7
14,"R_Date","T4-20",,"likelihood",1040.5,0
14,"R_Date","T4-20",,"likelihood",1041.5,8.352e-9
14,"R_Date","T4-20",,"likelihood",1042.5,8.352e-9
14,"R_Date","T4-20",,"likelihood",1043.5,8.352e-9
14,"R_Date","T4-20",,"likelihood",1044.5,8.352e-9
14,"R_Date","T4-20",,"likelihood",1045.5,8.352e-9
14,"R_Date","T4-20",,"likelihood",1046.5,8.352e-9
14,"R_Date","T4-20",,"likelihood",1047.5,1.6705e-8
14,"R_Date","T4-20",,"likelihood",1048.5,1.6705e-8
14,"R_Date","T4-20",,"likelihood",1049.5,1.6705e-8
14,"R_Date","T4-20",,"likelihood",1050.5,2.5057e-8
14,"R_Date","T4-20",,"likelihood",1051.5,3.341e-8
14,"R_Date","T4-20",,"likelihood",1052.5,5.011e-8
14,"R_Date","T4-20",,"likelihood",1053.5,6.682e-8
14,"R_Date","T4-20",,"likelihood",1054.5,8.352e-8
14,"R_Date","T4-20",,"likelihood",1055.5,9.187e-8
14,"R_Date","T4-20",,"likelihood",1056.5,9.187e-8
14,"R_Date","T4-20",,"likelihood",1057.5,9.187e-8
14,"R_Date","T4-20",,"likelihood",1058.5,8.352e-8
14,"R_Date","T4-20",,"likelihood",1059.5,7.517e-8
14,"R_Date","T4-20",,"likelihood",1060.5,6.682e-8
14,"R_Date","T4-20",,"likelihood",1061.5,6.682e-8
14,"R_Date","T4-20",,"likelihood",1062.5,5.847e-8
14,"R_Date","T4-20",,"likelihood",1063.5,5.847e-8
14,"R_Date","T4-20",,"likelihood",1064.5,5.847e-8
14,"R_Date","T4-20",,"likelihood",1065.5,5.847e-8
14,"R_Date","T4-20",,"likelihood",1066.5,5.847e-8
14,"R_Date","T4-20",,"likelihood",1067.5,6.682e-8
14,"R_Date","T4-20",,"likelihood",1068.5,6.682e-8
14,"R_Date","T4-20",,"likelihood",1069.5,6.682e-8
14,"R_Date","T4-20",,"likelihood",1070.5,6.682e-8
14,"R_Date","T4-20",,"likelihood",1071.5,6.682e-8
14,"R_Date","T4-20",,"likelihood",1072.5,6.682e-8
14,"R_Date","T4-20",,"likelihood",1073.5,6.682e-8
14,"R_Date","T4-20",,"likelihood",1074.5,6.682e-8
14,"R_Date","T4-20",,"likelihood",1075.5,6.682e-8
14,"R_Date","T4-20",,"likelihood",1076.5,5.847e-8
14,"R_Date","T4-20",,"likelihood",1077.5,5.011e-8
14,"R_Date","T4-20",,"likelihood",1078.5,5.011e-8
14,"R_Date","T4-20",,"likelihood",1079.5,4.176e-8
14,"R_Date","T4-20",,"likelihood",1080.5,2.5057e-8
14,"R_Date","T4-20",,"likelihood",1081.5,2.5057e-8
14,"R_Date","T4-20",,"likelihood",1082.5,1.6705e-8
14,"R_Date","T4-20",,"likelihood",1083.5,1.6705e-8
14,"R_Date","T4-20",,"likelihood",1084.5,8.352e-9
14,"R_Date","T4-20",,"likelihood",1085.5,8.352e-9
14,"R_Date","T4-20",,"likelihood",1086.5,8.352e-9
14,"R_Date","T4-20",,"likelihood",1087.5,8.352e-9
14,"R_Date","T4-20",,"likelihood",1088.5,8.352e-9
14,"R_Date","T4-20",,"likelihood",1089.5,8.352e-9
14,"R_Date","T4-20",,"likelihood",1090.5,8.352e-9
14,"R_Date","T4-20",,"likelihood",1091.5,8.352e-9
14,"R_Date","T4-20",,"likelihood",1092.5,8.352e-9
14,"R_Date","T4-20",,"likelihood",1093.5,8.352e-9
14,"R_Date","T4-20",,"likelihood",1094.5,8.352e-9
14,"R_Date","T4-20",,"likelihood",1095.5,1.6705e-8
14,"R_Date","T4-20",,"likelihood",1096.5,1.6705e-8
14,"R_Date","T4-20",,"likelihood",1097.5,1.6705e-8
14,"R_Date","T4-20",,"likelihood",1098.5,1.6705e-8
14,"R_Date","T4-20",,"likelihood",1099.5,1.6705e-8
14,"R_Date","T4-20",,"likelihood",1100.5,1.6705e-8
14,"R_Date","T4-20",,"likelihood",1101.5,1.6705e-8
14,"R_Date","T4-20",,"likelihood",1102.5,1.6705e-8
14,"R_Date","T4-20",,"likelihood",1103.5,8.352e-9
14,"R_Date","T4-20",,"likelihood",1104.5,8.352e-9
14,"R_Date","T4-20",,"likelihood",1105.5,8.352e-9
14,"R_Date","T4-20",,"likelihood",1106.5,8.352e-9
14,"R_Date","T4-20",,"likelihood",1107.5,8.352e-9
14,"R_Date","T4-20",,"likelihood",1108.5,8.352e-9
14,"R_Date","T4-20",,"likelihood",1109.5,8.352e-9
14,"R_Date","T4-20",,"likelihood",1110.5,8.352e-9
14,"R_Date","T4-20",,"likelihood",1111.5,8.352e-9
14,"R_Date","T4-20",,"likelihood",1112.5,8.352e-9
14,"R_Date","T4-20",,"likelihood",1113.5,8.352e-9
14,"R_Date","T4-20",,"likelihood",1114.5,8.352e-9
14,"R_Date","T4-20",,"likelihood",1115.5,8.352e-9
14,"R_Date","T4-20",,"likelihood",1116.5,8.352e-9
14,"R_Date","T4-20",,"likelihood",1117.5,8.352e-9
14,"R_Date","T4-20",,"likelihood",1118.5,8.352e-9
14,"R_Date","T4-20",,"likelihood",1119.5,8.352e-9
14,"R_Date","T4-20",,"likelihood",1120.5,8.352e-9
14,"R_Date","T4-20",,"likelihood",1121.5,8.352e-9
14,"R_Date","T4-20",,"likelihood",1122.5,8.352e-9
14,"R_Date","T4-20",,"likelihood",1123.5,8.352e-9
14,"R_Date","T4-20",,"likelihood",1124.5,8.352e-9
14,"R_Date","T4-20",,"likelihood",1125.5,1.6705e-8
14,"R_Date","T4-20",,"likelihood",1126.5,1.6705e-8
14,"R_Date","T4-20",,"likelihood",1127.5,1.6705e-8
14,"R_Date","T4-20",,"likelihood",1128.5,1.6705e-8
14,"R_Date","T4-20",,"likelihood",1129.5,1.6705e-8
14,"R_Date","T4-20",,"likelihood",1130.5,1.6705e-8
14,"R_Date","T4-20",,"likelihood",1131.5,1.6705e-8
14,"R_Date","T4-20",,"likelihood",1132.5,1.6705e-8
14,"R_Date","T4-20",,"likelihood",1133.5,1.6705e-8
14,"R_Date","T4-20",,"likelihood",1134.5,1.6705e-8
14,"R_Date","T4-20",,"likelihood",1135.5,2.5057e-8
14,"R_Date","T4-20",,"likelihood",1136.5,2.5057e-8
14,"R_Date","T4-20",,"likelihood",1137.5,1.6705e-8
14,"R_Date","T4-20",,"likelihood",1138.5,1.6705e-8
14,"R_Date","T4-20",,"likelihood",1139.5,1.6705e-8
14,"R_Date","T4-20",,"likelihood",1140.5,1.6705e-8
14,"R_Date","T4-20",,"likelihood",1141.5,1.6705e-8
14,"R_Date","T4-20",,"likelihood",1142.5,8.352e-9
14,"R_Date","T4-20",,"likelihood",1143.5,8.352e-9
14,"R_Date","T4-20",,"likelihood",1144.5,8.352e-9
14,"R_Date","T4-20",,"likelihood",1145.5,8.352e-9
14,"R_Date","T4-20",,"likelihood",1146.5,1.6705e-8
14,"R_Date","T4-20",,"likelihood",1147.5,1.6705e-8
14,"R_Date","T4-20",,"likelihood",1148.5,1.6705e-8
14,"R_Date","T4-20",,"likelihood",1149.5,1.6705e-8
14,"R_Date","T4-20",,"likelihood",1150.5,1.6705e-8
14,"R_Date","T4-20",,"likelihood",1151.5,1.6705e-8
14,"R_Date","T4-20",,"likelihood",1152.5,2.5057e-8
14,"R_Date","T4-20",,"likelihood",1153.5,2.5057e-8
14,"R_Date","T4-20",,"likelihood",1154.5,3.341e-8
14,"R_Date","T4-20",,"likelihood",1155.5,4.176e-8
14,"R_Date","T4-20",,"likelihood",1156.5,5.847e-8
14,"R_Date","T4-20",,"likelihood",1157.5,7.517e-8
14,"R_Date","T4-20",,"likelihood",1158.5,1.0023e-7
14,"R_Date","T4-20",,"likelihood",1159.5,1.2528e-7
14,"R_Date","T4-20",,"likelihood",1160.5,1.5034e-7
14,"R_Date","T4-20",,"likelihood",1161.5,1.754e-7
14,"R_Date","T4-20",,"likelihood",1162.5,2.1716e-7
14,"R_Date","T4-20",,"likelihood",1163.5,2.5892e-7
14,"R_Date","T4-20",,"likelihood",1164.5,3.0068e-7
14,"R_Date","T4-20",,"likelihood",1165.5,3.759e-7
14,"R_Date","T4-20",,"likelihood",1166.5,4.343e-7
14,"R_Date","T4-20",,"likelihood",1167.5,5.011e-7
14,"R_Date","T4-20",,"likelihood",1168.5,5.512e-7
14,"R_Date","T4-20",,"likelihood",1169.5,5.512e-7
14,"R_Date","T4-20",,"likelihood",1170.5,5.512e-7
14,"R_Date","T4-20",,"likelihood",1171.5,5.262e-7
14,"R_Date","T4-20",,"likelihood",1172.5,5.262e-7
14,"R_Date","T4-20",,"likelihood",1173.5,5.262e-7
14,"R_Date","T4-20",,"likelihood",1174.5,5.262e-7
14,"R_Date","T4-20",,"likelihood",1175.5,5.847e-7
14,"R_Date","T4-20",,"likelihood",1176.5,6.431e-7
14,"R_Date","T4-20",,"likelihood",1177.5,7.183e-7
14,"R_Date","T4-20",,"likelihood",1178.5,8.352e-7
14,"R_Date","T4-20",,"likelihood",1179.5,9.689e-7
14,"R_Date","T4-20",,"likelihood",1180.5,0.0000011276
14,"R_Date","T4-20",,"likelihood",1181.5,0.0000012528
14,"R_Date","T4-20",,"likelihood",1182.5,0.0000013781
14,"R_Date","T4-20",,"likelihood",1183.5,0.0000014533
14,"R_Date","T4-20",,"likelihood",1184.5,0.0000014533
14,"R_Date","T4-20",,"likelihood",1185.5,0.0000013781
14,"R_Date","T4-20",,"likelihood",1186.5,0.0000013113
14,"R_Date","T4-20",,"likelihood",1187.5,0.000001186
14,"R_Date","T4-20",,"likelihood",1188.5,0.0000011276
14,"R_Date","T4-20",,"likelihood",1189.5,0.0000010774
14,"R_Date","T4-20",,"likelihood",1190.5,0.000001019
14,"R_Date","T4-20",,"likelihood",1191.5,9.271e-7
14,"R_Date","T4-20",,"likelihood",1192.5,8.352e-7
14,"R_Date","T4-20",,"likelihood",1193.5,7.517e-7
14,"R_Date","T4-20",,"likelihood",1194.5,6.431e-7
14,"R_Date","T4-20",,"likelihood",1195.5,5.847e-7
14,"R_Date","T4-20",,"likelihood",1196.5,5.512e-7
14,"R_Date","T4-20",,"likelihood",1197.5,5.262e-7
14,"R_Date","T4-20",,"likelihood",1198.5,5.512e-7
14,"R_Date","T4-20",,"likelihood",1199.5,5.847e-7
14,"R_Date","T4-20",,"likelihood",1200.5,6.431e-7
14,"R_Date","T4-20",,"likelihood",1201.5,7.517e-7
14,"R_Date","T4-20",,"likelihood",1202.5,8.352e-7
14,"R_Date","T4-20",,"likelihood",1203.5,9.271e-7
14,"R_Date","T4-20",,"likelihood",1204.5,9.689e-7
14,"R_Date","T4-20",,"likelihood",1205.5,9.689e-7
14,"R_Date","T4-20",,"likelihood",1206.5,9.689e-7
14,"R_Date","T4-20",,"likelihood",1207.5,9.689e-7
14,"R_Date","T4-20",,"likelihood",1208.5,0.000001019
14,"R_Date","T4-20",,"likelihood",1209.5,0.0000010774
14,"R_Date","T4-20",,"likelihood",1210.5,0.0000011276
14,"R_Date","T4-20",,"likelihood",1211.5,0.000001161
14,"R_Date","T4-20",,"likelihood",1212.5,0.0000012194
14,"R_Date","T4-20",,"likelihood",1213.5,0.0000013447
14,"R_Date","T4-20",,"likelihood",1214.5,0.0000014867
14,"R_Date","T4-20",,"likelihood",1215.5,0.0000016454
14,"R_Date","T4-20",,"likelihood",1216.5,0.0000019043
14,"R_Date","T4-20",,"likelihood",1217.5,0.0000023052
14,"R_Date","T4-20",,"likelihood",1218.5,0.0000029985
14,"R_Date","T4-20",,"likelihood",1219.5,0.000003892
14,"R_Date","T4-20",,"likelihood",1220.5,0.000005487
14,"R_Date","T4-20",,"likelihood",1221.5,0.000007058
14,"R_Date","T4-20",,"likelihood",1222.5,0.000008828
14,"R_Date","T4-20",,"likelihood",1223.5,0.000010992
14,"R_Date","T4-20",,"likelihood",1224.5,0.000013071
14,"R_Date","T4-20",,"likelihood",1225.5,0.000014867
14,"R_Date","T4-20",,"likelihood",1226.5,0.000017172
14,"R_Date","T4-20",,"likelihood",1227.5,0.000017907
14,"R_Date","T4-20",,"likelihood",1228.5,0.000019469
14,"R_Date","T4-20",,"likelihood",1229.5,0.000020296
14,"R_Date","T4-20",,"likelihood",1230.5,0.00002205
14,"R_Date","T4-20",,"likelihood",1231.5,0.000022977
14,"R_Date","T4-20",,"likelihood",1232.5,0.00002494
14,"R_Date","T4-20",,"likelihood",1233.5,0.000025976
14,"R_Date","T4-20",,"likelihood",1234.5,0.000028164
14,"R_Date","T4-20",,"likelihood",1235.5,0.000028164
14,"R_Date","T4-20",,"likelihood",1236.5,0.000028164
14,"R_Date","T4-20",,"likelihood",1237.5,0.000028164
14,"R_Date","T4-20",,"likelihood",1238.5,0.000027053
14,"R_Date","T4-20",,"likelihood",1239.5,0.000025976
14,"R_Date","T4-20",,"likelihood",1240.5,0.00002494
14,"R_Date","T4-20",,"likelihood",1241.5,0.000023938
14,"R_Date","T4-20",,"likelihood",1242.5,0.000022977
14,"R_Date","T4-20",,"likelihood",1243.5,0.00002205
14,"R_Date","T4-20",,"likelihood",1244.5,0.000021156
14,"R_Date","T4-20",,"likelihood",1245.5,0.000020296
14,"R_Date","T4-20",,"likelihood",1246.5,0.000019469
14,"R_Date","T4-20",,"likelihood",1247.5,0.000018676
14,"R_Date","T4-20",,"likelihood",1248.5,0.000017907
14,"R_Date","T4-20",,"likelihood",1249.5,0.000017907
14,"R_Date","T4-20",,"likelihood",1250.5,0.000017172
14,"R_Date","T4-20",,"likelihood",1251.5,0.000017172
14,"R_Date","T4-20",,"likelihood",1252.5,0.000017907
14,"R_Date","T4-20",,"likelihood",1253.5,0.000018676
14,"R_Date","T4-20",,"likelihood",1254.5,0.000019469
14,"R_Date","T4-20",,"likelihood",1255.5,0.000020296
14,"R_Date","T4-20",,"likelihood",1256.5,0.000020296
14,"R_Date","T4-20",,"likelihood",1257.5,0.000021156
14,"R_Date","T4-20",,"likelihood",1258.5,0.00002205
14,"R_Date","T4-20",,"likelihood",1259.5,0.000022977
14,"R_Date","T4-20",,"likelihood",1260.5,0.00002494
14,"R_Date","T4-20",,"likelihood",1261.5,0.000028164
14,"R_Date","T4-20",,"likelihood",1262.5,0.000030528
14,"R_Date","T4-20",,"likelihood",1263.5,0.00003442
14,"R_Date","T4-20",,"likelihood",1264.5,0.0000403
14,"R_Date","T4-20",,"likelihood",1265.5,0.00004529
14,"R_Date","T4-20",,"likelihood",1266.5,0.00005283
14,"R_Date","T4-20",,"likelihood",1267.5,0.0000592
14,"R_Date","T4-20",,"likelihood",1268.5,0.00006878
14,"R_Date","T4-20",,"likelihood",1269.5,0.00007685
14,"R_Date","T4-20",,"likelihood",1270.5,0.00008893
14,"R_Date","T4-20",,"likelihood",1271.5,0.00009908
14,"R_Date","T4-20",,"likelihood",1272.5,0.00011025
14,"R_Date","T4-20",,"likelihood",1273.5,0.00012252
14,"R_Date","T4-20",,"likelihood",1274.5,0.00014075
14,"R_Date","T4-20",,"likelihood",1275.5,0.00016134
14,"R_Date","T4-20",,"likelihood",1276.5,0.00019075
14,"R_Date","T4-20",,"likelihood",1277.5,0.00023211
14,"R_Date","T4-20",,"likelihood",1278.5,0.00028995
14,"R_Date","T4-20",,"likelihood",1279.5,0.0003597
14,"R_Date","T4-20",,"likelihood",1280.5,0.0004431
14,"R_Date","T4-20",,"likelihood",1281.5,0.0005269
14,"R_Date","T4-20",,"likelihood",1282.5,0.0006064
14,"R_Date","T4-20",,"likelihood",1283.5,0.0006767
14,"R_Date","T4-20",,"likelihood",1284.5,0.0007535
14,"R_Date","T4-20",,"likelihood",1285.5,0.0008155
14,"R_Date","T4-20",,"likelihood",1286.5,0.000859
14,"R_Date","T4-20",,"likelihood",1287.5,0.0009044
14,"R_Date","T4-20",,"likelihood",1288.5,0.0009758
14,"R_Date","T4-20",,"likelihood",1289.5,0.0010006
14,"R_Date","T4-20",,"likelihood",1290.5,0.0010516
14,"R_Date","T4-20",,"likelihood",1291.5,0.0011046
14,"R_Date","T4-20",,"likelihood",1292.5,0.0011318
14,"R_Date","T4-20",,"likelihood",1293.5,0.0011877
14,"R_Date","T4-20",,"likelihood",1294.5,0.0012165
14,"R_Date","T4-20",,"likelihood",1295.5,0.0012755
14,"R_Date","T4-20",,"likelihood",1296.5,0.001368
14,"R_Date","T4-20",,"likelihood",1297.5,0.0014652
14,"R_Date","T4-20",,"likelihood",1298.5,0.0016025
14,"R_Date","T4-20",,"likelihood",1299.5,0.0017865
14,"R_Date","T4-20",,"likelihood",1300.5,0.0019436
14,"R_Date","T4-20",,"likelihood",1301.5,0.0021468
14,"R_Date","T4-20",,"likelihood",1302.5,0.002324
14,"R_Date","T4-20",,"likelihood",1303.5,0.0025632
14,"R_Date","T4-20",,"likelihood",1304.5,0.0027595
14,"R_Date","T4-20",,"likelihood",1305.5,0.0029639
14,"R_Date","T4-20",,"likelihood",1306.5,0.003176
14,"R_Date","T4-20",,"likelihood",1307.5,0.00334
14,"R_Date","T4-20",,"likelihood",1308.5,0.003451
14,"R_Date","T4-20",,"likelihood",1309.5,0.003507
14,"R_Date","T4-20",,"likelihood",1310.5,0.003564
14,"R_Date","T4-20",,"likelihood",1311.5,0.003621
14,"R_Date","T4-20",,"likelihood",1312.5,0.003621
14,"R_Date","T4-20",,"likelihood",1313.5,0.003617
14,"R_Date","T4-20",,"likelihood",1314.5,0.003617
14,"R_Date","T4-20",,"likelihood",1315.5,0.003617
14,"R_Date","T4-20",,"likelihood",1316.5,0.003617
14,"R_Date","T4-20",,"likelihood",1317.5,0.003617
14,"R_Date","T4-20",,"likelihood",1318.5,0.003732
14,"R_Date","T4-20",,"likelihood",1319.5,0.003849
14,"R_Date","T4-20",,"likelihood",1320.5,0.004027
14,"R_Date","T4-20",,"likelihood",1321.5,0.004267
14,"R_Date","T4-20",,"likelihood",1322.5,0.004512
14,"R_Date","T4-20",,"likelihood",1323.5,0.004759
14,"R_Date","T4-20",,"likelihood",1324.5,0.005069
14,"R_Date","T4-20",,"likelihood",1325.5,0.005318
14,"R_Date","T4-20",,"likelihood",1326.5,0.005627
14,"R_Date","T4-20",,"likelihood",1327.5,0.005872
14,"R_Date","T4-20",,"likelihood",1328.5,0.006112
14,"R_Date","T4-20",,"likelihood",1329.5,0.006231
14,"R_Date","T4-20",,"likelihood",1330.5,0.006347
14,"R_Date","T4-20",,"likelihood",1331.5,0.006347
14,"R_Date","T4-20",,"likelihood",1332.5,0.006347
14,"R_Date","T4-20",,"likelihood",1333.5,0.006289
14,"R_Date","T4-20",,"likelihood",1334.5,0.006231
14,"R_Date","T4-20",,"likelihood",1335.5,0.006172
14,"R_Date","T4-20",,"likelihood",1336.5,0.006053
14,"R_Date","T4-20",,"likelihood",1337.5,0.005993
14,"R_Date","T4-20",,"likelihood",1338.5,0.005932
14,"R_Date","T4-20",,"likelihood",1339.5,0.005932
14,"R_Date","T4-20",,"likelihood",1340.5,0.005932
14,"R_Date","T4-20",,"likelihood",1341.5,0.005932
14,"R_Date","T4-20",,"likelihood",1342.5,0.005932
14,"R_Date","T4-20",,"likelihood",1343.5,0.005932
14,"R_Date","T4-20",,"likelihood",1344.5,0.005932
14,"R_Date","T4-20",,"likelihood",1345.5,0.005872
14,"R_Date","T4-20",,"likelihood",1346.5,0.005811
14,"R_Date","T4-20",,"likelihood",1347.5,0.005811
14,"R_Date","T4-20",,"likelihood",1348.5,0.00575
14,"R_Date","T4-20",,"likelihood",1349.5,0.00575
14,"R_Date","T4-20",,"likelihood",1350.5,0.00575
14,"R_Date","T4-20",,"likelihood",1351.5,0.005689
14,"R_Date","T4-20",,"likelihood",1352.5,0.005627
14,"R_Date","T4-20",,"likelihood",1353.5,0.005442
14,"R_Date","T4-20",,"likelihood",1354.5,0.005194
14,"R_Date","T4-20",,"likelihood",1355.5,0.004945
14,"R_Date","T4-20",,"likelihood",1356.5,0.004697
14,"R_Date","T4-20",,"likelihood",1357.5,0.004391
14,"R_Date","T4-20",,"likelihood",1358.5,0.004149
14,"R_Date","T4-20",,"likelihood",1359.5,0.00397
14,"R_Date","T4-20",,"likelihood",1360.5,0.003736
14,"R_Date","T4-20",,"likelihood",1361.5,0.003564
14,"R_Date","T4-20",,"likelihood",1362.5,0.003451
14,"R_Date","T4-20",,"likelihood",1363.5,0.003285
14,"R_Date","T4-20",,"likelihood",1364.5,0.0030689
14,"R_Date","T4-20",,"likelihood",1365.5,0.002912
14,"R_Date","T4-20",,"likelihood",1366.5,0.0027097
14,"R_Date","T4-20",,"likelihood",1367.5,0.0025632
14,"R_Date","T4-20",,"likelihood",1368.5,0.0023753
14,"R_Date","T4-20",,"likelihood",1369.5,0.002196
14,"R_Date","T4-20",,"likelihood",1370.5,0.0020673
14,"R_Date","T4-20",,"likelihood",1371.5,0.0019035
14,"R_Date","T4-20",,"likelihood",1372.5,0.0018249
14,"R_Date","T4-20",,"likelihood",1373.5,0.0017486
14,"R_Date","T4-20",,"likelihood",1374.5,0.0017112
14,"R_Date","T4-20",,"likelihood",1375.5,0.0017112
14,"R_Date","T4-20",,"likelihood",1376.5,0.0017807
14,"R_Date","T4-20",,"likelihood",1377.5,0.0019378
14,"R_Date","T4-20",,"likelihood",1378.5,0.0021039
14,"R_Date","T4-20",,"likelihood",1379.5,0.0022789
14,"R_Date","T4-20",,"likelihood",1380.5,0.0025099
14,"R_Date","T4-20",,"likelihood",1381.5,0.002655
14,"R_Date","T4-20",,"likelihood",1382.5,0.0028047
14,"R_Date","T4-20",,"likelihood",1383.5,0.0029589
14,"R_Date","T4-20",,"likelihood",1384.5,0.0030641
14,"R_Date","T4-20",,"likelihood",1385.5,0.003171
14,"R_Date","T4-20",,"likelihood",1386.5,0.00328
14,"R_Date","T4-20",,"likelihood",1387.5,0.003447
14,"R_Date","T4-20",,"likelihood",1388.5,0.003674
14,"R_Date","T4-20",,"likelihood",1389.5,0.003908
14,"R_Date","T4-20",,"likelihood",1390.5,0.004207
14,"R_Date","T4-20",,"likelihood",1391.5,0.004512
14,"R_Date","T4-20",,"likelihood",1392.5,0.004821
14,"R_Date","T4-20",,"likelihood",1393.5,0.005194
14,"R_Date","T4-20",,"likelihood",1394.5,0.005504
14,"R_Date","T4-20",,"likelihood",1395.5,0.005811
14,"R_Date","T4-20",,"likelihood",1396.5,0.006172
14,"R_Date","T4-20",,"likelihood",1397.5,0.006462
14,"R_Date","T4-20",,"likelihood",1398.5,0.006686
14,"R_Date","T4-20",,"likelihood",1399.5,0.006902
14,"R_Date","T4-20",,"likelihood",1400.5,0.007006
14,"R_Date","T4-20",,"likelihood",1401.5,0.007107
14,"R_Date","T4-20",,"likelihood",1402.5,0.007205
14,"R_Date","T4-20",,"likelihood",1403.5,0.007347
14,"R_Date","T4-20",,"likelihood",1404.5,0.007481
14,"R_Date","T4-20",,"likelihood",1405.5,0.007607
14,"R_Date","T4-20",,"likelihood",1406.5,0.007762
14,"R_Date","T4-20",,"likelihood",1407.5,0.007933
14,"R_Date","T4-20",,"likelihood",1408.5,0.008051
14,"R_Date","T4-20",,"likelihood",1409.5,0.00815
14,"R_Date","T4-20",,"likelihood",1410.5,0.00823
14,"R_Date","T4-20",,"likelihood",1411.5,0.008278
14,"R_Date","T4-20",,"likelihood",1412.5,0.008303
14,"R_Date","T4-20",,"likelihood",1413.5,0.008324
14,"R_Date","T4-20",,"likelihood",1414.5,0.008332
14,"R_Date","T4-20",,"likelihood",1415.5,0.008332
14,"R_Date","T4-20",,"likelihood",1416.5,0.008332
14,"R_Date","T4-20",,"likelihood",1417.5,0.008332
14,"R_Date","T4-20",,"likelihood",1418.5,0.008339
14,"R_Date","T4-20",,"likelihood",1419.5,0.008345
14,"R_Date","T4-20",,"likelihood",1420.5,0.008352
14,"R_Date","T4-20",,"likelihood",1421.5,0.008352
14,"R_Date","T4-20",,"likelihood",1422.5,0.008332
14,"R_Date","T4-20",,"likelihood",1423.5,0.008277
14,"R_Date","T4-20",,"likelihood",1424.5,0.008191
14,"R_Date","T4-20",,"likelihood",1425.5,0.008101
14,"R_Date","T4-20",,"likelihood",1426.5,0.007991
14,"R_Date","T4-20",,"likelihood",1427.5,0.007897
14,"R_Date","T4-20",,"likelihood",1428.5,0.007829
14,"R_Date","T4-20",,"likelihood",1429.5,0.007794
14,"R_Date","T4-20",,"likelihood",1430.5,0.007757
14,"R_Date","T4-20",,"likelihood",1431.5,0.007719
14,"R_Date","T4-20",,"likelihood",1432.5,0.007641
14,"R_Date","T4-20",,"likelihood",1433.5,0.007558
14,"R_Date","T4-20",,"likelihood",1434.5,0.007472
14,"R_Date","T4-20",,"likelihood",1435.5,0.007289
14,"R_Date","T4-20",,"likelihood",1436.5,0.007143
14,"R_Date","T4-20",,"likelihood",1437.5,0.006938
14,"R_Date","T4-20",,"likelihood",1438.5,0.006776
14,"R_Date","T4-20",,"likelihood",1439.5,0.006609
14,"R_Date","T4-20",,"likelihood",1440.5,0.006495
14,"R_Date","T4-20",,"likelihood",1441.5,0.00632
14,"R_Date","T4-20",,"likelihood",1442.5,0.006142
14,"R_Date","T4-20",,"likelihood",1443.5,0.005959
14,"R_Date","T4-20",,"likelihood",1444.5,0.005712
14,"R_Date","T4-20",,"likelihood",1445.5,0.005461
14,"R_Date","T4-20",,"likelihood",1446.5,0.005272
14,"R_Date","T4-20",,"likelihood",1447.5,0.005018
14,"R_Date","T4-20",,"likelihood",1448.5,0.004764
14,"R_Date","T4-20",,"likelihood",1449.5,0.004575
14,"R_Date","T4-20",,"likelihood",1450.5,0.004387
14,"R_Date","T4-20",,"likelihood",1451.5,0.004262
14,"R_Date","T4-20",,"likelihood",1452.5,0.004139
14,"R_Date","T4-20",,"likelihood",1453.5,0.004016
14,"R_Date","T4-20",,"likelihood",1454.5,0.003835
14,"R_Date","T4-20",,"likelihood",1455.5,0.003597
14,"R_Date","T4-20",,"likelihood",1456.5,0.003309
14,"R_Date","T4-20",,"likelihood",1457.5,0.0030315
14,"R_Date","T4-20",,"likelihood",1458.5,0.0027664
14,"R_Date","T4-20",,"likelihood",1459.5,0.0025636
14,"R_Date","T4-20",,"likelihood",1460.5,0.0023696
14,"R_Date","T4-20",,"likelihood",1461.5,0.0023225
14,"R_Date","T4-20",,"likelihood",1462.5,0.002276
14,"R_Date","T4-20",,"likelihood",1463.5,0.0023225
14,"R_Date","T4-20",,"likelihood",1464.5,0.0023696
14,"R_Date","T4-20",,"likelihood",1465.5,0.0024173
14,"R_Date","T4-20",,"likelihood",1466.5,0.0024655
14,"R_Date","T4-20",,"likelihood",1467.5,0.0024173
14,"R_Date","T4-20",,"likelihood",1468.5,0.0023696
14,"R_Date","T4-20",,"likelihood",1469.5,0.0023225
14,"R_Date","T4-20",,"likelihood",1470.5,0.002276
14,"R_Date","T4-20",,"likelihood",1471.5,0.002276
14,"R_Date","T4-20",,"likelihood",1472.5,0.00223
14,"R_Date","T4-20",,"likelihood",1473.5,0.0021399
14,"R_Date","T4-20",,"likelihood",1474.5,0.002052
14,"R_Date","T4-20",,"likelihood",1475.5,0.0019246
14,"R_Date","T4-20",,"likelihood",1476.5,0.0018025
14,"R_Date","T4-20",,"likelihood",1477.5,0.0016857
14,"R_Date","T4-20",,"likelihood",1478.5,0.0016107
14,"R_Date","T4-20",,"likelihood",1479.5,0.0015381
14,"R_Date","T4-20",,"likelihood",1480.5,0.0014678
14,"R_Date","T4-20",,"likelihood",1481.5,0.0014335
14,"R_Date","T4-20",,"likelihood",1482.5,0.0013943
14,"R_Date","T4-20",,"likelihood",1483.5,0.0013612
14,"R_Date","T4-20",,"likelihood",1484.5,0.0013612
14,"R_Date","T4-20",,"likelihood",1485.5,0.0013612
14,"R_Date","T4-20",,"likelihood",1486.5,0.0013612
14,"R_Date","T4-20",,"likelihood",1487.5,0.0013612
14,"R_Date","T4-20",,"likelihood",1488.5,0.0013341
14,"R_Date","T4-20",,"likelihood",1489.5,0.0013021
14,"R_Date","T4-20",,"likelihood",1490.5,0.0012707
14,"R_Date","T4-20",,"likelihood",1491.5,0.0012398
14,"R_Date","T4-20",,"likelihood",1492.5,0.0012094
14,"R_Date","T4-20",,"likelihood",1493.5,0.0011504
14,"R_Date","T4-20",,"likelihood",1494.5,0.0011217
14,"R_Date","T4-20",,"likelihood",1495.5,0.0010659
14,"R_Date","T4-20",,"likelihood",1496.5,0.0010388
14,"R_Date","T4-20",,"likelihood",1497.5,0.0010123
14,"R_Date","T4-20",,"likelihood",1498.5,0.0010123
14,"R_Date","T4-20",,"likelihood",1499.5,0.0009862
14,"R_Date","T4-20",,"likelihood",1500.5,0.0009862
14,"R_Date","T4-20",,"likelihood",1501.5,0.0009862
14,"R_Date","T4-20",,"likelihood",1502.5,0.0009607
14,"R_Date","T4-20",,"likelihood",1503.5,0.0009357
14,"R_Date","T4-20",,"likelihood",1504.5,0.0009111
14,"R_Date","T4-20",,"likelihood",1505.5,0.0008871
14,"R_Date","T4-20",,"likelihood",1506.5,0.0008636
14,"R_Date","T4-20",,"likelihood",1507.5,0.0008405
14,"R_Date","T4-20",,"likelihood",1508.5,0.0008179
14,"R_Date","T4-20",,"likelihood",1509.5,0.0007742
14,"R_Date","T4-20",,"likelihood",1510.5,0.0007531
14,"R_Date","T4-20",,"likelihood",1511.5,0.0007121
14,"R_Date","T4-20",,"likelihood",1512.5,0.0006881
14,"R_Date","T4-20",,"likelihood",1513.5,0.0006688
14,"R_Date","T4-20",,"likelihood",1514.5,0.0006688
14,"R_Date","T4-20",,"likelihood",1515.5,0.000673
14,"R_Date","T4-20",,"likelihood",1516.5,0.000673
14,"R_Date","T4-20",,"likelihood",1517.5,0.000673
14,"R_Date","T4-20",,"likelihood",1518.5,0.000654
14,"R_Date","T4-20",,"likelihood",1519.5,0.0006355
14,"R_Date","T4-20",,"likelihood",1520.5,0.0005825
14,"R_Date","T4-20",,"likelihood",1521.5,0.0005492
14,"R_Date","T4-20",,"likelihood",1522.5,0.0005022
14,"R_Date","T4-20",,"likelihood",1523.5,0.0004585
14,"R_Date","T4-20",,"likelihood",1524.5,0.000418
14,"R_Date","T4-20",,"likelihood",1525.5,0.0003657
14,"R_Date","T4-20",,"likelihood",1526.5,0.0003215
14,"R_Date","T4-20",,"likelihood",1527.5,0.00028196
14,"R_Date","T4-20",,"likelihood",1528.5,0.00024659
14,"R_Date","T4-20",,"likelihood",1529.5,0.00022263
14,"R_Date","T4-20",,"likelihood",1530.5,0.00020269
14,"R_Date","T4-20",,"likelihood",1531.5,0.00018904
14,"R_Date","T4-20",,"likelihood",1532.5,0.00017617
14,"R_Date","T4-20",,"likelihood",1533.5,0.00017004
14,"R_Date","T4-20",,"likelihood",1534.5,0.00017004
14,"R_Date","T4-20",,"likelihood",1535.5,0.00017617
14,"R_Date","T4-20",,"likelihood",1536.5,0.00018251
14,"R_Date","T4-20",,"likelihood",1537.5,0.0001938
14,"R_Date","T4-20",,"likelihood",1538.5,0.00020984
14,"R_Date","T4-20",,"likelihood",1539.5,0.00022478
14,"R_Date","T4-20",,"likelihood",1540.5,0.00023837
14,"R_Date","T4-20",,"likelihood",1541.5,0.0002489
14,"R_Date","T4-20",,"likelihood",1542.5,0.00025506
14,"R_Date","T4-20",,"likelihood",1543.5,0.00026618
14,"R_Date","T4-20",,"likelihood",1544.5,0.00025742
14,"R_Date","T4-20",,"likelihood",1545.5,0.0002489
14,"R_Date","T4-20",,"likelihood",1546.5,0.00024063
14,"R_Date","T4-20",,"likelihood",1547.5,0.00023259
14,"R_Date","T4-20",,"likelihood",1548.5,0.00023259
14,"R_Date","T4-20",,"likelihood",1549.5,0.00023259
14,"R_Date","T4-20",,"likelihood",1550.5,0.0002489
14,"R_Date","T4-20",,"likelihood",1551.5,0.00026618
14,"R_Date","T4-20",,"likelihood",1552.5,0.00028447
14,"R_Date","T4-20",,"likelihood",1553.5,0.00030381
14,"R_Date","T4-20",,"likelihood",1554.5,0.0003139
14,"R_Date","T4-20",,"likelihood",1555.5,0.0003243
14,"R_Date","T4-20",,"likelihood",1556.5,0.0003349
14,"R_Date","T4-20",,"likelihood",1557.5,0.0003571
14,"R_Date","T4-20",,"likelihood",1558.5,0.0003687
14,"R_Date","T4-20",,"likelihood",1559.5,0.0003927
14,"R_Date","T4-20",,"likelihood",1560.5,0.000418
14,"R_Date","T4-20",,"likelihood",1561.5,0.0004312
14,"R_Date","T4-20",,"likelihood",1562.5,0.0004447
14,"R_Date","T4-20",,"likelihood",1563.5,0.0004312
14,"R_Date","T4-20",,"likelihood",1564.5,0.000418
14,"R_Date","T4-20",,"likelihood",1565.5,0.0003927
14,"R_Date","T4-20",,"likelihood",1566.5,0.0003805
14,"R_Date","T4-20",,"likelihood",1567.5,0.0003687
14,"R_Date","T4-20",,"likelihood",1568.5,0.0003657
14,"R_Date","T4-20",,"likelihood",1569.5,0.0003687
14,"R_Date","T4-20",,"likelihood",1570.5,0.0003927
14,"R_Date","T4-20",,"likelihood",1571.5,0.0004052
14,"R_Date","T4-20",,"likelihood",1572.5,0.0004312
14,"R_Date","T4-20",,"likelihood",1573.5,0.0004447
14,"R_Date","T4-20",,"likelihood",1574.5,0.0004727
14,"R_Date","T4-20",,"likelihood",1575.5,0.0004873
14,"R_Date","T4-20",,"likelihood",1576.5,0.0005175
14,"R_Date","T4-20",,"likelihood",1577.5,0.0005332
14,"R_Date","T4-20",,"likelihood",1578.5,0.0005492
14,"R_Date","T4-20",,"likelihood",1579.5,0.0005492
14,"R_Date","T4-20",,"likelihood",1580.5,0.0005657
14,"R_Date","T4-20",,"likelihood",1581.5,0.0005657
14,"R_Date","T4-20",,"likelihood",1582.5,0.0005657
14,"R_Date","T4-20",,"likelihood",1583.5,0.0005657
14,"R_Date","T4-20",,"likelihood",1584.5,0.0005657
14,"R_Date","T4-20",,"likelihood",1585.5,0.0005492
14,"R_Date","T4-20",,"likelihood",1586.5,0.0005492
14,"R_Date","T4-20",,"likelihood",1587.5,0.0005657
14,"R_Date","T4-20",,"likelihood",1588.5,0.0005825
14,"R_Date","T4-20",,"likelihood",1589.5,0.0006174
14,"R_Date","T4-20",,"likelihood",1590.5,0.000654
14,"R_Date","T4-20",,"likelihood",1591.5,0.0007121
14,"R_Date","T4-20",,"likelihood",1592.5,0.0007531
14,"R_Date","T4-20",,"likelihood",1593.5,0.0007958
14,"R_Date","T4-20",,"likelihood",1594.5,0.0008405
14,"R_Date","T4-20",,"likelihood",1595.5,0.0008871
14,"R_Date","T4-20",,"likelihood",1596.5,0.0008871
14,"R_Date","T4-20",,"likelihood",1597.5,0.0009111
14,"R_Date","T4-20",,"likelihood",1598.5,0.0009357
14,"R_Date","T4-20",,"likelihood",1599.5,0.0009607
14,"R_Date","T4-20",,"likelihood",1600.5,0.0009862
14,"R_Date","T4-20",,"likelihood",1601.5,0.0010388
14,"R_Date","T4-20",,"likelihood",1602.5,0.0011217
14,"R_Date","T4-20",,"likelihood",1603.5,0.0012094
14,"R_Date","T4-20",,"likelihood",1604.5,0.0012707
14,"R_Date","T4-20",,"likelihood",1605.5,0.0013021
14,"R_Date","T4-20",,"likelihood",1606.5,0.0013021
14,"R_Date","T4-20",,"likelihood",1607.5,0.0012398
14,"R_Date","T4-20",,"likelihood",1608.5,0.0011797
14,"R_Date","T4-20",,"likelihood",1609.5,0.0011217
14,"R_Date","T4-20",,"likelihood",1610.5,0.0010659
14,"R_Date","T4-20",,"likelihood",1611.5,0.0010388
14,"R_Date","T4-20",,"likelihood",1612.5,0.0010388
14,"R_Date","T4-20",,"likelihood",1613.5,0.0010388
14,"R_Date","T4-20",,"likelihood",1614.5,0.0010388
14,"R_Date","T4-20",,"likelihood",1615.5,0.0010123
14,"R_Date","T4-20",,"likelihood",1616.5,0.0009862
14,"R_Date","T4-20",,"likelihood",1617.5,0.0009111
14,"R_Date","T4-20",,"likelihood",1618.5,0.0008179
14,"R_Date","T4-20",,"likelihood",1619.5,0.0007531
14,"R_Date","T4-20",,"likelihood",1620.5,0.000673
14,"R_Date","T4-20",,"likelihood",1621.5,0.0005998
14,"R_Date","T4-20",,"likelihood",1622.5,0.0005332
14,"R_Date","T4-20",,"likelihood",1623.5,0.0005022
14,"R_Date","T4-20",,"likelihood",1624.5,0.0004873
14,"R_Date","T4-20",,"likelihood",1625.5,0.0004727
14,"R_Date","T4-20",,"likelihood",1626.5,0.0004727
14,"R_Date","T4-20",,"likelihood",1627.5,0.0004873
14,"R_Date","T4-20",,"likelihood",1628.5,0.0004873
14,"R_Date","T4-20",,"likelihood",1629.5,0.0004585
14,"R_Date","T4-20",,"likelihood",1630.5,0.0004312
14,"R_Date","T4-20",,"likelihood",1631.5,0.0004052
14,"R_Date","T4-20",,"likelihood",1632.5,0.0003571
14,"R_Date","T4-20",,"likelihood",1633.5,0.00030381
14,"R_Date","T4-20",,"likelihood",1634.5,0.00026618
14,"R_Date","T4-20",,"likelihood",1635.5,0.00022478
14,"R_Date","T4-20",,"likelihood",1636.5,0.00019576
14,"R_Date","T4-20",,"likelihood",1637.5,0.00017004
14,"R_Date","T4-20",,"likelihood",1638.5,0.00015271
14,"R_Date","T4-20",,"likelihood",1639.5,0.00013203
14,"R_Date","T4-20",,"likelihood",1640.5,0.00011384
14,"R_Date","T4-20",,"likelihood",1641.5,0.00009423
14,"R_Date","T4-20",,"likelihood",1642.5,0.00008076
14,"R_Date","T4-20",,"likelihood",1643.5,0.00006903
14,"R_Date","T4-20",,"likelihood",1644.5,0.00005885
14,"R_Date","T4-20",,"likelihood",1645.5,0.00005212
14,"R_Date","T4-20",,"likelihood",1646.5,0.00004608
14,"R_Date","T4-20",,"likelihood",1647.5,0.00004068
14,"R_Date","T4-20",,"likelihood",1648.5,0.00003438
14,"R_Date","T4-20",,"likelihood",1649.5,0.000030252
14,"R_Date","T4-20",,"likelihood",1650.5,0.000027746
14,"R_Date","T4-20",,"likelihood",1651.5,0.000025441
14,"R_Date","T4-20",,"likelihood",1652.5,0.000023303
14,"R_Date","T4-20",,"likelihood",1653.5,0.000022301
14,"R_Date","T4-20",,"likelihood",1654.5,0.000020413
14,"R_Date","T4-20",,"likelihood",1655.5,0.000019519
14,"R_Date","T4-20",,"likelihood",1656.5,0.000017849
14,"R_Date","T4-20",,"likelihood",1657.5,0.000015585
14,"R_Date","T4-20",,"likelihood",1658.5,0.000013589
14,"R_Date","T4-20",,"likelihood",1659.5,0.000011827
14,"R_Date","T4-20",,"likelihood",1660.5,0.000009806
14,"R_Date","T4-20",,"likelihood",1661.5,0.00000811
14,"R_Date","T4-20",,"likelihood",1662.5,0.000006682
14,"R_Date","T4-20",,"likelihood",1663.5,0.000005496
14,"R_Date","T4-20",,"likelihood",1664.5,0.000004736
14,"R_Date","T4-20",,"likelihood",1665.5,0.000003875
14,"R_Date","T4-20",,"likelihood",1666.5,0.000003166
14,"R_Date","T4-20",,"likelihood",1667.5,0.0000024472
14,"R_Date","T4-20",,"likelihood",1668.5,0.0000018793
14,"R_Date","T4-20",,"likelihood",1669.5,0.0000015201
14,"R_Date","T4-20",,"likelihood",1670.5,0.000001161
14,"R_Date","T4-20",,"likelihood",1671.5,9.355e-7
14,"R_Date","T4-20",,"likelihood",1672.5,7.434e-7
14,"R_Date","T4-20",,"likelihood",1673.5,6.682e-7
14,"R_Date","T4-20",,"likelihood",1674.5,6.348e-7
14,"R_Date","T4-20",,"likelihood",1675.5,6.348e-7
14,"R_Date","T4-20",,"likelihood",1676.5,6.348e-7
14,"R_Date","T4-20",,"likelihood",1677.5,6.348e-7
14,"R_Date","T4-20",,"likelihood",1678.5,5.93e-7
14,"R_Date","T4-20",,"likelihood",1679.5,5.345e-7
14,"R_Date","T4-20",,"likelihood",1680.5,4.761e-7
14,"R_Date","T4-20",,"likelihood",1681.5,4.009e-7
14,"R_Date","T4-20",,"likelihood",1682.5,3.591e-7
14,"R_Date","T4-20",,"likelihood",1683.5,3.0068e-7
14,"R_Date","T4-20",,"likelihood",1684.5,2.3386e-7
14,"R_Date","T4-20",,"likelihood",1685.5,2.0045e-7
14,"R_Date","T4-20",,"likelihood",1686.5,1.5869e-7
14,"R_Date","T4-20",,"likelihood",1687.5,1.3364e-7
14,"R_Date","T4-20",,"likelihood",1688.5,1.0858e-7
14,"R_Date","T4-20",,"likelihood",1689.5,9.187e-8
14,"R_Date","T4-20",,"likelihood",1690.5,7.517e-8
14,"R_Date","T4-20",,"likelihood",1691.5,6.682e-8
14,"R_Date","T4-20",,"likelihood",1692.5,5.011e-8
14,"R_Date","T4-20",,"likelihood",1693.5,4.176e-8
14,"R_Date","T4-20",,"likelihood",1694.5,3.341e-8
14,"R_Date","T4-20",,"likelihood",1695.5,2.5057e-8
14,"R_Date","T4-20",,"likelihood",1696.5,2.5057e-8
14,"R_Date","T4-20",,"likelihood",1697.5,1.6705e-8
14,"R_Date","T4-20",,"likelihood",1698.5,1.6705e-8
14,"R_Date","T4-20",,"likelihood",1699.5,8.352e-9
14,"R_Date","T4-20",,"likelihood",1700.5,8.352e-9
14,"R_Date","T4-20",,"likelihood",1701.5,8.352e-9
14,"R_Date","T4-20",,"likelihood",1702.5,8.352e-9
14,"R_Date","T4-20",,"likelihood",1703.5,8.352e-9
14,"R_Date","T4-20",,"likelihood",1704.5,8.352e-9
14,"R_Date","T4-20",,"likelihood",1705.5,8.352e-9
14,"R_Date","T4-20",,"likelihood",1706.5,8.352e-9
14,"R_Date","T4-20",,"likelihood",1707.5,8.352e-9
14,"R_Date","T4-20",,"likelihood",1708.5,8.352e-9
14,"R_Date","T4-20",,"likelihood",1709.5,8.352e-9
14,"R_Date","T4-20",,"likelihood",1710.5,8.352e-9
14,"R_Date","T4-20",,"likelihood",1711.5,8.352e-9
14,"R_Date","T4-20",,"likelihood",1712.5,8.352e-9
14,"R_Date","T4-20",,"likelihood",1713.5,8.352e-9
14,"R_Date","T4-20",,"likelihood",1714.5,0
14,"R_Date","T4-20",,"likelihood",1715.5,0
14,"R_Date","T4-20",,"likelihood",1716.5,0
14,"R_Date","T4-20",,"likelihood",1717.5,0
14,"R_Date","T4-20",,"likelihood",1718.5,8.352e-9
14,"R_Date","T4-20",,"likelihood",1719.5,8.352e-9
14,"R_Date","T4-20",,"likelihood",1720.5,8.352e-9
14,"R_Date","T4-20",,"likelihood",1721.5,8.352e-9
14,"R_Date","T4-20",,"likelihood",1722.5,1.6705e-8
14,"R_Date","T4-20",,"likelihood",1723.5,1.6705e-8
14,"R_Date","T4-20",,"likelihood",1724.5,2.5057e-8
14,"R_Date","T4-20",,"likelihood",1725.5,3.341e-8
14,"R_Date","T4-20",,"likelihood",1726.5,4.176e-8
14,"R_Date","T4-20",,"likelihood",1727.5,5.011e-8
14,"R_Date","T4-20",,"likelihood",1728.5,7.517e-8
14,"R_Date","T4-20",,"likelihood",1729.5,1.0023e-7
14,"R_Date","T4-20",,"likelihood",1730.5,1.3364e-7
14,"R_Date","T4-20",,"likelihood",1731.5,1.754e-7
14,"R_Date","T4-20",,"likelihood",1732.5,2.0881e-7
14,"R_Date","T4-20",,"likelihood",1733.5,2.3386e-7
14,"R_Date","T4-20",,"likelihood",1734.5,2.5057e-7
14,"R_Date","T4-20",,"likelihood",1735.5,2.6727e-7
14,"R_Date","T4-20",,"likelihood",1736.5,2.8398e-7
14,"R_Date","T4-20",,"likelihood",1737.5,3.0068e-7
14,"R_Date","T4-20",,"likelihood",1738.5,3.341e-7
14,"R_Date","T4-20",,"likelihood",1739.5,3.759e-7
14,"R_Date","T4-20",,"likelihood",1740.5,4.51e-7
14,"R_Date","T4-20",,"likelihood",1741.5,5.345e-7
14,"R_Date","T4-20",,"likelihood",1742.5,6.348e-7
14,"R_Date","T4-20",,"likelihood",1743.5,7.099e-7
14,"R_Date","T4-20",,"likelihood",1744.5,7.935e-7
14,"R_Date","T4-20",,"likelihood",1745.5,7.935e-7
14,"R_Date","T4-20",,"likelihood",1746.5,7.935e-7
14,"R_Date","T4-20",,"likelihood",1747.5,7.935e-7
14,"R_Date","T4-20",,"likelihood",1748.5,7.434e-7
14,"R_Date","T4-20",,"likelihood",1749.5,7.099e-7
14,"R_Date","T4-20",,"likelihood",1750.5,6.682e-7
14,"R_Date","T4-20",,"likelihood",1751.5,5.93e-7
14,"R_Date","T4-20",,"likelihood",1752.5,5.011e-7
14,"R_Date","T4-20",,"likelihood",1753.5,4.26e-7
14,"R_Date","T4-20",,"likelihood",1754.5,3.591e-7
14,"R_Date","T4-20",,"likelihood",1755.5,2.9233e-7
14,"R_Date","T4-20",,"likelihood",1756.5,2.5892e-7
14,"R_Date","T4-20",,"likelihood",1757.5,2.3386e-7
14,"R_Date","T4-20",,"likelihood",1758.5,2.2551e-7
14,"R_Date","T4-20",,"likelihood",1759.5,2.3386e-7
14,"R_Date","T4-20",,"likelihood",1760.5,2.6727e-7
14,"R_Date","T4-20",,"likelihood",1761.5,3.341e-7
14,"R_Date","T4-20",,"likelihood",1762.5,4.009e-7
14,"R_Date","T4-20",,"likelihood",1763.5,4.761e-7
14,"R_Date","T4-20",,"likelihood",1764.5,5.68e-7
14,"R_Date","T4-20",,"likelihood",1765.5,6.682e-7
14,"R_Date","T4-20",,"likelihood",1766.5,7.434e-7
14,"R_Date","T4-20",,"likelihood",1767.5,8.853e-7
14,"R_Date","T4-20",,"likelihood",1768.5,9.856e-7
14,"R_Date","T4-20",,"likelihood",1769.5,0.000001044
14,"R_Date","T4-20",,"likelihood",1770.5,0.000001044
14,"R_Date","T4-20",,"likelihood",1771.5,9.355e-7
14,"R_Date","T4-20",,"likelihood",1772.5,8.352e-7
14,"R_Date","T4-20",,"likelihood",1773.5,7.099e-7
14,"R_Date","T4-20",,"likelihood",1774.5,5.93e-7
14,"R_Date","T4-20",,"likelihood",1775.5,5.68e-7
14,"R_Date","T4-20",,"likelihood",1776.5,5.68e-7
14,"R_Date","T4-20",,"likelihood",1777.5,6.348e-7
14,"R_Date","T4-20",,"likelihood",1778.5,7.434e-7
14,"R_Date","T4-20",,"likelihood",1779.5,9.856e-7
14,"R_Date","T4-20",,"likelihood",1780.5,0.0000012946
14,"R_Date","T4-20",,"likelihood",1781.5,0.0000017874
14,"R_Date","T4-20",,"likelihood",1782.5,0.0000023219
14,"R_Date","T4-20",,"likelihood",1783.5,0.0000030068
14,"R_Date","T4-20",,"likelihood",1784.5,0.000003683
14,"R_Date","T4-20",,"likelihood",1785.5,0.000004736
14,"R_Date","T4-20",,"likelihood",1786.5,0.000005771
14,"R_Date","T4-20",,"likelihood",1787.5,0.000006682
14,"R_Date","T4-20",,"likelihood",1788.5,0.000007726
14,"R_Date","T4-20",,"likelihood",1789.5,0.00000892
14,"R_Date","T4-20",,"likelihood",1790.5,0.000009355
14,"R_Date","T4-20",,"likelihood",1791.5,0.00000892
14,"R_Date","T4-20",,"likelihood",1792.5,0.00000811
14,"R_Date","T4-20",,"likelihood",1793.5,0.000006682
14,"R_Date","T4-20",,"likelihood",1794.5,0.000004978
14,"R_Date","T4-20",,"likelihood",1795.5,0.000003333
14,"R_Date","T4-20",,"likelihood",1796.5,0.0000020881
14,"R_Date","T4-20",,"likelihood",1797.5,0.0000012946
14,"R_Date","T4-20",,"likelihood",1798.5,7.935e-7
14,"R_Date","T4-20",,"likelihood",1799.5,5.345e-7
14,"R_Date","T4-20",,"likelihood",1800.5,3.759e-7
14,"R_Date","T4-20",,"likelihood",1801.5,3.0068e-7
14,"R_Date","T4-20",,"likelihood",1802.5,2.6727e-7
14,"R_Date","T4-20",,"likelihood",1803.5,2.3386e-7
14,"R_Date","T4-20",,"likelihood",1804.5,2.0881e-7
14,"R_Date","T4-20",,"likelihood",1805.5,2.0045e-7
14,"R_Date","T4-20",,"likelihood",1806.5,1.6705e-7
14,"R_Date","T4-20",,"likelihood",1807.5,1.3364e-7
14,"R_Date","T4-20",,"likelihood",1808.5,1.0023e-7
14,"R_Date","T4-20",,"likelihood",1809.5,6.682e-8
14,"R_Date","T4-20",,"likelihood",1810.5,5.011e-8
14,"R_Date","T4-20",,"likelihood",1811.5,3.341e-8
14,"R_Date","T4-20",,"likelihood",1812.5,2.5057e-8
14,"R_Date","T4-20",,"likelihood",1813.5,1.6705e-8
14,"R_Date","T4-20",,"likelihood",1814.5,1.6705e-8
14,"R_Date","T4-20",,"likelihood",1815.5,8.352e-9
14,"R_Date","T4-20",,"likelihood",1816.5,8.352e-9
14,"R_Date","T4-20",,"likelihood",1817.5,8.352e-9
14,"R_Date","T4-20",,"likelihood",1818.5,8.352e-9
14,"R_Date","T4-20",,"likelihood",1819.5,8.352e-9
14,"R_Date","T4-20",,"likelihood",1820.5,8.352e-9
14,"R_Date","T4-20",,"likelihood",1821.5,8.352e-9
14,"R_Date","T4-20",,"likelihood",1822.5,8.352e-9
14,"R_Date","T4-20",,"likelihood",1823.5,8.352e-9
14,"R_Date","T4-20",,"likelihood",1824.5,8.352e-9
14,"R_Date","T4-20",,"likelihood",1825.5,8.352e-9
14,"R_Date","T4-20",,"likelihood",1826.5,8.352e-9
14,"R_Date","T4-20",,"likelihood",1827.5,0
14,"R_Date","T4-20",,"likelihood",1828.5,0
14,"R_Date","T4-20",,"likelihood",1829.5,0
14,"R_Date","T4-20",,"likelihood",1830.5,8.352e-9
14,"R_Date","T4-20",,"likelihood",1831.5,8.352e-9
14,"R_Date","T4-20",,"likelihood",1832.5,8.352e-9
14,"R_Date","T4-20",,"likelihood",1833.5,8.352e-9
14,"R_Date","T4-20",,"likelihood",1834.5,8.352e-9
14,"R_Date","T4-20",,"likelihood",1835.5,1.6705e-8
14,"R_Date","T4-20",,"likelihood",1836.5,2.5057e-8
14,"R_Date","T4-20",,"likelihood",1837.5,2.5057e-8
14,"R_Date","T4-20",,"likelihood",1838.5,3.341e-8
14,"R_Date","T4-20",,"likelihood",1839.5,3.341e-8
14,"R_Date","T4-20",,"likelihood",1840.5,3.341e-8
14,"R_Date","T4-20",,"likelihood",1841.5,3.341e-8
14,"R_Date","T4-20",,"likelihood",1842.5,3.341e-8
14,"R_Date","T4-20",,"likelihood",1843.5,3.341e-8
14,"R_Date","T4-20",,"likelihood",1844.5,3.341e-8
14,"R_Date","T4-20",,"likelihood",1845.5,2.5057e-8
14,"R_Date","T4-20",,"likelihood",1846.5,2.5057e-8
14,"R_Date","T4-20",,"likelihood",1847.5,2.5057e-8
14,"R_Date","T4-20",,"likelihood",1848.5,2.5057e-8
14,"R_Date","T4-20",,"likelihood",1849.5,2.5057e-8
14,"R_Date","T4-20",,"likelihood",1850.5,2.5057e-8
14,"R_Date","T4-20",,"likelihood",1851.5,2.5057e-8
14,"R_Date","T4-20",,"likelihood",1852.5,3.341e-8
14,"R_Date","T4-20",,"likelihood",1853.5,3.341e-8
14,"R_Date","T4-20",,"likelihood",1854.5,3.341e-8
14,"R_Date","T4-20",,"likelihood",1855.5,3.341e-8
14,"R_Date","T4-20",,"likelihood",1856.5,3.341e-8
14,"R_Date","T4-20",,"likelihood",1857.5,2.5057e-8
14,"R_Date","T4-20",,"likelihood",1858.5,2.5057e-8
14,"R_Date","T4-20",,"likelihood",1859.5,2.5057e-8
14,"R_Date","T4-20",,"likelihood",1860.5,2.5057e-8
14,"R_Date","T4-20",,"likelihood",1861.5,2.5057e-8
14,"R_Date","T4-20",,"likelihood",1862.5,3.341e-8
14,"R_Date","T4-20",,"likelihood",1863.5,3.341e-8
14,"R_Date","T4-20",,"likelihood",1864.5,3.341e-8
14,"R_Date","T4-20",,"likelihood",1865.5,3.341e-8
14,"R_Date","T4-20",,"likelihood",1866.5,3.341e-8
14,"R_Date","T4-20",,"likelihood",1867.5,2.5057e-8
14,"R_Date","T4-20",,"likelihood",1868.5,2.5057e-8
14,"R_Date","T4-20",,"likelihood",1869.5,2.5057e-8
14,"R_Date","T4-20",,"likelihood",1870.5,2.5057e-8
14,"R_Date","T4-20",,"likelihood",1871.5,2.5057e-8
14,"R_Date","T4-20",,"likelihood",1872.5,3.341e-8
14,"R_Date","T4-20",,"likelihood",1873.5,3.341e-8
14,"R_Date","T4-20",,"likelihood",1874.5,4.176e-8
14,"R_Date","T4-20",,"likelihood",1875.5,4.176e-8
14,"R_Date","T4-20",,"likelihood",1876.5,4.176e-8
14,"R_Date","T4-20",,"likelihood",1877.5,3.341e-8
14,"R_Date","T4-20",,"likelihood",1878.5,2.5057e-8
14,"R_Date","T4-20",,"likelihood",1879.5,2.5057e-8
14,"R_Date","T4-20",,"likelihood",1880.5,1.6705e-8
14,"R_Date","T4-20",,"likelihood",1881.5,1.6705e-8
14,"R_Date","T4-20",,"likelihood",1882.5,1.6705e-8
14,"R_Date","T4-20",,"likelihood",1883.5,1.6705e-8
14,"R_Date","T4-20",,"likelihood",1884.5,1.6705e-8
14,"R_Date","T4-20",,"likelihood",1885.5,1.6705e-8
14,"R_Date","T4-20",,"likelihood",1886.5,1.6705e-8
14,"R_Date","T4-20",,"likelihood",1887.5,1.6705e-8
14,"R_Date","T4-20",,"likelihood",1888.5,1.6705e-8
14,"R_Date","T4-20",,"likelihood",1889.5,8.352e-9
14,"R_Date","T4-20",,"likelihood",1890.5,8.352e-9
14,"R_Date","T4-20",,"likelihood",1891.5,8.352e-9
14,"R_Date","T4-20",,"likelihood",1892.5,8.352e-9
14,"R_Date","T4-20",,"likelihood",1893.5,8.352e-9
14,"R_Date","T4-20",,"likelihood",1894.5,8.352e-9
14,"R_Date","T4-20",,"likelihood",1895.5,8.352e-9
14,"R_Date","T4-20",,"likelihood",1896.5,8.352e-9
14,"R_Date","T4-20",,"likelihood",1897.5,8.352e-9
14,"R_Date","T4-20",,"likelihood",1898.5,8.352e-9
14,"R_Date","T4-20",,"likelihood",1899.5,8.352e-9
14,"R_Date","T4-20",,"likelihood",1900.5,0
14,"R_Date","T4-20",,"likelihood",1901.5,0
14,"R_Date","T4-20",,"likelihood",1902.5,0
14,"R_Date","T4-20",,"likelihood",1903.5,0
14,"R_Date","T4-20",,"likelihood",1904.5,8.352e-9
14,"R_Date","T4-20",,"likelihood",1905.5,8.352e-9
14,"R_Date","T4-20",,"likelihood",1906.5,8.352e-9
14,"R_Date","T4-20",,"likelihood",1907.5,8.352e-9
14,"R_Date","T4-20",,"likelihood",1908.5,1.6705e-8
14,"R_Date","T4-20",,"likelihood",1909.5,1.6705e-8
14,"R_Date","T4-20",,"likelihood",1910.5,1.6705e-8
14,"R_Date","T4-20",,"likelihood",1911.5,1.6705e-8
14,"R_Date","T4-20",,"likelihood",1912.5,1.6705e-8
14,"R_Date","T4-20",,"likelihood",1913.5,1.6705e-8
14,"R_Date","T4-20",,"likelihood",1914.5,2.5057e-8
14,"R_Date","T4-20",,"likelihood",1915.5,2.5057e-8
14,"R_Date","T4-20",,"likelihood",1916.5,3.341e-8
14,"R_Date","T4-20",,"likelihood",1917.5,3.341e-8
14,"R_Date","T4-20",,"likelihood",1918.5,4.176e-8
14,"R_Date","T4-20",,"likelihood",1919.5,5.011e-8
14,"R_Date","T4-20",,"likelihood",1920.5,5.847e-8
14,"R_Date","T4-20",,"likelihood",1921.5,7.517e-8
14,"R_Date","T4-20",,"likelihood",1922.5,7.517e-8
14,"R_Date","T4-20",,"likelihood",1923.5,9.187e-8
14,"R_Date","T4-20",,"likelihood",1924.5,1.0858e-7
14,"R_Date","T4-20",,"likelihood",1925.5,1.3364e-7
14,"R_Date","T4-20",,"likelihood",1926.5,1.6705e-7
14,"R_Date","T4-20",,"likelihood",1927.5,2.0045e-7
14,"R_Date","T4-20",,"likelihood",1928.5,2.5057e-7
14,"R_Date","T4-20",,"likelihood",1929.5,2.8398e-7
14,"R_Date","T4-20",,"likelihood",1930.5,3.0068e-7
14,"R_Date","T4-20",,"likelihood",1931.5,3.174e-7
14,"R_Date","T4-20",,"likelihood",1932.5,3.0068e-7
14,"R_Date","T4-20",,"likelihood",1933.5,2.8398e-7
14,"R_Date","T4-20",,"likelihood",1934.5,2.6727e-7
14,"R_Date","T4-20",,"likelihood",1935.5,2.5057e-7
14,"R_Date","T4-20",,"likelihood",1936.5,2.5057e-7
14,"R_Date","T4-20",,"likelihood",1937.5,2.7562e-7
14,"R_Date","T4-20",,"likelihood",1938.5,3.0903e-7
14,"R_Date","T4-20",,"likelihood",1939.5,3.675e-7
14,"R_Date","T4-20",,"likelihood",1940.5,4.677e-7
14,"R_Date","T4-20",,"likelihood",1941.5,5.847e-7
14,"R_Date","T4-20",,"likelihood",1942.5,7.266e-7
14,"R_Date","T4-20",,"likelihood",1943.5,8.603e-7
14,"R_Date","T4-20",,"likelihood",1944.5,0.0000010691
14,"R_Date","T4-20",,"likelihood",1945.5,0.0000012612
14,"R_Date","T4-20",,"likelihood",1946.5,0.0000014032
14,"R_Date","T4-20",,"likelihood",1947.5,0.0000016537
14,"R_Date","T4-20",,"likelihood",1948.5,0.0000018375
14,"R_Date","T4-20",,"likelihood",1949.5,0.000002038
14,"R_Date","T4-20",,"likelihood",1950.5,0.0000019377
14,"R_Date","T4-20",,"posterior",1210.5,0
14,"R_Date","T4-20",,"posterior",1211.5,2.5631e-7
14,"R_Date","T4-20",,"posterior",1212.5,5.126e-7
14,"R_Date","T4-20",,"posterior",1213.5,0
14,"R_Date","T4-20",,"posterior",1214.5,5.126e-7
14,"R_Date","T4-20",,"posterior",1215.5,5.126e-7
14,"R_Date","T4-20",,"posterior",1216.5,5.126e-7
14,"R_Date","T4-20",,"posterior",1217.5,0.0000010435
14,"R_Date","T4-20",,"posterior",1218.5,0.0000012999
14,"R_Date","T4-20",,"posterior",1219.5,0.000003387
14,"R_Date","T4-20",,"posterior",1220.5,0.00000443
14,"R_Date","T4-20",,"posterior",1221.5,0.0000039
14,"R_Date","T4-20",,"posterior",1222.5,0.000005987
14,"R_Date","T4-20",,"posterior",1223.5,0.000009117
14,"R_Date","T4-20",,"posterior",1224.5,0.00001093
14,"R_Date","T4-20",,"posterior",1225.5,0.000010673
14,"R_Date","T4-20",,"posterior",1226.5,0.000015891
14,"R_Date","T4-20",,"posterior",1227.5,0.000014317
14,"R_Date","T4-20",,"posterior",1228.5,0.000014591
14,"R_Date","T4-20",,"posterior",1229.5,0.000018235
14,"R_Date","T4-20",,"posterior",1230.5,0.000019791
14,"R_Date","T4-20",,"posterior",1231.5,0.000023434
14,"R_Date","T4-20",,"posterior",1232.5,0.000025265
14,"R_Date","T4-20",,"posterior",1233.5,0.000021622
14,"R_Date","T4-20",,"posterior",1234.5,0.000021622
14,"R_Date","T4-20",,"posterior",1235.5,0.000023178
14,"R_Date","T4-20",,"posterior",1236.5,0.000028377
14,"R_Date","T4-20",,"posterior",1237.5,0.000029695
14,"R_Date","T4-20",,"posterior",1238.5,0.000030208
14,"R_Date","T4-20",,"posterior",1239.5,0.000026565
14,"R_Date","T4-20",,"posterior",1240.5,0.000029164
14,"R_Date","T4-20",,"posterior",1241.5,0.000025521
14,"R_Date","T4-20",,"posterior",1242.5,0.000028121
14,"R_Date","T4-20",,"posterior",1243.5,0.000027352
14,"R_Date","T4-20",,"posterior",1244.5,0.000028652
14,"R_Date","T4-20",,"posterior",1245.5,0.000021347
14,"R_Date","T4-20",,"posterior",1246.5,0.000020578
14,"R_Date","T4-20",,"posterior",1247.5,0.000022134
14,"R_Date","T4-20",,"posterior",1248.5,0.000019791
14,"R_Date","T4-20",,"posterior",1249.5,0.000020303
14,"R_Date","T4-20",,"posterior",1250.5,0.000020047
14,"R_Date","T4-20",,"posterior",1251.5,0.000023965
14,"R_Date","T4-20",,"posterior",1252.5,0.000024734
14,"R_Date","T4-20",,"posterior",1253.5,0.00002239
14,"R_Date","T4-20",,"posterior",1254.5,0.00003255
14,"R_Date","T4-20",,"posterior",1255.5,0.00003176
14,"R_Date","T4-20",,"posterior",1256.5,0.000027864
14,"R_Date","T4-20",,"posterior",1257.5,0.000025521
14,"R_Date","T4-20",,"posterior",1258.5,0.000028652
14,"R_Date","T4-20",,"posterior",1259.5,0.000030208
14,"R_Date","T4-20",,"posterior",1260.5,0.00003619
14,"R_Date","T4-20",,"posterior",1261.5,0.00003803
14,"R_Date","T4-20",,"posterior",1262.5,0.00004844
14,"R_Date","T4-20",,"posterior",1263.5,0.00005547
14,"R_Date","T4-20",,"posterior",1264.5,0.00006093
14,"R_Date","T4-20",,"posterior",1265.5,0.00006953
14,"R_Date","T4-20",,"posterior",1266.5,0.00008854
14,"R_Date","T4-20",,"posterior",1267.5,0.00010781
14,"R_Date","T4-20",,"posterior",1268.5,0.0001164
14,"R_Date","T4-20",,"posterior",1269.5,0.00013698
14,"R_Date","T4-20",,"posterior",1270.5,0.0001487
14,"R_Date","T4-20",,"posterior",1271.5,0.00018672
14,"R_Date","T4-20",,"posterior",1272.5,0.00019479
14,"R_Date","T4-20",,"posterior",1273.5,0.0002315
14,"R_Date","T4-20",,"posterior",1274.5,0.00028124
14,"R_Date","T4-20",,"posterior",1275.5,0.0003206
14,"R_Date","T4-20",,"posterior",1276.5,0.0003706
14,"R_Date","T4-20",,"posterior",1277.5,0.0004555
14,"R_Date","T4-20",,"posterior",1278.5,0.0005781
14,"R_Date","T4-20",,"posterior",1279.5,0.0007568
14,"R_Date","T4-20",,"posterior",1280.5,0.0009302
14,"R_Date","T4-20",,"posterior",1281.5,0.0011581
14,"R_Date","T4-20",,"posterior",1282.5,0.0012943
14,"R_Date","T4-20",,"posterior",1283.5,0.0014794
14,"R_Date","T4-20",,"posterior",1284.5,0.0016659
14,"R_Date","T4-20",,"posterior",1285.5,0.0017779
14,"R_Date","T4-20",,"posterior",1286.5,0.0019706
14,"R_Date","T4-20",,"posterior",1287.5,0.0021651
14,"R_Date","T4-20",,"posterior",1288.5,0.0023096
14,"R_Date","T4-20",,"posterior",1289.5,0.0023542
14,"R_Date","T4-20",,"posterior",1290.5,0.0025266
14,"R_Date","T4-20",,"posterior",1291.5,0.0027172
14,"R_Date","T4-20",,"posterior",1292.5,0.0028096
14,"R_Date","T4-20",,"posterior",1293.5,0.0029839
14,"R_Date","T4-20",,"posterior",1294.5,0.0031422
14,"R_Date","T4-20",,"posterior",1295.5,0.003292
14,"R_Date","T4-20",,"posterior",1296.5,0.003555
14,"R_Date","T4-20",,"posterior",1297.5,0.003927
14,"R_Date","T4-20",,"posterior",1298.5,0.004281
14,"R_Date","T4-20",,"posterior",1299.5,0.004817
14,"R_Date","T4-20",,"posterior",1300.5,0.00529
14,"R_Date","T4-20",,"posterior",1301.5,0.005952
14,"R_Date","T4-20",,"posterior",1302.5,0.006339
14,"R_Date","T4-20",,"posterior",1303.5,0.007214
14,"R_Date","T4-20",,"posterior",1304.5,0.007785
14,"R_Date","T4-20",,"posterior",1305.5,0.008332
14,"R_Date","T4-20",,"posterior",1306.5,0.009086
14,"R_Date","T4-20",,"posterior",1307.5,0.009503
14,"R_Date","T4-20",,"posterior",1308.5,0.009886
14,"R_Date","T4-20",,"posterior",1309.5,0.010132
14,"R_Date","T4-20",,"posterior",1310.5,0.010433
14,"R_Date","T4-20",,"posterior",1311.5,0.010556
14,"R_Date","T4-20",,"posterior",1312.5,0.010648
14,"R_Date","T4-20",,"posterior",1313.5,0.010644
14,"R_Date","T4-20",,"posterior",1314.5,0.010591
14,"R_Date","T4-20",,"posterior",1315.5,0.010687
14,"R_Date","T4-20",,"posterior",1316.5,0.010664
14,"R_Date","T4-20",,"posterior",1317.5,0.010669
14,"R_Date","T4-20",,"posterior",1318.5,0.011048
14,"R_Date","T4-20",,"posterior",1319.5,0.011578
14,"R_Date","T4-20",,"posterior",1320.5,0.011903
14,"R_Date","T4-20",,"posterior",1321.5,0.012698
14,"R_Date","T4-20",,"posterior",1322.5,0.013414
14,"R_Date","T4-20",,"posterior",1323.5,0.013886
14,"R_Date","T4-20",,"posterior",1324.5,0.014862
14,"R_Date","T4-20",,"posterior",1325.5,0.015509
14,"R_Date","T4-20",,"posterior",1326.5,0.016331
14,"R_Date","T4-20",,"posterior",1327.5,0.016918
14,"R_Date","T4-20",,"posterior",1328.5,0.017654
14,"R_Date","T4-20",,"posterior",1329.5,0.017936
14,"R_Date","T4-20",,"posterior",1330.5,0.018308
14,"R_Date","T4-20",,"posterior",1331.5,0.018043
14,"R_Date","T4-20",,"posterior",1332.5,0.017911
14,"R_Date","T4-20",,"posterior",1333.5,0.017615
14,"R_Date","T4-20",,"posterior",1334.5,0.017503
14,"R_Date","T4-20",,"posterior",1335.5,0.016775
14,"R_Date","T4-20",,"posterior",1336.5,0.01658
14,"R_Date","T4-20",,"posterior",1337.5,0.015969
14,"R_Date","T4-20",,"posterior",1338.5,0.015724
14,"R_Date","T4-20",,"posterior",1339.5,0.015475
14,"R_Date","T4-20",,"posterior",1340.5,0.015203
14,"R_Date","T4-20",,"posterior",1341.5,0.015163
14,"R_Date","T4-20",,"posterior",1342.5,0.014917
14,"R_Date","T4-20",,"posterior",1343.5,0.014765
14,"R_Date","T4-20",,"posterior",1344.5,0.014455
14,"R_Date","T4-20",,"posterior",1345.5,0.014077
14,"R_Date","T4-20",,"posterior",1346.5,0.01361
14,"R_Date","T4-20",,"posterior",1347.5,0.013409
14,"R_Date","T4-20",,"posterior",1348.5,0.013092
14,"R_Date","T4-20",,"posterior",1349.5,0.01292
14,"R_Date","T4-20",,"posterior",1350.5,0.012482
14,"R_Date","T4-20",,"posterior",1351.5,0.012115
14,"R_Date","T4-20",,"posterior",1352.5,0.011783
14,"R_Date","T4-20",,"posterior",1353.5,0.011182
14,"R_Date","T4-20",,"posterior",1354.5,0.01057
14,"R_Date","T4-20",,"posterior",1355.5,0.009798
14,"R_Date","T4-20",,"posterior",1356.5,0.009152
14,"R_Date","T4-20",,"posterior",1357.5,0.008399
14,"R_Date","T4-20",,"posterior",1358.5,0.007796
14,"R_Date","T4-20",,"posterior",1359.5,0.007268
14,"R_Date","T4-20",,"posterior",1360.5,0.006727
14,"R_Date","T4-20",,"posterior",1361.5,0.006174
14,"R_Date","T4-20",,"posterior",1362.5,0.005822
14,"R_Date","T4-20",,"posterior",1363.5,0.005425
14,"R_Date","T4-20",,"posterior",1364.5,0.005044
14,"R_Date","T4-20",,"posterior",1365.5,0.004567
14,"R_Date","T4-20",,"posterior",1366.5,0.004118
14,"R_Date","T4-20",,"posterior",1367.5,0.003827
14,"R_Date","T4-20",,"posterior",1368.5,0.003503
14,"R_Date","T4-20",,"posterior",1369.5,0.0031128
14,"R_Date","T4-20",,"posterior",1370.5,0.0028737
14,"R_Date","T4-20",,"posterior",1371.5,0.0025625
14,"R_Date","T4-20",,"posterior",1372.5,0.0024029
14,"R_Date","T4-20",,"posterior",1373.5,0.0021656
14,"R_Date","T4-20",,"posterior",1374.5,0.0021899
14,"R_Date","T4-20",,"posterior",1375.5,0.0020773
14,"R_Date","T4-20",,"posterior",1376.5,0.0020964
14,"R_Date","T4-20",,"posterior",1377.5,0.0022078
14,"R_Date","T4-20",,"posterior",1378.5,0.002337
14,"R_Date","T4-20",,"posterior",1379.5,0.0023979
14,"R_Date","T4-20",,"posterior",1380.5,0.0025776
14,"R_Date","T4-20",,"posterior",1381.5,0.0027099
14,"R_Date","T4-20",,"posterior",1382.5,0.0027825
14,"R_Date","T4-20",,"posterior",1383.5,0.0027729
14,"R_Date","T4-20",,"posterior",1384.5,0.0028393
14,"R_Date","T4-20",,"posterior",1385.5,0.0027713
14,"R_Date","T4-20",,"posterior",1386.5,0.0028461
14,"R_Date","T4-20",,"posterior",1387.5,0.002874
14,"R_Date","T4-20",,"posterior",1388.5,0.0029852
14,"R_Date","T4-20",,"posterior",1389.5,0.0029833
14,"R_Date","T4-20",,"posterior",1390.5,0.0031117
14,"R_Date","T4-20",,"posterior",1391.5,0.003202
14,"R_Date","T4-20",,"posterior",1392.5,0.003277
14,"R_Date","T4-20",,"posterior",1393.5,0.003378
14,"R_Date","T4-20",,"posterior",1394.5,0.003377
14,"R_Date","T4-20",,"posterior",1395.5,0.003541
14,"R_Date","T4-20",,"posterior",1396.5,0.003525
14,"R_Date","T4-20",,"posterior",1397.5,0.00357
14,"R_Date","T4-20",,"posterior",1398.5,0.003502
14,"R_Date","T4-20",,"posterior",1399.5,0.003539
14,"R_Date","T4-20",,"posterior",1400.5,0.003388
14,"R_Date","T4-20",,"posterior",1401.5,0.003322
14,"R_Date","T4-20",,"posterior",1402.5,0.003137
14,"R_Date","T4-20",,"posterior",1403.5,0.0029672
14,"R_Date","T4-20",,"posterior",1404.5,0.0028594
14,"R_Date","T4-20",,"posterior",1405.5,0.0028292
14,"R_Date","T4-20",,"posterior",1406.5,0.0026974
14,"R_Date","T4-20",,"posterior",1407.5,0.0025609
14,"R_Date","T4-20",,"posterior",1408.5,0.002575
14,"R_Date","T4-20",,"posterior",1409.5,0.0023958
14,"R_Date","T4-20",,"posterior",1410.5,0.0023214
14,"R_Date","T4-20",,"posterior",1411.5,0.0021096
14,"R_Date","T4-20",,"posterior",1412.5,0.0020003
14,"R_Date","T4-20",,"posterior",1413.5,0.0019237
14,"R_Date","T4-20",,"posterior",1414.5,0.0017435
14,"R_Date","T4-20",,"posterior",1415.5,0.0017125
14,"R_Date","T4-20",,"posterior",1416.5,0.0015425
14,"R_Date","T4-20",,"posterior",1417.5,0.0014409
14,"R_Date","T4-20",,"posterior",1418.5,0.0013891
14,"R_Date","T4-20",,"posterior",1419.5,0.0013021
14,"R_Date","T4-20",,"posterior",1420.5,0.0011951
14,"R_Date","T4-20",,"posterior",1421.5,0.0011214
14,"R_Date","T4-20",,"posterior",1422.5,0.0010109
14,"R_Date","T4-20",,"posterior",1423.5,0.0009419
14,"R_Date","T4-20",,"posterior",1424.5,0.0008482
14,"R_Date","T4-20",,"posterior",1425.5,0.0007969
14,"R_Date","T4-20",,"posterior",1426.5,0.0007351
14,"R_Date","T4-20",,"posterior",1427.5,0.0006458
14,"R_Date","T4-20",,"posterior",1428.5,0.0005964
14,"R_Date","T4-20",,"posterior",1429.5,0.0005662
14,"R_Date","T4-20",,"posterior",1430.5,0.0004862
14,"R_Date","T4-20",,"posterior",1431.5,0.0004617
14,"R_Date","T4-20",,"posterior",1432.5,0.000395
14,"R_Date","T4-20",,"posterior",1433.5,0.0004029
14,"R_Date","T4-20",,"posterior",1434.5,0.0003247
14,"R_Date","T4-20",,"posterior",1435.5,0.00030208
14,"R_Date","T4-20",,"posterior",1436.5,0.00025129
14,"R_Date","T4-20",,"posterior",1437.5,0.00024739
14,"R_Date","T4-20",,"posterior",1438.5,0.0002289
14,"R_Date","T4-20",,"posterior",1439.5,0.00020104
14,"R_Date","T4-20",,"posterior",1440.5,0.00017004
14,"R_Date","T4-20",,"posterior",1441.5,0.00015468
14,"R_Date","T4-20",,"posterior",1442.5,0.00014427
14,"R_Date","T4-20",,"posterior",1443.5,0.00012473
14,"R_Date","T4-20",,"posterior",1444.5,0.00012371
14,"R_Date","T4-20",,"posterior",1445.5,0.00010234
14,"R_Date","T4-20",,"posterior",1446.5,0.00008464
14,"R_Date","T4-20",,"posterior",1447.5,0.00007995
14,"R_Date","T4-20",,"posterior",1448.5,0.00006589
14,"R_Date","T4-20",,"posterior",1449.5,0.00005729
14,"R_Date","T4-20",,"posterior",1450.5,0.00005339
14,"R_Date","T4-20",,"posterior",1451.5,0.00005
14,"R_Date","T4-20",,"posterior",1452.5,0.00005833
14,"R_Date","T4-20",,"posterior",1453.5,0.00004271
14,"R_Date","T4-20",,"posterior",1454.5,0.00003698
14,"R_Date","T4-20",,"posterior",1455.5,0.00003438
14,"R_Date","T4-20",,"posterior",1456.5,0.000030995
14,"R_Date","T4-20",,"posterior",1457.5,0.000021622
14,"R_Date","T4-20",,"posterior",1458.5,0.000021878
14,"R_Date","T4-20",,"posterior",1459.5,0.000017191
14,"R_Date","T4-20",,"posterior",1460.5,0.000012761
14,"R_Date","T4-20",,"posterior",1461.5,0.000015891
14,"R_Date","T4-20",,"posterior",1462.5,0.000016935
14,"R_Date","T4-20",,"posterior",1463.5,0.000011461
14,"R_Date","T4-20",,"posterior",1464.5,0.000015617
14,"R_Date","T4-20",,"posterior",1465.5,0.000011973
14,"R_Date","T4-20",,"posterior",1466.5,0.00001093
14,"R_Date","T4-20",,"posterior",1467.5,0.000009374
14,"R_Date","T4-20",,"posterior",1468.5,0.00001406
14,"R_Date","T4-20",,"posterior",1469.5,0.000009117
14,"R_Date","T4-20",,"posterior",1470.5,0.000007287
14,"R_Date","T4-20",,"posterior",1471.5,0.000011973
14,"R_Date","T4-20",,"posterior",1472.5,0.000007561
14,"R_Date","T4-20",,"posterior",1473.5,0.000008074
14,"R_Date","T4-20",,"posterior",1474.5,0.000006774
14,"R_Date","T4-20",,"posterior",1475.5,0.00000703
14,"R_Date","T4-20",,"posterior",1476.5,0.000005199
14,"R_Date","T4-20",,"posterior",1477.5,0.00000833
14,"R_Date","T4-20",,"posterior",1478.5,0.0000023434
14,"R_Date","T4-20",,"posterior",1479.5,0.000005199
14,"R_Date","T4-20",,"posterior",1480.5,0.000004174
14,"R_Date","T4-20",,"posterior",1481.5,0.000002856
14,"R_Date","T4-20",,"posterior",1482.5,0.0000012999
14,"R_Date","T4-20",,"posterior",1483.5,0.0000020871
14,"R_Date","T4-20",,"posterior",1484.5,0.0000020871
14,"R_Date","T4-20",,"posterior",1485.5,0.000004174
14,"R_Date","T4-20",,"posterior",1486.5,0.0000031306
14,"R_Date","T4-20",,"posterior",1487.5,0.000003387
14,"R_Date","T4-20",,"posterior",1488.5,0.0000039
14,"R_Date","T4-20",,"posterior",1489.5,0.0000020871
14,"R_Date","T4-20",,"posterior",1490.5,0.0000020871
14,"R_Date","T4-20",,"posterior",1491.5,0.0000010435
15,"R_Date","T2-2",,"likelihood",1175.5,0
15,"R_Date","T2-2",,"likelihood",1176.5,1.0597e-8
15,"R_Date","T2-2",,"likelihood",1177.5,1.0597e-8
15,"R_Date","T2-2",,"likelihood",1178.5,1.0597e-8
15,"R_Date","T2-2",,"likelihood",1179.5,2.1195e-8
15,"R_Date","T2-2",,"likelihood",1180.5,2.1195e-8
15,"R_Date","T2-2",,"likelihood",1181.5,2.1195e-8
15,"R_Date","T2-2",,"likelihood",1182.5,3.179e-8
15,"R_Date","T2-2",,"likelihood",1183.5,3.179e-8
15,"R_Date","T2-2",,"likelihood",1184.5,3.179e-8
15,"R_Date","T2-2",,"likelihood",1185.5,3.179e-8
15,"R_Date","T2-2",,"likelihood",1186.5,3.179e-8
15,"R_Date","T2-2",,"likelihood",1187.5,2.1195e-8
15,"R_Date","T2-2",,"likelihood",1188.5,2.1195e-8
15,"R_Date","T2-2",,"likelihood",1189.5,2.1195e-8
15,"R_Date","T2-2",,"likelihood",1190.5,2.1195e-8
15,"R_Date","T2-2",,"likelihood",1191.5,1.0597e-8
15,"R_Date","T2-2",,"likelihood",1192.5,1.0597e-8
15,"R_Date","T2-2",,"likelihood",1193.5,1.0597e-8
15,"R_Date","T2-2",,"likelihood",1194.5,1.0597e-8
15,"R_Date","T2-2",,"likelihood",1195.5,1.0597e-8
15,"R_Date","T2-2",,"likelihood",1196.5,1.0597e-8
15,"R_Date","T2-2",,"likelihood",1197.5,1.0597e-8
15,"R_Date","T2-2",,"likelihood",1198.5,1.0597e-8
15,"R_Date","T2-2",,"likelihood",1199.5,1.0597e-8
15,"R_Date","T2-2",,"likelihood",1200.5,1.0597e-8
15,"R_Date","T2-2",,"likelihood",1201.5,1.0597e-8
15,"R_Date","T2-2",,"likelihood",1202.5,1.0597e-8
15,"R_Date","T2-2",,"likelihood",1203.5,1.0597e-8
15,"R_Date","T2-2",,"likelihood",1204.5,2.1195e-8
15,"R_Date","T2-2",,"likelihood",1205.5,2.1195e-8
15,"R_Date","T2-2",,"likelihood",1206.5,2.1195e-8
15,"R_Date","T2-2",,"likelihood",1207.5,2.1195e-8
15,"R_Date","T2-2",,"likelihood",1208.5,2.1195e-8
15,"R_Date","T2-2",,"likelihood",1209.5,2.1195e-8
15,"R_Date","T2-2",,"likelihood",1210.5,2.1195e-8
15,"R_Date","T2-2",,"likelihood",1211.5,2.1195e-8
15,"R_Date","T2-2",,"likelihood",1212.5,2.1195e-8
15,"R_Date","T2-2",,"likelihood",1213.5,3.179e-8
15,"R_Date","T2-2",,"likelihood",1214.5,3.179e-8
15,"R_Date","T2-2",,"likelihood",1215.5,4.239e-8
15,"R_Date","T2-2",,"likelihood",1216.5,5.299e-8
15,"R_Date","T2-2",,"likelihood",1217.5,6.358e-8
15,"R_Date","T2-2",,"likelihood",1218.5,1.0597e-7
15,"R_Date","T2-2",,"likelihood",1219.5,1.5896e-7
15,"R_Date","T2-2",,"likelihood",1220.5,2.7553e-7
15,"R_Date","T2-2",,"likelihood",1221.5,4.027e-7
15,"R_Date","T2-2",,"likelihood",1222.5,5.723e-7
15,"R_Date","T2-2",,"likelihood",1223.5,8.16e-7
15,"R_Date","T2-2",,"likelihood",1224.5,0.0000010703
15,"R_Date","T2-2",,"likelihood",1225.5,0.0000013141
15,"R_Date","T2-2",,"likelihood",1226.5,0.000001685
15,"R_Date","T2-2",,"likelihood",1227.5,0.0000018015
15,"R_Date","T2-2",,"likelihood",1228.5,0.0000020559
15,"R_Date","T2-2",,"likelihood",1229.5,0.0000021936
15,"R_Date","T2-2",,"likelihood",1230.5,0.000002501
15,"R_Date","T2-2",,"likelihood",1231.5,0.0000026599
15,"R_Date","T2-2",,"likelihood",1232.5,0.0000030308
15,"R_Date","T2-2",,"likelihood",1233.5,0.000003232
15,"R_Date","T2-2",,"likelihood",1234.5,0.000003677
15,"R_Date","T2-2",,"likelihood",1235.5,0.000003677
15,"R_Date","T2-2",,"likelihood",1236.5,0.000003677
15,"R_Date","T2-2",,"likelihood",1237.5,0.000003677
15,"R_Date","T2-2",,"likelihood",1238.5,0.000003444
15,"R_Date","T2-2",,"likelihood",1239.5,0.000003232
15,"R_Date","T2-2",,"likelihood",1240.5,0.0000030308
15,"R_Date","T2-2",,"likelihood",1241.5,0.0000028401
15,"R_Date","T2-2",,"likelihood",1242.5,0.0000026599
15,"R_Date","T2-2",,"likelihood",1243.5,0.000002501
15,"R_Date","T2-2",,"likelihood",1244.5,0.000002342
15,"R_Date","T2-2",,"likelihood",1245.5,0.0000021936
15,"R_Date","T2-2",,"likelihood",1246.5,0.0000020559
15,"R_Date","T2-2",,"likelihood",1247.5,0.0000019181
15,"R_Date","T2-2",,"likelihood",1248.5,0.0000018015
15,"R_Date","T2-2",,"likelihood",1249.5,0.0000018015
15,"R_Date","T2-2",,"likelihood",1250.5,0.000001685
15,"R_Date","T2-2",,"likelihood",1251.5,0.000001685
15,"R_Date","T2-2",,"likelihood",1252.5,0.0000018015
15,"R_Date","T2-2",,"likelihood",1253.5,0.0000019181
15,"R_Date","T2-2",,"likelihood",1254.5,0.0000020559
15,"R_Date","T2-2",,"likelihood",1255.5,0.0000021936
15,"R_Date","T2-2",,"likelihood",1256.5,0.0000021936
15,"R_Date","T2-2",,"likelihood",1257.5,0.000002342
15,"R_Date","T2-2",,"likelihood",1258.5,0.000002501
15,"R_Date","T2-2",,"likelihood",1259.5,0.0000026599
15,"R_Date","T2-2",,"likelihood",1260.5,0.0000030308
15,"R_Date","T2-2",,"likelihood",1261.5,0.000003677
15,"R_Date","T2-2",,"likelihood",1262.5,0.000004165
15,"R_Date","T2-2",,"likelihood",1263.5,0.000005034
15,"R_Date","T2-2",,"likelihood",1264.5,0.000006443
15,"R_Date","T2-2",,"likelihood",1265.5,0.000007736
15,"R_Date","T2-2",,"likelihood",1266.5,0.000009834
15,"R_Date","T2-2",,"likelihood",1267.5,0.000011752
15,"R_Date","T2-2",,"likelihood",1268.5,0.000014847
15,"R_Date","T2-2",,"likelihood",1269.5,0.000017645
15,"R_Date","T2-2",,"likelihood",1270.5,0.000022127
15,"R_Date","T2-2",,"likelihood",1271.5,0.000026154
15,"R_Date","T2-2",,"likelihood",1272.5,0.000030849
15,"R_Date","T2-2",,"likelihood",1273.5,0.00003631
15,"R_Date","T2-2",,"likelihood",1274.5,0.00004495
15,"R_Date","T2-2",,"likelihood",1275.5,0.00005543
15,"R_Date","T2-2",,"likelihood",1276.5,0.00007163
15,"R_Date","T2-2",,"likelihood",1277.5,0.00009663
15,"R_Date","T2-2",,"likelihood",1278.5,0.00013545
15,"R_Date","T2-2",,"likelihood",1279.5,0.00018756
15,"R_Date","T2-2",,"likelihood",1280.5,0.00025652
15,"R_Date","T2-2",,"likelihood",1281.5,0.0003322
15,"R_Date","T2-2",,"likelihood",1282.5,0.0004092
15,"R_Date","T2-2",,"likelihood",1283.5,0.0004812
15,"R_Date","T2-2",,"likelihood",1284.5,0.0005636
15,"R_Date","T2-2",,"likelihood",1285.5,0.0006328
15,"R_Date","T2-2",,"likelihood",1286.5,0.0006828
15,"R_Date","T2-2",,"likelihood",1287.5,0.0007359
15,"R_Date","T2-2",,"likelihood",1288.5,0.0008219
15,"R_Date","T2-2",,"likelihood",1289.5,0.0008523
15,"R_Date","T2-2",,"likelihood",1290.5,0.0009159
15,"R_Date","T2-2",,"likelihood",1291.5,0.0009831
15,"R_Date","T2-2",,"likelihood",1292.5,0.0010182
15,"R_Date","T2-2",,"likelihood",1293.5,0.0010913
15,"R_Date","T2-2",,"likelihood",1294.5,0.0011293
15,"R_Date","T2-2",,"likelihood",1295.5,0.0012085
15,"R_Date","T2-2",,"likelihood",1296.5,0.0013353
15,"R_Date","T2-2",,"likelihood",1297.5,0.0014719
15,"R_Date","T2-2",,"likelihood",1298.5,0.0016701
15,"R_Date","T2-2",,"likelihood",1299.5,0.0019444
15,"R_Date","T2-2",,"likelihood",1300.5,0.0021858
15,"R_Date","T2-2",,"likelihood",1301.5,0.0025024
15,"R_Date","T2-2",,"likelihood",1302.5,0.0027886
15,"R_Date","T2-2",,"likelihood",1303.5,0.003186
15,"R_Date","T2-2",,"likelihood",1304.5,0.003516
15,"R_Date","T2-2",,"likelihood",1305.5,0.003863
15,"R_Date","T2-2",,"likelihood",1306.5,0.004227
15,"R_Date","T2-2",,"likelihood",1307.5,0.00451
15,"R_Date","T2-2",,"likelihood",1308.5,0.004702
15,"R_Date","T2-2",,"likelihood",1309.5,0.0048
15,"R_Date","T2-2",,"likelihood",1310.5,0.004898
15,"R_Date","T2-2",,"likelihood",1311.5,0.004997
15,"R_Date","T2-2",,"likelihood",1312.5,0.004997
15,"R_Date","T2-2",,"likelihood",1313.5,0.00499
15,"R_Date","T2-2",,"likelihood",1314.5,0.00499
15,"R_Date","T2-2",,"likelihood",1315.5,0.00499
15,"R_Date","T2-2",,"likelihood",1316.5,0.00499
15,"R_Date","T2-2",,"likelihood",1317.5,0.00499
15,"R_Date","T2-2",,"likelihood",1318.5,0.005191
15,"R_Date","T2-2",,"likelihood",1319.5,0.005395
15,"R_Date","T2-2",,"likelihood",1320.5,0.005703
15,"R_Date","T2-2",,"likelihood",1321.5,0.00612
15,"R_Date","T2-2",,"likelihood",1322.5,0.00654
15,"R_Date","T2-2",,"likelihood",1323.5,0.006958
15,"R_Date","T2-2",,"likelihood",1324.5,0.007475
15,"R_Date","T2-2",,"likelihood",1325.5,0.007878
15,"R_Date","T2-2",,"likelihood",1326.5,0.008362
15,"R_Date","T2-2",,"likelihood",1327.5,0.008729
15,"R_Date","T2-2",,"likelihood",1328.5,0.009073
15,"R_Date","T2-2",,"likelihood",1329.5,0.009235
15,"R_Date","T2-2",,"likelihood",1330.5,0.00939
15,"R_Date","T2-2",,"likelihood",1331.5,0.00939
15,"R_Date","T2-2",,"likelihood",1332.5,0.00939
15,"R_Date","T2-2",,"likelihood",1333.5,0.009313
15,"R_Date","T2-2",,"likelihood",1334.5,0.009235
15,"R_Date","T2-2",,"likelihood",1335.5,0.009155
15,"R_Date","T2-2",,"likelihood",1336.5,0.008989
15,"R_Date","T2-2",,"likelihood",1337.5,0.008904
15,"R_Date","T2-2",,"likelihood",1338.5,0.008817
15,"R_Date","T2-2",,"likelihood",1339.5,0.008817
15,"R_Date","T2-2",,"likelihood",1340.5,0.008817
15,"R_Date","T2-2",,"likelihood",1341.5,0.008817
15,"R_Date","T2-2",,"likelihood",1342.5,0.008817
15,"R_Date","T2-2",,"likelihood",1343.5,0.008817
15,"R_Date","T2-2",,"likelihood",1344.5,0.008817
15,"R_Date","T2-2",,"likelihood",1345.5,0.008729
15,"R_Date","T2-2",,"likelihood",1346.5,0.008639
15,"R_Date","T2-2",,"likelihood",1347.5,0.008639
15,"R_Date","T2-2",,"likelihood",1348.5,0.008548
15,"R_Date","T2-2",,"likelihood",1349.5,0.008548
15,"R_Date","T2-2",,"likelihood",1350.5,0.008548
15,"R_Date","T2-2",,"likelihood",1351.5,0.008455
15,"R_Date","T2-2",,"likelihood",1352.5,0.008362
15,"R_Date","T2-2",,"likelihood",1353.5,0.008074
15,"R_Date","T2-2",,"likelihood",1354.5,0.007678
15,"R_Date","T2-2",,"likelihood",1355.5,0.007269
15,"R_Date","T2-2",,"likelihood",1356.5,0.006854
15,"R_Date","T2-2",,"likelihood",1357.5,0.00633
15,"R_Date","T2-2",,"likelihood",1358.5,0.005914
15,"R_Date","T2-2",,"likelihood",1359.5,0.005604
15,"R_Date","T2-2",,"likelihood",1360.5,0.005198
15,"R_Date","T2-2",,"likelihood",1361.5,0.004898
15,"R_Date","T2-2",,"likelihood",1362.5,0.004702
15,"R_Date","T2-2",,"likelihood",1363.5,0.004414
15,"R_Date","T2-2",,"likelihood",1364.5,0.004043
15,"R_Date","T2-2",,"likelihood",1365.5,0.003775
15,"R_Date","T2-2",,"likelihood",1366.5,0.003432
15,"R_Date","T2-2",,"likelihood",1367.5,0.003186
15,"R_Date","T2-2",,"likelihood",1368.5,0.002876
15,"R_Date","T2-2",,"likelihood",1369.5,0.002585
15,"R_Date","T2-2",,"likelihood",1370.5,0.0023798
15,"R_Date","T2-2",,"likelihood",1371.5,0.0021236
15,"R_Date","T2-2",,"likelihood",1372.5,0.0020029
15,"R_Date","T2-2",,"likelihood",1373.5,0.0018871
15,"R_Date","T2-2",,"likelihood",1374.5,0.0018311
15,"R_Date","T2-2",,"likelihood",1375.5,0.0018311
15,"R_Date","T2-2",,"likelihood",1376.5,0.0019316
15,"R_Date","T2-2",,"likelihood",1377.5,0.0021728
15,"R_Date","T2-2",,"likelihood",1378.5,0.0024339
15,"R_Date","T2-2",,"likelihood",1379.5,0.0027151
15,"R_Date","T2-2",,"likelihood",1380.5,0.0030945
15,"R_Date","T2-2",,"likelihood",1381.5,0.003337
15,"R_Date","T2-2",,"likelihood",1382.5,0.003589
15,"R_Date","T2-2",,"likelihood",1383.5,0.003852
15,"R_Date","T2-2",,"likelihood",1384.5,0.004032
15,"R_Date","T2-2",,"likelihood",1385.5,0.004217
15,"R_Date","T2-2",,"likelihood",1386.5,0.004405
15,"R_Date","T2-2",,"likelihood",1387.5,0.004694
15,"R_Date","T2-2",,"likelihood",1388.5,0.005091
15,"R_Date","T2-2",,"likelihood",1389.5,0.005497
15,"R_Date","T2-2",,"likelihood",1390.5,0.006016
15,"R_Date","T2-2",,"likelihood",1391.5,0.00654
15,"R_Date","T2-2",,"likelihood",1392.5,0.007062
15,"R_Date","T2-2",,"likelihood",1393.5,0.007678
15,"R_Date","T2-2",,"likelihood",1394.5,0.008171
15,"R_Date","T2-2",,"likelihood",1395.5,0.008639
15,"R_Date","T2-2",,"likelihood",1396.5,0.009155
15,"R_Date","T2-2",,"likelihood",1397.5,0.009537
15,"R_Date","T2-2",,"likelihood",1398.5,0.009808
15,"R_Date","T2-2",,"likelihood",1399.5,0.010043
15,"R_Date","T2-2",,"likelihood",1400.5,0.010146
15,"R_Date","T2-2",,"likelihood",1401.5,0.01024
15,"R_Date","T2-2",,"likelihood",1402.5,0.010323
15,"R_Date","T2-2",,"likelihood",1403.5,0.010427
15,"R_Date","T2-2",,"likelihood",1404.5,0.010508
15,"R_Date","T2-2",,"likelihood",1405.5,0.010563
15,"R_Date","T2-2",,"likelihood",1406.5,0.010597
15,"R_Date","T2-2",,"likelihood",1407.5,0.010576
15,"R_Date","T2-2",,"likelihood",1408.5,0.010507
15,"R_Date","T2-2",,"likelihood",1409.5,0.010394
15,"R_Date","T2-2",,"likelihood",1410.5,0.010237
15,"R_Date","T2-2",,"likelihood",1411.5,0.010092
15,"R_Date","T2-2",,"likelihood",1412.5,0.009983
15,"R_Date","T2-2",,"likelihood",1413.5,0.009865
15,"R_Date","T2-2",,"likelihood",1414.5,0.009802
15,"R_Date","T2-2",,"likelihood",1415.5,0.009802
15,"R_Date","T2-2",,"likelihood",1416.5,0.009802
15,"R_Date","T2-2",,"likelihood",1417.5,0.009802
15,"R_Date","T2-2",,"likelihood",1418.5,0.009737
15,"R_Date","T2-2",,"likelihood",1419.5,0.00967
15,"R_Date","T2-2",,"likelihood",1420.5,0.009529
15,"R_Date","T2-2",,"likelihood",1421.5,0.009223
15,"R_Date","T2-2",,"likelihood",1422.5,0.008888
15,"R_Date","T2-2",,"likelihood",1423.5,0.008434
15,"R_Date","T2-2",,"likelihood",1424.5,0.007949
15,"R_Date","T2-2",,"likelihood",1425.5,0.007544
15,"R_Date","T2-2",,"likelihood",1426.5,0.007128
15,"R_Date","T2-2",,"likelihood",1427.5,0.006811
15,"R_Date","T2-2",,"likelihood",1428.5,0.006599
15,"R_Date","T2-2",,"likelihood",1429.5,0.006492
15,"R_Date","T2-2",,"likelihood",1430.5,0.006386
15,"R_Date","T2-2",,"likelihood",1431.5,0.006279
15,"R_Date","T2-2",,"likelihood",1432.5,0.006067
15,"R_Date","T2-2",,"likelihood",1433.5,0.005855
15,"R_Date","T2-2",,"likelihood",1434.5,0.005644
15,"R_Date","T2-2",,"likelihood",1435.5,0.005228
15,"R_Date","T2-2",,"likelihood",1436.5,0.004921
15,"R_Date","T2-2",,"likelihood",1437.5,0.004523
15,"R_Date","T2-2",,"likelihood",1438.5,0.004233
15,"R_Date","T2-2",,"likelihood",1439.5,0.003952
15,"R_Date","T2-2",,"likelihood",1440.5,0.00377
15,"R_Date","T2-2",,"likelihood",1441.5,0.003505
15,"R_Date","T2-2",,"likelihood",1442.5,0.00325
15,"R_Date","T2-2",,"likelihood",1443.5,0.0030067
15,"R_Date","T2-2",,"likelihood",1444.5,0.0026994
15,"R_Date","T2-2",,"likelihood",1445.5,0.0024127
15,"R_Date","T2-2",,"likelihood",1446.5,0.0022113
15,"R_Date","T2-2",,"likelihood",1447.5,0.001961
15,"R_Date","T2-2",,"likelihood",1448.5,0.0017312
15,"R_Date","T2-2",,"likelihood",1449.5,0.001572
15,"R_Date","T2-2",,"likelihood",1450.5,0.0014239
15,"R_Date","T2-2",,"likelihood",1451.5,0.0013311
15,"R_Date","T2-2",,"likelihood",1452.5,0.001243
15,"R_Date","T2-2",,"likelihood",1453.5,0.0011593
15,"R_Date","T2-2",,"likelihood",1454.5,0.0010421
15,"R_Date","T2-2",,"likelihood",1455.5,0.0009005
15,"R_Date","T2-2",,"likelihood",1456.5,0.0007454
15,"R_Date","T2-2",,"likelihood",1457.5,0.0006127
15,"R_Date","T2-2",,"likelihood",1458.5,0.0005
15,"R_Date","T2-2",,"likelihood",1459.5,0.0004229
15,"R_Date","T2-2",,"likelihood",1460.5,0.000356
15,"R_Date","T2-2",,"likelihood",1461.5,0.0003407
15,"R_Date","T2-2",,"likelihood",1462.5,0.000326
15,"R_Date","T2-2",,"likelihood",1463.5,0.0003407
15,"R_Date","T2-2",,"likelihood",1464.5,0.000356
15,"R_Date","T2-2",,"likelihood",1465.5,0.0003718
15,"R_Date","T2-2",,"likelihood",1466.5,0.0003882
15,"R_Date","T2-2",,"likelihood",1467.5,0.0003718
15,"R_Date","T2-2",,"likelihood",1468.5,0.000356
15,"R_Date","T2-2",,"likelihood",1469.5,0.0003407
15,"R_Date","T2-2",,"likelihood",1470.5,0.000326
15,"R_Date","T2-2",,"likelihood",1471.5,0.000326
15,"R_Date","T2-2",,"likelihood",1472.5,0.00031189
15,"R_Date","T2-2",,"likelihood",1473.5,0.00028517
15,"R_Date","T2-2",,"likelihood",1474.5,0.00026045
15,"R_Date","T2-2",,"likelihood",1475.5,0.00022684
15,"R_Date","T2-2",,"likelihood",1476.5,0.00019706
15,"R_Date","T2-2",,"likelihood",1477.5,0.00017074
15,"R_Date","T2-2",,"likelihood",1478.5,0.00015495
15,"R_Date","T2-2",,"likelihood",1479.5,0.00014047
15,"R_Date","T2-2",,"likelihood",1480.5,0.00012719
15,"R_Date","T2-2",,"likelihood",1481.5,0.00012098
15,"R_Date","T2-2",,"likelihood",1482.5,0.00011256
15,"R_Date","T2-2",,"likelihood",1483.5,0.00010698
15,"R_Date","T2-2",,"likelihood",1484.5,0.00010698
15,"R_Date","T2-2",,"likelihood",1485.5,0.00010698
15,"R_Date","T2-2",,"likelihood",1486.5,0.00010698
15,"R_Date","T2-2",,"likelihood",1487.5,0.00010698
15,"R_Date","T2-2",,"likelihood",1488.5,0.00010393
15,"R_Date","T2-2",,"likelihood",1489.5,0.00009874
15,"R_Date","T2-2",,"likelihood",1490.5,0.00009378
15,"R_Date","T2-2",,"likelihood",1491.5,0.00008904
15,"R_Date","T2-2",,"likelihood",1492.5,0.00008452
15,"R_Date","T2-2",,"likelihood",1493.5,0.00007609
15,"R_Date","T2-2",,"likelihood",1494.5,0.00007217
15,"R_Date","T2-2",,"likelihood",1495.5,0.00006486
15,"R_Date","T2-2",,"likelihood",1496.5,0.00006146
15,"R_Date","T2-2",,"likelihood",1497.5,0.00005822
15,"R_Date","T2-2",,"likelihood",1498.5,0.00005822
15,"R_Date","T2-2",,"likelihood",1499.5,0.00005514
15,"R_Date","T2-2",,"likelihood",1500.5,0.00005514
15,"R_Date","T2-2",,"likelihood",1501.5,0.00005514
15,"R_Date","T2-2",,"likelihood",1502.5,0.0000522
15,"R_Date","T2-2",,"likelihood",1503.5,0.00004942
15,"R_Date","T2-2",,"likelihood",1504.5,0.00004676
15,"R_Date","T2-2",,"likelihood",1505.5,0.00004422
15,"R_Date","T2-2",,"likelihood",1506.5,0.00004183
15,"R_Date","T2-2",,"likelihood",1507.5,0.00003954
15,"R_Date","T2-2",,"likelihood",1508.5,0.00003737
15,"R_Date","T2-2",,"likelihood",1509.5,0.00003335
15,"R_Date","T2-2",,"likelihood",1510.5,0.000031495
15,"R_Date","T2-2",,"likelihood",1511.5,0.000028062
15,"R_Date","T2-2",,"likelihood",1512.5,0.000025698
15,"R_Date","T2-2",,"likelihood",1513.5,0.000024225
15,"R_Date","T2-2",,"likelihood",1514.5,0.000024225
15,"R_Date","T2-2",,"likelihood",1515.5,0.000024967
15,"R_Date","T2-2",,"likelihood",1516.5,0.000024967
15,"R_Date","T2-2",,"likelihood",1517.5,0.000024967
15,"R_Date","T2-2",,"likelihood",1518.5,0.000023547
15,"R_Date","T2-2",,"likelihood",1519.5,0.000022201
15,"R_Date","T2-2",,"likelihood",1520.5,0.000018556
15,"R_Date","T2-2",,"likelihood",1521.5,0.000016447
15,"R_Date","T2-2",,"likelihood",1522.5,0.000013692
15,"R_Date","T2-2",,"likelihood",1523.5,0.000011371
15,"R_Date","T2-2",,"likelihood",1524.5,0.000009421
15,"R_Date","T2-2",,"likelihood",1525.5,0.000007026
15,"R_Date","T2-2",,"likelihood",1526.5,0.000005415
15,"R_Date","T2-2",,"likelihood",1527.5,0.000004144
15,"R_Date","T2-2",,"likelihood",1528.5,0.000003158
15,"R_Date","T2-2",,"likelihood",1529.5,0.0000025751
15,"R_Date","T2-2",,"likelihood",1530.5,0.000002183
15,"R_Date","T2-2",,"likelihood",1531.5,0.0000018969
15,"R_Date","T2-2",,"likelihood",1532.5,0.0000016426
15,"R_Date","T2-2",,"likelihood",1533.5,0.0000015366
15,"R_Date","T2-2",,"likelihood",1534.5,0.0000015366
15,"R_Date","T2-2",,"likelihood",1535.5,0.0000016426
15,"R_Date","T2-2",,"likelihood",1536.5,0.0000017697
15,"R_Date","T2-2",,"likelihood",1537.5,0.0000019499
15,"R_Date","T2-2",,"likelihood",1538.5,0.000002342
15,"R_Date","T2-2",,"likelihood",1539.5,0.0000026811
15,"R_Date","T2-2",,"likelihood",1540.5,0.0000029566
15,"R_Date","T2-2",,"likelihood",1541.5,0.000003296
15,"R_Date","T2-2",,"likelihood",1542.5,0.000003381
15,"R_Date","T2-2",,"likelihood",1543.5,0.000003773
15,"R_Date","T2-2",,"likelihood",1544.5,0.000003529
15,"R_Date","T2-2",,"likelihood",1545.5,0.000003296
15,"R_Date","T2-2",,"likelihood",1546.5,0.0000030838
15,"R_Date","T2-2",,"likelihood",1547.5,0.0000028719
15,"R_Date","T2-2",,"likelihood",1548.5,0.0000028719
15,"R_Date","T2-2",,"likelihood",1549.5,0.0000028719
15,"R_Date","T2-2",,"likelihood",1550.5,0.000003296
15,"R_Date","T2-2",,"likelihood",1551.5,0.000003773
15,"R_Date","T2-2",,"likelihood",1552.5,0.000004313
15,"R_Date","T2-2",,"likelihood",1553.5,0.000004928
15,"R_Date","T2-2",,"likelihood",1554.5,0.000005267
15,"R_Date","T2-2",,"likelihood",1555.5,0.000005627
15,"R_Date","T2-2",,"likelihood",1556.5,0.000006009
15,"R_Date","T2-2",,"likelihood",1557.5,0.000006835
15,"R_Date","T2-2",,"likelihood",1558.5,0.000007291
15,"R_Date","T2-2",,"likelihood",1559.5,0.000008298
15,"R_Date","T2-2",,"likelihood",1560.5,0.000009421
15,"R_Date","T2-2",,"likelihood",1561.5,0.000010036
15,"R_Date","T2-2",,"likelihood",1562.5,0.000010682
15,"R_Date","T2-2",,"likelihood",1563.5,0.000010036
15,"R_Date","T2-2",,"likelihood",1564.5,0.000009421
15,"R_Date","T2-2",,"likelihood",1565.5,0.000008298
15,"R_Date","T2-2",,"likelihood",1566.5,0.000007778
15,"R_Date","T2-2",,"likelihood",1567.5,0.000007291
15,"R_Date","T2-2",,"likelihood",1568.5,0.000007026
15,"R_Date","T2-2",,"likelihood",1569.5,0.000007291
15,"R_Date","T2-2",,"likelihood",1570.5,0.000008298
15,"R_Date","T2-2",,"likelihood",1571.5,0.000008838
15,"R_Date","T2-2",,"likelihood",1572.5,0.000010036
15,"R_Date","T2-2",,"likelihood",1573.5,0.000010682
15,"R_Date","T2-2",,"likelihood",1574.5,0.000012102
15,"R_Date","T2-2",,"likelihood",1575.5,0.000012876
15,"R_Date","T2-2",,"likelihood",1576.5,0.000014561
15,"R_Date","T2-2",,"likelihood",1577.5,0.000015483
15,"R_Date","T2-2",,"likelihood",1578.5,0.000016447
15,"R_Date","T2-2",,"likelihood",1579.5,0.000016447
15,"R_Date","T2-2",,"likelihood",1580.5,0.000017475
15,"R_Date","T2-2",,"likelihood",1581.5,0.000017475
15,"R_Date","T2-2",,"likelihood",1582.5,0.000017475
15,"R_Date","T2-2",,"likelihood",1583.5,0.000017475
15,"R_Date","T2-2",,"likelihood",1584.5,0.000017475
15,"R_Date","T2-2",,"likelihood",1585.5,0.000016447
15,"R_Date","T2-2",,"likelihood",1586.5,0.000016447
15,"R_Date","T2-2",,"likelihood",1587.5,0.000017475
15,"R_Date","T2-2",,"likelihood",1588.5,0.000018556
15,"R_Date","T2-2",,"likelihood",1589.5,0.000020919
15,"R_Date","T2-2",,"likelihood",1590.5,0.000023547
15,"R_Date","T2-2",,"likelihood",1591.5,0.000028062
15,"R_Date","T2-2",,"likelihood",1592.5,0.000031495
15,"R_Date","T2-2",,"likelihood",1593.5,0.00003531
15,"R_Date","T2-2",,"likelihood",1594.5,0.00003954
15,"R_Date","T2-2",,"likelihood",1595.5,0.00004422
15,"R_Date","T2-2",,"likelihood",1596.5,0.00004422
15,"R_Date","T2-2",,"likelihood",1597.5,0.00004676
15,"R_Date","T2-2",,"likelihood",1598.5,0.00004942
15,"R_Date","T2-2",,"likelihood",1599.5,0.0000522
15,"R_Date","T2-2",,"likelihood",1600.5,0.00005514
15,"R_Date","T2-2",,"likelihood",1601.5,0.00006146
15,"R_Date","T2-2",,"likelihood",1602.5,0.00007217
15,"R_Date","T2-2",,"likelihood",1603.5,0.00008452
15,"R_Date","T2-2",,"likelihood",1604.5,0.00009378
15,"R_Date","T2-2",,"likelihood",1605.5,0.00009874
15,"R_Date","T2-2",,"likelihood",1606.5,0.00009874
15,"R_Date","T2-2",,"likelihood",1607.5,0.00008904
15,"R_Date","T2-2",,"likelihood",1608.5,0.00008021
15,"R_Date","T2-2",,"likelihood",1609.5,0.00007217
15,"R_Date","T2-2",,"likelihood",1610.5,0.00006486
15,"R_Date","T2-2",,"likelihood",1611.5,0.00006146
15,"R_Date","T2-2",,"likelihood",1612.5,0.00006146
15,"R_Date","T2-2",,"likelihood",1613.5,0.00006146
15,"R_Date","T2-2",,"likelihood",1614.5,0.00006146
15,"R_Date","T2-2",,"likelihood",1615.5,0.00005822
15,"R_Date","T2-2",,"likelihood",1616.5,0.00005514
15,"R_Date","T2-2",,"likelihood",1617.5,0.00004676
15,"R_Date","T2-2",,"likelihood",1618.5,0.00003737
15,"R_Date","T2-2",,"likelihood",1619.5,0.000031495
15,"R_Date","T2-2",,"likelihood",1620.5,0.000024967
15,"R_Date","T2-2",,"likelihood",1621.5,0.000019711
15,"R_Date","T2-2",,"likelihood",1622.5,0.000015483
15,"R_Date","T2-2",,"likelihood",1623.5,0.000013692
15,"R_Date","T2-2",,"likelihood",1624.5,0.000012876
15,"R_Date","T2-2",,"likelihood",1625.5,0.000012102
15,"R_Date","T2-2",,"likelihood",1626.5,0.000012102
15,"R_Date","T2-2",,"likelihood",1627.5,0.000012876
15,"R_Date","T2-2",,"likelihood",1628.5,0.000012876
15,"R_Date","T2-2",,"likelihood",1629.5,0.000011371
15,"R_Date","T2-2",,"likelihood",1630.5,0.000010036
15,"R_Date","T2-2",,"likelihood",1631.5,0.000008838
15,"R_Date","T2-2",,"likelihood",1632.5,0.000006835
15,"R_Date","T2-2",,"likelihood",1633.5,0.000004928
15,"R_Date","T2-2",,"likelihood",1634.5,0.000003773
15,"R_Date","T2-2",,"likelihood",1635.5,0.0000026811
15,"R_Date","T2-2",,"likelihood",1636.5,0.0000020347
15,"R_Date","T2-2",,"likelihood",1637.5,0.0000015366
15,"R_Date","T2-2",,"likelihood",1638.5,0.0000012399
15,"R_Date","T2-2",,"likelihood",1639.5,9.22e-7
15,"R_Date","T2-2",,"likelihood",1640.5,6.888e-7
15,"R_Date","T2-2",,"likelihood",1641.5,4.769e-7
15,"R_Date","T2-2",,"likelihood",1642.5,3.497e-7
15,"R_Date","T2-2",,"likelihood",1643.5,2.5434e-7
15,"R_Date","T2-2",,"likelihood",1644.5,1.9075e-7
15,"R_Date","T2-2",,"likelihood",1645.5,1.4836e-7
15,"R_Date","T2-2",,"likelihood",1646.5,1.1657e-7
15,"R_Date","T2-2",,"likelihood",1647.5,8.478e-8
15,"R_Date","T2-2",,"likelihood",1648.5,6.358e-8
15,"R_Date","T2-2",,"likelihood",1649.5,5.299e-8
15,"R_Date","T2-2",,"likelihood",1650.5,4.239e-8
15,"R_Date","T2-2",,"likelihood",1651.5,3.179e-8
15,"R_Date","T2-2",,"likelihood",1652.5,3.179e-8
15,"R_Date","T2-2",,"likelihood",1653.5,3.179e-8
15,"R_Date","T2-2",,"likelihood",1654.5,2.1195e-8
15,"R_Date","T2-2",,"likelihood",1655.5,2.1195e-8
15,"R_Date","T2-2",,"likelihood",1656.5,2.1195e-8
15,"R_Date","T2-2",,"likelihood",1657.5,1.0597e-8
15,"R_Date","T2-2",,"likelihood",1658.5,1.0597e-8
15,"R_Date","T2-2",,"likelihood",1659.5,1.0597e-8
15,"R_Date","T2-2",,"likelihood",1660.5,0
15,"R_Date","T2-2",,"posterior",1227.5,0
15,"R_Date","T2-2",,"posterior",1228.5,2.6806e-7
15,"R_Date","T2-2",,"posterior",1229.5,0.000001819
15,"R_Date","T2-2",,"posterior",1230.5,0.000001034
15,"R_Date","T2-2",,"posterior",1231.5,0.000003121
15,"R_Date","T2-2",,"posterior",1232.5,0.0000020871
15,"R_Date","T2-2",,"posterior",1233.5,0.000001819
15,"R_Date","T2-2",,"posterior",1234.5,0.000003389
15,"R_Date","T2-2",,"posterior",1235.5,0.000003906
15,"R_Date","T2-2",,"posterior",1236.5,0.000001819
15,"R_Date","T2-2",,"posterior",1237.5,0.000003638
15,"R_Date","T2-2",,"posterior",1238.5,0.000002604
15,"R_Date","T2-2",,"posterior",1239.5,0.000001819
15,"R_Date","T2-2",,"posterior",1240.5,0.000003906
15,"R_Date","T2-2",,"posterior",1241.5,0.000002336
15,"R_Date","T2-2",,"posterior",1242.5,0.000001819
15,"R_Date","T2-2",,"posterior",1243.5,0.000001819
15,"R_Date","T2-2",,"posterior",1244.5,0.0000020871
15,"R_Date","T2-2",,"posterior",1245.5,0.0000020871
15,"R_Date","T2-2",,"posterior",1246.5,0.000002604
15,"R_Date","T2-2",,"posterior",1247.5,0.000002336
15,"R_Date","T2-2",,"posterior",1248.5,0.000001302
15,"R_Date","T2-2",,"posterior",1249.5,0.000001302
15,"R_Date","T2-2",,"posterior",1250.5,0.000001302
15,"R_Date","T2-2",,"posterior",1251.5,0.0000015701
15,"R_Date","T2-2",,"posterior",1252.5,0.000001302
15,"R_Date","T2-2",,"posterior",1253.5,0.000001819
15,"R_Date","T2-2",,"posterior",1254.5,0.000001302
15,"R_Date","T2-2",,"posterior",1255.5,0.000003121
15,"R_Date","T2-2",,"posterior",1256.5,0.000001819
15,"R_Date","T2-2",,"posterior",1257.5,0.000001819
15,"R_Date","T2-2",,"posterior",1258.5,0.0000020871
15,"R_Date","T2-2",,"posterior",1259.5,0.000002336
15,"R_Date","T2-2",,"posterior",1260.5,0.000001034
15,"R_Date","T2-2",,"posterior",1261.5,0.000004691
15,"R_Date","T2-2",,"posterior",1262.5,0.0000015701
15,"R_Date","T2-2",,"posterior",1263.5,0.00000494
15,"R_Date","T2-2",,"posterior",1264.5,0.000009631
15,"R_Date","T2-2",,"posterior",1265.5,0.000009899
15,"R_Date","T2-2",,"posterior",1266.5,0.00001145
15,"R_Date","T2-2",,"posterior",1267.5,0.000016141
15,"R_Date","T2-2",,"posterior",1268.5,0.000019013
15,"R_Date","T2-2",,"posterior",1269.5,0.000022919
15,"R_Date","T2-2",,"posterior",1270.5,0.000027074
15,"R_Date","T2-2",,"posterior",1271.5,0.000031517
15,"R_Date","T2-2",,"posterior",1272.5,0.00004687
15,"R_Date","T2-2",,"posterior",1273.5,0.00004896
15,"R_Date","T2-2",,"posterior",1274.5,0.00006771
15,"R_Date","T2-2",,"posterior",1275.5,0.00007448
15,"R_Date","T2-2",,"posterior",1276.5,0.00010755
15,"R_Date","T2-2",,"posterior",1277.5,0.00014897
15,"R_Date","T2-2",,"posterior",1278.5,0.00023281
15,"R_Date","T2-2",,"posterior",1279.5,0.00031406
15,"R_Date","T2-2",,"posterior",1280.5,0.0004021
15,"R_Date","T2-2",,"posterior",1281.5,0.0005401
15,"R_Date","T2-2",,"posterior",1282.5,0.0006516
15,"R_Date","T2-2",,"posterior",1283.5,0.0008159
15,"R_Date","T2-2",,"posterior",1284.5,0.0009511
15,"R_Date","T2-2",,"posterior",1285.5,0.0010917
15,"R_Date","T2-2",,"posterior",1286.5,0.0011987
15,"R_Date","T2-2",,"posterior",1287.5,0.0013307
15,"R_Date","T2-2",,"posterior",1288.5,0.0014833
15,"R_Date","T2-2",,"posterior",1289.5,0.0015276
15,"R_Date","T2-2",,"posterior",1290.5,0.0016555
15,"R_Date","T2-2",,"posterior",1291.5,0.0017891
15,"R_Date","T2-2",,"posterior",1292.5,0.0019229
15,"R_Date","T2-2",,"posterior",1293.5,0.0020604
15,"R_Date","T2-2",,"posterior",1294.5,0.0021721
15,"R_Date","T2-2",,"posterior",1295.5,0.0023448
15,"R_Date","T2-2",,"posterior",1296.5,0.002626
15,"R_Date","T2-2",,"posterior",1297.5,0.0029274
15,"R_Date","T2-2",,"posterior",1298.5,0.003361
15,"R_Date","T2-2",,"posterior",1299.5,0.003955
15,"R_Date","T2-2",,"posterior",1300.5,0.004493
15,"R_Date","T2-2",,"posterior",1301.5,0.004959
15,"R_Date","T2-2",,"posterior",1302.5,0.005737
15,"R_Date","T2-2",,"posterior",1303.5,0.006592
15,"R_Date","T2-2",,"posterior",1304.5,0.007311
15,"R_Date","T2-2",,"posterior",1305.5,0.008103
15,"R_Date","T2-2",,"posterior",1306.5,0.008923
15,"R_Date","T2-2",,"posterior",1307.5,0.00951
15,"R_Date","T2-2",,"posterior",1308.5,0.009907
15,"R_Date","T2-2",,"posterior",1309.5,0.010165
15,"R_Date","T2-2",,"posterior",1310.5,0.010362
15,"R_Date","T2-2",,"posterior",1311.5,0.010672
15,"R_Date","T2-2",,"posterior",1312.5,0.010992
15,"R_Date","T2-2",,"posterior",1313.5,0.010704
15,"R_Date","T2-2",,"posterior",1314.5,0.010871
15,"R_Date","T2-2",,"posterior",1315.5,0.010671
15,"R_Date","T2-2",,"posterior",1316.5,0.0108
15,"R_Date","T2-2",,"posterior",1317.5,0.010951
15,"R_Date","T2-2",,"posterior",1318.5,0.011217
15,"R_Date","T2-2",,"posterior",1319.5,0.011698
15,"R_Date","T2-2",,"posterior",1320.5,0.012239
15,"R_Date","T2-2",,"posterior",1321.5,0.01307
15,"R_Date","T2-2",,"posterior",1322.5,0.014167
15,"R_Date","T2-2",,"posterior",1323.5,0.015034
15,"R_Date","T2-2",,"posterior",1324.5,0.015722
15,"R_Date","T2-2",,"posterior",1325.5,0.016588
15,"R_Date","T2-2",,"posterior",1326.5,0.01747
15,"R_Date","T2-2",,"posterior",1327.5,0.018211
15,"R_Date","T2-2",,"posterior",1328.5,0.018737
15,"R_Date","T2-2",,"posterior",1329.5,0.018862
15,"R_Date","T2-2",,"posterior",1330.5,0.019064
15,"R_Date","T2-2",,"posterior",1331.5,0.019147
15,"R_Date","T2-2",,"posterior",1332.5,0.019091
15,"R_Date","T2-2",,"posterior",1333.5,0.018632
15,"R_Date","T2-2",,"posterior",1334.5,0.018545
15,"R_Date","T2-2",,"posterior",1335.5,0.017847
15,"R_Date","T2-2",,"posterior",1336.5,0.017369
15,"R_Date","T2-2",,"posterior",1337.5,0.017138
15,"R_Date","T2-2",,"posterior",1338.5,0.016532
15,"R_Date","T2-2",,"posterior",1339.5,0.01651
15,"R_Date","T2-2",,"posterior",1340.5,0.01622
15,"R_Date","T2-2",,"posterior",1341.5,0.015929
15,"R_Date","T2-2",,"posterior",1342.5,0.015743
15,"R_Date","T2-2",,"posterior",1343.5,0.015569
15,"R_Date","T2-2",,"posterior",1344.5,0.015207
15,"R_Date","T2-2",,"posterior",1345.5,0.014913
15,"R_Date","T2-2",,"posterior",1346.5,0.014322
15,"R_Date","T2-2",,"posterior",1347.5,0.014183
15,"R_Date","T2-2",,"posterior",1348.5,0.014062
15,"R_Date","T2-2",,"posterior",1349.5,0.013631
15,"R_Date","T2-2",,"posterior",1350.5,0.013417
15,"R_Date","T2-2",,"posterior",1351.5,0.013033
15,"R_Date","T2-2",,"posterior",1352.5,0.012563
15,"R_Date","T2-2",,"posterior",1353.5,0.011888
15,"R_Date","T2-2",,"posterior",1354.5,0.01121
15,"R_Date","T2-2",,"posterior",1355.5,0.010429
15,"R_Date","T2-2",,"posterior",1356.5,0.009499
15,"R_Date","T2-2",,"posterior",1357.5,0.008676
15,"R_Date","T2-2",,"posterior",1358.5,0.007947
15,"R_Date","T2-2",,"posterior",1359.5,0.007252
15,"R_Date","T2-2",,"posterior",1360.5,0.006763
15,"R_Date","T2-2",,"posterior",1361.5,0.006082
15,"R_Date","T2-2",,"posterior",1362.5,0.005775
15,"R_Date","T2-2",,"posterior",1363.5,0.005221
15,"R_Date","T2-2",,"posterior",1364.5,0.004723
15,"R_Date","T2-2",,"posterior",1365.5,0.004304
15,"R_Date","T2-2",,"posterior",1366.5,0.003822
15,"R_Date","T2-2",,"posterior",1367.5,0.003448
15,"R_Date","T2-2",,"posterior",1368.5,0.0031141
15,"R_Date","T2-2",,"posterior",1369.5,0.0027003
15,"R_Date","T2-2",,"posterior",1370.5,0.0023708
15,"R_Date","T2-2",,"posterior",1371.5,0.0021008
15,"R_Date","T2-2",,"posterior",1372.5,0.0018961
15,"R_Date","T2-2",,"posterior",1373.5,0.0017344
15,"R_Date","T2-2",,"posterior",1374.5,0.0016732
15,"R_Date","T2-2",,"posterior",1375.5,0.0016338
15,"R_Date","T2-2",,"posterior",1376.5,0.0016651
15,"R_Date","T2-2",,"posterior",1377.5,0.0018352
15,"R_Date","T2-2",,"posterior",1378.5,0.0019599
15,"R_Date","T2-2",,"posterior",1379.5,0.0021099
15,"R_Date","T2-2",,"posterior",1380.5,0.0023544
15,"R_Date","T2-2",,"posterior",1381.5,0.0024529
15,"R_Date","T2-2",,"posterior",1382.5,0.0026076
15,"R_Date","T2-2",,"posterior",1383.5,0.0026388
15,"R_Date","T2-2",,"posterior",1384.5,0.0027112
15,"R_Date","T2-2",,"posterior",1385.5,0.0027625
15,"R_Date","T2-2",,"posterior",1386.5,0.0027482
15,"R_Date","T2-2",,"posterior",1387.5,0.0027896
15,"R_Date","T2-2",,"posterior",1388.5,0.0029588
15,"R_Date","T2-2",,"posterior",1389.5,0.0031044
15,"R_Date","T2-2",,"posterior",1390.5,0.003299
15,"R_Date","T2-2",,"posterior",1391.5,0.003349
15,"R_Date","T2-2",,"posterior",1392.5,0.003559
15,"R_Date","T2-2",,"posterior",1393.5,0.003571
15,"R_Date","T2-2",,"posterior",1394.5,0.003754
15,"R_Date","T2-2",,"posterior",1395.5,0.0038
15,"R_Date","T2-2",,"posterior",1396.5,0.003865
15,"R_Date","T2-2",,"posterior",1397.5,0.003877
15,"R_Date","T2-2",,"posterior",1398.5,0.003917
15,"R_Date","T2-2",,"posterior",1399.5,0.003654
15,"R_Date","T2-2",,"posterior",1400.5,0.003582
15,"R_Date","T2-2",,"posterior",1401.5,0.00351
15,"R_Date","T2-2",,"posterior",1402.5,0.003355
15,"R_Date","T2-2",,"posterior",1403.5,0.003267
15,"R_Date","T2-2",,"posterior",1404.5,0.0030401
15,"R_Date","T2-2",,"posterior",1405.5,0.0028602
15,"R_Date","T2-2",,"posterior",1406.5,0.0027237
15,"R_Date","T2-2",,"posterior",1407.5,0.0026281
15,"R_Date","T2-2",,"posterior",1408.5,0.0024688
15,"R_Date","T2-2",,"posterior",1409.5,0.0022844
15,"R_Date","T2-2",,"posterior",1410.5,0.0021039
15,"R_Date","T2-2",,"posterior",1411.5,0.002026
15,"R_Date","T2-2",,"posterior",1412.5,0.0018859
15,"R_Date","T2-2",,"posterior",1413.5,0.0017237
15,"R_Date","T2-2",,"posterior",1414.5,0.0015888
15,"R_Date","T2-2",,"posterior",1415.5,0.0015599
15,"R_Date","T2-2",,"posterior",1416.5,0.0014432
15,"R_Date","T2-2",,"posterior",1417.5,0.0013276
15,"R_Date","T2-2",,"posterior",1418.5,0.0012047
15,"R_Date","T2-2",,"posterior",1419.5,0.001131
15,"R_Date","T2-2",,"posterior",1420.5,0.0010292
15,"R_Date","T2-2",,"posterior",1421.5,0.0009393
15,"R_Date","T2-2",,"posterior",1422.5,0.0008477
15,"R_Date","T2-2",,"posterior",1423.5,0.0007401
15,"R_Date","T2-2",,"posterior",1424.5,0.0006781
15,"R_Date","T2-2",,"posterior",1425.5,0.0005646
15,"R_Date","T2-2",,"posterior",1426.5,0.0004995
15,"R_Date","T2-2",,"posterior",1427.5,0.0004768
15,"R_Date","T2-2",,"posterior",1428.5,0.0003742
15,"R_Date","T2-2",,"posterior",1429.5,0.000382
15,"R_Date","T2-2",,"posterior",1430.5,0.0003339
15,"R_Date","T2-2",,"posterior",1431.5,0.00029973
15,"R_Date","T2-2",,"posterior",1432.5,0.00027812
15,"R_Date","T2-2",,"posterior",1433.5,0.00025391
15,"R_Date","T2-2",,"posterior",1434.5,0.00022006
15,"R_Date","T2-2",,"posterior",1435.5,0.00016744
15,"R_Date","T2-2",,"posterior",1436.5,0.00015651
15,"R_Date","T2-2",,"posterior",1437.5,0.00013411
15,"R_Date","T2-2",,"posterior",1438.5,0.00011797
15,"R_Date","T2-2",,"posterior",1439.5,0.00010234
15,"R_Date","T2-2",,"posterior",1440.5,0.00008724
15,"R_Date","T2-2",,"posterior",1441.5,0.00007734
15,"R_Date","T2-2",,"posterior",1442.5,0.00006562
15,"R_Date","T2-2",,"posterior",1443.5,0.00006041
15,"R_Date","T2-2",,"posterior",1444.5,0.00004739
15,"R_Date","T2-2",,"posterior",1445.5,0.00004036
15,"R_Date","T2-2",,"posterior",1446.5,0.000027074
15,"R_Date","T2-2",,"posterior",1447.5,0.000031249
15,"R_Date","T2-2",,"posterior",1448.5,0.00002447
15,"R_Date","T2-2",,"posterior",1449.5,0.000017711
15,"R_Date","T2-2",,"posterior",1450.5,0.00001459
15,"R_Date","T2-2",,"posterior",1451.5,0.000016141
15,"R_Date","T2-2",,"posterior",1452.5,0.000019798
15,"R_Date","T2-2",,"posterior",1453.5,0.000010416
15,"R_Date","T2-2",,"posterior",1454.5,0.000008597
15,"R_Date","T2-2",,"posterior",1455.5,0.000008597
15,"R_Date","T2-2",,"posterior",1456.5,0.00000651
15,"R_Date","T2-2",,"posterior",1457.5,0.000006778
15,"R_Date","T2-2",,"posterior",1458.5,0.000001302
15,"R_Date","T2-2",,"posterior",1459.5,0.000004423
15,"R_Date","T2-2",,"posterior",1460.5,0.0000028721
15,"R_Date","T2-2",,"posterior",1461.5,0.000001819
15,"R_Date","T2-2",,"posterior",1462.5,0.000001819
15,"R_Date","T2-2",,"posterior",1463.5,0.0000020871
15,"R_Date","T2-2",,"posterior",1464.5,0.0000020871
15,"R_Date","T2-2",,"posterior",1465.5,0.0000020871
15,"R_Date","T2-2",,"posterior",1466.5,0.0000020871
15,"R_Date","T2-2",,"posterior",1467.5,0.0000020871
15,"R_Date","T2-2",,"posterior",1468.5,0.000002336
15,"R_Date","T2-2",,"posterior",1469.5,7.85e-7
15,"R_Date","T2-2",,"posterior",1470.5,0.000001034
15,"R_Date","T2-2",,"posterior",1471.5,0.000001034
15,"R_Date","T2-2",,"posterior",1472.5,0.000001302
15,"R_Date","T2-2",,"posterior",1473.5,5.17e-7
16,"Calculate","Event 4",,"posterior",1281.5,0
16,"Calculate","Event 4",,"posterior",1282.5,7.799e-7
16,"Calculate","Event 4",,"posterior",1283.5,0.0000015598
16,"Calculate","Event 4",,"posterior",1284.5,0.000003644
16,"Calculate","Event 4",,"posterior",1285.5,0.000003388
16,"Calculate","Event 4",,"posterior",1286.5,0.000004168
16,"Calculate","Event 4",,"posterior",1287.5,0.000006507
16,"Calculate","Event 4",,"posterior",1288.5,0.000007287
16,"Calculate","Event 4",,"posterior",1289.5,0.000012759
16,"Calculate","Event 4",,"posterior",1290.5,0.000015891
16,"Calculate","Event 4",,"posterior",1291.5,0.000021094
16,"Calculate","Event 4",,"posterior",1292.5,0.00001901
16,"Calculate","Event 4",,"posterior",1293.5,0.000025262
16,"Calculate","Event 4",,"posterior",1294.5,0.00003724
16,"Calculate","Event 4",,"posterior",1295.5,0.00004375
16,"Calculate","Event 4",,"posterior",1296.5,0.00005
16,"Calculate","Event 4",,"posterior",1297.5,0.00005651
16,"Calculate","Event 4",,"posterior",1298.5,0.00007735
16,"Calculate","Event 4",,"posterior",1299.5,0.00008699
16,"Calculate","Event 4",,"posterior",1300.5,0.00010286
16,"Calculate","Event 4",,"posterior",1301.5,0.00011432
16,"Calculate","Event 4",,"posterior",1302.5,0.00015234
16,"Calculate","Event 4",,"posterior",1303.5,0.00019609
16,"Calculate","Event 4",,"posterior",1304.5,0.00023255
16,"Calculate","Event 4",,"posterior",1305.5,0.0002901
16,"Calculate","Event 4",,"posterior",1306.5,0.0003271
16,"Calculate","Event 4",,"posterior",1307.5,0.0003849
16,"Calculate","Event 4",,"posterior",1308.5,0.0004599
16,"Calculate","Event 4",,"posterior",1309.5,0.0005576
16,"Calculate","Event 4",,"posterior",1310.5,0.0006516
16,"Calculate","Event 4",,"posterior",1311.5,0.0007247
16,"Calculate","Event 4",,"posterior",1312.5,0.0008359
16,"Calculate","Event 4",,"posterior",1313.5,0.0009253
16,"Calculate","Event 4",,"posterior",1314.5,0.0010823
16,"Calculate","Event 4",,"posterior",1315.5,0.0011841
16,"Calculate","Event 4",,"posterior",1316.5,0.0013185
16,"Calculate","Event 4",,"posterior",1317.5,0.0014794
16,"Calculate","Event 4",,"posterior",1318.5,0.0015839
16,"Calculate","Event 4",,"posterior",1319.5,0.0017505
16,"Calculate","Event 4",,"posterior",1320.5,0.0019188
16,"Calculate","Event 4",,"posterior",1321.5,0.0020479
16,"Calculate","Event 4",,"posterior",1322.5,0.0022753
16,"Calculate","Event 4",,"posterior",1323.5,0.0024555
16,"Calculate","Event 4",,"posterior",1324.5,0.0027148
16,"Calculate","Event 4",,"posterior",1325.5,0.0029794
16,"Calculate","Event 4",,"posterior",1326.5,0.00328
16,"Calculate","Event 4",,"posterior",1327.5,0.003557
16,"Calculate","Event 4",,"posterior",1328.5,0.003869
16,"Calculate","Event 4",,"posterior",1329.5,0.004195
16,"Calculate","Event 4",,"posterior",1330.5,0.00453
16,"Calculate","Event 4",,"posterior",1331.5,0.004922
16,"Calculate","Event 4",,"posterior",1332.5,0.005219
16,"Calculate","Event 4",,"posterior",1333.5,0.005646
16,"Calculate","Event 4",,"posterior",1334.5,0.006052
16,"Calculate","Event 4",,"posterior",1335.5,0.006329
16,"Calculate","Event 4",,"posterior",1336.5,0.006736
16,"Calculate","Event 4",,"posterior",1337.5,0.00705
16,"Calculate","Event 4",,"posterior",1338.5,0.007455
16,"Calculate","Event 4",,"posterior",1339.5,0.00786
16,"Calculate","Event 4",,"posterior",1340.5,0.008157
16,"Calculate","Event 4",,"posterior",1341.5,0.008503
16,"Calculate","Event 4",,"posterior",1342.5,0.008825
16,"Calculate","Event 4",,"posterior",1343.5,0.00902
16,"Calculate","Event 4",,"posterior",1344.5,0.009439
16,"Calculate","Event 4",,"posterior",1345.5,0.009729
16,"Calculate","Event 4",,"posterior",1346.5,0.010028
16,"Calculate","Event 4",,"posterior",1347.5,0.01028
16,"Calculate","Event 4",,"posterior",1348.5,0.010493
16,"Calculate","Event 4",,"posterior",1349.5,0.010768
16,"Calculate","Event 4",,"posterior",1350.5,0.011051
16,"Calculate","Event 4",,"posterior",1351.5,0.011264
16,"Calculate","Event 4",,"posterior",1352.5,0.011442
16,"Calculate","Event 4",,"posterior",1353.5,0.011652
16,"Calculate","Event 4",,"posterior",1354.5,0.011901
16,"Calculate","Event 4",,"posterior",1355.5,0.011857
16,"Calculate","Event 4",,"posterior",1356.5,0.012024
16,"Calculate","Event 4",,"posterior",1357.5,0.012017
16,"Calculate","Event 4",,"posterior",1358.5,0.012138
16,"Calculate","Event 4",,"posterior",1359.5,0.012168
16,"Calculate","Event 4",,"posterior",1360.5,0.012133
16,"Calculate","Event 4",,"posterior",1361.5,0.012186
16,"Calculate","Event 4",,"posterior",1362.5,0.012103
16,"Calculate","Event 4",,"posterior",1363.5,0.012088
16,"Calculate","Event 4",,"posterior",1364.5,0.011964
16,"Calculate","Event 4",,"posterior",1365.5,0.012011
16,"Calculate","Event 4",,"posterior",1366.5,0.012048
16,"Calculate","Event 4",,"posterior",1367.5,0.011943
16,"Calculate","Event 4",,"posterior",1368.5,0.011868
16,"Calculate","Event 4",,"posterior",1369.5,0.011815
16,"Calculate","Event 4",,"posterior",1370.5,0.011779
16,"Calculate","Event 4",,"posterior",1371.5,0.011789
16,"Calculate","Event 4",,"posterior",1372.5,0.011626
16,"Calculate","Event 4",,"posterior",1373.5,0.01163
16,"Calculate","Event 4",,"posterior",1374.5,0.011375
16,"Calculate","Event 4",,"posterior",1375.5,0.011361
16,"Calculate","Event 4",,"posterior",1376.5,0.011442
16,"Calculate","Event 4",,"posterior",1377.5,0.01129
16,"Calculate","Event 4",,"posterior",1378.5,0.011237
16,"Calculate","Event 4",,"posterior",1379.5,0.011077
16,"Calculate","Event 4",,"posterior",1380.5,0.010998
16,"Calculate","Event 4",,"posterior",1381.5,0.011026
16,"Calculate","Event 4",,"posterior",1382.5,0.010945
16,"Calculate","Event 4",,"posterior",1383.5,0.010893
16,"Calculate","Event 4",,"posterior",1384.5,0.010746
16,"Calculate","Event 4",,"posterior",1385.5,0.010646
16,"Calculate","Event 4",,"posterior",1386.5,0.010482
16,"Calculate","Event 4",,"posterior",1387.5,0.01053
16,"Calculate","Event 4",,"posterior",1388.5,0.010462
16,"Calculate","Event 4",,"posterior",1389.5,0.010433
16,"Calculate","Event 4",,"posterior",1390.5,0.010258
16,"Calculate","Event 4",,"posterior",1391.5,0.010122
16,"Calculate","Event 4",,"posterior",1392.5,0.010068
16,"Calculate","Event 4",,"posterior",1393.5,0.009978
16,"Calculate","Event 4",,"posterior",1394.5,0.009852
16,"Calculate","Event 4",,"posterior",1395.5,0.009777
16,"Calculate","Event 4",,"posterior",1396.5,0.009668
16,"Calculate","Event 4",,"posterior",1397.5,0.009642
16,"Calculate","Event 4",,"posterior",1398.5,0.009553
16,"Calculate","Event 4",,"posterior",1399.5,0.009341
16,"Calculate","Event 4",,"posterior",1400.5,0.00927
16,"Calculate","Event 4",,"posterior",1401.5,0.009205
16,"Calculate","Event 4",,"posterior",1402.5,0.009145
16,"Calculate","Event 4",,"posterior",1403.5,0.008933
16,"Calculate","Event 4",,"posterior",1404.5,0.00878
16,"Calculate","Event 4",,"posterior",1405.5,0.008619
16,"Calculate","Event 4",,"posterior",1406.5,0.008367
16,"Calculate","Event 4",,"posterior",1407.5,0.008206
16,"Calculate","Event 4",,"posterior",1408.5,0.007962
16,"Calculate","Event 4",,"posterior",1409.5,0.007837
16,"Calculate","Event 4",,"posterior",1410.5,0.007654
16,"Calculate","Event 4",,"posterior",1411.5,0.007509
16,"Calculate","Event 4",,"posterior",1412.5,0.007311
16,"Calculate","Event 4",,"posterior",1413.5,0.007106
16,"Calculate","Event 4",,"posterior",1414.5,0.006922
16,"Calculate","Event 4",,"posterior",1415.5,0.006699
16,"Calculate","Event 4",,"posterior",1416.5,0.006417
16,"Calculate","Event 4",,"posterior",1417.5,0.006123
16,"Calculate","Event 4",,"posterior",1418.5,0.005976
16,"Calculate","Event 4",,"posterior",1419.5,0.00568
16,"Calculate","Event 4",,"posterior",1420.5,0.005404
16,"Calculate","Event 4",,"posterior",1421.5,0.005135
16,"Calculate","Event 4",,"posterior",1422.5,0.005038
16,"Calculate","Event 4",,"posterior",1423.5,0.004717
16,"Calculate","Event 4",,"posterior",1424.5,0.00435
16,"Calculate","Event 4",,"posterior",1425.5,0.004218
16,"Calculate","Event 4",,"posterior",1426.5,0.003966
16,"Calculate","Event 4",,"posterior",1427.5,0.003836
16,"Calculate","Event 4",,"posterior",1428.5,0.003585
16,"Calculate","Event 4",,"posterior",1429.5,0.003378
16,"Calculate","Event 4",,"posterior",1430.5,0.003246
16,"Calculate","Event 4",,"posterior",1431.5,0.0029867
16,"Calculate","Event 4",,"posterior",1432.5,0.0028268
16,"Calculate","Event 4",,"posterior",1433.5,0.0026151
16,"Calculate","Event 4",,"posterior",1434.5,0.0024031
16,"Calculate","Event 4",,"posterior",1435.5,0.0022414
16,"Calculate","Event 4",,"posterior",1436.5,0.0020992
16,"Calculate","Event 4",,"posterior",1437.5,0.0019057
16,"Calculate","Event 4",,"posterior",1438.5,0.0017664
16,"Calculate","Event 4",,"posterior",1439.5,0.0016208
16,"Calculate","Event 4",,"posterior",1440.5,0.0014807
16,"Calculate","Event 4",,"posterior",1441.5,0.0013615
16,"Calculate","Event 4",,"posterior",1442.5,0.001257
16,"Calculate","Event 4",,"posterior",1443.5,0.0011219
16,"Calculate","Event 4",,"posterior",1444.5,0.0010406
16,"Calculate","Event 4",,"posterior",1445.5,0.0009148
16,"Calculate","Event 4",,"posterior",1446.5,0.0008388
16,"Calculate","Event 4",,"posterior",1447.5,0.0007854
16,"Calculate","Event 4",,"posterior",1448.5,0.0007133
16,"Calculate","Event 4",,"posterior",1449.5,0.0006354
16,"Calculate","Event 4",,"posterior",1450.5,0.0006057
16,"Calculate","Event 4",,"posterior",1451.5,0.0005568
16,"Calculate","Event 4",,"posterior",1452.5,0.0005234
16,"Calculate","Event 4",,"posterior",1453.5,0.0004531
16,"Calculate","Event 4",,"posterior",1454.5,0.0004385
16,"Calculate","Event 4",,"posterior",1455.5,0.0004253
16,"Calculate","Event 4",,"posterior",1456.5,0.0003609
16,"Calculate","Event 4",,"posterior",1457.5,0.0003526
16,"Calculate","Event 4",,"posterior",1458.5,0.0003211
16,"Calculate","Event 4",,"posterior",1459.5,0.00030547
16,"Calculate","Event 4",,"posterior",1460.5,0.00028932
16,"Calculate","Event 4",,"posterior",1461.5,0.00029297
16,"Calculate","Event 4",,"posterior",1462.5,0.0002763
16,"Calculate","Event 4",,"posterior",1463.5,0.00026771
16,"Calculate","Event 4",,"posterior",1464.5,0.00024974
16,"Calculate","Event 4",,"posterior",1465.5,0.00024166
16,"Calculate","Event 4",,"posterior",1466.5,0.00021484
16,"Calculate","Event 4",,"posterior",1467.5,0.00019974
16,"Calculate","Event 4",,"posterior",1468.5,0.00019193
16,"Calculate","Event 4",,"posterior",1469.5,0.0001888
16,"Calculate","Event 4",,"posterior",1470.5,0.00017995
16,"Calculate","Event 4",,"posterior",1471.5,0.00015339
16,"Calculate","Event 4",,"posterior",1472.5,0.00014817
16,"Calculate","Event 4",,"posterior",1473.5,0.00014427
16,"Calculate","Event 4",,"posterior",1474.5,0.00013282
16,"Calculate","Event 4",,"posterior",1475.5,0.00011667
16,"Calculate","Event 4",,"posterior",1476.5,0.00012084
16,"Calculate","Event 4",,"posterior",1477.5,0.00010912
16,"Calculate","Event 4",,"posterior",1478.5,0.00010156
16,"Calculate","Event 4",,"posterior",1479.5,0.00009322
16,"Calculate","Event 4",,"posterior",1480.5,0.00008985
16,"Calculate","Event 4",,"posterior",1481.5,0.00009244
16,"Calculate","Event 4",,"posterior",1482.5,0.00008255
16,"Calculate","Event 4",,"posterior",1483.5,0.0000737
16,"Calculate","Event 4",,"posterior",1484.5,0.00007604
16,"Calculate","Event 4",,"posterior",1485.5,0.00007526
16,"Calculate","Event 4",,"posterior",1486.5,0.00006771
16,"Calculate","Event 4",,"posterior",1487.5,0.00006589
16,"Calculate","Event 4",,"posterior",1488.5,0.00006223
16,"Calculate","Event 4",,"posterior",1489.5,0.00005834
16,"Calculate","Event 4",,"posterior",1490.5,0.00005912
16,"Calculate","Event 4",,"posterior",1491.5,0.00005625
16,"Calculate","Event 4",,"posterior",1492.5,0.0000552
16,"Calculate","Event 4",,"posterior",1493.5,0.00004896
16,"Calculate","Event 4",,"posterior",1494.5,0.00004297
16,"Calculate","Event 4",,"posterior",1495.5,0.0000448
16,"Calculate","Event 4",,"posterior",1496.5,0.00004271
16,"Calculate","Event 4",,"posterior",1497.5,0.0000401
16,"Calculate","Event 4",,"posterior",1498.5,0.00004244
16,"Calculate","Event 4",,"posterior",1499.5,0.00003594
16,"Calculate","Event 4",,"posterior",1500.5,0.000026566
16,"Calculate","Event 4",,"posterior",1501.5,0.00003385
16,"Calculate","Event 4",,"posterior",1502.5,0.00002865
16,"Calculate","Event 4",,"posterior",1503.5,0.000027078
16,"Calculate","Event 4",,"posterior",1504.5,0.000020838
16,"Calculate","Event 4",,"posterior",1505.5,0.000021874
16,"Calculate","Event 4",,"posterior",1506.5,0.00002213
16,"Calculate","Event 4",,"posterior",1507.5,0.00002135
16,"Calculate","Event 4",,"posterior",1508.5,0.00001901
16,"Calculate","Event 4",,"posterior",1509.5,0.00001979
16,"Calculate","Event 4",,"posterior",1510.5,0.000016671
16,"Calculate","Event 4",,"posterior",1511.5,0.000016927
16,"Calculate","Event 4",,"posterior",1512.5,0.000014063
16,"Calculate","Event 4",,"posterior",1513.5,0.000016927
16,"Calculate","Event 4",,"posterior",1514.5,0.000013283
16,"Calculate","Event 4",,"posterior",1515.5,0.000008335
16,"Calculate","Event 4",,"posterior",1516.5,0.000014587
16,"Calculate","Event 4",,"posterior",1517.5,0.000013807
16,"Calculate","Event 4",,"posterior",1518.5,0.000011723
16,"Calculate","Event 4",,"posterior",1519.5,0.000011199
16,"Calculate","Event 4",,"posterior",1520.5,0.000007287
16,"Calculate","Event 4",,"posterior",1521.5,0.000011723
16,"Calculate","Event 4",,"posterior",1522.5,0.000013539
16,"Calculate","Event 4",,"posterior",1523.5,0.000010419
16,"Calculate","Event 4",,"posterior",1524.5,0.000010943
16,"Calculate","Event 4",,"posterior",1525.5,0.000009639
16,"Calculate","Event 4",,"posterior",1526.5,0.000005996
16,"Calculate","Event 4",,"posterior",1527.5,0.000008591
16,"Calculate","Event 4",,"posterior",1528.5,0.000009115
16,"Calculate","Event 4",,"posterior",1529.5,0.000006776
16,"Calculate","Event 4",,"posterior",1530.5,0.000011199
16,"Calculate","Event 4",,"posterior",1531.5,0.000008591
16,"Calculate","Event 4",,"posterior",1532.5,0.000006252
16,"Calculate","Event 4",,"posterior",1533.5,0.000006252
16,"Calculate","Event 4",,"posterior",1534.5,0.000006507
16,"Calculate","Event 4",,"posterior",1535.5,0.000006776
16,"Calculate","Event 4",,"posterior",1536.5,0.000007811
16,"Calculate","Event 4",,"posterior",1537.5,0.000006507
16,"Calculate","Event 4",,"posterior",1538.5,0.000006776
16,"Calculate","Event 4",,"posterior",1539.5,0.000008335
16,"Calculate","Event 4",,"posterior",1540.5,0.000007811
16,"Calculate","Event 4",,"posterior",1541.5,0.000008859
16,"Calculate","Event 4",,"posterior",1542.5,0.000007811
16,"Calculate","Event 4",,"posterior",1543.5,0.000008859
16,"Calculate","Event 4",,"posterior",1544.5,0.000007811
16,"Calculate","Event 4",,"posterior",1545.5,0.000006776
16,"Calculate","Event 4",,"posterior",1546.5,0.000007287
16,"Calculate","Event 4",,"posterior",1547.5,0.000009115
16,"Calculate","Event 4",,"posterior",1548.5,0.000006252
16,"Calculate","Event 4",,"posterior",1549.5,0.000006252
16,"Calculate","Event 4",,"posterior",1550.5,0.000007287
16,"Calculate","Event 4",,"posterior",1551.5,0.000006252
16,"Calculate","Event 4",,"posterior",1552.5,0.000006252
16,"Calculate","Event 4",,"posterior",1553.5,0.000007031
16,"Calculate","Event 4",,"posterior",1554.5,0.000006776
16,"Calculate","Event 4",,"posterior",1555.5,0.000006252
18,"R_Date","S-38-T4",,"likelihood",1043.5,0
18,"R_Date","S-38-T4",,"likelihood",1044.5,8.516e-9
18,"R_Date","S-38-T4",,"likelihood",1045.5,8.516e-9
18,"R_Date","S-38-T4",,"likelihood",1046.5,8.516e-9
18,"R_Date","S-38-T4",,"likelihood",1047.5,8.516e-9
18,"R_Date","S-38-T4",,"likelihood",1048.5,1.7032e-8
18,"R_Date","S-38-T4",,"likelihood",1049.5,1.7032e-8
18,"R_Date","S-38-T4",,"likelihood",1050.5,2.5548e-8
18,"R_Date","S-38-T4",,"likelihood",1051.5,3.406e-8
18,"R_Date","S-38-T4",,"likelihood",1052.5,4.258e-8
18,"R_Date","S-38-T4",,"likelihood",1053.5,5.961e-8
18,"R_Date","S-38-T4",,"likelihood",1054.5,8.516e-8
18,"R_Date","S-38-T4",,"likelihood",1055.5,1.0219e-7
18,"R_Date","S-38-T4",,"likelihood",1056.5,1.0219e-7
18,"R_Date","S-38-T4",,"likelihood",1057.5,9.368e-8
18,"R_Date","S-38-T4",,"likelihood",1058.5,8.516e-8
18,"R_Date","S-38-T4",,"likelihood",1059.5,7.664e-8
18,"R_Date","S-38-T4",,"likelihood",1060.5,6.813e-8
18,"R_Date","S-38-T4",,"likelihood",1061.5,5.961e-8
18,"R_Date","S-38-T4",,"likelihood",1062.5,5.961e-8
18,"R_Date","S-38-T4",,"likelihood",1063.5,5.961e-8
18,"R_Date","S-38-T4",,"likelihood",1064.5,5.961e-8
18,"R_Date","S-38-T4",,"likelihood",1065.5,5.961e-8
18,"R_Date","S-38-T4",,"likelihood",1066.5,5.961e-8
18,"R_Date","S-38-T4",,"likelihood",1067.5,5.961e-8
18,"R_Date","S-38-T4",,"likelihood",1068.5,5.961e-8
18,"R_Date","S-38-T4",,"likelihood",1069.5,5.961e-8
18,"R_Date","S-38-T4",,"likelihood",1070.5,5.961e-8
18,"R_Date","S-38-T4",,"likelihood",1071.5,5.961e-8
18,"R_Date","S-38-T4",,"likelihood",1072.5,5.961e-8
18,"R_Date","S-38-T4",,"likelihood",1073.5,5.961e-8
18,"R_Date","S-38-T4",,"likelihood",1074.5,5.961e-8
18,"R_Date","S-38-T4",,"likelihood",1075.5,5.961e-8
18,"R_Date","S-38-T4",,"likelihood",1076.5,5.961e-8
18,"R_Date","S-38-T4",,"likelihood",1077.5,5.11e-8
18,"R_Date","S-38-T4",,"likelihood",1078.5,4.258e-8
18,"R_Date","S-38-T4",,"likelihood",1079.5,3.406e-8
18,"R_Date","S-38-T4",,"likelihood",1080.5,2.5548e-8
18,"R_Date","S-38-T4",,"likelihood",1081.5,1.7032e-8
18,"R_Date","S-38-T4",,"likelihood",1082.5,1.7032e-8
18,"R_Date","S-38-T4",,"likelihood",1083.5,8.516e-9
18,"R_Date","S-38-T4",,"likelihood",1084.5,8.516e-9
18,"R_Date","S-38-T4",,"likelihood",1085.5,8.516e-9
18,"R_Date","S-38-T4",,"likelihood",1086.5,8.516e-9
18,"R_Date","S-38-T4",,"likelihood",1087.5,8.516e-9
18,"R_Date","S-38-T4",,"likelihood",1088.5,8.516e-9
18,"R_Date","S-38-T4",,"likelihood",1089.5,8.516e-9
18,"R_Date","S-38-T4",,"likelihood",1090.5,8.516e-9
18,"R_Date","S-38-T4",,"likelihood",1091.5,8.516e-9
18,"R_Date","S-38-T4",,"likelihood",1092.5,8.516e-9
18,"R_Date","S-38-T4",,"likelihood",1093.5,8.516e-9
18,"R_Date","S-38-T4",,"likelihood",1094.5,8.516e-9
18,"R_Date","S-38-T4",,"likelihood",1095.5,8.516e-9
18,"R_Date","S-38-T4",,"likelihood",1096.5,1.7032e-8
18,"R_Date","S-38-T4",,"likelihood",1097.5,1.7032e-8
18,"R_Date","S-38-T4",,"likelihood",1098.5,1.7032e-8
18,"R_Date","S-38-T4",,"likelihood",1099.5,1.7032e-8
18,"R_Date","S-38-T4",,"likelihood",1100.5,1.7032e-8
18,"R_Date","S-38-T4",,"likelihood",1101.5,1.7032e-8
18,"R_Date","S-38-T4",,"likelihood",1102.5,8.516e-9
18,"R_Date","S-38-T4",,"likelihood",1103.5,8.516e-9
18,"R_Date","S-38-T4",,"likelihood",1104.5,8.516e-9
18,"R_Date","S-38-T4",,"likelihood",1105.5,8.516e-9
18,"R_Date","S-38-T4",,"likelihood",1106.5,8.516e-9
18,"R_Date","S-38-T4",,"likelihood",1107.5,8.516e-9
18,"R_Date","S-38-T4",,"likelihood",1108.5,8.516e-9
18,"R_Date","S-38-T4",,"likelihood",1109.5,8.516e-9
18,"R_Date","S-38-T4",,"likelihood",1110.5,0
18,"R_Date","S-38-T4",,"likelihood",1111.5,0
18,"R_Date","S-38-T4",,"likelihood",1112.5,0
18,"R_Date","S-38-T4",,"likelihood",1113.5,0
18,"R_Date","S-38-T4",,"likelihood",1114.5,8.516e-9
18,"R_Date","S-38-T4",,"likelihood",1115.5,8.516e-9
18,"R_Date","S-38-T4",,"likelihood",1116.5,8.516e-9
18,"R_Date","S-38-T4",,"likelihood",1117.5,8.516e-9
18,"R_Date","S-38-T4",,"likelihood",1118.5,8.516e-9
18,"R_Date","S-38-T4",,"likelihood",1119.5,8.516e-9
18,"R_Date","S-38-T4",,"likelihood",1120.5,8.516e-9
18,"R_Date","S-38-T4",,"likelihood",1121.5,8.516e-9
18,"R_Date","S-38-T4",,"likelihood",1122.5,8.516e-9
18,"R_Date","S-38-T4",,"likelihood",1123.5,8.516e-9
18,"R_Date","S-38-T4",,"likelihood",1124.5,8.516e-9
18,"R_Date","S-38-T4",,"likelihood",1125.5,8.516e-9
18,"R_Date","S-38-T4",,"likelihood",1126.5,8.516e-9
18,"R_Date","S-38-T4",,"likelihood",1127.5,1.7032e-8
18,"R_Date","S-38-T4",,"likelihood",1128.5,1.7032e-8
18,"R_Date","S-38-T4",,"likelihood",1129.5,1.7032e-8
18,"R_Date","S-38-T4",,"likelihood",1130.5,1.7032e-8
18,"R_Date","S-38-T4",,"likelihood",1131.5,1.7032e-8
18,"R_Date","S-38-T4",,"likelihood",1132.5,1.7032e-8
18,"R_Date","S-38-T4",,"likelihood",1133.5,1.7032e-8
18,"R_Date","S-38-T4",,"likelihood",1134.5,1.7032e-8
18,"R_Date","S-38-T4",,"likelihood",1135.5,1.7032e-8
18,"R_Date","S-38-T4",,"likelihood",1136.5,1.7032e-8
18,"R_Date","S-38-T4",,"likelihood",1137.5,1.7032e-8
18,"R_Date","S-38-T4",,"likelihood",1138.5,1.7032e-8
18,"R_Date","S-38-T4",,"likelihood",1139.5,1.7032e-8
18,"R_Date","S-38-T4",,"likelihood",1140.5,8.516e-9
18,"R_Date","S-38-T4",,"likelihood",1141.5,8.516e-9
18,"R_Date","S-38-T4",,"likelihood",1142.5,8.516e-9
18,"R_Date","S-38-T4",,"likelihood",1143.5,8.516e-9
18,"R_Date","S-38-T4",,"likelihood",1144.5,8.516e-9
18,"R_Date","S-38-T4",,"likelihood",1145.5,8.516e-9
18,"R_Date","S-38-T4",,"likelihood",1146.5,8.516e-9
18,"R_Date","S-38-T4",,"likelihood",1147.5,8.516e-9
18,"R_Date","S-38-T4",,"likelihood",1148.5,8.516e-9
18,"R_Date","S-38-T4",,"likelihood",1149.5,1.7032e-8
18,"R_Date","S-38-T4",,"likelihood",1150.5,1.7032e-8
18,"R_Date","S-38-T4",,"likelihood",1151.5,1.7032e-8
18,"R_Date","S-38-T4",,"likelihood",1152.5,1.7032e-8
18,"R_Date","S-38-T4",,"likelihood",1153.5,2.5548e-8
18,"R_Date","S-38-T4",,"likelihood",1154.5,2.5548e-8
18,"R_Date","S-38-T4",,"likelihood",1155.5,4.258e-8
18,"R_Date","S-38-T4",,"likelihood",1156.5,5.961e-8
18,"R_Date","S-38-T4",,"likelihood",1157.5,7.664e-8
18,"R_Date","S-38-T4",,"likelihood",1158.5,1.0219e-7
18,"R_Date","S-38-T4",,"likelihood",1159.5,1.3626e-7
18,"R_Date","S-38-T4",,"likelihood",1160.5,1.6181e-7
18,"R_Date","S-38-T4",,"likelihood",1161.5,2.0439e-7
18,"R_Date","S-38-T4",,"likelihood",1162.5,2.5548e-7
18,"R_Date","S-38-T4",,"likelihood",1163.5,3.0658e-7
18,"R_Date","S-38-T4",,"likelihood",1164.5,3.747e-7
18,"R_Date","S-38-T4",,"likelihood",1165.5,4.769e-7
18,"R_Date","S-38-T4",,"likelihood",1166.5,5.706e-7
18,"R_Date","S-38-T4",,"likelihood",1167.5,6.643e-7
18,"R_Date","S-38-T4",,"likelihood",1168.5,7.494e-7
18,"R_Date","S-38-T4",,"likelihood",1169.5,7.494e-7
18,"R_Date","S-38-T4",,"likelihood",1170.5,7.494e-7
18,"R_Date","S-38-T4",,"likelihood",1171.5,7.068e-7
18,"R_Date","S-38-T4",,"likelihood",1172.5,7.068e-7
18,"R_Date","S-38-T4",,"likelihood",1173.5,7.068e-7
18,"R_Date","S-38-T4",,"likelihood",1174.5,7.068e-7
18,"R_Date","S-38-T4",,"likelihood",1175.5,7.92e-7
18,"R_Date","S-38-T4",,"likelihood",1176.5,8.857e-7
18,"R_Date","S-38-T4",,"likelihood",1177.5,9.964e-7
18,"R_Date","S-38-T4",,"likelihood",1178.5,0.0000011837
18,"R_Date","S-38-T4",,"likelihood",1179.5,0.0000014052
18,"R_Date","S-38-T4",,"likelihood",1180.5,0.0000016692
18,"R_Date","S-38-T4",,"likelihood",1181.5,0.000001865
18,"R_Date","S-38-T4",,"likelihood",1182.5,0.0000020864
18,"R_Date","S-38-T4",,"likelihood",1183.5,0.0000022057
18,"R_Date","S-38-T4",,"likelihood",1184.5,0.0000022057
18,"R_Date","S-38-T4",,"likelihood",1185.5,0.0000020864
18,"R_Date","S-38-T4",,"likelihood",1186.5,0.0000019757
18,"R_Date","S-38-T4",,"likelihood",1187.5,0.0000017628
18,"R_Date","S-38-T4",,"likelihood",1188.5,0.0000016692
18,"R_Date","S-38-T4",,"likelihood",1189.5,0.0000015755
18,"R_Date","S-38-T4",,"likelihood",1190.5,0.0000014903
18,"R_Date","S-38-T4",,"likelihood",1191.5,0.0000013285
18,"R_Date","S-38-T4",,"likelihood",1192.5,0.0000011837
18,"R_Date","S-38-T4",,"likelihood",1193.5,0.000001056
18,"R_Date","S-38-T4",,"likelihood",1194.5,8.857e-7
18,"R_Date","S-38-T4",,"likelihood",1195.5,7.92e-7
18,"R_Date","S-38-T4",,"likelihood",1196.5,7.494e-7
18,"R_Date","S-38-T4",,"likelihood",1197.5,7.068e-7
18,"R_Date","S-38-T4",,"likelihood",1198.5,7.494e-7
18,"R_Date","S-38-T4",,"likelihood",1199.5,7.92e-7
18,"R_Date","S-38-T4",,"likelihood",1200.5,8.857e-7
18,"R_Date","S-38-T4",,"likelihood",1201.5,0.000001056
18,"R_Date","S-38-T4",,"likelihood",1202.5,0.0000011837
18,"R_Date","S-38-T4",,"likelihood",1203.5,0.0000013285
18,"R_Date","S-38-T4",,"likelihood",1204.5,0.0000014052
18,"R_Date","S-38-T4",,"likelihood",1205.5,0.0000014052
18,"R_Date","S-38-T4",,"likelihood",1206.5,0.0000014052
18,"R_Date","S-38-T4",,"likelihood",1207.5,0.0000014052
18,"R_Date","S-38-T4",,"likelihood",1208.5,0.0000014903
18,"R_Date","S-38-T4",,"likelihood",1209.5,0.0000015755
18,"R_Date","S-38-T4",,"likelihood",1210.5,0.0000016692
18,"R_Date","S-38-T4",,"likelihood",1211.5,0.0000017117
18,"R_Date","S-38-T4",,"likelihood",1212.5,0.0000018054
18,"R_Date","S-38-T4",,"likelihood",1213.5,0.0000020268
18,"R_Date","S-38-T4",,"likelihood",1214.5,0.0000022653
18,"R_Date","S-38-T4",,"likelihood",1215.5,0.0000025293
18,"R_Date","S-38-T4",,"likelihood",1216.5,0.0000029806
18,"R_Date","S-38-T4",,"likelihood",1217.5,0.000003696
18,"R_Date","S-38-T4",,"likelihood",1218.5,0.000004956
18,"R_Date","S-38-T4",,"likelihood",1219.5,0.000006608
18,"R_Date","S-38-T4",,"likelihood",1220.5,0.000009691
18,"R_Date","S-38-T4",,"likelihood",1221.5,0.000012757
18,"R_Date","S-38-T4",,"likelihood",1222.5,0.0000163
18,"R_Date","S-38-T4",,"likelihood",1223.5,0.000020737
18,"R_Date","S-38-T4",,"likelihood",1224.5,0.000025046
18,"R_Date","S-38-T4",,"likelihood",1225.5,0.00002881
18,"R_Date","S-38-T4",,"likelihood",1226.5,0.00003374
18,"R_Date","S-38-T4",,"likelihood",1227.5,0.00003532
18,"R_Date","S-38-T4",,"likelihood",1228.5,0.00003865
18,"R_Date","S-38-T4",,"likelihood",1229.5,0.00004043
18,"R_Date","S-38-T4",,"likelihood",1230.5,0.00004422
18,"R_Date","S-38-T4",,"likelihood",1231.5,0.00004623
18,"R_Date","S-38-T4",,"likelihood",1232.5,0.00005049
18,"R_Date","S-38-T4",,"likelihood",1233.5,0.00005276
18,"R_Date","S-38-T4",,"likelihood",1234.5,0.00005757
18,"R_Date","S-38-T4",,"likelihood",1235.5,0.00005757
18,"R_Date","S-38-T4",,"likelihood",1236.5,0.00005757
18,"R_Date","S-38-T4",,"likelihood",1237.5,0.00005757
18,"R_Date","S-38-T4",,"likelihood",1238.5,0.00005512
18,"R_Date","S-38-T4",,"likelihood",1239.5,0.00005276
18,"R_Date","S-38-T4",,"likelihood",1240.5,0.00005049
18,"R_Date","S-38-T4",,"likelihood",1241.5,0.00004832
18,"R_Date","S-38-T4",,"likelihood",1242.5,0.00004623
18,"R_Date","S-38-T4",,"likelihood",1243.5,0.00004422
18,"R_Date","S-38-T4",,"likelihood",1244.5,0.00004229
18,"R_Date","S-38-T4",,"likelihood",1245.5,0.00004043
18,"R_Date","S-38-T4",,"likelihood",1246.5,0.00003865
18,"R_Date","S-38-T4",,"likelihood",1247.5,0.00003695
18,"R_Date","S-38-T4",,"likelihood",1248.5,0.00003532
18,"R_Date","S-38-T4",,"likelihood",1249.5,0.00003532
18,"R_Date","S-38-T4",,"likelihood",1250.5,0.00003374
18,"R_Date","S-38-T4",,"likelihood",1251.5,0.00003374
18,"R_Date","S-38-T4",,"likelihood",1252.5,0.00003532
18,"R_Date","S-38-T4",,"likelihood",1253.5,0.00003695
18,"R_Date","S-38-T4",,"likelihood",1254.5,0.00003865
18,"R_Date","S-38-T4",,"likelihood",1255.5,0.00004043
18,"R_Date","S-38-T4",,"likelihood",1256.5,0.00004043
18,"R_Date","S-38-T4",,"likelihood",1257.5,0.00004229
18,"R_Date","S-38-T4",,"likelihood",1258.5,0.00004422
18,"R_Date","S-38-T4",,"likelihood",1259.5,0.00004623
18,"R_Date","S-38-T4",,"likelihood",1260.5,0.00005049
18,"R_Date","S-38-T4",,"likelihood",1261.5,0.00005757
18,"R_Date","S-38-T4",,"likelihood",1262.5,0.00006276
18,"R_Date","S-38-T4",,"likelihood",1263.5,0.00007136
18,"R_Date","S-38-T4",,"likelihood",1264.5,0.00008446
18,"R_Date","S-38-T4",,"likelihood",1265.5,0.00009565
18,"R_Date","S-38-T4",,"likelihood",1266.5,0.00011263
18,"R_Date","S-38-T4",,"likelihood",1267.5,0.00012707
18,"R_Date","S-38-T4",,"likelihood",1268.5,0.00014884
18,"R_Date","S-38-T4",,"likelihood",1269.5,0.00016726
18,"R_Date","S-38-T4",,"likelihood",1270.5,0.00019492
18,"R_Date","S-38-T4",,"likelihood",1271.5,0.0002182
18,"R_Date","S-38-T4",,"likelihood",1272.5,0.00024385
18,"R_Date","S-38-T4",,"likelihood",1273.5,0.00027205
18,"R_Date","S-38-T4",,"likelihood",1274.5,0.00031399
18,"R_Date","S-38-T4",,"likelihood",1275.5,0.0003613
18,"R_Date","S-38-T4",,"likelihood",1276.5,0.0004288
18,"R_Date","S-38-T4",,"likelihood",1277.5,0.0005234
18,"R_Date","S-38-T4",,"likelihood",1278.5,0.0006548
18,"R_Date","S-38-T4",,"likelihood",1279.5,0.0008117
18,"R_Date","S-38-T4",,"likelihood",1280.5,0.000997
18,"R_Date","S-38-T4",,"likelihood",1281.5,0.0011803
18,"R_Date","S-38-T4",,"likelihood",1282.5,0.0013516
18,"R_Date","S-38-T4",,"likelihood",1283.5,0.0015012
18,"R_Date","S-38-T4",,"likelihood",1284.5,0.0016623
18,"R_Date","S-38-T4",,"likelihood",1285.5,0.0017908
18,"R_Date","S-38-T4",,"likelihood",1286.5,0.0018802
18,"R_Date","S-38-T4",,"likelihood",1287.5,0.0019725
18,"R_Date","S-38-T4",,"likelihood",1288.5,0.0021165
18,"R_Date","S-38-T4",,"likelihood",1289.5,0.002166
18,"R_Date","S-38-T4",,"likelihood",1290.5,0.0022671
18,"R_Date","S-38-T4",,"likelihood",1291.5,0.0023712
18,"R_Date","S-38-T4",,"likelihood",1292.5,0.0024243
18,"R_Date","S-38-T4",,"likelihood",1293.5,0.0025326
18,"R_Date","S-38-T4",,"likelihood",1294.5,0.0025879
18,"R_Date","S-38-T4",,"likelihood",1295.5,0.0027005
18,"R_Date","S-38-T4",,"likelihood",1296.5,0.0028744
18,"R_Date","S-38-T4",,"likelihood",1297.5,0.0030543
18,"R_Date","S-38-T4",,"likelihood",1298.5,0.003303
18,"R_Date","S-38-T4",,"likelihood",1299.5,0.003627
18,"R_Date","S-38-T4",,"likelihood",1300.5,0.003895
18,"R_Date","S-38-T4",,"likelihood",1301.5,0.004236
18,"R_Date","S-38-T4",,"likelihood",1302.5,0.004519
18,"R_Date","S-38-T4",,"likelihood",1303.5,0.004879
18,"R_Date","S-38-T4",,"likelihood",1304.5,0.005167
18,"R_Date","S-38-T4",,"likelihood",1305.5,0.005455
18,"R_Date","S-38-T4",,"likelihood",1306.5,0.005742
18,"R_Date","S-38-T4",,"likelihood",1307.5,0.005954
18,"R_Date","S-38-T4",,"likelihood",1308.5,0.006094
18,"R_Date","S-38-T4",,"likelihood",1309.5,0.006164
18,"R_Date","S-38-T4",,"likelihood",1310.5,0.006233
18,"R_Date","S-38-T4",,"likelihood",1311.5,0.006301
18,"R_Date","S-38-T4",,"likelihood",1312.5,0.006301
18,"R_Date","S-38-T4",,"likelihood",1313.5,0.006306
18,"R_Date","S-38-T4",,"likelihood",1314.5,0.006306
18,"R_Date","S-38-T4",,"likelihood",1315.5,0.006306
18,"R_Date","S-38-T4",,"likelihood",1316.5,0.006306
18,"R_Date","S-38-T4",,"likelihood",1317.5,0.006306
18,"R_Date","S-38-T4",,"likelihood",1318.5,0.006443
18,"R_Date","S-38-T4",,"likelihood",1319.5,0.006577
18,"R_Date","S-38-T4",,"likelihood",1320.5,0.006773
18,"R_Date","S-38-T4",,"likelihood",1321.5,0.007025
18,"R_Date","S-38-T4",,"likelihood",1322.5,0.007263
18,"R_Date","S-38-T4",,"likelihood",1323.5,0.007486
18,"R_Date","S-38-T4",,"likelihood",1324.5,0.007739
18,"R_Date","S-38-T4",,"likelihood",1325.5,0.00792
18,"R_Date","S-38-T4",,"likelihood",1326.5,0.008115
18,"R_Date","S-38-T4",,"likelihood",1327.5,0.008246
18,"R_Date","S-38-T4",,"likelihood",1328.5,0.008351
18,"R_Date","S-38-T4",,"likelihood",1329.5,0.008395
18,"R_Date","S-38-T4",,"likelihood",1330.5,0.008432
18,"R_Date","S-38-T4",,"likelihood",1331.5,0.008432
18,"R_Date","S-38-T4",,"likelihood",1332.5,0.008432
18,"R_Date","S-38-T4",,"likelihood",1333.5,0.008414
18,"R_Date","S-38-T4",,"likelihood",1334.5,0.008395
18,"R_Date","S-38-T4",,"likelihood",1335.5,0.008374
18,"R_Date","S-38-T4",,"likelihood",1336.5,0.008327
18,"R_Date","S-38-T4",,"likelihood",1337.5,0.008302
18,"R_Date","S-38-T4",,"likelihood",1338.5,0.008274
18,"R_Date","S-38-T4",,"likelihood",1339.5,0.008274
18,"R_Date","S-38-T4",,"likelihood",1340.5,0.008274
18,"R_Date","S-38-T4",,"likelihood",1341.5,0.008274
18,"R_Date","S-38-T4",,"likelihood",1342.5,0.008274
18,"R_Date","S-38-T4",,"likelihood",1343.5,0.008274
18,"R_Date","S-38-T4",,"likelihood",1344.5,0.008274
18,"R_Date","S-38-T4",,"likelihood",1345.5,0.008246
18,"R_Date","S-38-T4",,"likelihood",1346.5,0.008215
18,"R_Date","S-38-T4",,"likelihood",1347.5,0.008215
18,"R_Date","S-38-T4",,"likelihood",1348.5,0.008183
18,"R_Date","S-38-T4",,"likelihood",1349.5,0.008183
18,"R_Date","S-38-T4",,"likelihood",1350.5,0.008183
18,"R_Date","S-38-T4",,"likelihood",1351.5,0.00815
18,"R_Date","S-38-T4",,"likelihood",1352.5,0.008115
18,"R_Date","S-38-T4",,"likelihood",1353.5,0.008002
18,"R_Date","S-38-T4",,"likelihood",1354.5,0.007832
18,"R_Date","S-38-T4",,"likelihood",1355.5,0.007641
18,"R_Date","S-38-T4",,"likelihood",1356.5,0.007432
18,"R_Date","S-38-T4",,"likelihood",1357.5,0.007136
18,"R_Date","S-38-T4",,"likelihood",1358.5,0.006892
18,"R_Date","S-38-T4",,"likelihood",1359.5,0.006701
18,"R_Date","S-38-T4",,"likelihood",1360.5,0.006437
18,"R_Date","S-38-T4",,"likelihood",1361.5,0.006233
18,"R_Date","S-38-T4",,"likelihood",1362.5,0.006094
18,"R_Date","S-38-T4",,"likelihood",1363.5,0.005884
18,"R_Date","S-38-T4",,"likelihood",1364.5,0.005599
18,"R_Date","S-38-T4",,"likelihood",1365.5,0.005383
18,"R_Date","S-38-T4",,"likelihood",1366.5,0.005095
18,"R_Date","S-38-T4",,"likelihood",1367.5,0.004879
18,"R_Date","S-38-T4",,"likelihood",1368.5,0.004592
18,"R_Date","S-38-T4",,"likelihood",1369.5,0.004309
18,"R_Date","S-38-T4",,"likelihood",1370.5,0.0041
18,"R_Date","S-38-T4",,"likelihood",1371.5,0.003827
18,"R_Date","S-38-T4",,"likelihood",1372.5,0.003693
18,"R_Date","S-38-T4",,"likelihood",1373.5,0.003561
18,"R_Date","S-38-T4",,"likelihood",1374.5,0.003495
18,"R_Date","S-38-T4",,"likelihood",1375.5,0.003495
18,"R_Date","S-38-T4",,"likelihood",1376.5,0.003621
18,"R_Date","S-38-T4",,"likelihood",1377.5,0.00389
18,"R_Date","S-38-T4",,"likelihood",1378.5,0.004166
18,"R_Date","S-38-T4",,"likelihood",1379.5,0.004448
18,"R_Date","S-38-T4",,"likelihood",1380.5,0.004806
18,"R_Date","S-38-T4",,"likelihood",1381.5,0.005022
18,"R_Date","S-38-T4",,"likelihood",1382.5,0.005239
18,"R_Date","S-38-T4",,"likelihood",1383.5,0.005456
18,"R_Date","S-38-T4",,"likelihood",1384.5,0.005601
18,"R_Date","S-38-T4",,"likelihood",1385.5,0.005744
18,"R_Date","S-38-T4",,"likelihood",1386.5,0.005887
18,"R_Date","S-38-T4",,"likelihood",1387.5,0.006098
18,"R_Date","S-38-T4",,"likelihood",1388.5,0.006375
18,"R_Date","S-38-T4",,"likelihood",1389.5,0.006643
18,"R_Date","S-38-T4",,"likelihood",1390.5,0.006963
18,"R_Date","S-38-T4",,"likelihood",1391.5,0.007263
18,"R_Date","S-38-T4",,"likelihood",1392.5,0.007539
18,"R_Date","S-38-T4",,"likelihood",1393.5,0.007832
18,"R_Date","S-38-T4",,"likelihood",1394.5,0.008041
18,"R_Date","S-38-T4",,"likelihood",1395.5,0.008215
18,"R_Date","S-38-T4",,"likelihood",1396.5,0.008374
18,"R_Date","S-38-T4",,"likelihood",1397.5,0.008462
18,"R_Date","S-38-T4",,"likelihood",1398.5,0.008503
18,"R_Date","S-38-T4",,"likelihood",1399.5,0.008516
18,"R_Date","S-38-T4",,"likelihood",1400.5,0.008513
18,"R_Date","S-38-T4",,"likelihood",1401.5,0.008502
18,"R_Date","S-38-T4",,"likelihood",1402.5,0.008485
18,"R_Date","S-38-T4",,"likelihood",1403.5,0.008447
18,"R_Date","S-38-T4",,"likelihood",1404.5,0.008394
18,"R_Date","S-38-T4",,"likelihood",1405.5,0.008326
18,"R_Date","S-38-T4",,"likelihood",1406.5,0.008213
18,"R_Date","S-38-T4",,"likelihood",1407.5,0.008038
18,"R_Date","S-38-T4",,"likelihood",1408.5,0.007871
18,"R_Date","S-38-T4",,"likelihood",1409.5,0.007684
18,"R_Date","S-38-T4",,"likelihood",1410.5,0.007476
18,"R_Date","S-38-T4",,"likelihood",1411.5,0.007309
18,"R_Date","S-38-T4",,"likelihood",1412.5,0.007192
18,"R_Date","S-38-T4",,"likelihood",1413.5,0.007071
18,"R_Date","S-38-T4",,"likelihood",1414.5,0.007009
18,"R_Date","S-38-T4",,"likelihood",1415.5,0.007009
18,"R_Date","S-38-T4",,"likelihood",1416.5,0.007009
18,"R_Date","S-38-T4",,"likelihood",1417.5,0.007009
18,"R_Date","S-38-T4",,"likelihood",1418.5,0.006947
18,"R_Date","S-38-T4",,"likelihood",1419.5,0.006883
18,"R_Date","S-38-T4",,"likelihood",1420.5,0.006754
18,"R_Date","S-38-T4",,"likelihood",1421.5,0.006487
18,"R_Date","S-38-T4",,"likelihood",1422.5,0.00621
18,"R_Date","S-38-T4",,"likelihood",1423.5,0.005853
18,"R_Date","S-38-T4",,"likelihood",1424.5,0.005489
18,"R_Date","S-38-T4",,"likelihood",1425.5,0.005195
18,"R_Date","S-38-T4",,"likelihood",1426.5,0.0049
18,"R_Date","S-38-T4",,"likelihood",1427.5,0.00468
18,"R_Date","S-38-T4",,"likelihood",1428.5,0.004535
18,"R_Date","S-38-T4",,"likelihood",1429.5,0.004462
18,"R_Date","S-38-T4",,"likelihood",1430.5,0.00439
18,"R_Date","S-38-T4",,"likelihood",1431.5,0.004318
18,"R_Date","S-38-T4",,"likelihood",1432.5,0.004175
18,"R_Date","S-38-T4",,"likelihood",1433.5,0.004033
18,"R_Date","S-38-T4",,"likelihood",1434.5,0.003893
18,"R_Date","S-38-T4",,"likelihood",1435.5,0.003618
18,"R_Date","S-38-T4",,"likelihood",1436.5,0.003417
18,"R_Date","S-38-T4",,"likelihood",1437.5,0.003158
18,"R_Date","S-38-T4",,"likelihood",1438.5,0.0029699
18,"R_Date","S-38-T4",,"likelihood",1439.5,0.0027878
18,"R_Date","S-38-T4",,"likelihood",1440.5,0.0026699
18,"R_Date","S-38-T4",,"likelihood",1441.5,0.0024984
18,"R_Date","S-38-T4",,"likelihood",1442.5,0.0023336
18,"R_Date","S-38-T4",,"likelihood",1443.5,0.0021755
18,"R_Date","S-38-T4",,"likelihood",1444.5,0.0019755
18,"R_Date","S-38-T4",,"likelihood",1445.5,0.001788
18,"R_Date","S-38-T4",,"likelihood",1446.5,0.0016554
18,"R_Date","S-38-T4",,"likelihood",1447.5,0.0014895
18,"R_Date","S-38-T4",,"likelihood",1448.5,0.0013357
18,"R_Date","S-38-T4",,"likelihood",1449.5,0.0012282
18,"R_Date","S-38-T4",,"likelihood",1450.5,0.0011271
18,"R_Date","S-38-T4",,"likelihood",1451.5,0.0010633
18,"R_Date","S-38-T4",,"likelihood",1452.5,0.0010023
18,"R_Date","S-38-T4",,"likelihood",1453.5,0.000944
18,"R_Date","S-38-T4",,"likelihood",1454.5,0.0008614
18,"R_Date","S-38-T4",,"likelihood",1455.5,0.0007602
18,"R_Date","S-38-T4",,"likelihood",1456.5,0.0006472
18,"R_Date","S-38-T4",,"likelihood",1457.5,0.0005481
18,"R_Date","S-38-T4",,"likelihood",1458.5,0.0004617
18,"R_Date","S-38-T4",,"likelihood",1459.5,0.0004009
18,"R_Date","S-38-T4",,"likelihood",1460.5,0.000347
18,"R_Date","S-38-T4",,"likelihood",1461.5,0.0003345
18,"R_Date","S-38-T4",,"likelihood",1462.5,0.0003224
18,"R_Date","S-38-T4",,"likelihood",1463.5,0.0003345
18,"R_Date","S-38-T4",,"likelihood",1464.5,0.000347
18,"R_Date","S-38-T4",,"likelihood",1465.5,0.0003599
18,"R_Date","S-38-T4",,"likelihood",1466.5,0.0003731
18,"R_Date","S-38-T4",,"likelihood",1467.5,0.0003599
18,"R_Date","S-38-T4",,"likelihood",1468.5,0.000347
18,"R_Date","S-38-T4",,"likelihood",1469.5,0.0003345
18,"R_Date","S-38-T4",,"likelihood",1470.5,0.0003224
18,"R_Date","S-38-T4",,"likelihood",1471.5,0.0003224
18,"R_Date","S-38-T4",,"likelihood",1472.5,0.00031067
18,"R_Date","S-38-T4",,"likelihood",1473.5,0.00028828
18,"R_Date","S-38-T4",,"likelihood",1474.5,0.00026728
18,"R_Date","S-38-T4",,"likelihood",1475.5,0.00023823
18,"R_Date","S-38-T4",,"likelihood",1476.5,0.00021192
18,"R_Date","S-38-T4",,"likelihood",1477.5,0.00018816
18,"R_Date","S-38-T4",,"likelihood",1478.5,0.00017363
18,"R_Date","S-38-T4",,"likelihood",1479.5,0.00016009
18,"R_Date","S-38-T4",,"likelihood",1480.5,0.00014748
18,"R_Date","S-38-T4",,"likelihood",1481.5,0.0001415
18,"R_Date","S-38-T4",,"likelihood",1482.5,0.00013378
18,"R_Date","S-38-T4",,"likelihood",1483.5,0.00012828
18,"R_Date","S-38-T4",,"likelihood",1484.5,0.00012828
18,"R_Date","S-38-T4",,"likelihood",1485.5,0.00012828
18,"R_Date","S-38-T4",,"likelihood",1486.5,0.00012828
18,"R_Date","S-38-T4",,"likelihood",1487.5,0.00012828
18,"R_Date","S-38-T4",,"likelihood",1488.5,0.00012484
18,"R_Date","S-38-T4",,"likelihood",1489.5,0.00011968
18,"R_Date","S-38-T4",,"likelihood",1490.5,0.0001147
18,"R_Date","S-38-T4",,"likelihood",1491.5,0.00010992
18,"R_Date","S-38-T4",,"likelihood",1492.5,0.0001053
18,"R_Date","S-38-T4",,"likelihood",1493.5,0.00009659
18,"R_Date","S-38-T4",,"likelihood",1494.5,0.00009248
18,"R_Date","S-38-T4",,"likelihood",1495.5,0.00008472
18,"R_Date","S-38-T4",,"likelihood",1496.5,0.00008106
18,"R_Date","S-38-T4",,"likelihood",1497.5,0.00007754
18,"R_Date","S-38-T4",,"likelihood",1498.5,0.00007754
18,"R_Date","S-38-T4",,"likelihood",1499.5,0.00007416
18,"R_Date","S-38-T4",,"likelihood",1500.5,0.00007416
18,"R_Date","S-38-T4",,"likelihood",1501.5,0.00007416
18,"R_Date","S-38-T4",,"likelihood",1502.5,0.00007091
18,"R_Date","S-38-T4",,"likelihood",1503.5,0.00006779
18,"R_Date","S-38-T4",,"likelihood",1504.5,0.00006479
18,"R_Date","S-38-T4",,"likelihood",1505.5,0.00006191
18,"R_Date","S-38-T4",,"likelihood",1506.5,0.00005914
18,"R_Date","S-38-T4",,"likelihood",1507.5,0.0000565
18,"R_Date","S-38-T4",,"likelihood",1508.5,0.00005395
18,"R_Date","S-38-T4",,"likelihood",1509.5,0.00004916
18,"R_Date","S-38-T4",,"likelihood",1510.5,0.00004692
18,"R_Date","S-38-T4",,"likelihood",1511.5,0.00004271
18,"R_Date","S-38-T4",,"likelihood",1512.5,0.00003994
18,"R_Date","S-38-T4",,"likelihood",1513.5,0.00003808
18,"R_Date","S-38-T4",,"likelihood",1514.5,0.00003808
18,"R_Date","S-38-T4",,"likelihood",1515.5,0.00003883
18,"R_Date","S-38-T4",,"likelihood",1516.5,0.00003883
18,"R_Date","S-38-T4",,"likelihood",1517.5,0.00003883
18,"R_Date","S-38-T4",,"likelihood",1518.5,0.00003702
18,"R_Date","S-38-T4",,"likelihood",1519.5,0.00003528
18,"R_Date","S-38-T4",,"likelihood",1520.5,0.000030513
18,"R_Date","S-38-T4",,"likelihood",1521.5,0.00002766
18,"R_Date","S-38-T4",,"likelihood",1522.5,0.000023837
18,"R_Date","S-38-T4",,"likelihood",1523.5,0.000020507
18,"R_Date","S-38-T4",,"likelihood",1524.5,0.000017603
18,"R_Date","S-38-T4",,"likelihood",1525.5,0.000013975
18,"R_Date","S-38-T4",,"likelihood",1526.5,0.000011318
18,"R_Date","S-38-T4",,"likelihood",1527.5,0.000009138
18,"R_Date","S-38-T4",,"likelihood",1528.5,0.000007349
18,"R_Date","S-38-T4",,"likelihood",1529.5,0.000006225
18,"R_Date","S-38-T4",,"likelihood",1530.5,0.000005416
18,"R_Date","S-38-T4",,"likelihood",1531.5,0.000004837
18,"R_Date","S-38-T4",,"likelihood",1532.5,0.000004318
18,"R_Date","S-38-T4",,"likelihood",1533.5,0.000004079
18,"R_Date","S-38-T4",,"likelihood",1534.5,0.000004079
18,"R_Date","S-38-T4",,"likelihood",1535.5,0.000004318
18,"R_Date","S-38-T4",,"likelihood",1536.5,0.000004573
18,"R_Date","S-38-T4",,"likelihood",1537.5,0.000004973
18,"R_Date","S-38-T4",,"likelihood",1538.5,0.000005723
18,"R_Date","S-38-T4",,"likelihood",1539.5,0.000006396
18,"R_Date","S-38-T4",,"likelihood",1540.5,0.000006949
18,"R_Date","S-38-T4",,"likelihood",1541.5,0.000007545
18,"R_Date","S-38-T4",,"likelihood",1542.5,0.000007758
18,"R_Date","S-38-T4",,"likelihood",1543.5,0.000008414
18,"R_Date","S-38-T4",,"likelihood",1544.5,0.000007971
18,"R_Date","S-38-T4",,"likelihood",1545.5,0.000007545
18,"R_Date","S-38-T4",,"likelihood",1546.5,0.000007145
18,"R_Date","S-38-T4",,"likelihood",1547.5,0.000006762
18,"R_Date","S-38-T4",,"likelihood",1548.5,0.000006762
18,"R_Date","S-38-T4",,"likelihood",1549.5,0.000006762
18,"R_Date","S-38-T4",,"likelihood",1550.5,0.000007545
18,"R_Date","S-38-T4",,"likelihood",1551.5,0.000008414
18,"R_Date","S-38-T4",,"likelihood",1552.5,0.000009376
18,"R_Date","S-38-T4",,"likelihood",1553.5,0.000010432
18,"R_Date","S-38-T4",,"likelihood",1554.5,0.000011003
18,"R_Date","S-38-T4",,"likelihood",1555.5,0.000011607
18,"R_Date","S-38-T4",,"likelihood",1556.5,0.000012238
18,"R_Date","S-38-T4",,"likelihood",1557.5,0.000013592
18,"R_Date","S-38-T4",,"likelihood",1558.5,0.000014316
18,"R_Date","S-38-T4",,"likelihood",1559.5,0.000015882
18,"R_Date","S-38-T4",,"likelihood",1560.5,0.000017603
18,"R_Date","S-38-T4",,"likelihood",1561.5,0.000018522
18,"R_Date","S-38-T4",,"likelihood",1562.5,0.000019493
18,"R_Date","S-38-T4",,"likelihood",1563.5,0.000018522
18,"R_Date","S-38-T4",,"likelihood",1564.5,0.000017603
18,"R_Date","S-38-T4",,"likelihood",1565.5,0.000015882
18,"R_Date","S-38-T4",,"likelihood",1566.5,0.000015082
18,"R_Date","S-38-T4",,"likelihood",1567.5,0.000014316
18,"R_Date","S-38-T4",,"likelihood",1568.5,0.000013975
18,"R_Date","S-38-T4",,"likelihood",1569.5,0.000014316
18,"R_Date","S-38-T4",,"likelihood",1570.5,0.000015882
18,"R_Date","S-38-T4",,"likelihood",1571.5,0.000016717
18,"R_Date","S-38-T4",,"likelihood",1572.5,0.000018522
18,"R_Date","S-38-T4",,"likelihood",1573.5,0.000019493
18,"R_Date","S-38-T4",,"likelihood",1574.5,0.000021563
18,"R_Date","S-38-T4",,"likelihood",1575.5,0.000022678
18,"R_Date","S-38-T4",,"likelihood",1576.5,0.000025054
18,"R_Date","S-38-T4",,"likelihood",1577.5,0.000026332
18,"R_Date","S-38-T4",,"likelihood",1578.5,0.00002766
18,"R_Date","S-38-T4",,"likelihood",1579.5,0.00002766
18,"R_Date","S-38-T4",,"likelihood",1580.5,0.000029048
18,"R_Date","S-38-T4",,"likelihood",1581.5,0.000029048
18,"R_Date","S-38-T4",,"likelihood",1582.5,0.000029048
18,"R_Date","S-38-T4",,"likelihood",1583.5,0.000029048
18,"R_Date","S-38-T4",,"likelihood",1584.5,0.000029048
18,"R_Date","S-38-T4",,"likelihood",1585.5,0.00002766
18,"R_Date","S-38-T4",,"likelihood",1586.5,0.00002766
18,"R_Date","S-38-T4",,"likelihood",1587.5,0.000029048
18,"R_Date","S-38-T4",,"likelihood",1588.5,0.000030513
18,"R_Date","S-38-T4",,"likelihood",1589.5,0.00003362
18,"R_Date","S-38-T4",,"likelihood",1590.5,0.00003702
18,"R_Date","S-38-T4",,"likelihood",1591.5,0.00004271
18,"R_Date","S-38-T4",,"likelihood",1592.5,0.00004692
18,"R_Date","S-38-T4",,"likelihood",1593.5,0.00005151
18,"R_Date","S-38-T4",,"likelihood",1594.5,0.0000565
18,"R_Date","S-38-T4",,"likelihood",1595.5,0.00006191
18,"R_Date","S-38-T4",,"likelihood",1596.5,0.00006191
18,"R_Date","S-38-T4",,"likelihood",1597.5,0.00006479
18,"R_Date","S-38-T4",,"likelihood",1598.5,0.00006779
18,"R_Date","S-38-T4",,"likelihood",1599.5,0.00007091
18,"R_Date","S-38-T4",,"likelihood",1600.5,0.00007416
18,"R_Date","S-38-T4",,"likelihood",1601.5,0.00008106
18,"R_Date","S-38-T4",,"likelihood",1602.5,0.00009248
18,"R_Date","S-38-T4",,"likelihood",1603.5,0.0001053
18,"R_Date","S-38-T4",,"likelihood",1604.5,0.0001147
18,"R_Date","S-38-T4",,"likelihood",1605.5,0.00011968
18,"R_Date","S-38-T4",,"likelihood",1606.5,0.00011968
18,"R_Date","S-38-T4",,"likelihood",1607.5,0.00010992
18,"R_Date","S-38-T4",,"likelihood",1608.5,0.00010086
18,"R_Date","S-38-T4",,"likelihood",1609.5,0.00009248
18,"R_Date","S-38-T4",,"likelihood",1610.5,0.00008472
18,"R_Date","S-38-T4",,"likelihood",1611.5,0.00008106
18,"R_Date","S-38-T4",,"likelihood",1612.5,0.00008106
18,"R_Date","S-38-T4",,"likelihood",1613.5,0.00008106
18,"R_Date","S-38-T4",,"likelihood",1614.5,0.00008106
18,"R_Date","S-38-T4",,"likelihood",1615.5,0.00007754
18,"R_Date","S-38-T4",,"likelihood",1616.5,0.00007416
18,"R_Date","S-38-T4",,"likelihood",1617.5,0.00006479
18,"R_Date","S-38-T4",,"likelihood",1618.5,0.00005395
18,"R_Date","S-38-T4",,"likelihood",1619.5,0.00004692
18,"R_Date","S-38-T4",,"likelihood",1620.5,0.00003883
18,"R_Date","S-38-T4",,"likelihood",1621.5,0.00003203
18,"R_Date","S-38-T4",,"likelihood",1622.5,0.000026332
18,"R_Date","S-38-T4",,"likelihood",1623.5,0.000023837
18,"R_Date","S-38-T4",,"likelihood",1624.5,0.000022678
18,"R_Date","S-38-T4",,"likelihood",1625.5,0.000021563
18,"R_Date","S-38-T4",,"likelihood",1626.5,0.000021563
18,"R_Date","S-38-T4",,"likelihood",1627.5,0.000022678
18,"R_Date","S-38-T4",,"likelihood",1628.5,0.000022678
18,"R_Date","S-38-T4",,"likelihood",1629.5,0.000020507
18,"R_Date","S-38-T4",,"likelihood",1630.5,0.000018522
18,"R_Date","S-38-T4",,"likelihood",1631.5,0.000016717
18,"R_Date","S-38-T4",,"likelihood",1632.5,0.000013592
18,"R_Date","S-38-T4",,"likelihood",1633.5,0.000010432
18,"R_Date","S-38-T4",,"likelihood",1634.5,0.000008414
18,"R_Date","S-38-T4",,"likelihood",1635.5,0.000006396
18,"R_Date","S-38-T4",,"likelihood",1636.5,0.000005118
18,"R_Date","S-38-T4",,"likelihood",1637.5,0.000004079
18,"R_Date","S-38-T4",,"likelihood",1638.5,0.000003432
18,"R_Date","S-38-T4",,"likelihood",1639.5,0.0000027166
18,"R_Date","S-38-T4",,"likelihood",1640.5,0.0000021461
18,"R_Date","S-38-T4",,"likelihood",1641.5,0.0000015925
18,"R_Date","S-38-T4",,"likelihood",1642.5,0.0000012433
18,"R_Date","S-38-T4",,"likelihood",1643.5,9.708e-7
18,"R_Date","S-38-T4",,"likelihood",1644.5,7.579e-7
18,"R_Date","S-38-T4",,"likelihood",1645.5,6.217e-7
18,"R_Date","S-38-T4",,"likelihood",1646.5,5.11e-7
18,"R_Date","S-38-T4",,"likelihood",1647.5,4.258e-7
18,"R_Date","S-38-T4",,"likelihood",1648.5,3.236e-7
18,"R_Date","S-38-T4",,"likelihood",1649.5,2.64e-7
18,"R_Date","S-38-T4",,"likelihood",1650.5,2.2993e-7
18,"R_Date","S-38-T4",,"likelihood",1651.5,2.0439e-7
18,"R_Date","S-38-T4",,"likelihood",1652.5,1.7884e-7
18,"R_Date","S-38-T4",,"likelihood",1653.5,1.7032e-7
18,"R_Date","S-38-T4",,"likelihood",1654.5,1.4477e-7
18,"R_Date","S-38-T4",,"likelihood",1655.5,1.3626e-7
18,"R_Date","S-38-T4",,"likelihood",1656.5,1.1923e-7
18,"R_Date","S-38-T4",,"likelihood",1657.5,9.368e-8
18,"R_Date","S-38-T4",,"likelihood",1658.5,7.664e-8
18,"R_Date","S-38-T4",,"likelihood",1659.5,5.961e-8
18,"R_Date","S-38-T4",,"likelihood",1660.5,4.258e-8
18,"R_Date","S-38-T4",,"likelihood",1661.5,3.406e-8
18,"R_Date","S-38-T4",,"likelihood",1662.5,2.5548e-8
18,"R_Date","S-38-T4",,"likelihood",1663.5,1.7032e-8
18,"R_Date","S-38-T4",,"likelihood",1664.5,1.7032e-8
18,"R_Date","S-38-T4",,"likelihood",1665.5,8.516e-9
18,"R_Date","S-38-T4",,"likelihood",1666.5,8.516e-9
18,"R_Date","S-38-T4",,"likelihood",1667.5,8.516e-9
18,"R_Date","S-38-T4",,"likelihood",1668.5,0
18,"R_Date","S-38-T4",,"likelihood",1669.5,0
18,"R_Date","S-38-T4",,"likelihood",1670.5,0
18,"R_Date","S-38-T4",,"likelihood",1671.5,0
18,"R_Date","S-38-T4",,"likelihood",1672.5,0
18,"R_Date","S-38-T4",,"likelihood",1673.5,0
18,"R_Date","S-38-T4",,"likelihood",1674.5,0
18,"R_Date","S-38-T4",,"likelihood",1675.5,0
18,"R_Date","S-38-T4",,"likelihood",1676.5,0
18,"R_Date","S-38-T4",,"likelihood",1677.5,0
18,"R_Date","S-38-T4",,"likelihood",1678.5,0
18,"R_Date","S-38-T4",,"likelihood",1679.5,0
18,"R_Date","S-38-T4",,"likelihood",1680.5,0
18,"R_Date","S-38-T4",,"likelihood",1681.5,0
18,"R_Date","S-38-T4",,"likelihood",1682.5,0
18,"R_Date","S-38-T4",,"likelihood",1683.5,0
18,"R_Date","S-38-T4",,"likelihood",1684.5,0
18,"R_Date","S-38-T4",,"likelihood",1685.5,0
18,"R_Date","S-38-T4",,"likelihood",1686.5,0
18,"R_Date","S-38-T4",,"likelihood",1687.5,0
18,"R_Date","S-38-T4",,"likelihood",1688.5,0
18,"R_Date","S-38-T4",,"likelihood",1689.5,0
18,"R_Date","S-38-T4",,"likelihood",1690.5,0
18,"R_Date","S-38-T4",,"likelihood",1691.5,0
18,"R_Date","S-38-T4",,"likelihood",1692.5,0
18,"R_Date","S-38-T4",,"likelihood",1693.5,0
18,"R_Date","S-38-T4",,"likelihood",1694.5,0
18,"R_Date","S-38-T4",,"likelihood",1695.5,0
18,"R_Date","S-38-T4",,"likelihood",1696.5,0
18,"R_Date","S-38-T4",,"likelihood",1697.5,0
18,"R_Date","S-38-T4",,"likelihood",1698.5,0
18,"R_Date","S-38-T4",,"likelihood",1699.5,0
18,"R_Date","S-38-T4",,"likelihood",1700.5,0
18,"R_Date","S-38-T4",,"likelihood",1701.5,0
18,"R_Date","S-38-T4",,"likelihood",1702.5,0
18,"R_Date","S-38-T4",,"likelihood",1703.5,0
18,"R_Date","S-38-T4",,"likelihood",1704.5,0
18,"R_Date","S-38-T4",,"likelihood",1705.5,0
18,"R_Date","S-38-T4",,"likelihood",1706.5,0
18,"R_Date","S-38-T4",,"likelihood",1707.5,0
18,"R_Date","S-38-T4",,"likelihood",1708.5,0
18,"R_Date","S-38-T4",,"likelihood",1709.5,0
18,"R_Date","S-38-T4",,"likelihood",1710.5,0
18,"R_Date","S-38-T4",,"likelihood",1711.5,0
18,"R_Date","S-38-T4",,"likelihood",1712.5,0
18,"R_Date","S-38-T4",,"likelihood",1713.5,0
18,"R_Date","S-38-T4",,"likelihood",1714.5,0
18,"R_Date","S-38-T4",,"likelihood",1715.5,0
18,"R_Date","S-38-T4",,"likelihood",1716.5,0
18,"R_Date","S-38-T4",,"likelihood",1717.5,0
18,"R_Date","S-38-T4",,"likelihood",1718.5,0
18,"R_Date","S-38-T4",,"likelihood",1719.5,0
18,"R_Date","S-38-T4",,"likelihood",1720.5,0
18,"R_Date","S-38-T4",,"likelihood",1721.5,0
18,"R_Date","S-38-T4",,"likelihood",1722.5,0
18,"R_Date","S-38-T4",,"likelihood",1723.5,0
18,"R_Date","S-38-T4",,"likelihood",1724.5,0
18,"R_Date","S-38-T4",,"likelihood",1725.5,0
18,"R_Date","S-38-T4",,"likelihood",1726.5,0
18,"R_Date","S-38-T4",,"likelihood",1727.5,0
18,"R_Date","S-38-T4",,"likelihood",1728.5,0
18,"R_Date","S-38-T4",,"likelihood",1729.5,0
18,"R_Date","S-38-T4",,"likelihood",1730.5,0
18,"R_Date","S-38-T4",,"likelihood",1731.5,0
18,"R_Date","S-38-T4",,"likelihood",1732.5,0
18,"R_Date","S-38-T4",,"likelihood",1733.5,0
18,"R_Date","S-38-T4",,"likelihood",1734.5,0
18,"R_Date","S-38-T4",,"likelihood",1735.5,0
18,"R_Date","S-38-T4",,"likelihood",1736.5,0
18,"R_Date","S-38-T4",,"likelihood",1737.5,0
18,"R_Date","S-38-T4",,"likelihood",1738.5,0
18,"R_Date","S-38-T4",,"likelihood",1739.5,0
18,"R_Date","S-38-T4",,"likelihood",1740.5,0
18,"R_Date","S-38-T4",,"likelihood",1741.5,0
18,"R_Date","S-38-T4",,"likelihood",1742.5,0
18,"R_Date","S-38-T4",,"likelihood",1743.5,0
18,"R_Date","S-38-T4",,"likelihood",1744.5,0
18,"R_Date","S-38-T4",,"likelihood",1745.5,0
18,"R_Date","S-38-T4",,"likelihood",1746.5,0
18,"R_Date","S-38-T4",,"likelihood",1747.5,0
18,"R_Date","S-38-T4",,"likelihood",1748.5,0
18,"R_Date","S-38-T4",,"likelihood",1749.5,0
18,"R_Date","S-38-T4",,"likelihood",1750.5,0
18,"R_Date","S-38-T4",,"likelihood",1751.5,0
18,"R_Date","S-38-T4",,"likelihood",1752.5,0
18,"R_Date","S-38-T4",,"likelihood",1753.5,0
18,"R_Date","S-38-T4",,"likelihood",1754.5,0
18,"R_Date","S-38-T4",,"likelihood",1755.5,0
18,"R_Date","S-38-T4",,"likelihood",1756.5,0
18,"R_Date","S-38-T4",,"likelihood",1757.5,0
18,"R_Date","S-38-T4",,"likelihood",1758.5,0
18,"R_Date","S-38-T4",,"likelihood",1759.5,0
18,"R_Date","S-38-T4",,"likelihood",1760.5,0
18,"R_Date","S-38-T4",,"likelihood",1761.5,0
18,"R_Date","S-38-T4",,"likelihood",1762.5,0
18,"R_Date","S-38-T4",,"likelihood",1763.5,0
18,"R_Date","S-38-T4",,"likelihood",1764.5,0
18,"R_Date","S-38-T4",,"likelihood",1765.5,0
18,"R_Date","S-38-T4",,"likelihood",1766.5,0
18,"R_Date","S-38-T4",,"likelihood",1767.5,0
18,"R_Date","S-38-T4",,"likelihood",1768.5,0
18,"R_Date","S-38-T4",,"likelihood",1769.5,0
18,"R_Date","S-38-T4",,"likelihood",1770.5,0
18,"R_Date","S-38-T4",,"likelihood",1771.5,0
18,"R_Date","S-38-T4",,"likelihood",1772.5,0
18,"R_Date","S-38-T4",,"likelihood",1773.5,0
18,"R_Date","S-38-T4",,"likelihood",1774.5,0
18,"R_Date","S-38-T4",,"likelihood",1775.5,0
18,"R_Date","S-38-T4",,"likelihood",1776.5,0
18,"R_Date","S-38-T4",,"likelihood",1777.5,0
18,"R_Date","S-38-T4",,"likelihood",1778.5,0
18,"R_Date","S-38-T4",,"likelihood",1779.5,0
18,"R_Date","S-38-T4",,"likelihood",1780.5,0
18,"R_Date","S-38-T4",,"likelihood",1781.5,0
18,"R_Date","S-38-T4",,"likelihood",1782.5,8.516e-9
18,"R_Date","S-38-T4",,"likelihood",1783.5,8.516e-9
18,"R_Date","S-38-T4",,"likelihood",1784.5,8.516e-9
18,"R_Date","S-38-T4",,"likelihood",1785.5,1.7032e-8
18,"R_Date","S-38-T4",,"likelihood",1786.5,1.7032e-8
18,"R_Date","S-38-T4",,"likelihood",1787.5,2.5548e-8
18,"R_Date","S-38-T4",,"likelihood",1788.5,3.406e-8
18,"R_Date","S-38-T4",,"likelihood",1789.5,4.258e-8
18,"R_Date","S-38-T4",,"likelihood",1790.5,4.258e-8
18,"R_Date","S-38-T4",,"likelihood",1791.5,4.258e-8
18,"R_Date","S-38-T4",,"likelihood",1792.5,3.406e-8
18,"R_Date","S-38-T4",,"likelihood",1793.5,2.5548e-8
18,"R_Date","S-38-T4",,"likelihood",1794.5,1.7032e-8
18,"R_Date","S-38-T4",,"likelihood",1795.5,8.516e-9
18,"R_Date","S-38-T4",,"likelihood",1796.5,8.516e-9
18,"R_Date","S-38-T4",,"likelihood",1797.5,0
18,"R_Date","S-38-T4",,"likelihood",1798.5,0
18,"R_Date","S-38-T4",,"posterior",1289.5,0
18,"R_Date","S-38-T4",,"posterior",1290.5,2.6679e-7
18,"R_Date","S-38-T4",,"posterior",1291.5,0
18,"R_Date","S-38-T4",,"posterior",1292.5,0.0000010358
18,"R_Date","S-38-T4",,"posterior",1293.5,5.179e-7
18,"R_Date","S-38-T4",,"posterior",1294.5,0.0000015694
18,"R_Date","S-38-T4",,"posterior",1295.5,0.0000018204
18,"R_Date","S-38-T4",,"posterior",1296.5,0.0000013026
18,"R_Date","S-38-T4",,"posterior",1297.5,0.0000015694
18,"R_Date","S-38-T4",,"posterior",1298.5,0.0000028719
18,"R_Date","S-38-T4",,"posterior",1299.5,0.00000339
18,"R_Date","S-38-T4",,"posterior",1300.5,0.000003641
18,"R_Date","S-38-T4",,"posterior",1301.5,0.000006246
18,"R_Date","S-38-T4",,"posterior",1302.5,0.000007815
18,"R_Date","S-38-T4",,"posterior",1303.5,0.000008066
18,"R_Date","S-38-T4",,"posterior",1304.5,0.000009118
18,"R_Date","S-38-T4",,"posterior",1305.5,0.000017969
18,"R_Date","S-38-T4",,"posterior",1306.5,0.000024215
18,"R_Date","S-38-T4",,"posterior",1307.5,0.000025267
18,"R_Date","S-38-T4",,"posterior",1308.5,0.00003255
18,"R_Date","S-38-T4",,"posterior",1309.5,0.0000427
18,"R_Date","S-38-T4",,"posterior",1310.5,0.00004921
18,"R_Date","S-38-T4",,"posterior",1311.5,0.00006197
18,"R_Date","S-38-T4",,"posterior",1312.5,0.00007604
18,"R_Date","S-38-T4",,"posterior",1313.5,0.00008933
18,"R_Date","S-38-T4",,"posterior",1314.5,0.00008672
18,"R_Date","S-38-T4",,"posterior",1315.5,0.00011224
18,"R_Date","S-38-T4",,"posterior",1316.5,0.00012136
18,"R_Date","S-38-T4",,"posterior",1317.5,0.00015052
18,"R_Date","S-38-T4",,"posterior",1318.5,0.00017552
18,"R_Date","S-38-T4",,"posterior",1319.5,0.00020938
18,"R_Date","S-38-T4",,"posterior",1320.5,0.00023515
18,"R_Date","S-38-T4",,"posterior",1321.5,0.00027657
18,"R_Date","S-38-T4",,"posterior",1322.5,0.00031276
18,"R_Date","S-38-T4",,"posterior",1323.5,0.0003721
18,"R_Date","S-38-T4",,"posterior",1324.5,0.0004568
18,"R_Date","S-38-T4",,"posterior",1325.5,0.0005159
18,"R_Date","S-38-T4",,"posterior",1326.5,0.0005635
18,"R_Date","S-38-T4",,"posterior",1327.5,0.0006492
18,"R_Date","S-38-T4",,"posterior",1328.5,0.00072
18,"R_Date","S-38-T4",,"posterior",1329.5,0.0007813
18,"R_Date","S-38-T4",,"posterior",1330.5,0.0008987
18,"R_Date","S-38-T4",,"posterior",1331.5,0.0009661
18,"R_Date","S-38-T4",,"posterior",1332.5,0.0011232
18,"R_Date","S-38-T4",,"posterior",1333.5,0.0011865
18,"R_Date","S-38-T4",,"posterior",1334.5,0.0013188
18,"R_Date","S-38-T4",,"posterior",1335.5,0.0014643
18,"R_Date","S-38-T4",,"posterior",1336.5,0.0015651
18,"R_Date","S-38-T4",,"posterior",1337.5,0.0016945
18,"R_Date","S-38-T4",,"posterior",1338.5,0.0018708
18,"R_Date","S-38-T4",,"posterior",1339.5,0.002062
18,"R_Date","S-38-T4",,"posterior",1340.5,0.0022404
18,"R_Date","S-38-T4",,"posterior",1341.5,0.0023437
18,"R_Date","S-38-T4",,"posterior",1342.5,0.0026383
18,"R_Date","S-38-T4",,"posterior",1343.5,0.0028417
18,"R_Date","S-38-T4",,"posterior",1344.5,0.0029966
18,"R_Date","S-38-T4",,"posterior",1345.5,0.003246
18,"R_Date","S-38-T4",,"posterior",1346.5,0.003343
18,"R_Date","S-38-T4",,"posterior",1347.5,0.003646
18,"R_Date","S-38-T4",,"posterior",1348.5,0.003866
18,"R_Date","S-38-T4",,"posterior",1349.5,0.004074
18,"R_Date","S-38-T4",,"posterior",1350.5,0.004338
18,"R_Date","S-38-T4",,"posterior",1351.5,0.004633
18,"R_Date","S-38-T4",,"posterior",1352.5,0.004821
18,"R_Date","S-38-T4",,"posterior",1353.5,0.00509
18,"R_Date","S-38-T4",,"posterior",1354.5,0.005199
18,"R_Date","S-38-T4",,"posterior",1355.5,0.00538
18,"R_Date","S-38-T4",,"posterior",1356.5,0.00543
18,"R_Date","S-38-T4",,"posterior",1357.5,0.005531
18,"R_Date","S-38-T4",,"posterior",1358.5,0.005633
18,"R_Date","S-38-T4",,"posterior",1359.5,0.005695
18,"R_Date","S-38-T4",,"posterior",1360.5,0.005645
18,"R_Date","S-38-T4",,"posterior",1361.5,0.005708
18,"R_Date","S-38-T4",,"posterior",1362.5,0.005921
18,"R_Date","S-38-T4",,"posterior",1363.5,0.005799
18,"R_Date","S-38-T4",,"posterior",1364.5,0.005802
18,"R_Date","S-38-T4",,"posterior",1365.5,0.005807
18,"R_Date","S-38-T4",,"posterior",1366.5,0.005672
18,"R_Date","S-38-T4",,"posterior",1367.5,0.005535
18,"R_Date","S-38-T4",,"posterior",1368.5,0.005429
18,"R_Date","S-38-T4",,"posterior",1369.5,0.005243
18,"R_Date","S-38-T4",,"posterior",1370.5,0.0051
18,"R_Date","S-38-T4",,"posterior",1371.5,0.00484
18,"R_Date","S-38-T4",,"posterior",1372.5,0.004811
18,"R_Date","S-38-T4",,"posterior",1373.5,0.004756
18,"R_Date","S-38-T4",,"posterior",1374.5,0.004779
18,"R_Date","S-38-T4",,"posterior",1375.5,0.004839
18,"R_Date","S-38-T4",,"posterior",1376.5,0.005188
18,"R_Date","S-38-T4",,"posterior",1377.5,0.005631
18,"R_Date","S-38-T4",,"posterior",1378.5,0.006138
18,"R_Date","S-38-T4",,"posterior",1379.5,0.006639
18,"R_Date","S-38-T4",,"posterior",1380.5,0.007247
18,"R_Date","S-38-T4",,"posterior",1381.5,0.007754
18,"R_Date","S-38-T4",,"posterior",1382.5,0.008221
18,"R_Date","S-38-T4",,"posterior",1383.5,0.008628
18,"R_Date","S-38-T4",,"posterior",1384.5,0.00892
18,"R_Date","S-38-T4",,"posterior",1385.5,0.009207
18,"R_Date","S-38-T4",,"posterior",1386.5,0.009682
18,"R_Date","S-38-T4",,"posterior",1387.5,0.010118
18,"R_Date","S-38-T4",,"posterior",1388.5,0.010737
18,"R_Date","S-38-T4",,"posterior",1389.5,0.011293
18,"R_Date","S-38-T4",,"posterior",1390.5,0.011779
18,"R_Date","S-38-T4",,"posterior",1391.5,0.012579
18,"R_Date","S-38-T4",,"posterior",1392.5,0.01296
18,"R_Date","S-38-T4",,"posterior",1393.5,0.013714
18,"R_Date","S-38-T4",,"posterior",1394.5,0.014012
18,"R_Date","S-38-T4",,"posterior",1395.5,0.014512
18,"R_Date","S-38-T4",,"posterior",1396.5,0.014749
18,"R_Date","S-38-T4",,"posterior",1397.5,0.01507
18,"R_Date","S-38-T4",,"posterior",1398.5,0.015185
18,"R_Date","S-38-T4",,"posterior",1399.5,0.015345
18,"R_Date","S-38-T4",,"posterior",1400.5,0.015292
18,"R_Date","S-38-T4",,"posterior",1401.5,0.015349
18,"R_Date","S-38-T4",,"posterior",1402.5,0.015505
18,"R_Date","S-38-T4",,"posterior",1403.5,0.015544
18,"R_Date","S-38-T4",,"posterior",1404.5,0.015512
18,"R_Date","S-38-T4",,"posterior",1405.5,0.015694
18,"R_Date","S-38-T4",,"posterior",1406.5,0.015401
18,"R_Date","S-38-T4",,"posterior",1407.5,0.015144
18,"R_Date","S-38-T4",,"posterior",1408.5,0.014886
18,"R_Date","S-38-T4",,"posterior",1409.5,0.014551
18,"R_Date","S-38-T4",,"posterior",1410.5,0.014571
18,"R_Date","S-38-T4",,"posterior",1411.5,0.014112
18,"R_Date","S-38-T4",,"posterior",1412.5,0.014026
18,"R_Date","S-38-T4",,"posterior",1413.5,0.013855
18,"R_Date","S-38-T4",,"posterior",1414.5,0.0137
18,"R_Date","S-38-T4",,"posterior",1415.5,0.013796
18,"R_Date","S-38-T4",,"posterior",1416.5,0.013822
18,"R_Date","S-38-T4",,"posterior",1417.5,0.013832
18,"R_Date","S-38-T4",,"posterior",1418.5,0.013729
18,"R_Date","S-38-T4",,"posterior",1419.5,0.013811
18,"R_Date","S-38-T4",,"posterior",1420.5,0.013514
18,"R_Date","S-38-T4",,"posterior",1421.5,0.012924
18,"R_Date","S-38-T4",,"posterior",1422.5,0.012243
18,"R_Date","S-38-T4",,"posterior",1423.5,0.011875
18,"R_Date","S-38-T4",,"posterior",1424.5,0.011141
18,"R_Date","S-38-T4",,"posterior",1425.5,0.010479
18,"R_Date","S-38-T4",,"posterior",1426.5,0.01001
18,"R_Date","S-38-T4",,"posterior",1427.5,0.00947
18,"R_Date","S-38-T4",,"posterior",1428.5,0.009133
18,"R_Date","S-38-T4",,"posterior",1429.5,0.009018
18,"R_Date","S-38-T4",,"posterior",1430.5,0.008989
18,"R_Date","S-38-T4",,"posterior",1431.5,0.008923
18,"R_Date","S-38-T4",,"posterior",1432.5,0.008635
18,"R_Date","S-38-T4",,"posterior",1433.5,0.008254
18,"R_Date","S-38-T4",,"posterior",1434.5,0.008121
18,"R_Date","S-38-T4",,"posterior",1435.5,0.007614
18,"R_Date","S-38-T4",,"posterior",1436.5,0.007073
18,"R_Date","S-38-T4",,"posterior",1437.5,0.00661
18,"R_Date","S-38-T4",,"posterior",1438.5,0.006219
18,"R_Date","S-38-T4",,"posterior",1439.5,0.005859
18,"R_Date","S-38-T4",,"posterior",1440.5,0.005627
18,"R_Date","S-38-T4",,"posterior",1441.5,0.005199
18,"R_Date","S-38-T4",,"posterior",1442.5,0.004927
18,"R_Date","S-38-T4",,"posterior",1443.5,0.004489
18,"R_Date","S-38-T4",,"posterior",1444.5,0.004135
18,"R_Date","S-38-T4",,"posterior",1445.5,0.003842
18,"R_Date","S-38-T4",,"posterior",1446.5,0.003539
18,"R_Date","S-38-T4",,"posterior",1447.5,0.0031451
18,"R_Date","S-38-T4",,"posterior",1448.5,0.0028451
18,"R_Date","S-38-T4",,"posterior",1449.5,0.0025857
18,"R_Date","S-38-T4",,"posterior",1450.5,0.0024172
18,"R_Date","S-38-T4",,"posterior",1451.5,0.00218
18,"R_Date","S-38-T4",,"posterior",1452.5,0.0021453
18,"R_Date","S-38-T4",,"posterior",1453.5,0.0019497
18,"R_Date","S-38-T4",,"posterior",1454.5,0.0018208
18,"R_Date","S-38-T4",,"posterior",1455.5,0.0015562
18,"R_Date","S-38-T4",,"posterior",1456.5,0.0013688
18,"R_Date","S-38-T4",,"posterior",1457.5,0.0011625
18,"R_Date","S-38-T4",,"posterior",1458.5,0.0009463
18,"R_Date","S-38-T4",,"posterior",1459.5,0.0008406
18,"R_Date","S-38-T4",,"posterior",1460.5,0.0007529
18,"R_Date","S-38-T4",,"posterior",1461.5,0.0006956
18,"R_Date","S-38-T4",,"posterior",1462.5,0.0007099
18,"R_Date","S-38-T4",,"posterior",1463.5,0.0007151
18,"R_Date","S-38-T4",,"posterior",1464.5,0.0007411
18,"R_Date","S-38-T4",,"posterior",1465.5,0.0007414
18,"R_Date","S-38-T4",,"posterior",1466.5,0.0008042
18,"R_Date","S-38-T4",,"posterior",1467.5,0.0007818
18,"R_Date","S-38-T4",,"posterior",1468.5,0.0007302
18,"R_Date","S-38-T4",,"posterior",1469.5,0.0007016
18,"R_Date","S-38-T4",,"posterior",1470.5,0.0006914
18,"R_Date","S-38-T4",,"posterior",1471.5,0.0006641
18,"R_Date","S-38-T4",,"posterior",1472.5,0.0006654
18,"R_Date","S-38-T4",,"posterior",1473.5,0.0006148
18,"R_Date","S-38-T4",,"posterior",1474.5,0.0005813
18,"R_Date","S-38-T4",,"posterior",1475.5,0.0004971
18,"R_Date","S-38-T4",,"posterior",1476.5,0.0004659
18,"R_Date","S-38-T4",,"posterior",1477.5,0.0004
18,"R_Date","S-38-T4",,"posterior",1478.5,0.0003698
18,"R_Date","S-38-T4",,"posterior",1479.5,0.0003164
18,"R_Date","S-38-T4",,"posterior",1480.5,0.0003388
18,"R_Date","S-38-T4",,"posterior",1481.5,0.00030494
18,"R_Date","S-38-T4",,"posterior",1482.5,0.00029245
18,"R_Date","S-38-T4",,"posterior",1483.5,0.00025938
18,"R_Date","S-38-T4",,"posterior",1484.5,0.00028568
18,"R_Date","S-38-T4",,"posterior",1485.5,0.00027291
18,"R_Date","S-38-T4",,"posterior",1486.5,0.00025808
18,"R_Date","S-38-T4",,"posterior",1487.5,0.00024402
18,"R_Date","S-38-T4",,"posterior",1488.5,0.00025339
18,"R_Date","S-38-T4",,"posterior",1489.5,0.00023515
18,"R_Date","S-38-T4",,"posterior",1490.5,0.00023958
18,"R_Date","S-38-T4",,"posterior",1491.5,0.00022605
18,"R_Date","S-38-T4",,"posterior",1492.5,0.00022239
18,"R_Date","S-38-T4",,"posterior",1493.5,0.00017917
18,"R_Date","S-38-T4",,"posterior",1494.5,0.00018463
18,"R_Date","S-38-T4",,"posterior",1495.5,0.00018203
18,"R_Date","S-38-T4",,"posterior",1496.5,0.00017239
18,"R_Date","S-38-T4",,"posterior",1497.5,0.00015417
18,"R_Date","S-38-T4",,"posterior",1498.5,0.00015624
18,"R_Date","S-38-T4",,"posterior",1499.5,0.00016251
18,"R_Date","S-38-T4",,"posterior",1500.5,0.00015651
18,"R_Date","S-38-T4",,"posterior",1501.5,0.00014636
18,"R_Date","S-38-T4",,"posterior",1502.5,0.00013906
18,"R_Date","S-38-T4",,"posterior",1503.5,0.00013697
18,"R_Date","S-38-T4",,"posterior",1504.5,0.00011615
18,"R_Date","S-38-T4",,"posterior",1505.5,0.00012448
18,"R_Date","S-38-T4",,"posterior",1506.5,0.00011302
18,"R_Date","S-38-T4",,"posterior",1507.5,0.00011823
18,"R_Date","S-38-T4",,"posterior",1508.5,0.0001
18,"R_Date","S-38-T4",,"posterior",1509.5,0.0001013
18,"R_Date","S-38-T4",,"posterior",1510.5,0.00009063
18,"R_Date","S-38-T4",,"posterior",1511.5,0.00007839
18,"R_Date","S-38-T4",,"posterior",1512.5,0.00007682
18,"R_Date","S-38-T4",,"posterior",1513.5,0.00006849
18,"R_Date","S-38-T4",,"posterior",1514.5,0.00007657
18,"R_Date","S-38-T4",,"posterior",1515.5,0.00007421
18,"R_Date","S-38-T4",,"posterior",1516.5,0.0000664
18,"R_Date","S-38-T4",,"posterior",1517.5,0.00006954
18,"R_Date","S-38-T4",,"posterior",1518.5,0.0000664
18,"R_Date","S-38-T4",,"posterior",1519.5,0.00005781
18,"R_Date","S-38-T4",,"posterior",1520.5,0.00005703
18,"R_Date","S-38-T4",,"posterior",1521.5,0.00005027
18,"R_Date","S-38-T4",,"posterior",1522.5,0.000044
18,"R_Date","S-38-T4",,"posterior",1523.5,0.0000414
18,"R_Date","S-38-T4",,"posterior",1524.5,0.000030461
18,"R_Date","S-38-T4",,"posterior",1525.5,0.000029425
18,"R_Date","S-38-T4",,"posterior",1526.5,0.000023697
18,"R_Date","S-38-T4",,"posterior",1527.5,0.000017702
18,"R_Date","S-38-T4",,"posterior",1528.5,0.00001042
18,"R_Date","S-38-T4",,"posterior",1529.5,0.000011974
18,"R_Date","S-38-T4",,"posterior",1530.5,0.0000086
18,"R_Date","S-38-T4",,"posterior",1531.5,0.000006764
18,"R_Date","S-38-T4",,"posterior",1532.5,0.000006246
18,"R_Date","S-38-T4",,"posterior",1533.5,0.000005461
18,"R_Date","S-38-T4",,"posterior",1534.5,0.000006246
18,"R_Date","S-38-T4",,"posterior",1535.5,0.000006764
18,"R_Date","S-38-T4",,"posterior",1536.5,0.000005728
18,"R_Date","S-38-T4",,"posterior",1537.5,0.000005461
18,"R_Date","S-38-T4",,"posterior",1538.5,0.000007549
18,"R_Date","S-38-T4",,"posterior",1539.5,0.000011974
18,"R_Date","S-38-T4",,"posterior",1540.5,0.000008851
18,"R_Date","S-38-T4",,"posterior",1541.5,0.000010938
18,"R_Date","S-38-T4",,"posterior",1542.5,0.000012241
18,"R_Date","S-38-T4",,"posterior",1543.5,0.000011205
18,"R_Date","S-38-T4",,"posterior",1544.5,0.000013543
18,"R_Date","S-38-T4",,"posterior",1545.5,0.000011974
18,"R_Date","S-38-T4",,"posterior",1546.5,0.000009118
18,"R_Date","S-38-T4",,"posterior",1547.5,0.000011723
18,"R_Date","S-38-T4",,"posterior",1548.5,0.000006764
18,"R_Date","S-38-T4",,"posterior",1549.5,0.000007297
18,"R_Date","S-38-T4",,"posterior",1550.5,0.00001042
18,"R_Date","S-38-T4",,"posterior",1551.5,0.00001042
18,"R_Date","S-38-T4",,"posterior",1552.5,0.000011723
18,"R_Date","S-38-T4",,"posterior",1553.5,0.000013543
18,"R_Date","S-38-T4",,"posterior",1554.5,0.000016666
18,"R_Date","S-38-T4",,"posterior",1555.5,0.0000164
18,"R_Date","S-38-T4",,"posterior",1556.5,0.000015631
18,"R_Date","S-38-T4",,"posterior",1557.5,0.000017184
18,"R_Date","S-38-T4",,"posterior",1558.5,0.000016933
18,"R_Date","S-38-T4",,"posterior",1559.5,0.000021092
18,"R_Date","S-38-T4",,"posterior",1560.5,0.000021877
18,"R_Date","S-38-T4",,"posterior",1561.5,0.000020056
18,"R_Date","S-38-T4",,"posterior",1562.5,0.000017184
18,"R_Date","S-38-T4",,"posterior",1563.5,0.000017184
18,"R_Date","S-38-T4",,"posterior",1564.5,0.000014846
18,"R_Date","S-38-T4",,"posterior",1565.5,0.000016666
18,"R_Date","S-38-T4",,"posterior",1566.5,0.000017451
18,"R_Date","S-38-T4",,"posterior",1567.5,0.000015364
18,"R_Date","S-38-T4",,"posterior",1568.5,0.000011723
18,"R_Date","S-38-T4",,"posterior",1569.5,0.000010938
18,"R_Date","S-38-T4",,"posterior",1570.5,0.000010154
18,"R_Date","S-38-T4",,"posterior",1571.5,0.000016933
18,"R_Date","S-38-T4",,"posterior",1572.5,0.000012508
18,"R_Date","S-38-T4",,"posterior",1573.5,0.000015631
18,"R_Date","S-38-T4",,"posterior",1574.5,0.000018236
18,"R_Date","S-38-T4",,"posterior",1575.5,0.000018487
18,"R_Date","S-38-T4",,"posterior",1576.5,0.000015097
18,"R_Date","S-38-T4",,"posterior",1577.5,0.000020056
18,"R_Date","S-38-T4",,"posterior",1578.5,0.000017702
18,"R_Date","S-38-T4",,"posterior",1579.5,0.000020307
18,"R_Date","S-38-T4",,"posterior",1580.5,0.000020841
18,"R_Date","S-38-T4",,"posterior",1581.5,0.000013543
18,"R_Date","S-38-T4",,"posterior",1582.5,0.000013277
18,"R_Date","S-38-T4",,"posterior",1583.5,0.000017969
18,"R_Date","S-38-T4",,"posterior",1584.5,0.000016149
18,"R_Date","S-38-T4",,"posterior",1585.5,0.000015097
18,"R_Date","S-38-T4",,"posterior",1586.5,0.000014328
18,"R_Date","S-38-T4",,"posterior",1587.5,0.000013026
18,"R_Date","S-38-T4",,"posterior",1588.5,0.0000164
18,"R_Date","S-38-T4",,"posterior",1589.5,0.000016666
18,"R_Date","S-38-T4",,"posterior",1590.5,0.000015631
18,"R_Date","S-38-T4",,"posterior",1591.5,0.000017451
18,"R_Date","S-38-T4",,"posterior",1592.5,0.000008066
18,"R_Date","S-38-T4",,"posterior",1593.5,0.000010938
18,"R_Date","S-38-T4",,"posterior",1594.5,0.000017702
18,"R_Date","S-38-T4",,"posterior",1595.5,0.000017702
18,"R_Date","S-38-T4",,"posterior",1596.5,0.000022913
18,"R_Date","S-38-T4",,"posterior",1597.5,0.000017184
18,"R_Date","S-38-T4",,"posterior",1598.5,0.000022661
18,"R_Date","S-38-T4",,"posterior",1599.5,0.000013277
18,"R_Date","S-38-T4",,"posterior",1600.5,0.000013543
18,"R_Date","S-38-T4",,"posterior",1601.5,0.000015882
18,"R_Date","S-38-T4",,"posterior",1602.5,0.000017969
18,"R_Date","S-38-T4",,"posterior",1603.5,0.000016149
18,"R_Date","S-38-T4",,"posterior",1604.5,0.000014328
18,"R_Date","S-38-T4",,"posterior",1605.5,0.000015097
18,"R_Date","S-38-T4",,"posterior",1606.5,0.000015364
18,"R_Date","S-38-T4",,"posterior",1607.5,0.000016149
18,"R_Date","S-38-T4",,"posterior",1608.5,0.000011456
18,"R_Date","S-38-T4",,"posterior",1609.5,0.000011456
18,"R_Date","S-38-T4",,"posterior",1610.5,0.000004174
18,"R_Date","S-38-T4",,"posterior",1611.5,0.00000521
18,"R_Date","S-38-T4",,"posterior",1612.5,0.0000028719
18,"R_Date","S-38-T4",,"posterior",1613.5,0.000007297
18,"R_Date","S-38-T4",,"posterior",1614.5,0.000007549
18,"R_Date","S-38-T4",,"posterior",1615.5,0.0000020872
18,"R_Date","S-38-T4",,"posterior",1616.5,0.0000023383
18,"R_Date","S-38-T4",,"posterior",1617.5,5.179e-7
19,"Calculate","Event 3",,"posterior",1305.5,0
19,"Calculate","Event 3",,"posterior",1306.5,2.6266e-7
19,"Calculate","Event 3",,"posterior",1307.5,5.253e-7
19,"Calculate","Event 3",,"posterior",1308.5,0.0000013019
19,"Calculate","Event 3",,"posterior",1309.5,0.0000023411
19,"Calculate","Event 3",,"posterior",1310.5,0.0000026037
19,"Calculate","Event 3",,"posterior",1311.5,0.000003643
19,"Calculate","Event 3",,"posterior",1312.5,0.0000026037
19,"Calculate","Event 3",,"posterior",1313.5,0.000004168
19,"Calculate","Event 3",,"posterior",1314.5,0.000007297
19,"Calculate","Event 3",,"posterior",1315.5,0.000006509
19,"Calculate","Event 3",,"posterior",1316.5,0.00000547
19,"Calculate","Event 3",,"posterior",1317.5,0.000007811
19,"Calculate","Event 3",,"posterior",1318.5,0.000011717
19,"Calculate","Event 3",,"posterior",1319.5,0.000009376
19,"Calculate","Event 3",,"posterior",1320.5,0.00001432
19,"Calculate","Event 3",,"posterior",1321.5,0.000018226
19,"Calculate","Event 3",,"posterior",1322.5,0.00002083
19,"Calculate","Event 3",,"posterior",1323.5,0.000024998
19,"Calculate","Event 3",,"posterior",1324.5,0.000031507
19,"Calculate","Event 3",,"posterior",1325.5,0.00003411
19,"Calculate","Event 3",,"posterior",1326.5,0.00003828
19,"Calculate","Event 3",,"posterior",1327.5,0.00004401
19,"Calculate","Event 3",,"posterior",1328.5,0.00005209
19,"Calculate","Event 3",,"posterior",1329.5,0.00005833
19,"Calculate","Event 3",,"posterior",1330.5,0.00006745
19,"Calculate","Event 3",,"posterior",1331.5,0.00008099
19,"Calculate","Event 3",,"posterior",1332.5,0.00010625
19,"Calculate","Event 3",,"posterior",1333.5,0.00009765
19,"Calculate","Event 3",,"posterior",1334.5,0.00013204
19,"Calculate","Event 3",,"posterior",1335.5,0.00014062
19,"Calculate","Event 3",,"posterior",1336.5,0.00015364
19,"Calculate","Event 3",,"posterior",1337.5,0.00016692
19,"Calculate","Event 3",,"posterior",1338.5,0.00019349
19,"Calculate","Event 3",,"posterior",1339.5,0.00020652
19,"Calculate","Event 3",,"posterior",1340.5,0.0002474
19,"Calculate","Event 3",,"posterior",1341.5,0.00026224
19,"Calculate","Event 3",,"posterior",1342.5,0.00030339
19,"Calculate","Event 3",,"posterior",1343.5,0.0003182
19,"Calculate","Event 3",,"posterior",1344.5,0.000351
19,"Calculate","Event 3",,"posterior",1345.5,0.0004023
19,"Calculate","Event 3",,"posterior",1346.5,0.0004367
19,"Calculate","Event 3",,"posterior",1347.5,0.0004779
19,"Calculate","Event 3",,"posterior",1348.5,0.0005115
19,"Calculate","Event 3",,"posterior",1349.5,0.0005711
19,"Calculate","Event 3",,"posterior",1350.5,0.0006276
19,"Calculate","Event 3",,"posterior",1351.5,0.0006435
19,"Calculate","Event 3",,"posterior",1352.5,0.0006867
19,"Calculate","Event 3",,"posterior",1353.5,0.0007693
19,"Calculate","Event 3",,"posterior",1354.5,0.0008518
19,"Calculate","Event 3",,"posterior",1355.5,0.0009187
19,"Calculate","Event 3",,"posterior",1356.5,0.0009659
19,"Calculate","Event 3",,"posterior",1357.5,0.001044
19,"Calculate","Event 3",,"posterior",1358.5,0.0010964
19,"Calculate","Event 3",,"posterior",1359.5,0.0011862
19,"Calculate","Event 3",,"posterior",1360.5,0.0012531
19,"Calculate","Event 3",,"posterior",1361.5,0.0013182
19,"Calculate","Event 3",,"posterior",1362.5,0.0014193
19,"Calculate","Event 3",,"posterior",1363.5,0.001481
19,"Calculate","Event 3",,"posterior",1364.5,0.0015396
19,"Calculate","Event 3",,"posterior",1365.5,0.0016315
19,"Calculate","Event 3",,"posterior",1366.5,0.0017128
19,"Calculate","Event 3",,"posterior",1367.5,0.0017664
19,"Calculate","Event 3",,"posterior",1368.5,0.0018523
19,"Calculate","Event 3",,"posterior",1369.5,0.0019878
19,"Calculate","Event 3",,"posterior",1370.5,0.0020143
19,"Calculate","Event 3",,"posterior",1371.5,0.0020662
19,"Calculate","Event 3",,"posterior",1372.5,0.0021237
19,"Calculate","Event 3",,"posterior",1373.5,0.0022411
19,"Calculate","Event 3",,"posterior",1374.5,0.0023052
19,"Calculate","Event 3",,"posterior",1375.5,0.0024187
19,"Calculate","Event 3",,"posterior",1376.5,0.0024675
19,"Calculate","Event 3",,"posterior",1377.5,0.0025341
19,"Calculate","Event 3",,"posterior",1378.5,0.0025979
19,"Calculate","Event 3",,"posterior",1379.5,0.0027555
19,"Calculate","Event 3",,"posterior",1380.5,0.0028547
19,"Calculate","Event 3",,"posterior",1381.5,0.0030044
19,"Calculate","Event 3",,"posterior",1382.5,0.0031068
19,"Calculate","Event 3",,"posterior",1383.5,0.003231
19,"Calculate","Event 3",,"posterior",1384.5,0.003387
19,"Calculate","Event 3",,"posterior",1385.5,0.003574
19,"Calculate","Event 3",,"posterior",1386.5,0.003752
19,"Calculate","Event 3",,"posterior",1387.5,0.003926
19,"Calculate","Event 3",,"posterior",1388.5,0.00417
19,"Calculate","Event 3",,"posterior",1389.5,0.004351
19,"Calculate","Event 3",,"posterior",1390.5,0.00451
19,"Calculate","Event 3",,"posterior",1391.5,0.004748
19,"Calculate","Event 3",,"posterior",1392.5,0.005041
19,"Calculate","Event 3",,"posterior",1393.5,0.005299
19,"Calculate","Event 3",,"posterior",1394.5,0.005528
19,"Calculate","Event 3",,"posterior",1395.5,0.005811
19,"Calculate","Event 3",,"posterior",1396.5,0.006074
19,"Calculate","Event 3",,"posterior",1397.5,0.006321
19,"Calculate","Event 3",,"posterior",1398.5,0.00669
19,"Calculate","Event 3",,"posterior",1399.5,0.00692
19,"Calculate","Event 3",,"posterior",1400.5,0.007246
19,"Calculate","Event 3",,"posterior",1401.5,0.007485
19,"Calculate","Event 3",,"posterior",1402.5,0.007707
19,"Calculate","Event 3",,"posterior",1403.5,0.007962
19,"Calculate","Event 3",,"posterior",1404.5,0.00828
19,"Calculate","Event 3",,"posterior",1405.5,0.008521
19,"Calculate","Event 3",,"posterior",1406.5,0.008766
19,"Calculate","Event 3",,"posterior",1407.5,0.009006
19,"Calculate","Event 3",,"posterior",1408.5,0.009374
19,"Calculate","Event 3",,"posterior",1409.5,0.009492
19,"Calculate","Event 3",,"posterior",1410.5,0.009821
19,"Calculate","Event 3",,"posterior",1411.5,0.009991
19,"Calculate","Event 3",,"posterior",1412.5,0.010101
19,"Calculate","Event 3",,"posterior",1413.5,0.010264
19,"Calculate","Event 3",,"posterior",1414.5,0.01037
19,"Calculate","Event 3",,"posterior",1415.5,0.010553
19,"Calculate","Event 3",,"posterior",1416.5,0.010748
19,"Calculate","Event 3",,"posterior",1417.5,0.010827
19,"Calculate","Event 3",,"posterior",1418.5,0.01101
19,"Calculate","Event 3",,"posterior",1419.5,0.011005
19,"Calculate","Event 3",,"posterior",1420.5,0.011191
19,"Calculate","Event 3",,"posterior",1421.5,0.011323
19,"Calculate","Event 3",,"posterior",1422.5,0.011333
19,"Calculate","Event 3",,"posterior",1423.5,0.011303
19,"Calculate","Event 3",,"posterior",1424.5,0.01142
19,"Calculate","Event 3",,"posterior",1425.5,0.011401
19,"Calculate","Event 3",,"posterior",1426.5,0.011413
19,"Calculate","Event 3",,"posterior",1427.5,0.0112
19,"Calculate","Event 3",,"posterior",1428.5,0.011219
19,"Calculate","Event 3",,"posterior",1429.5,0.01117
19,"Calculate","Event 3",,"posterior",1430.5,0.011079
19,"Calculate","Event 3",,"posterior",1431.5,0.01092
19,"Calculate","Event 3",,"posterior",1432.5,0.010795
19,"Calculate","Event 3",,"posterior",1433.5,0.010593
19,"Calculate","Event 3",,"posterior",1434.5,0.010416
19,"Calculate","Event 3",,"posterior",1435.5,0.010329
19,"Calculate","Event 3",,"posterior",1436.5,0.010061
19,"Calculate","Event 3",,"posterior",1437.5,0.010052
19,"Calculate","Event 3",,"posterior",1438.5,0.009878
19,"Calculate","Event 3",,"posterior",1439.5,0.009699
19,"Calculate","Event 3",,"posterior",1440.5,0.009306
19,"Calculate","Event 3",,"posterior",1441.5,0.009167
19,"Calculate","Event 3",,"posterior",1442.5,0.008949
19,"Calculate","Event 3",,"posterior",1443.5,0.008822
19,"Calculate","Event 3",,"posterior",1444.5,0.008407
19,"Calculate","Event 3",,"posterior",1445.5,0.008341
19,"Calculate","Event 3",,"posterior",1446.5,0.008079
19,"Calculate","Event 3",,"posterior",1447.5,0.007853
19,"Calculate","Event 3",,"posterior",1448.5,0.007601
19,"Calculate","Event 3",,"posterior",1449.5,0.007449
19,"Calculate","Event 3",,"posterior",1450.5,0.007243
19,"Calculate","Event 3",,"posterior",1451.5,0.006968
19,"Calculate","Event 3",,"posterior",1452.5,0.00677
19,"Calculate","Event 3",,"posterior",1453.5,0.006633
19,"Calculate","Event 3",,"posterior",1454.5,0.00645
19,"Calculate","Event 3",,"posterior",1455.5,0.006258
19,"Calculate","Event 3",,"posterior",1456.5,0.00609
19,"Calculate","Event 3",,"posterior",1457.5,0.005986
19,"Calculate","Event 3",,"posterior",1458.5,0.005848
19,"Calculate","Event 3",,"posterior",1459.5,0.005663
19,"Calculate","Event 3",,"posterior",1460.5,0.005573
19,"Calculate","Event 3",,"posterior",1461.5,0.005448
19,"Calculate","Event 3",,"posterior",1462.5,0.005332
19,"Calculate","Event 3",,"posterior",1463.5,0.005233
19,"Calculate","Event 3",,"posterior",1464.5,0.005168
19,"Calculate","Event 3",,"posterior",1465.5,0.005001
19,"Calculate","Event 3",,"posterior",1466.5,0.004841
19,"Calculate","Event 3",,"posterior",1467.5,0.004758
19,"Calculate","Event 3",,"posterior",1468.5,0.00462
19,"Calculate","Event 3",,"posterior",1469.5,0.004523
19,"Calculate","Event 3",,"posterior",1470.5,0.00437
19,"Calculate","Event 3",,"posterior",1471.5,0.004282
19,"Calculate","Event 3",,"posterior",1472.5,0.004134
19,"Calculate","Event 3",,"posterior",1473.5,0.004116
19,"Calculate","Event 3",,"posterior",1474.5,0.003962
19,"Calculate","Event 3",,"posterior",1475.5,0.003812
19,"Calculate","Event 3",,"posterior",1476.5,0.003815
19,"Calculate","Event 3",,"posterior",1477.5,0.003714
19,"Calculate","Event 3",,"posterior",1478.5,0.003554
19,"Calculate","Event 3",,"posterior",1479.5,0.003511
19,"Calculate","Event 3",,"posterior",1480.5,0.003468
19,"Calculate","Event 3",,"posterior",1481.5,0.003385
19,"Calculate","Event 3",,"posterior",1482.5,0.00332
19,"Calculate","Event 3",,"posterior",1483.5,0.003306
19,"Calculate","Event 3",,"posterior",1484.5,0.0032
19,"Calculate","Event 3",,"posterior",1485.5,0.0031208
19,"Calculate","Event 3",,"posterior",1486.5,0.0030594
19,"Calculate","Event 3",,"posterior",1487.5,0.0030031
19,"Calculate","Event 3",,"posterior",1488.5,0.0029307
19,"Calculate","Event 3",,"posterior",1489.5,0.0028854
19,"Calculate","Event 3",,"posterior",1490.5,0.0027992
19,"Calculate","Event 3",,"posterior",1491.5,0.0027945
19,"Calculate","Event 3",,"posterior",1492.5,0.0027576
19,"Calculate","Event 3",,"posterior",1493.5,0.0026708
19,"Calculate","Event 3",,"posterior",1494.5,0.0025232
19,"Calculate","Event 3",,"posterior",1495.5,0.0025255
19,"Calculate","Event 3",,"posterior",1496.5,0.0024497
19,"Calculate","Event 3",,"posterior",1497.5,0.0024352
19,"Calculate","Event 3",,"posterior",1498.5,0.0024297
19,"Calculate","Event 3",,"posterior",1499.5,0.002412
19,"Calculate","Event 3",,"posterior",1500.5,0.0022888
19,"Calculate","Event 3",,"posterior",1501.5,0.0022523
19,"Calculate","Event 3",,"posterior",1502.5,0.0022516
19,"Calculate","Event 3",,"posterior",1503.5,0.002174
19,"Calculate","Event 3",,"posterior",1504.5,0.0021526
19,"Calculate","Event 3",,"posterior",1505.5,0.0021404
19,"Calculate","Event 3",,"posterior",1506.5,0.0020979
19,"Calculate","Event 3",,"posterior",1507.5,0.0020901
19,"Calculate","Event 3",,"posterior",1508.5,0.0019419
19,"Calculate","Event 3",,"posterior",1509.5,0.0019927
19,"Calculate","Event 3",,"posterior",1510.5,0.0018982
19,"Calculate","Event 3",,"posterior",1511.5,0.0019279
19,"Calculate","Event 3",,"posterior",1512.5,0.0018997
19,"Calculate","Event 3",,"posterior",1513.5,0.001862
19,"Calculate","Event 3",,"posterior",1514.5,0.0018242
19,"Calculate","Event 3",,"posterior",1515.5,0.0018031
19,"Calculate","Event 3",,"posterior",1516.5,0.0017706
19,"Calculate","Event 3",,"posterior",1517.5,0.0017013
19,"Calculate","Event 3",,"posterior",1518.5,0.0017307
19,"Calculate","Event 3",,"posterior",1519.5,0.0016932
19,"Calculate","Event 3",,"posterior",1520.5,0.0016229
19,"Calculate","Event 3",,"posterior",1521.5,0.0016412
19,"Calculate","Event 3",,"posterior",1522.5,0.0016276
19,"Calculate","Event 3",,"posterior",1523.5,0.0015781
19,"Calculate","Event 3",,"posterior",1524.5,0.0015979
19,"Calculate","Event 3",,"posterior",1525.5,0.0015729
19,"Calculate","Event 3",,"posterior",1526.5,0.0015586
19,"Calculate","Event 3",,"posterior",1527.5,0.0015797
19,"Calculate","Event 3",,"posterior",1528.5,0.0015391
19,"Calculate","Event 3",,"posterior",1529.5,0.0015135
19,"Calculate","Event 3",,"posterior",1530.5,0.001507
19,"Calculate","Event 3",,"posterior",1531.5,0.0015216
19,"Calculate","Event 3",,"posterior",1532.5,0.0015648
19,"Calculate","Event 3",,"posterior",1533.5,0.0015357
19,"Calculate","Event 3",,"posterior",1534.5,0.0015268
19,"Calculate","Event 3",,"posterior",1535.5,0.0015367
19,"Calculate","Event 3",,"posterior",1536.5,0.0014815
19,"Calculate","Event 3",,"posterior",1537.5,0.0015284
19,"Calculate","Event 3",,"posterior",1538.5,0.0015068
19,"Calculate","Event 3",,"posterior",1539.5,0.0014615
19,"Calculate","Event 3",,"posterior",1540.5,0.0015036
19,"Calculate","Event 3",,"posterior",1541.5,0.0014846
19,"Calculate","Event 3",,"posterior",1542.5,0.0014745
19,"Calculate","Event 3",,"posterior",1543.5,0.001475
19,"Calculate","Event 3",,"posterior",1544.5,0.0014661
19,"Calculate","Event 3",,"posterior",1545.5,0.0014318
19,"Calculate","Event 3",,"posterior",1546.5,0.0014221
19,"Calculate","Event 3",,"posterior",1547.5,0.0014492
19,"Calculate","Event 3",,"posterior",1548.5,0.0014318
19,"Calculate","Event 3",,"posterior",1549.5,0.0014247
19,"Calculate","Event 3",,"posterior",1550.5,0.0014148
19,"Calculate","Event 3",,"posterior",1551.5,0.0014287
19,"Calculate","Event 3",,"posterior",1552.5,0.0013859
19,"Calculate","Event 3",,"posterior",1553.5,0.0013825
19,"Calculate","Event 3",,"posterior",1554.5,0.0013987
19,"Calculate","Event 3",,"posterior",1555.5,0.0013776
19,"Calculate","Event 3",,"posterior",1556.5,0.0013833
19,"Calculate","Event 3",,"posterior",1557.5,0.001362
19,"Calculate","Event 3",,"posterior",1558.5,0.001344
19,"Calculate","Event 3",,"posterior",1559.5,0.0013435
19,"Calculate","Event 3",,"posterior",1560.5,0.0013615
19,"Calculate","Event 3",,"posterior",1561.5,0.0013484
19,"Calculate","Event 3",,"posterior",1562.5,0.0013039
19,"Calculate","Event 3",,"posterior",1563.5,0.0012732
19,"Calculate","Event 3",,"posterior",1564.5,0.0012669
19,"Calculate","Event 3",,"posterior",1565.5,0.0013052
19,"Calculate","Event 3",,"posterior",1566.5,0.0012862
19,"Calculate","Event 3",,"posterior",1567.5,0.0012714
19,"Calculate","Event 3",,"posterior",1568.5,0.0012349
19,"Calculate","Event 3",,"posterior",1569.5,0.0012312
19,"Calculate","Event 3",,"posterior",1570.5,0.0012435
19,"Calculate","Event 3",,"posterior",1571.5,0.0011963
19,"Calculate","Event 3",,"posterior",1572.5,0.0012346
19,"Calculate","Event 3",,"posterior",1573.5,0.0012044
19,"Calculate","Event 3",,"posterior",1574.5,0.0011755
19,"Calculate","Event 3",,"posterior",1575.5,0.0011716
19,"Calculate","Event 3",,"posterior",1576.5,0.0011776
19,"Calculate","Event 3",,"posterior",1577.5,0.0011427
19,"Calculate","Event 3",,"posterior",1578.5,0.0011388
19,"Calculate","Event 3",,"posterior",1579.5,0.001131
19,"Calculate","Event 3",,"posterior",1580.5,0.0011029
19,"Calculate","Event 3",,"posterior",1581.5,0.0010784
19,"Calculate","Event 3",,"posterior",1582.5,0.0010901
19,"Calculate","Event 3",,"posterior",1583.5,0.0011029
19,"Calculate","Event 3",,"posterior",1584.5,0.0010482
19,"Calculate","Event 3",,"posterior",1585.5,0.0010378
19,"Calculate","Event 3",,"posterior",1586.5,0.0010135
19,"Calculate","Event 3",,"posterior",1587.5,0.0010247
19,"Calculate","Event 3",,"posterior",1588.5,0.000993
19,"Calculate","Event 3",,"posterior",1589.5,0.0009799
19,"Calculate","Event 3",,"posterior",1590.5,0.0009964
19,"Calculate","Event 3",,"posterior",1591.5,0.0009531
19,"Calculate","Event 3",,"posterior",1592.5,0.0009193
19,"Calculate","Event 3",,"posterior",1593.5,0.0009198
19,"Calculate","Event 3",,"posterior",1594.5,0.0008943
19,"Calculate","Event 3",,"posterior",1595.5,0.0008599
19,"Calculate","Event 3",,"posterior",1596.5,0.0008815
19,"Calculate","Event 3",,"posterior",1597.5,0.0008138
19,"Calculate","Event 3",,"posterior",1598.5,0.0007984
19,"Calculate","Event 3",,"posterior",1599.5,0.0007667
19,"Calculate","Event 3",,"posterior",1600.5,0.0007484
19,"Calculate","Event 3",,"posterior",1601.5,0.0007216
19,"Calculate","Event 3",,"posterior",1602.5,0.0007005
19,"Calculate","Event 3",,"posterior",1603.5,0.0006568
19,"Calculate","Event 3",,"posterior",1604.5,0.0006521
19,"Calculate","Event 3",,"posterior",1605.5,0.0005927
19,"Calculate","Event 3",,"posterior",1606.5,0.0005575
19,"Calculate","Event 3",,"posterior",1607.5,0.0005219
19,"Calculate","Event 3",,"posterior",1608.5,0.0004901
19,"Calculate","Event 3",,"posterior",1609.5,0.0004474
19,"Calculate","Event 3",,"posterior",1610.5,0.0004328
19,"Calculate","Event 3",,"posterior",1611.5,0.0003943
19,"Calculate","Event 3",,"posterior",1612.5,0.0003633
19,"Calculate","Event 3",,"posterior",1613.5,0.0003362
19,"Calculate","Event 3",,"posterior",1614.5,0.00031146
19,"Calculate","Event 3",,"posterior",1615.5,0.00028073
19,"Calculate","Event 3",,"posterior",1616.5,0.00025521
19,"Calculate","Event 3",,"posterior",1617.5,0.00020625
19,"Calculate","Event 3",,"posterior",1618.5,0.00021588
19,"Calculate","Event 3",,"posterior",1619.5,0.00018307
19,"Calculate","Event 3",,"posterior",1620.5,0.00017292
19,"Calculate","Event 3",,"posterior",1621.5,0.00014843
19,"Calculate","Event 3",,"posterior",1622.5,0.00013672
19,"Calculate","Event 3",,"posterior",1623.5,0.00013828
19,"Calculate","Event 3",,"posterior",1624.5,0.00012317
19,"Calculate","Event 3",,"posterior",1625.5,0.00010234
19,"Calculate","Event 3",,"posterior",1626.5,0.00009583
19,"Calculate","Event 3",,"posterior",1627.5,0.00008203
19,"Calculate","Event 3",,"posterior",1628.5,0.00007839
19,"Calculate","Event 3",,"posterior",1629.5,0.00005495
19,"Calculate","Event 3",,"posterior",1630.5,0.00004453
19,"Calculate","Event 3",,"posterior",1631.5,0.00004401
19,"Calculate","Event 3",,"posterior",1632.5,0.00003333
19,"Calculate","Event 3",,"posterior",1633.5,0.000025786
19,"Calculate","Event 3",,"posterior",1634.5,0.00002292
19,"Calculate","Event 3",,"posterior",1635.5,0.000024221
19,"Calculate","Event 3",,"posterior",1636.5,0.000019265
19,"Calculate","Event 3",,"posterior",1637.5,0.000013807
19,"Calculate","Event 3",,"posterior",1638.5,0.000010152
19,"Calculate","Event 3",,"posterior",1639.5,0.000008599
19,"Calculate","Event 3",,"posterior",1640.5,0.00000885
19,"Calculate","Event 3",,"posterior",1641.5,0.000006772
19,"Calculate","Event 3",,"posterior",1642.5,0.000007811
19,"Calculate","Event 3",,"posterior",1643.5,0.0000028664
19,"Calculate","Event 3",,"posterior",1644.5,0.00000547
19,"Calculate","Event 3",,"posterior",1645.5,0.000003906
19,"Calculate","Event 3",,"posterior",1646.5,0.0000023411
19,"Calculate","Event 3",,"posterior",1647.5,0.000003643
19,"Calculate","Event 3",,"posterior",1648.5,0.0000010392
19,"Calculate","Event 3",,"posterior",1649.5,0.0000026037
19,"Calculate","Event 3",,"posterior",1650.5,7.765e-7
19,"Calculate","Event 3",,"posterior",1651.5,0.0000018272
19,"Calculate","Event 3",,"posterior",1652.5,0.0000010392
21,"R_Date","S-37-T4",,"likelihood",1162.5,0
21,"R_Date","S-37-T4",,"likelihood",1163.5,1.027e-8
21,"R_Date","S-37-T4",,"likelihood",1164.5,1.027e-8
21,"R_Date","S-37-T4",,"likelihood",1165.5,1.027e-8
21,"R_Date","S-37-T4",,"likelihood",1166.5,1.027e-8
21,"R_Date","S-37-T4",,"likelihood",1167.5,2.054e-8
21,"R_Date","S-37-T4",,"likelihood",1168.5,2.054e-8
21,"R_Date","S-37-T4",,"likelihood",1169.5,2.054e-8
21,"R_Date","S-37-T4",,"likelihood",1170.5,2.054e-8
21,"R_Date","S-37-T4",,"likelihood",1171.5,2.054e-8
21,"R_Date","S-37-T4",,"likelihood",1172.5,2.054e-8
21,"R_Date","S-37-T4",,"likelihood",1173.5,2.054e-8
21,"R_Date","S-37-T4",,"likelihood",1174.5,2.054e-8
21,"R_Date","S-37-T4",,"likelihood",1175.5,2.054e-8
21,"R_Date","S-37-T4",,"likelihood",1176.5,2.054e-8
21,"R_Date","S-37-T4",,"likelihood",1177.5,3.081e-8
21,"R_Date","S-37-T4",,"likelihood",1178.5,3.081e-8
21,"R_Date","S-37-T4",,"likelihood",1179.5,4.108e-8
21,"R_Date","S-37-T4",,"likelihood",1180.5,5.135e-8
21,"R_Date","S-37-T4",,"likelihood",1181.5,6.162e-8
21,"R_Date","S-37-T4",,"likelihood",1182.5,6.162e-8
21,"R_Date","S-37-T4",,"likelihood",1183.5,7.189e-8
21,"R_Date","S-37-T4",,"likelihood",1184.5,7.189e-8
21,"R_Date","S-37-T4",,"likelihood",1185.5,6.162e-8
21,"R_Date","S-37-T4",,"likelihood",1186.5,6.162e-8
21,"R_Date","S-37-T4",,"likelihood",1187.5,5.135e-8
21,"R_Date","S-37-T4",,"likelihood",1188.5,5.135e-8
21,"R_Date","S-37-T4",,"likelihood",1189.5,5.135e-8
21,"R_Date","S-37-T4",,"likelihood",1190.5,4.108e-8
21,"R_Date","S-37-T4",,"likelihood",1191.5,4.108e-8
21,"R_Date","S-37-T4",,"likelihood",1192.5,3.081e-8
21,"R_Date","S-37-T4",,"likelihood",1193.5,3.081e-8
21,"R_Date","S-37-T4",,"likelihood",1194.5,2.054e-8
21,"R_Date","S-37-T4",,"likelihood",1195.5,2.054e-8
21,"R_Date","S-37-T4",,"likelihood",1196.5,2.054e-8
21,"R_Date","S-37-T4",,"likelihood",1197.5,2.054e-8
21,"R_Date","S-37-T4",,"likelihood",1198.5,2.054e-8
21,"R_Date","S-37-T4",,"likelihood",1199.5,2.054e-8
21,"R_Date","S-37-T4",,"likelihood",1200.5,2.054e-8
21,"R_Date","S-37-T4",,"likelihood",1201.5,3.081e-8
21,"R_Date","S-37-T4",,"likelihood",1202.5,3.081e-8
21,"R_Date","S-37-T4",,"likelihood",1203.5,4.108e-8
21,"R_Date","S-37-T4",,"likelihood",1204.5,4.108e-8
21,"R_Date","S-37-T4",,"likelihood",1205.5,4.108e-8
21,"R_Date","S-37-T4",,"likelihood",1206.5,4.108e-8
21,"R_Date","S-37-T4",,"likelihood",1207.5,4.108e-8
21,"R_Date","S-37-T4",,"likelihood",1208.5,4.108e-8
21,"R_Date","S-37-T4",,"likelihood",1209.5,5.135e-8
21,"R_Date","S-37-T4",,"likelihood",1210.5,5.135e-8
21,"R_Date","S-37-T4",,"likelihood",1211.5,5.135e-8
21,"R_Date","S-37-T4",,"likelihood",1212.5,5.135e-8
21,"R_Date","S-37-T4",,"likelihood",1213.5,6.162e-8
21,"R_Date","S-37-T4",,"likelihood",1214.5,7.189e-8
21,"R_Date","S-37-T4",,"likelihood",1215.5,8.216e-8
21,"R_Date","S-37-T4",,"likelihood",1216.5,1.027e-7
21,"R_Date","S-37-T4",,"likelihood",1217.5,1.2324e-7
21,"R_Date","S-37-T4",,"likelihood",1218.5,1.8486e-7
21,"R_Date","S-37-T4",,"likelihood",1219.5,2.5675e-7
21,"R_Date","S-37-T4",,"likelihood",1220.5,4.108e-7
21,"R_Date","S-37-T4",,"likelihood",1221.5,5.751e-7
21,"R_Date","S-37-T4",,"likelihood",1222.5,7.702e-7
21,"R_Date","S-37-T4",,"likelihood",1223.5,0.0000010373
21,"R_Date","S-37-T4",,"likelihood",1224.5,0.0000013043
21,"R_Date","S-37-T4",,"likelihood",1225.5,0.0000015508
21,"R_Date","S-37-T4",,"likelihood",1226.5,0.0000018999
21,"R_Date","S-37-T4",,"likelihood",1227.5,0.0000020129
21,"R_Date","S-37-T4",,"likelihood",1228.5,0.0000022491
21,"R_Date","S-37-T4",,"likelihood",1229.5,0.0000023826
21,"R_Date","S-37-T4",,"likelihood",1230.5,0.0000026599
21,"R_Date","S-37-T4",,"likelihood",1231.5,0.000002814
21,"R_Date","S-37-T4",,"likelihood",1232.5,0.0000031426
21,"R_Date","S-37-T4",,"likelihood",1233.5,0.000003317
21,"R_Date","S-37-T4",,"likelihood",1234.5,0.000003697
21,"R_Date","S-37-T4",,"likelihood",1235.5,0.000003697
21,"R_Date","S-37-T4",,"likelihood",1236.5,0.000003697
21,"R_Date","S-37-T4",,"likelihood",1237.5,0.000003697
21,"R_Date","S-37-T4",,"likelihood",1238.5,0.000003502
21,"R_Date","S-37-T4",,"likelihood",1239.5,0.000003317
21,"R_Date","S-37-T4",,"likelihood",1240.5,0.0000031426
21,"R_Date","S-37-T4",,"likelihood",1241.5,0.000002968
21,"R_Date","S-37-T4",,"likelihood",1242.5,0.000002814
21,"R_Date","S-37-T4",,"likelihood",1243.5,0.0000026599
21,"R_Date","S-37-T4",,"likelihood",1244.5,0.0000025161
21,"R_Date","S-37-T4",,"likelihood",1245.5,0.0000023826
21,"R_Date","S-37-T4",,"likelihood",1246.5,0.0000022491
21,"R_Date","S-37-T4",,"likelihood",1247.5,0.0000021259
21,"R_Date","S-37-T4",,"likelihood",1248.5,0.0000020129
21,"R_Date","S-37-T4",,"likelihood",1249.5,0.0000020129
21,"R_Date","S-37-T4",,"likelihood",1250.5,0.0000018999
21,"R_Date","S-37-T4",,"likelihood",1251.5,0.0000018999
21,"R_Date","S-37-T4",,"likelihood",1252.5,0.0000020129
21,"R_Date","S-37-T4",,"likelihood",1253.5,0.0000021259
21,"R_Date","S-37-T4",,"likelihood",1254.5,0.0000022491
21,"R_Date","S-37-T4",,"likelihood",1255.5,0.0000023826
21,"R_Date","S-37-T4",,"likelihood",1256.5,0.0000023826
21,"R_Date","S-37-T4",,"likelihood",1257.5,0.0000025161
21,"R_Date","S-37-T4",,"likelihood",1258.5,0.0000026599
21,"R_Date","S-37-T4",,"likelihood",1259.5,0.000002814
21,"R_Date","S-37-T4",,"likelihood",1260.5,0.0000031426
21,"R_Date","S-37-T4",,"likelihood",1261.5,0.000003697
21,"R_Date","S-37-T4",,"likelihood",1262.5,0.000004118
21,"R_Date","S-37-T4",,"likelihood",1263.5,0.000004837
21,"R_Date","S-37-T4",,"likelihood",1264.5,0.000005977
21,"R_Date","S-37-T4",,"likelihood",1265.5,0.000007004
21,"R_Date","S-37-T4",,"likelihood",1266.5,0.000008616
21,"R_Date","S-37-T4",,"likelihood",1267.5,0.000010044
21,"R_Date","S-37-T4",,"likelihood",1268.5,0.000012293
21,"R_Date","S-37-T4",,"likelihood",1269.5,0.000014275
21,"R_Date","S-37-T4",,"likelihood",1270.5,0.000017387
21,"R_Date","S-37-T4",,"likelihood",1271.5,0.000020108
21,"R_Date","S-37-T4",,"likelihood",1272.5,0.000023231
21,"R_Date","S-37-T4",,"likelihood",1273.5,0.000026794
21,"R_Date","S-37-T4",,"likelihood",1274.5,0.00003232
21,"R_Date","S-37-T4",,"likelihood",1275.5,0.00003888
21,"R_Date","S-37-T4",,"likelihood",1276.5,0.00004877
21,"R_Date","S-37-T4",,"likelihood",1277.5,0.00006363
21,"R_Date","S-37-T4",,"likelihood",1278.5,0.00008606
21,"R_Date","S-37-T4",,"likelihood",1279.5,0.00011536
21,"R_Date","S-37-T4",,"likelihood",1280.5,0.00015325
21,"R_Date","S-37-T4",,"likelihood",1281.5,0.00019407
21,"R_Date","S-37-T4",,"likelihood",1282.5,0.00023509
21,"R_Date","S-37-T4",,"likelihood",1283.5,0.00027315
21,"R_Date","S-37-T4",,"likelihood",1284.5,0.0003164
21,"R_Date","S-37-T4",,"likelihood",1285.5,0.0003526
21,"R_Date","S-37-T4",,"likelihood",1286.5,0.0003787
21,"R_Date","S-37-T4",,"likelihood",1287.5,0.0004064
21,"R_Date","S-37-T4",,"likelihood",1288.5,0.0004511
21,"R_Date","S-37-T4",,"likelihood",1289.5,0.0004669
21,"R_Date","S-37-T4",,"likelihood",1290.5,0.0004999
21,"R_Date","S-37-T4",,"likelihood",1291.5,0.0005349
21,"R_Date","S-37-T4",,"likelihood",1292.5,0.0005531
21,"R_Date","S-37-T4",,"likelihood",1293.5,0.0005911
21,"R_Date","S-37-T4",,"likelihood",1294.5,0.0006109
21,"R_Date","S-37-T4",,"likelihood",1295.5,0.0006521
21,"R_Date","S-37-T4",,"likelihood",1296.5,0.0007182
21,"R_Date","S-37-T4",,"likelihood",1297.5,0.0007897
21,"R_Date","S-37-T4",,"likelihood",1298.5,0.0008939
21,"R_Date","S-37-T4",,"likelihood",1299.5,0.0010392
21,"R_Date","S-37-T4",,"likelihood",1300.5,0.0011683
21,"R_Date","S-37-T4",,"likelihood",1301.5,0.0013383
21,"R_Date","S-37-T4",,"likelihood",1302.5,0.001495
21,"R_Date","S-37-T4",,"likelihood",1303.5,0.0017186
21,"R_Date","S-37-T4",,"likelihood",1304.5,0.001906
21,"R_Date","S-37-T4",,"likelihood",1305.5,0.0021073
21,"R_Date","S-37-T4",,"likelihood",1306.5,0.0023229
21,"R_Date","S-37-T4",,"likelihood",1307.5,0.0024939
21,"R_Date","S-37-T4",,"likelihood",1308.5,0.0026123
21,"R_Date","S-37-T4",,"likelihood",1309.5,0.0026729
21,"R_Date","S-37-T4",,"likelihood",1310.5,0.0027343
21,"R_Date","S-37-T4",,"likelihood",1311.5,0.0027966
21,"R_Date","S-37-T4",,"likelihood",1312.5,0.0027966
21,"R_Date","S-37-T4",,"likelihood",1313.5,0.0027875
21,"R_Date","S-37-T4",,"likelihood",1314.5,0.0027875
21,"R_Date","S-37-T4",,"likelihood",1315.5,0.0027875
21,"R_Date","S-37-T4",,"likelihood",1316.5,0.0027875
21,"R_Date","S-37-T4",,"likelihood",1317.5,0.0027875
21,"R_Date","S-37-T4",,"likelihood",1318.5,0.0029148
21,"R_Date","S-37-T4",,"likelihood",1319.5,0.0030457
21,"R_Date","S-37-T4",,"likelihood",1320.5,0.003248
21,"R_Date","S-37-T4",,"likelihood",1321.5,0.00353
21,"R_Date","S-37-T4",,"likelihood",1322.5,0.003825
21,"R_Date","S-37-T4",,"likelihood",1323.5,0.004131
21,"R_Date","S-37-T4",,"likelihood",1324.5,0.004529
21,"R_Date","S-37-T4",,"likelihood",1325.5,0.004857
21,"R_Date","S-37-T4",,"likelihood",1326.5,0.005279
21,"R_Date","S-37-T4",,"likelihood",1327.5,0.005622
21,"R_Date","S-37-T4",,"likelihood",1328.5,0.00597
21,"R_Date","S-37-T4",,"likelihood",1329.5,0.006144
21,"R_Date","S-37-T4",,"likelihood",1330.5,0.006319
21,"R_Date","S-37-T4",,"likelihood",1331.5,0.006319
21,"R_Date","S-37-T4",,"likelihood",1332.5,0.006319
21,"R_Date","S-37-T4",,"likelihood",1333.5,0.006232
21,"R_Date","S-37-T4",,"likelihood",1334.5,0.006144
21,"R_Date","S-37-T4",,"likelihood",1335.5,0.006057
21,"R_Date","S-37-T4",,"likelihood",1336.5,0.005883
21,"R_Date","S-37-T4",,"likelihood",1337.5,0.005796
21,"R_Date","S-37-T4",,"likelihood",1338.5,0.005709
21,"R_Date","S-37-T4",,"likelihood",1339.5,0.005709
21,"R_Date","S-37-T4",,"likelihood",1340.5,0.005709
21,"R_Date","S-37-T4",,"likelihood",1341.5,0.005709
21,"R_Date","S-37-T4",,"likelihood",1342.5,0.005709
21,"R_Date","S-37-T4",,"likelihood",1343.5,0.005709
21,"R_Date","S-37-T4",,"likelihood",1344.5,0.005709
21,"R_Date","S-37-T4",,"likelihood",1345.5,0.005622
21,"R_Date","S-37-T4",,"likelihood",1346.5,0.005536
21,"R_Date","S-37-T4",,"likelihood",1347.5,0.005536
21,"R_Date","S-37-T4",,"likelihood",1348.5,0.00545
21,"R_Date","S-37-T4",,"likelihood",1349.5,0.00545
21,"R_Date","S-37-T4",,"likelihood",1350.5,0.00545
21,"R_Date","S-37-T4",,"likelihood",1351.5,0.005364
21,"R_Date","S-37-T4",,"likelihood",1352.5,0.005279
21,"R_Date","S-37-T4",,"likelihood",1353.5,0.005025
21,"R_Date","S-37-T4",,"likelihood",1354.5,0.004692
21,"R_Date","S-37-T4",,"likelihood",1355.5,0.004368
21,"R_Date","S-37-T4",,"likelihood",1356.5,0.004053
21,"R_Date","S-37-T4",,"likelihood",1357.5,0.003684
21,"R_Date","S-37-T4",,"likelihood",1358.5,0.003396
21,"R_Date","S-37-T4",,"likelihood",1359.5,0.003189
21,"R_Date","S-37-T4",,"likelihood",1360.5,0.0029239
21,"R_Date","S-37-T4",,"likelihood",1361.5,0.0027343
21,"R_Date","S-37-T4",,"likelihood",1362.5,0.0026123
21,"R_Date","S-37-T4",,"likelihood",1363.5,0.002436
21,"R_Date","S-37-T4",,"likelihood",1364.5,0.0022133
21,"R_Date","S-37-T4",,"likelihood",1365.5,0.0020557
21,"R_Date","S-37-T4",,"likelihood",1366.5,0.0018578
21,"R_Date","S-37-T4",,"likelihood",1367.5,0.0017186
21,"R_Date","S-37-T4",,"likelihood",1368.5,0.001545
21,"R_Date","S-37-T4",,"likelihood",1369.5,0.0013847
21,"R_Date","S-37-T4",,"likelihood",1370.5,0.001273
21,"R_Date","S-37-T4",,"likelihood",1371.5,0.0011349
21,"R_Date","S-37-T4",,"likelihood",1372.5,0.0010703
21,"R_Date","S-37-T4",,"likelihood",1373.5,0.0010087
21,"R_Date","S-37-T4",,"likelihood",1374.5,0.000979
21,"R_Date","S-37-T4",,"likelihood",1375.5,0.000979
21,"R_Date","S-37-T4",,"likelihood",1376.5,0.0010317
21,"R_Date","S-37-T4",,"likelihood",1377.5,0.0011604
21,"R_Date","S-37-T4",,"likelihood",1378.5,0.0013012
21,"R_Date","S-37-T4",,"likelihood",1379.5,0.0014546
21,"R_Date","S-37-T4",,"likelihood",1380.5,0.001665
21,"R_Date","S-37-T4",,"likelihood",1381.5,0.0018015
21,"R_Date","S-37-T4",,"likelihood",1382.5,0.0019458
21,"R_Date","S-37-T4",,"likelihood",1383.5,0.002098
21,"R_Date","S-37-T4",,"likelihood",1384.5,0.002204
21,"R_Date","S-37-T4",,"likelihood",1385.5,0.0023136
21,"R_Date","S-37-T4",,"likelihood",1386.5,0.0024267
21,"R_Date","S-37-T4",,"likelihood",1387.5,0.0026031
21,"R_Date","S-37-T4",,"likelihood",1388.5,0.0028507
21,"R_Date","S-37-T4",,"likelihood",1389.5,0.0031124
21,"R_Date","S-37-T4",,"likelihood",1390.5,0.003458
21,"R_Date","S-37-T4",,"likelihood",1391.5,0.003825
21,"R_Date","S-37-T4",,"likelihood",1392.5,0.004209
21,"R_Date","S-37-T4",,"likelihood",1393.5,0.004692
21,"R_Date","S-37-T4",,"likelihood",1394.5,0.005109
21,"R_Date","S-37-T4",,"likelihood",1395.5,0.005536
21,"R_Date","S-37-T4",,"likelihood",1396.5,0.006057
21,"R_Date","S-37-T4",,"likelihood",1397.5,0.006494
21,"R_Date","S-37-T4",,"likelihood",1398.5,0.006841
21,"R_Date","S-37-T4",,"likelihood",1399.5,0.007185
21,"R_Date","S-37-T4",,"likelihood",1400.5,0.007355
21,"R_Date","S-37-T4",,"likelihood",1401.5,0.007523
21,"R_Date","S-37-T4",,"likelihood",1402.5,0.007689
21,"R_Date","S-37-T4",,"likelihood",1403.5,0.007932
21,"R_Date","S-37-T4",,"likelihood",1404.5,0.008169
21,"R_Date","S-37-T4",,"likelihood",1405.5,0.008398
21,"R_Date","S-37-T4",,"likelihood",1406.5,0.00869
21,"R_Date","S-37-T4",,"likelihood",1407.5,0.009028
21,"R_Date","S-37-T4",,"likelihood",1408.5,0.009276
21,"R_Date","S-37-T4",,"likelihood",1409.5,0.0095
21,"R_Date","S-37-T4",,"likelihood",1410.5,0.009698
21,"R_Date","S-37-T4",,"likelihood",1411.5,0.009829
21,"R_Date","S-37-T4",,"likelihood",1412.5,0.009908
21,"R_Date","S-37-T4",,"likelihood",1413.5,0.009979
21,"R_Date","S-37-T4",,"likelihood",1414.5,0.010012
21,"R_Date","S-37-T4",,"likelihood",1415.5,0.010012
21,"R_Date","S-37-T4",,"likelihood",1416.5,0.010012
21,"R_Date","S-37-T4",,"likelihood",1417.5,0.010012
21,"R_Date","S-37-T4",,"likelihood",1418.5,0.010043
21,"R_Date","S-37-T4",,"likelihood",1419.5,0.010072
21,"R_Date","S-37-T4",,"likelihood",1420.5,0.010125
21,"R_Date","S-37-T4",,"likelihood",1421.5,0.010206
21,"R_Date","S-37-T4",,"likelihood",1422.5,0.010255
21,"R_Date","S-37-T4",,"likelihood",1423.5,0.01027
21,"R_Date","S-37-T4",,"likelihood",1424.5,0.010234
21,"R_Date","S-37-T4",,"likelihood",1425.5,0.010168
21,"R_Date","S-37-T4",,"likelihood",1426.5,0.010071
21,"R_Date","S-37-T4",,"likelihood",1427.5,0.009977
21,"R_Date","S-37-T4",,"likelihood",1428.5,0.009906
21,"R_Date","S-37-T4",,"likelihood",1429.5,0.009867
21,"R_Date","S-37-T4",,"likelihood",1430.5,0.009826
21,"R_Date","S-37-T4",,"likelihood",1431.5,0.009784
21,"R_Date","S-37-T4",,"likelihood",1432.5,0.009694
21,"R_Date","S-37-T4",,"likelihood",1433.5,0.009597
21,"R_Date","S-37-T4",,"likelihood",1434.5,0.009493
21,"R_Date","S-37-T4",,"likelihood",1435.5,0.009267
21,"R_Date","S-37-T4",,"likelihood",1436.5,0.009081
21,"R_Date","S-37-T4",,"likelihood",1437.5,0.008815
21,"R_Date","S-37-T4",,"likelihood",1438.5,0.008601
21,"R_Date","S-37-T4",,"likelihood",1439.5,0.008378
21,"R_Date","S-37-T4",,"likelihood",1440.5,0.008224
21,"R_Date","S-37-T4",,"likelihood",1441.5,0.007986
21,"R_Date","S-37-T4",,"likelihood",1442.5,0.007741
21,"R_Date","S-37-T4",,"likelihood",1443.5,0.007489
21,"R_Date","S-37-T4",,"likelihood",1444.5,0.007146
21,"R_Date","S-37-T4",,"likelihood",1445.5,0.006797
21,"R_Date","S-37-T4",,"likelihood",1446.5,0.006532
21,"R_Date","S-37-T4",,"likelihood",1447.5,0.006176
21,"R_Date","S-37-T4",,"likelihood",1448.5,0.005822
21,"R_Date","S-37-T4",,"likelihood",1449.5,0.005557
21,"R_Date","S-37-T4",,"likelihood",1450.5,0.005294
21,"R_Date","S-37-T4",,"likelihood",1451.5,0.005121
21,"R_Date","S-37-T4",,"likelihood",1452.5,0.004949
21,"R_Date","S-37-T4",,"likelihood",1453.5,0.004779
21,"R_Date","S-37-T4",,"likelihood",1454.5,0.004528
21,"R_Date","S-37-T4",,"likelihood",1455.5,0.004202
21,"R_Date","S-37-T4",,"likelihood",1456.5,0.003809
21,"R_Date","S-37-T4",,"likelihood",1457.5,0.003435
21,"R_Date","S-37-T4",,"likelihood",1458.5,0.0030813
21,"R_Date","S-37-T4",,"likelihood",1459.5,0.0028144
21,"R_Date","S-37-T4",,"likelihood",1460.5,0.0025621
21,"R_Date","S-37-T4",,"likelihood",1461.5,0.0025014
21,"R_Date","S-37-T4",,"likelihood",1462.5,0.0024415
21,"R_Date","S-37-T4",,"likelihood",1463.5,0.0025014
21,"R_Date","S-37-T4",,"likelihood",1464.5,0.0025621
21,"R_Date","S-37-T4",,"likelihood",1465.5,0.0026238
21,"R_Date","S-37-T4",,"likelihood",1466.5,0.0026864
21,"R_Date","S-37-T4",,"likelihood",1467.5,0.0026238
21,"R_Date","S-37-T4",,"likelihood",1468.5,0.0025621
21,"R_Date","S-37-T4",,"likelihood",1469.5,0.0025014
21,"R_Date","S-37-T4",,"likelihood",1470.5,0.0024415
21,"R_Date","S-37-T4",,"likelihood",1471.5,0.0024415
21,"R_Date","S-37-T4",,"likelihood",1472.5,0.0023826
21,"R_Date","S-37-T4",,"likelihood",1473.5,0.0022676
21,"R_Date","S-37-T4",,"likelihood",1474.5,0.0021564
21,"R_Date","S-37-T4",,"likelihood",1475.5,0.0019965
21,"R_Date","S-37-T4",,"likelihood",1476.5,0.0018451
21,"R_Date","S-37-T4",,"likelihood",1477.5,0.0017019
21,"R_Date","S-37-T4",,"likelihood",1478.5,0.0016109
21,"R_Date","S-37-T4",,"likelihood",1479.5,0.0015236
21,"R_Date","S-37-T4",,"likelihood",1480.5,0.0014398
21,"R_Date","S-37-T4",,"likelihood",1481.5,0.0013992
21,"R_Date","S-37-T4",,"likelihood",1482.5,0.0013513
21,"R_Date","S-37-T4",,"likelihood",1483.5,0.0013124
21,"R_Date","S-37-T4",,"likelihood",1484.5,0.0013124
21,"R_Date","S-37-T4",,"likelihood",1485.5,0.0013124
21,"R_Date","S-37-T4",,"likelihood",1486.5,0.0013124
21,"R_Date","S-37-T4",,"likelihood",1487.5,0.0013124
21,"R_Date","S-37-T4",,"likelihood",1488.5,0.0012825
21,"R_Date","S-37-T4",,"likelihood",1489.5,0.0012452
21,"R_Date","S-37-T4",,"likelihood",1490.5,0.0012088
21,"R_Date","S-37-T4",,"likelihood",1491.5,0.0011733
21,"R_Date","S-37-T4",,"likelihood",1492.5,0.0011385
21,"R_Date","S-37-T4",,"likelihood",1493.5,0.0010714
21,"R_Date","S-37-T4",,"likelihood",1494.5,0.0010389
21,"R_Date","S-37-T4",,"likelihood",1495.5,0.0009764
21,"R_Date","S-37-T4",,"likelihood",1496.5,0.0009463
21,"R_Date","S-37-T4",,"likelihood",1497.5,0.0009169
21,"R_Date","S-37-T4",,"likelihood",1498.5,0.0009169
21,"R_Date","S-37-T4",,"likelihood",1499.5,0.0008882
21,"R_Date","S-37-T4",,"likelihood",1500.5,0.0008882
21,"R_Date","S-37-T4",,"likelihood",1501.5,0.0008882
21,"R_Date","S-37-T4",,"likelihood",1502.5,0.0008603
21,"R_Date","S-37-T4",,"likelihood",1503.5,0.000833
21,"R_Date","S-37-T4",,"likelihood",1504.5,0.0008065
21,"R_Date","S-37-T4",,"likelihood",1505.5,0.0007806
21,"R_Date","S-37-T4",,"likelihood",1506.5,0.0007554
21,"R_Date","S-37-T4",,"likelihood",1507.5,0.0007308
21,"R_Date","S-37-T4",,"likelihood",1508.5,0.0007069
21,"R_Date","S-37-T4",,"likelihood",1509.5,0.000661
21,"R_Date","S-37-T4",,"likelihood",1510.5,0.000639
21,"R_Date","S-37-T4",,"likelihood",1511.5,0.0005967
21,"R_Date","S-37-T4",,"likelihood",1512.5,0.0005711
21,"R_Date","S-37-T4",,"likelihood",1513.5,0.0005515
21,"R_Date","S-37-T4",,"likelihood",1514.5,0.0005515
21,"R_Date","S-37-T4",,"likelihood",1515.5,0.0005568
21,"R_Date","S-37-T4",,"likelihood",1516.5,0.0005568
21,"R_Date","S-37-T4",,"likelihood",1517.5,0.0005568
21,"R_Date","S-37-T4",,"likelihood",1518.5,0.0005377
21,"R_Date","S-37-T4",,"likelihood",1519.5,0.0005191
21,"R_Date","S-37-T4",,"likelihood",1520.5,0.0004665
21,"R_Date","S-37-T4",,"likelihood",1521.5,0.000434
21,"R_Date","S-37-T4",,"likelihood",1522.5,0.0003888
21,"R_Date","S-37-T4",,"likelihood",1523.5,0.0003477
21,"R_Date","S-37-T4",,"likelihood",1524.5,0.00031029
21,"R_Date","S-37-T4",,"likelihood",1525.5,0.00026249
21,"R_Date","S-37-T4",,"likelihood",1526.5,0.00022396
21,"R_Date","S-37-T4",,"likelihood",1527.5,0.00019041
21,"R_Date","S-37-T4",,"likelihood",1528.5,0.00016134
21,"R_Date","S-37-T4",,"likelihood",1529.5,0.00014217
21,"R_Date","S-37-T4",,"likelihood",1530.5,0.000127
21,"R_Date","S-37-T4",,"likelihood",1531.5,0.00011649
21,"R_Date","S-37-T4",,"likelihood",1532.5,0.00010677
21,"R_Date","S-37-T4",,"likelihood",1533.5,0.00010218
21,"R_Date","S-37-T4",,"likelihood",1534.5,0.00010218
21,"R_Date","S-37-T4",,"likelihood",1535.5,0.00010677
21,"R_Date","S-37-T4",,"likelihood",1536.5,0.00011153
21,"R_Date","S-37-T4",,"likelihood",1537.5,0.00011974
21,"R_Date","S-37-T4",,"likelihood",1538.5,0.00013256
21,"R_Date","S-37-T4",,"likelihood",1539.5,0.00014433
21,"R_Date","S-37-T4",,"likelihood",1540.5,0.00015472
21,"R_Date","S-37-T4",,"likelihood",1541.5,0.00016371
21,"R_Date","S-37-T4",,"likelihood",1542.5,0.00016822
21,"R_Date","S-37-T4",,"likelihood",1543.5,0.00017787
21,"R_Date","S-37-T4",,"likelihood",1544.5,0.00017067
21,"R_Date","S-37-T4",,"likelihood",1545.5,0.00016371
21,"R_Date","S-37-T4",,"likelihood",1546.5,0.00015702
21,"R_Date","S-37-T4",,"likelihood",1547.5,0.00015056
21,"R_Date","S-37-T4",,"likelihood",1548.5,0.00015056
21,"R_Date","S-37-T4",,"likelihood",1549.5,0.00015056
21,"R_Date","S-37-T4",,"likelihood",1550.5,0.00016371
21,"R_Date","S-37-T4",,"likelihood",1551.5,0.00017787
21,"R_Date","S-37-T4",,"likelihood",1552.5,0.00019308
21,"R_Date","S-37-T4",,"likelihood",1553.5,0.00020941
21,"R_Date","S-37-T4",,"likelihood",1554.5,0.00021802
21,"R_Date","S-37-T4",,"likelihood",1555.5,0.00022693
21,"R_Date","S-37-T4",,"likelihood",1556.5,0.00023617
21,"R_Date","S-37-T4",,"likelihood",1557.5,0.0002556
21,"R_Date","S-37-T4",,"likelihood",1558.5,0.00026582
21,"R_Date","S-37-T4",,"likelihood",1559.5,0.00028732
21,"R_Date","S-37-T4",,"likelihood",1560.5,0.00031029
21,"R_Date","S-37-T4",,"likelihood",1561.5,0.0003224
21,"R_Date","S-37-T4",,"likelihood",1562.5,0.0003348
21,"R_Date","S-37-T4",,"likelihood",1563.5,0.0003224
21,"R_Date","S-37-T4",,"likelihood",1564.5,0.00031029
21,"R_Date","S-37-T4",,"likelihood",1565.5,0.00028732
21,"R_Date","S-37-T4",,"likelihood",1566.5,0.00027638
21,"R_Date","S-37-T4",,"likelihood",1567.5,0.00026582
21,"R_Date","S-37-T4",,"likelihood",1568.5,0.00026249
21,"R_Date","S-37-T4",,"likelihood",1569.5,0.00026582
21,"R_Date","S-37-T4",,"likelihood",1570.5,0.00028732
21,"R_Date","S-37-T4",,"likelihood",1571.5,0.00029862
21,"R_Date","S-37-T4",,"likelihood",1572.5,0.0003224
21,"R_Date","S-37-T4",,"likelihood",1573.5,0.0003348
21,"R_Date","S-37-T4",,"likelihood",1574.5,0.000361
21,"R_Date","S-37-T4",,"likelihood",1575.5,0.0003747
21,"R_Date","S-37-T4",,"likelihood",1576.5,0.0004034
21,"R_Date","S-37-T4",,"likelihood",1577.5,0.0004185
21,"R_Date","S-37-T4",,"likelihood",1578.5,0.000434
21,"R_Date","S-37-T4",,"likelihood",1579.5,0.000434
21,"R_Date","S-37-T4",,"likelihood",1580.5,0.00045
21,"R_Date","S-37-T4",,"likelihood",1581.5,0.00045
21,"R_Date","S-37-T4",,"likelihood",1582.5,0.00045
21,"R_Date","S-37-T4",,"likelihood",1583.5,0.00045
21,"R_Date","S-37-T4",,"likelihood",1584.5,0.00045
21,"R_Date","S-37-T4",,"likelihood",1585.5,0.000434
21,"R_Date","S-37-T4",,"likelihood",1586.5,0.000434
21,"R_Date","S-37-T4",,"likelihood",1587.5,0.00045
21,"R_Date","S-37-T4",,"likelihood",1588.5,0.0004665
21,"R_Date","S-37-T4",,"likelihood",1589.5,0.0005011
21,"R_Date","S-37-T4",,"likelihood",1590.5,0.0005377
21,"R_Date","S-37-T4",,"likelihood",1591.5,0.0005967
21,"R_Date","S-37-T4",,"likelihood",1592.5,0.000639
21,"R_Date","S-37-T4",,"likelihood",1593.5,0.0006837
21,"R_Date","S-37-T4",,"likelihood",1594.5,0.0007308
21,"R_Date","S-37-T4",,"likelihood",1595.5,0.0007806
21,"R_Date","S-37-T4",,"likelihood",1596.5,0.0007806
21,"R_Date","S-37-T4",,"likelihood",1597.5,0.0008065
21,"R_Date","S-37-T4",,"likelihood",1598.5,0.000833
21,"R_Date","S-37-T4",,"likelihood",1599.5,0.0008603
21,"R_Date","S-37-T4",,"likelihood",1600.5,0.0008882
21,"R_Date","S-37-T4",,"likelihood",1601.5,0.0009463
21,"R_Date","S-37-T4",,"likelihood",1602.5,0.0010389
21,"R_Date","S-37-T4",,"likelihood",1603.5,0.0011385
21,"R_Date","S-37-T4",,"likelihood",1604.5,0.0012088
21,"R_Date","S-37-T4",,"likelihood",1605.5,0.0012452
21,"R_Date","S-37-T4",,"likelihood",1606.5,0.0012452
21,"R_Date","S-37-T4",,"likelihood",1607.5,0.0011733
21,"R_Date","S-37-T4",,"likelihood",1608.5,0.0011045
21,"R_Date","S-37-T4",,"likelihood",1609.5,0.0010389
21,"R_Date","S-37-T4",,"likelihood",1610.5,0.0009764
21,"R_Date","S-37-T4",,"likelihood",1611.5,0.0009463
21,"R_Date","S-37-T4",,"likelihood",1612.5,0.0009463
21,"R_Date","S-37-T4",,"likelihood",1613.5,0.0009463
21,"R_Date","S-37-T4",,"likelihood",1614.5,0.0009463
21,"R_Date","S-37-T4",,"likelihood",1615.5,0.0009169
21,"R_Date","S-37-T4",,"likelihood",1616.5,0.0008882
21,"R_Date","S-37-T4",,"likelihood",1617.5,0.0008065
21,"R_Date","S-37-T4",,"likelihood",1618.5,0.0007069
21,"R_Date","S-37-T4",,"likelihood",1619.5,0.000639
21,"R_Date","S-37-T4",,"likelihood",1620.5,0.0005568
21,"R_Date","S-37-T4",,"likelihood",1621.5,0.0004835
21,"R_Date","S-37-T4",,"likelihood",1622.5,0.0004185
21,"R_Date","S-37-T4",,"likelihood",1623.5,0.0003888
21,"R_Date","S-37-T4",,"likelihood",1624.5,0.0003747
21,"R_Date","S-37-T4",,"likelihood",1625.5,0.000361
21,"R_Date","S-37-T4",,"likelihood",1626.5,0.000361
21,"R_Date","S-37-T4",,"likelihood",1627.5,0.0003747
21,"R_Date","S-37-T4",,"likelihood",1628.5,0.0003747
21,"R_Date","S-37-T4",,"likelihood",1629.5,0.0003477
21,"R_Date","S-37-T4",,"likelihood",1630.5,0.0003224
21,"R_Date","S-37-T4",,"likelihood",1631.5,0.00029862
21,"R_Date","S-37-T4",,"likelihood",1632.5,0.0002556
21,"R_Date","S-37-T4",,"likelihood",1633.5,0.00020941
21,"R_Date","S-37-T4",,"likelihood",1634.5,0.00017787
21,"R_Date","S-37-T4",,"likelihood",1635.5,0.00014433
21,"R_Date","S-37-T4",,"likelihood",1636.5,0.00012165
21,"R_Date","S-37-T4",,"likelihood",1637.5,0.00010218
21,"R_Date","S-37-T4",,"likelihood",1638.5,0.00008944
21,"R_Date","S-37-T4",,"likelihood",1639.5,0.00007467
21,"R_Date","S-37-T4",,"likelihood",1640.5,0.00006212
21,"R_Date","S-37-T4",,"likelihood",1641.5,0.00004912
21,"R_Date","S-37-T4",,"likelihood",1642.5,0.00004056
21,"R_Date","S-37-T4",,"likelihood",1643.5,0.00003336
21,"R_Date","S-37-T4",,"likelihood",1644.5,0.000027349
21,"R_Date","S-37-T4",,"likelihood",1645.5,0.000023508
21,"R_Date","S-37-T4",,"likelihood",1646.5,0.00002017
21,"R_Date","S-37-T4",,"likelihood",1647.5,0.000017264
21,"R_Date","S-37-T4",,"likelihood",1648.5,0.000013998
21,"R_Date","S-37-T4",,"likelihood",1649.5,0.000011923
21,"R_Date","S-37-T4",,"likelihood",1650.5,0.000010712
21,"R_Date","S-37-T4",,"likelihood",1651.5,0.000009613
21,"R_Date","S-37-T4",,"likelihood",1652.5,0.000008616
21,"R_Date","S-37-T4",,"likelihood",1653.5,0.000008154
21,"R_Date","S-37-T4",,"likelihood",1654.5,0.000007302
21,"R_Date","S-37-T4",,"likelihood",1655.5,0.000006901
21,"R_Date","S-37-T4",,"likelihood",1656.5,0.000006172
21,"R_Date","S-37-T4",,"likelihood",1657.5,0.000005207
21,"R_Date","S-37-T4",,"likelihood",1658.5,0.000004385
21,"R_Date","S-37-T4",,"likelihood",1659.5,0.000003687
21,"R_Date","S-37-T4",,"likelihood",1660.5,0.0000029167
21,"R_Date","S-37-T4",,"likelihood",1661.5,0.0000023005
21,"R_Date","S-37-T4",,"likelihood",1662.5,0.0000018075
21,"R_Date","S-37-T4",,"likelihood",1663.5,0.000001407
21,"R_Date","S-37-T4",,"likelihood",1664.5,0.0000011708
21,"R_Date","S-37-T4",,"likelihood",1665.5,9.14e-7
21,"R_Date","S-37-T4",,"likelihood",1666.5,7.086e-7
21,"R_Date","S-37-T4",,"likelihood",1667.5,5.135e-7
21,"R_Date","S-37-T4",,"likelihood",1668.5,3.697e-7
21,"R_Date","S-37-T4",,"likelihood",1669.5,2.7729e-7
21,"R_Date","S-37-T4",,"likelihood",1670.5,2.054e-7
21,"R_Date","S-37-T4",,"likelihood",1671.5,1.5405e-7
21,"R_Date","S-37-T4",,"likelihood",1672.5,1.1297e-7
21,"R_Date","S-37-T4",,"likelihood",1673.5,1.027e-7
21,"R_Date","S-37-T4",,"likelihood",1674.5,9.243e-8
21,"R_Date","S-37-T4",,"likelihood",1675.5,9.243e-8
21,"R_Date","S-37-T4",,"likelihood",1676.5,9.243e-8
21,"R_Date","S-37-T4",,"likelihood",1677.5,9.243e-8
21,"R_Date","S-37-T4",,"likelihood",1678.5,8.216e-8
21,"R_Date","S-37-T4",,"likelihood",1679.5,7.189e-8
21,"R_Date","S-37-T4",,"likelihood",1680.5,6.162e-8
21,"R_Date","S-37-T4",,"likelihood",1681.5,5.135e-8
21,"R_Date","S-37-T4",,"likelihood",1682.5,4.108e-8
21,"R_Date","S-37-T4",,"likelihood",1683.5,4.108e-8
21,"R_Date","S-37-T4",,"likelihood",1684.5,3.081e-8
21,"R_Date","S-37-T4",,"likelihood",1685.5,2.054e-8
21,"R_Date","S-37-T4",,"likelihood",1686.5,2.054e-8
21,"R_Date","S-37-T4",,"likelihood",1687.5,1.027e-8
21,"R_Date","S-37-T4",,"likelihood",1688.5,1.027e-8
21,"R_Date","S-37-T4",,"likelihood",1689.5,1.027e-8
21,"R_Date","S-37-T4",,"likelihood",1690.5,1.027e-8
21,"R_Date","S-37-T4",,"likelihood",1691.5,0
21,"R_Date","S-37-T4",,"likelihood",1692.5,0
21,"R_Date","S-37-T4",,"likelihood",1693.5,0
21,"R_Date","S-37-T4",,"likelihood",1694.5,0
21,"R_Date","S-37-T4",,"likelihood",1695.5,0
21,"R_Date","S-37-T4",,"likelihood",1696.5,0
21,"R_Date","S-37-T4",,"likelihood",1697.5,0
21,"R_Date","S-37-T4",,"likelihood",1698.5,0
21,"R_Date","S-37-T4",,"likelihood",1699.5,0
21,"R_Date","S-37-T4",,"likelihood",1700.5,0
21,"R_Date","S-37-T4",,"likelihood",1701.5,0
21,"R_Date","S-37-T4",,"likelihood",1702.5,0
21,"R_Date","S-37-T4",,"likelihood",1703.5,0
21,"R_Date","S-37-T4",,"likelihood",1704.5,0
21,"R_Date","S-37-T4",,"likelihood",1705.5,0
21,"R_Date","S-37-T4",,"likelihood",1706.5,0
21,"R_Date","S-37-T4",,"likelihood",1707.5,0
21,"R_Date","S-37-T4",,"likelihood",1708.5,0
21,"R_Date","S-37-T4",,"likelihood",1709.5,0
21,"R_Date","S-37-T4",,"likelihood",1710.5,0
21,"R_Date","S-37-T4",,"likelihood",1711.5,0
21,"R_Date","S-37-T4",,"likelihood",1712.5,0
21,"R_Date","S-37-T4",,"likelihood",1713.5,0
21,"R_Date","S-37-T4",,"likelihood",1714.5,0
21,"R_Date","S-37-T4",,"likelihood",1715.5,0
21,"R_Date","S-37-T4",,"likelihood",1716.5,0
21,"R_Date","S-37-T4",,"likelihood",1717.5,0
21,"R_Date","S-37-T4",,"likelihood",1718.5,0
21,"R_Date","S-37-T4",,"likelihood",1719.5,0
21,"R_Date","S-37-T4",,"likelihood",1720.5,0
21,"R_Date","S-37-T4",,"likelihood",1721.5,0
21,"R_Date","S-37-T4",,"likelihood",1722.5,0
21,"R_Date","S-37-T4",,"likelihood",1723.5,0
21,"R_Date","S-37-T4",,"likelihood",1724.5,0
21,"R_Date","S-37-T4",,"likelihood",1725.5,0
21,"R_Date","S-37-T4",,"likelihood",1726.5,0
21,"R_Date","S-37-T4",,"likelihood",1727.5,0
21,"R_Date","S-37-T4",,"likelihood",1728.5,1.027e-8
21,"R_Date","S-37-T4",,"likelihood",1729.5,1.027e-8
21,"R_Date","S-37-T4",,"likelihood",1730.5,1.027e-8
21,"R_Date","S-37-T4",,"likelihood",1731.5,2.054e-8
21,"R_Date","S-37-T4",,"likelihood",1732.5,2.054e-8
21,"R_Date","S-37-T4",,"likelihood",1733.5,3.081e-8
21,"R_Date","S-37-T4",,"likelihood",1734.5,3.081e-8
21,"R_Date","S-37-T4",,"likelihood",1735.5,3.081e-8
21,"R_Date","S-37-T4",,"likelihood",1736.5,3.081e-8
21,"R_Date","S-37-T4",,"likelihood",1737.5,4.108e-8
21,"R_Date","S-37-T4",,"likelihood",1738.5,4.108e-8
21,"R_Date","S-37-T4",,"likelihood",1739.5,5.135e-8
21,"R_Date","S-37-T4",,"likelihood",1740.5,6.162e-8
21,"R_Date","S-37-T4",,"likelihood",1741.5,7.189e-8
21,"R_Date","S-37-T4",,"likelihood",1742.5,9.243e-8
21,"R_Date","S-37-T4",,"likelihood",1743.5,1.027e-7
21,"R_Date","S-37-T4",,"likelihood",1744.5,1.2324e-7
21,"R_Date","S-37-T4",,"likelihood",1745.5,1.2324e-7
21,"R_Date","S-37-T4",,"likelihood",1746.5,1.2324e-7
21,"R_Date","S-37-T4",,"likelihood",1747.5,1.2324e-7
21,"R_Date","S-37-T4",,"likelihood",1748.5,1.1297e-7
21,"R_Date","S-37-T4",,"likelihood",1749.5,1.027e-7
21,"R_Date","S-37-T4",,"likelihood",1750.5,1.027e-7
21,"R_Date","S-37-T4",,"likelihood",1751.5,8.216e-8
21,"R_Date","S-37-T4",,"likelihood",1752.5,7.189e-8
21,"R_Date","S-37-T4",,"likelihood",1753.5,5.135e-8
21,"R_Date","S-37-T4",,"likelihood",1754.5,4.108e-8
21,"R_Date","S-37-T4",,"likelihood",1755.5,3.081e-8
21,"R_Date","S-37-T4",,"likelihood",1756.5,3.081e-8
21,"R_Date","S-37-T4",,"likelihood",1757.5,3.081e-8
21,"R_Date","S-37-T4",,"likelihood",1758.5,2.054e-8
21,"R_Date","S-37-T4",,"likelihood",1759.5,3.081e-8
21,"R_Date","S-37-T4",,"likelihood",1760.5,3.081e-8
21,"R_Date","S-37-T4",,"likelihood",1761.5,4.108e-8
21,"R_Date","S-37-T4",,"likelihood",1762.5,5.135e-8
21,"R_Date","S-37-T4",,"likelihood",1763.5,6.162e-8
21,"R_Date","S-37-T4",,"likelihood",1764.5,8.216e-8
21,"R_Date","S-37-T4",,"likelihood",1765.5,1.027e-7
21,"R_Date","S-37-T4",,"likelihood",1766.5,1.1297e-7
21,"R_Date","S-37-T4",,"likelihood",1767.5,1.4378e-7
21,"R_Date","S-37-T4",,"likelihood",1768.5,1.6432e-7
21,"R_Date","S-37-T4",,"likelihood",1769.5,1.7459e-7
21,"R_Date","S-37-T4",,"likelihood",1770.5,1.7459e-7
21,"R_Date","S-37-T4",,"likelihood",1771.5,1.5405e-7
21,"R_Date","S-37-T4",,"likelihood",1772.5,1.3351e-7
21,"R_Date","S-37-T4",,"likelihood",1773.5,1.027e-7
21,"R_Date","S-37-T4",,"likelihood",1774.5,8.216e-8
21,"R_Date","S-37-T4",,"likelihood",1775.5,8.216e-8
21,"R_Date","S-37-T4",,"likelihood",1776.5,8.216e-8
21,"R_Date","S-37-T4",,"likelihood",1777.5,9.243e-8
21,"R_Date","S-37-T4",,"likelihood",1778.5,1.1297e-7
21,"R_Date","S-37-T4",,"likelihood",1779.5,1.6432e-7
21,"R_Date","S-37-T4",,"likelihood",1780.5,2.2594e-7
21,"R_Date","S-37-T4",,"likelihood",1781.5,3.389e-7
21,"R_Date","S-37-T4",,"likelihood",1782.5,4.827e-7
21,"R_Date","S-37-T4",,"likelihood",1783.5,6.573e-7
21,"R_Date","S-37-T4",,"likelihood",1784.5,8.524e-7
21,"R_Date","S-37-T4",,"likelihood",1785.5,0.0000011708
21,"R_Date","S-37-T4",,"likelihood",1786.5,0.0000014994
21,"R_Date","S-37-T4",,"likelihood",1787.5,0.0000018075
21,"R_Date","S-37-T4",,"likelihood",1788.5,0.0000021669
21,"R_Date","S-37-T4",,"likelihood",1789.5,0.000002588
21,"R_Date","S-37-T4",,"likelihood",1790.5,0.0000027523
21,"R_Date","S-37-T4",,"likelihood",1791.5,0.000002588
21,"R_Date","S-37-T4",,"likelihood",1792.5,0.0000023005
21,"R_Date","S-37-T4",,"likelihood",1793.5,0.0000018075
21,"R_Date","S-37-T4",,"likelihood",1794.5,0.0000012427
21,"R_Date","S-37-T4",,"likelihood",1795.5,7.497e-7
21,"R_Date","S-37-T4",,"likelihood",1796.5,4.211e-7
21,"R_Date","S-37-T4",,"likelihood",1797.5,2.2594e-7
21,"R_Date","S-37-T4",,"likelihood",1798.5,1.2324e-7
21,"R_Date","S-37-T4",,"likelihood",1799.5,7.189e-8
21,"R_Date","S-37-T4",,"likelihood",1800.5,5.135e-8
21,"R_Date","S-37-T4",,"likelihood",1801.5,4.108e-8
21,"R_Date","S-37-T4",,"likelihood",1802.5,3.081e-8
21,"R_Date","S-37-T4",,"likelihood",1803.5,3.081e-8
21,"R_Date","S-37-T4",,"likelihood",1804.5,2.054e-8
21,"R_Date","S-37-T4",,"likelihood",1805.5,2.054e-8
21,"R_Date","S-37-T4",,"likelihood",1806.5,2.054e-8
21,"R_Date","S-37-T4",,"likelihood",1807.5,1.027e-8
21,"R_Date","S-37-T4",,"likelihood",1808.5,1.027e-8
21,"R_Date","S-37-T4",,"likelihood",1809.5,1.027e-8
21,"R_Date","S-37-T4",,"likelihood",1810.5,0
21,"R_Date","S-37-T4",,"likelihood",1811.5,0
21,"R_Date","S-37-T4",,"likelihood",1812.5,0
21,"R_Date","S-37-T4",,"likelihood",1813.5,0
21,"R_Date","S-37-T4",,"likelihood",1814.5,0
21,"R_Date","S-37-T4",,"likelihood",1815.5,0
21,"R_Date","S-37-T4",,"likelihood",1816.5,0
21,"R_Date","S-37-T4",,"likelihood",1817.5,0
21,"R_Date","S-37-T4",,"likelihood",1818.5,0
21,"R_Date","S-37-T4",,"likelihood",1819.5,0
21,"R_Date","S-37-T4",,"likelihood",1820.5,0
21,"R_Date","S-37-T4",,"likelihood",1821.5,0
21,"R_Date","S-37-T4",,"likelihood",1822.5,0
21,"R_Date","S-37-T4",,"likelihood",1823.5,0
21,"R_Date","S-37-T4",,"likelihood",1824.5,0
21,"R_Date","S-37-T4",,"likelihood",1825.5,0
21,"R_Date","S-37-T4",,"likelihood",1826.5,0
21,"R_Date","S-37-T4",,"likelihood",1827.5,0
21,"R_Date","S-37-T4",,"likelihood",1828.5,0
21,"R_Date","S-37-T4",,"likelihood",1829.5,0
21,"R_Date","S-37-T4",,"likelihood",1830.5,0
21,"R_Date","S-37-T4",,"likelihood",1831.5,0
21,"R_Date","S-37-T4",,"likelihood",1832.5,0
21,"R_Date","S-37-T4",,"likelihood",1833.5,0
21,"R_Date","S-37-T4",,"likelihood",1834.5,0
21,"R_Date","S-37-T4",,"likelihood",1835.5,0
21,"R_Date","S-37-T4",,"likelihood",1836.5,0
21,"R_Date","S-37-T4",,"likelihood",1837.5,0
21,"R_Date","S-37-T4",,"likelihood",1838.5,0
21,"R_Date","S-37-T4",,"likelihood",1839.5,0
21,"R_Date","S-37-T4",,"likelihood",1840.5,0
21,"R_Date","S-37-T4",,"likelihood",1841.5,0
21,"R_Date","S-37-T4",,"likelihood",1842.5,0
21,"R_Date","S-37-T4",,"likelihood",1843.5,0
21,"R_Date","S-37-T4",,"likelihood",1844.5,0
21,"R_Date","S-37-T4",,"likelihood",1845.5,0
21,"R_Date","S-37-T4",,"likelihood",1846.5,0
21,"R_Date","S-37-T4",,"likelihood",1847.5,0
21,"R_Date","S-37-T4",,"likelihood",1848.5,0
21,"R_Date","S-37-T4",,"likelihood",1849.5,0
21,"R_Date","S-37-T4",,"likelihood",1850.5,0
21,"R_Date","S-37-T4",,"likelihood",1851.5,0
21,"R_Date","S-37-T4",,"likelihood",1852.5,0
21,"R_Date","S-37-T4",,"likelihood",1853.5,0
21,"R_Date","S-37-T4",,"likelihood",1854.5,0
21,"R_Date","S-37-T4",,"likelihood",1855.5,0
21,"R_Date","S-37-T4",,"likelihood",1856.5,0
21,"R_Date","S-37-T4",,"likelihood",1857.5,0
21,"R_Date","S-37-T4",,"likelihood",1858.5,0
21,"R_Date","S-37-T4",,"likelihood",1859.5,0
21,"R_Date","S-37-T4",,"likelihood",1860.5,0
21,"R_Date","S-37-T4",,"likelihood",1861.5,0
21,"R_Date","S-37-T4",,"likelihood",1862.5,0
21,"R_Date","S-37-T4",,"likelihood",1863.5,0
21,"R_Date","S-37-T4",,"likelihood",1864.5,0
21,"R_Date","S-37-T4",,"likelihood",1865.5,0
21,"R_Date","S-37-T4",,"likelihood",1866.5,0
21,"R_Date","S-37-T4",,"likelihood",1867.5,0
21,"R_Date","S-37-T4",,"likelihood",1868.5,0
21,"R_Date","S-37-T4",,"likelihood",1869.5,0
21,"R_Date","S-37-T4",,"likelihood",1870.5,0
21,"R_Date","S-37-T4",,"likelihood",1871.5,0
21,"R_Date","S-37-T4",,"likelihood",1872.5,0
21,"R_Date","S-37-T4",,"likelihood",1873.5,0
21,"R_Date","S-37-T4",,"likelihood",1874.5,0
21,"R_Date","S-37-T4",,"likelihood",1875.5,0
21,"R_Date","S-37-T4",,"likelihood",1876.5,0
21,"R_Date","S-37-T4",,"likelihood",1877.5,0
21,"R_Date","S-37-T4",,"likelihood",1878.5,0
21,"R_Date","S-37-T4",,"likelihood",1879.5,0
21,"R_Date","S-37-T4",,"likelihood",1880.5,0
21,"R_Date","S-37-T4",,"likelihood",1881.5,0
21,"R_Date","S-37-T4",,"likelihood",1882.5,0
21,"R_Date","S-37-T4",,"likelihood",1883.5,0
21,"R_Date","S-37-T4",,"likelihood",1884.5,0
21,"R_Date","S-37-T4",,"likelihood",1885.5,0
21,"R_Date","S-37-T4",,"likelihood",1886.5,0
21,"R_Date","S-37-T4",,"likelihood",1887.5,0
21,"R_Date","S-37-T4",,"likelihood",1888.5,0
21,"R_Date","S-37-T4",,"likelihood",1889.5,0
21,"R_Date","S-37-T4",,"likelihood",1890.5,0
21,"R_Date","S-37-T4",,"likelihood",1891.5,0
21,"R_Date","S-37-T4",,"likelihood",1892.5,0
21,"R_Date","S-37-T4",,"likelihood",1893.5,0
21,"R_Date","S-37-T4",,"likelihood",1894.5,0
21,"R_Date","S-37-T4",,"likelihood",1895.5,0
21,"R_Date","S-37-T4",,"likelihood",1896.5,0
21,"R_Date","S-37-T4",,"likelihood",1897.5,0
21,"R_Date","S-37-T4",,"likelihood",1898.5,0
21,"R_Date","S-37-T4",,"likelihood",1899.5,0
21,"R_Date","S-37-T4",,"likelihood",1900.5,0
21,"R_Date","S-37-T4",,"likelihood",1901.5,0
21,"R_Date","S-37-T4",,"likelihood",1902.5,0
21,"R_Date","S-37-T4",,"likelihood",1903.5,0
21,"R_Date","S-37-T4",,"likelihood",1904.5,0
21,"R_Date","S-37-T4",,"likelihood",1905.5,0
21,"R_Date","S-37-T4",,"likelihood",1906.5,0
21,"R_Date","S-37-T4",,"likelihood",1907.5,0
21,"R_Date","S-37-T4",,"likelihood",1908.5,0
21,"R_Date","S-37-T4",,"likelihood",1909.5,0
21,"R_Date","S-37-T4",,"likelihood",1910.5,0
21,"R_Date","S-37-T4",,"likelihood",1911.5,0
21,"R_Date","S-37-T4",,"likelihood",1912.5,0
21,"R_Date","S-37-T4",,"likelihood",1913.5,0
21,"R_Date","S-37-T4",,"likelihood",1914.5,0
21,"R_Date","S-37-T4",,"likelihood",1915.5,0
21,"R_Date","S-37-T4",,"likelihood",1916.5,0
21,"R_Date","S-37-T4",,"likelihood",1917.5,0
21,"R_Date","S-37-T4",,"likelihood",1918.5,0
21,"R_Date","S-37-T4",,"likelihood",1919.5,0
21,"R_Date","S-37-T4",,"likelihood",1920.5,0
21,"R_Date","S-37-T4",,"likelihood",1921.5,1.027e-8
21,"R_Date","S-37-T4",,"likelihood",1922.5,1.027e-8
21,"R_Date","S-37-T4",,"likelihood",1923.5,1.027e-8
21,"R_Date","S-37-T4",,"likelihood",1924.5,1.027e-8
21,"R_Date","S-37-T4",,"likelihood",1925.5,1.027e-8
21,"R_Date","S-37-T4",,"likelihood",1926.5,2.054e-8
21,"R_Date","S-37-T4",,"likelihood",1927.5,2.054e-8
21,"R_Date","S-37-T4",,"likelihood",1928.5,3.081e-8
21,"R_Date","S-37-T4",,"likelihood",1929.5,3.081e-8
21,"R_Date","S-37-T4",,"likelihood",1930.5,4.108e-8
21,"R_Date","S-37-T4",,"likelihood",1931.5,4.108e-8
21,"R_Date","S-37-T4",,"likelihood",1932.5,4.108e-8
21,"R_Date","S-37-T4",,"likelihood",1933.5,3.081e-8
21,"R_Date","S-37-T4",,"likelihood",1934.5,3.081e-8
21,"R_Date","S-37-T4",,"likelihood",1935.5,3.081e-8
21,"R_Date","S-37-T4",,"likelihood",1936.5,3.081e-8
21,"R_Date","S-37-T4",,"likelihood",1937.5,3.081e-8
21,"R_Date","S-37-T4",,"likelihood",1938.5,4.108e-8
21,"R_Date","S-37-T4",,"likelihood",1939.5,5.135e-8
21,"R_Date","S-37-T4",,"likelihood",1940.5,6.162e-8
21,"R_Date","S-37-T4",,"likelihood",1941.5,8.216e-8
21,"R_Date","S-37-T4",,"likelihood",1942.5,1.1297e-7
21,"R_Date","S-37-T4",,"likelihood",1943.5,1.4378e-7
21,"R_Date","S-37-T4",,"likelihood",1944.5,1.8486e-7
21,"R_Date","S-37-T4",,"likelihood",1945.5,2.2594e-7
21,"R_Date","S-37-T4",,"likelihood",1946.5,2.5675e-7
21,"R_Date","S-37-T4",,"likelihood",1947.5,3.184e-7
21,"R_Date","S-37-T4",,"likelihood",1948.5,3.594e-7
21,"R_Date","S-37-T4",,"likelihood",1949.5,4.108e-7
21,"R_Date","S-37-T4",,"likelihood",1950.5,3.903e-7
21,"R_Date","S-37-T4",,"posterior",1314.5,0
21,"R_Date","S-37-T4",,"posterior",1315.5,2.6448e-7
21,"R_Date","S-37-T4",,"posterior",1316.5,7.824e-7
21,"R_Date","S-37-T4",,"posterior",1317.5,2.6448e-7
21,"R_Date","S-37-T4",,"posterior",1318.5,0
21,"R_Date","S-37-T4",,"posterior",1319.5,0
21,"R_Date","S-37-T4",,"posterior",1320.5,0
21,"R_Date","S-37-T4",,"posterior",1321.5,0
21,"R_Date","S-37-T4",,"posterior",1322.5,0
21,"R_Date","S-37-T4",,"posterior",1323.5,0.0000015648
21,"R_Date","S-37-T4",,"posterior",1324.5,0.0000010469
21,"R_Date","S-37-T4",,"posterior",1325.5,0.0000010469
21,"R_Date","S-37-T4",,"posterior",1326.5,0.0000010469
21,"R_Date","S-37-T4",,"posterior",1327.5,7.824e-7
21,"R_Date","S-37-T4",,"posterior",1328.5,0.0000013003
21,"R_Date","S-37-T4",,"posterior",1329.5,0.0000015648
21,"R_Date","S-37-T4",,"posterior",1330.5,0.0000028651
21,"R_Date","S-37-T4",,"posterior",1331.5,0.00000573
21,"R_Date","S-37-T4",,"posterior",1332.5,0.000007295
21,"R_Date","S-37-T4",,"posterior",1333.5,0.000003901
21,"R_Date","S-37-T4",,"posterior",1334.5,0.000009378
21,"R_Date","S-37-T4",,"posterior",1335.5,0.000007295
21,"R_Date","S-37-T4",,"posterior",1336.5,0.000009113
21,"R_Date","S-37-T4",,"posterior",1337.5,0.000006766
21,"R_Date","S-37-T4",,"posterior",1338.5,0.000013025
21,"R_Date","S-37-T4",,"posterior",1339.5,0.000012243
21,"R_Date","S-37-T4",,"posterior",1340.5,0.000022139
21,"R_Date","S-37-T4",,"posterior",1341.5,0.000009378
21,"R_Date","S-37-T4",,"posterior",1342.5,0.000015891
21,"R_Date","S-37-T4",,"posterior",1343.5,0.000019009
21,"R_Date","S-37-T4",,"posterior",1344.5,0.000021092
21,"R_Date","S-37-T4",,"posterior",1345.5,0.000020574
21,"R_Date","S-37-T4",,"posterior",1346.5,0.000024475
21,"R_Date","S-37-T4",,"posterior",1347.5,0.000025786
21,"R_Date","S-37-T4",,"posterior",1348.5,0.00003464
21,"R_Date","S-37-T4",,"posterior",1349.5,0.00003359
21,"R_Date","S-37-T4",,"posterior",1350.5,0.00003594
21,"R_Date","S-37-T4",,"posterior",1351.5,0.00005521
21,"R_Date","S-37-T4",,"posterior",1352.5,0.00005677
21,"R_Date","S-37-T4",,"posterior",1353.5,0.00004505
21,"R_Date","S-37-T4",,"posterior",1354.5,0.00005156
21,"R_Date","S-37-T4",,"posterior",1355.5,0.00006042
21,"R_Date","S-37-T4",,"posterior",1356.5,0.00005964
21,"R_Date","S-37-T4",,"posterior",1357.5,0.00004791
21,"R_Date","S-37-T4",,"posterior",1358.5,0.0000724
21,"R_Date","S-37-T4",,"posterior",1359.5,0.00007344
21,"R_Date","S-37-T4",,"posterior",1360.5,0.00006068
21,"R_Date","S-37-T4",,"posterior",1361.5,0.00007135
21,"R_Date","S-37-T4",,"posterior",1362.5,0.00006484
21,"R_Date","S-37-T4",,"posterior",1363.5,0.00006224
21,"R_Date","S-37-T4",,"posterior",1364.5,0.00006276
21,"R_Date","S-37-T4",,"posterior",1365.5,0.00007057
21,"R_Date","S-37-T4",,"posterior",1366.5,0.00006302
21,"R_Date","S-37-T4",,"posterior",1367.5,0.00006042
21,"R_Date","S-37-T4",,"posterior",1368.5,0.00006146
21,"R_Date","S-37-T4",,"posterior",1369.5,0.00005964
21,"R_Date","S-37-T4",,"posterior",1370.5,0.00005261
21,"R_Date","S-37-T4",,"posterior",1371.5,0.00005521
21,"R_Date","S-37-T4",,"posterior",1372.5,0.00004635
21,"R_Date","S-37-T4",,"posterior",1373.5,0.00005729
21,"R_Date","S-37-T4",,"posterior",1374.5,0.00005183
21,"R_Date","S-37-T4",,"posterior",1375.5,0.00005573
21,"R_Date","S-37-T4",,"posterior",1376.5,0.00006016
21,"R_Date","S-37-T4",,"posterior",1377.5,0.00007318
21,"R_Date","S-37-T4",,"posterior",1378.5,0.00008281
21,"R_Date","S-37-T4",,"posterior",1379.5,0.00011067
21,"R_Date","S-37-T4",,"posterior",1380.5,0.00013073
21,"R_Date","S-37-T4",,"posterior",1381.5,0.00013751
21,"R_Date","S-37-T4",,"posterior",1382.5,0.00015938
21,"R_Date","S-37-T4",,"posterior",1383.5,0.00020599
21,"R_Date","S-37-T4",,"posterior",1384.5,0.00022135
21,"R_Date","S-37-T4",,"posterior",1385.5,0.00024922
21,"R_Date","S-37-T4",,"posterior",1386.5,0.00026459
21,"R_Date","S-37-T4",,"posterior",1387.5,0.00029584
21,"R_Date","S-37-T4",,"posterior",1388.5,0.0003401
21,"R_Date","S-37-T4",,"posterior",1389.5,0.0004083
21,"R_Date","S-37-T4",,"posterior",1390.5,0.0004544
21,"R_Date","S-37-T4",,"posterior",1391.5,0.0005268
21,"R_Date","S-37-T4",,"posterior",1392.5,0.0006333
21,"R_Date","S-37-T4",,"posterior",1393.5,0.0007398
21,"R_Date","S-37-T4",,"posterior",1394.5,0.0008685
21,"R_Date","S-37-T4",,"posterior",1395.5,0.0009018
21,"R_Date","S-37-T4",,"posterior",1396.5,0.0010719
21,"R_Date","S-37-T4",,"posterior",1397.5,0.0012482
21,"R_Date","S-37-T4",,"posterior",1398.5,0.0014328
21,"R_Date","S-37-T4",,"posterior",1399.5,0.0015013
21,"R_Date","S-37-T4",,"posterior",1400.5,0.0017271
21,"R_Date","S-37-T4",,"posterior",1401.5,0.0017807
21,"R_Date","S-37-T4",,"posterior",1402.5,0.0019378
21,"R_Date","S-37-T4",,"posterior",1403.5,0.0021724
21,"R_Date","S-37-T4",,"posterior",1404.5,0.002218
21,"R_Date","S-37-T4",,"posterior",1405.5,0.0024745
21,"R_Date","S-37-T4",,"posterior",1406.5,0.0026763
21,"R_Date","S-37-T4",,"posterior",1407.5,0.0030378
21,"R_Date","S-37-T4",,"posterior",1408.5,0.003118
21,"R_Date","S-37-T4",,"posterior",1409.5,0.003352
21,"R_Date","S-37-T4",,"posterior",1410.5,0.003647
21,"R_Date","S-37-T4",,"posterior",1411.5,0.003958
21,"R_Date","S-37-T4",,"posterior",1412.5,0.004171
21,"R_Date","S-37-T4",,"posterior",1413.5,0.00453
21,"R_Date","S-37-T4",,"posterior",1414.5,0.004707
21,"R_Date","S-37-T4",,"posterior",1415.5,0.004718
21,"R_Date","S-37-T4",,"posterior",1416.5,0.005064
21,"R_Date","S-37-T4",,"posterior",1417.5,0.005362
21,"R_Date","S-37-T4",,"posterior",1418.5,0.005651
21,"R_Date","S-37-T4",,"posterior",1419.5,0.005848
21,"R_Date","S-37-T4",,"posterior",1420.5,0.006227
21,"R_Date","S-37-T4",,"posterior",1421.5,0.006732
21,"R_Date","S-37-T4",,"posterior",1422.5,0.006949
21,"R_Date","S-37-T4",,"posterior",1423.5,0.007234
21,"R_Date","S-37-T4",,"posterior",1424.5,0.00719
21,"R_Date","S-37-T4",,"posterior",1425.5,0.007688
21,"R_Date","S-37-T4",,"posterior",1426.5,0.008048
21,"R_Date","S-37-T4",,"posterior",1427.5,0.008221
21,"R_Date","S-37-T4",,"posterior",1428.5,0.008573
21,"R_Date","S-37-T4",,"posterior",1429.5,0.008708
21,"R_Date","S-37-T4",,"posterior",1430.5,0.009086
21,"R_Date","S-37-T4",,"posterior",1431.5,0.009322
21,"R_Date","S-37-T4",,"posterior",1432.5,0.009836
21,"R_Date","S-37-T4",,"posterior",1433.5,0.009759
21,"R_Date","S-37-T4",,"posterior",1434.5,0.010357
21,"R_Date","S-37-T4",,"posterior",1435.5,0.010509
21,"R_Date","S-37-T4",,"posterior",1436.5,0.010481
21,"R_Date","S-37-T4",,"posterior",1437.5,0.01048
21,"R_Date","S-37-T4",,"posterior",1438.5,0.010728
21,"R_Date","S-37-T4",,"posterior",1439.5,0.010727
21,"R_Date","S-37-T4",,"posterior",1440.5,0.010874
21,"R_Date","S-37-T4",,"posterior",1441.5,0.01102
21,"R_Date","S-37-T4",,"posterior",1442.5,0.010712
21,"R_Date","S-37-T4",,"posterior",1443.5,0.010879
21,"R_Date","S-37-T4",,"posterior",1444.5,0.010693
21,"R_Date","S-37-T4",,"posterior",1445.5,0.010291
21,"R_Date","S-37-T4",,"posterior",1446.5,0.010341
21,"R_Date","S-37-T4",,"posterior",1447.5,0.010096
21,"R_Date","S-37-T4",,"posterior",1448.5,0.009816
21,"R_Date","S-37-T4",,"posterior",1449.5,0.00957
21,"R_Date","S-37-T4",,"posterior",1450.5,0.009424
21,"R_Date","S-37-T4",,"posterior",1451.5,0.009428
21,"R_Date","S-37-T4",,"posterior",1452.5,0.009239
21,"R_Date","S-37-T4",,"posterior",1453.5,0.009003
21,"R_Date","S-37-T4",,"posterior",1454.5,0.008814
21,"R_Date","S-37-T4",,"posterior",1455.5,0.008442
21,"R_Date","S-37-T4",,"posterior",1456.5,0.008061
21,"R_Date","S-37-T4",,"posterior",1457.5,0.007275
21,"R_Date","S-37-T4",,"posterior",1458.5,0.006748
21,"R_Date","S-37-T4",,"posterior",1459.5,0.006157
21,"R_Date","S-37-T4",,"posterior",1460.5,0.005761
21,"R_Date","S-37-T4",,"posterior",1461.5,0.005795
21,"R_Date","S-37-T4",,"posterior",1462.5,0.005866
21,"R_Date","S-37-T4",,"posterior",1463.5,0.00603
21,"R_Date","S-37-T4",,"posterior",1464.5,0.006338
21,"R_Date","S-37-T4",,"posterior",1465.5,0.006559
21,"R_Date","S-37-T4",,"posterior",1466.5,0.006813
21,"R_Date","S-37-T4",,"posterior",1467.5,0.006924
21,"R_Date","S-37-T4",,"posterior",1468.5,0.006839
21,"R_Date","S-37-T4",,"posterior",1469.5,0.006703
21,"R_Date","S-37-T4",,"posterior",1470.5,0.00669
21,"R_Date","S-37-T4",,"posterior",1471.5,0.006867
21,"R_Date","S-37-T4",,"posterior",1472.5,0.006865
21,"R_Date","S-37-T4",,"posterior",1473.5,0.006592
21,"R_Date","S-37-T4",,"posterior",1474.5,0.00636
21,"R_Date","S-37-T4",,"posterior",1475.5,0.005987
21,"R_Date","S-37-T4",,"posterior",1476.5,0.005631
21,"R_Date","S-37-T4",,"posterior",1477.5,0.005362
21,"R_Date","S-37-T4",,"posterior",1478.5,0.005015
21,"R_Date","S-37-T4",,"posterior",1479.5,0.004801
21,"R_Date","S-37-T4",,"posterior",1480.5,0.004737
21,"R_Date","S-37-T4",,"posterior",1481.5,0.004592
21,"R_Date","S-37-T4",,"posterior",1482.5,0.004599
21,"R_Date","S-37-T4",,"posterior",1483.5,0.004487
21,"R_Date","S-37-T4",,"posterior",1484.5,0.004533
21,"R_Date","S-37-T4",,"posterior",1485.5,0.004585
21,"R_Date","S-37-T4",,"posterior",1486.5,0.004621
21,"R_Date","S-37-T4",,"posterior",1487.5,0.004704
21,"R_Date","S-37-T4",,"posterior",1488.5,0.004629
21,"R_Date","S-37-T4",,"posterior",1489.5,0.004614
21,"R_Date","S-37-T4",,"posterior",1490.5,0.004446
21,"R_Date","S-37-T4",,"posterior",1491.5,0.004399
21,"R_Date","S-37-T4",,"posterior",1492.5,0.004362
21,"R_Date","S-37-T4",,"posterior",1493.5,0.004153
21,"R_Date","S-37-T4",,"posterior",1494.5,0.004107
21,"R_Date","S-37-T4",,"posterior",1495.5,0.003915
21,"R_Date","S-37-T4",,"posterior",1496.5,0.003791
21,"R_Date","S-37-T4",,"posterior",1497.5,0.003725
21,"R_Date","S-37-T4",,"posterior",1498.5,0.003718
21,"R_Date","S-37-T4",,"posterior",1499.5,0.003604
21,"R_Date","S-37-T4",,"posterior",1500.5,0.003722
21,"R_Date","S-37-T4",,"posterior",1501.5,0.00376
21,"R_Date","S-37-T4",,"posterior",1502.5,0.003613
21,"R_Date","S-37-T4",,"posterior",1503.5,0.003581
21,"R_Date","S-37-T4",,"posterior",1504.5,0.003553
21,"R_Date","S-37-T4",,"posterior",1505.5,0.003467
21,"R_Date","S-37-T4",,"posterior",1506.5,0.003365
21,"R_Date","S-37-T4",,"posterior",1507.5,0.003216
21,"R_Date","S-37-T4",,"posterior",1508.5,0.003143
21,"R_Date","S-37-T4",,"posterior",1509.5,0.0030529
21,"R_Date","S-37-T4",,"posterior",1510.5,0.0029187
21,"R_Date","S-37-T4",,"posterior",1511.5,0.0027974
21,"R_Date","S-37-T4",,"posterior",1512.5,0.0026898
21,"R_Date","S-37-T4",,"posterior",1513.5,0.0026206
21,"R_Date","S-37-T4",,"posterior",1514.5,0.0026305
21,"R_Date","S-37-T4",,"posterior",1515.5,0.0026839
21,"R_Date","S-37-T4",,"posterior",1516.5,0.0026982
21,"R_Date","S-37-T4",,"posterior",1517.5,0.0026318
21,"R_Date","S-37-T4",,"posterior",1518.5,0.0026164
21,"R_Date","S-37-T4",,"posterior",1519.5,0.0025206
21,"R_Date","S-37-T4",,"posterior",1520.5,0.0023398
21,"R_Date","S-37-T4",,"posterior",1521.5,0.0022089
21,"R_Date","S-37-T4",,"posterior",1522.5,0.0019844
21,"R_Date","S-37-T4",,"posterior",1523.5,0.001749
21,"R_Date","S-37-T4",,"posterior",1524.5,0.001562
21,"R_Date","S-37-T4",,"posterior",1525.5,0.001382
21,"R_Date","S-37-T4",,"posterior",1526.5,0.0011721
21,"R_Date","S-37-T4",,"posterior",1527.5,0.0009995
21,"R_Date","S-37-T4",,"posterior",1528.5,0.0008273
21,"R_Date","S-37-T4",,"posterior",1529.5,0.0007117
21,"R_Date","S-37-T4",,"posterior",1530.5,0.0006841
21,"R_Date","S-37-T4",,"posterior",1531.5,0.0006031
21,"R_Date","S-37-T4",,"posterior",1532.5,0.0005495
21,"R_Date","S-37-T4",,"posterior",1533.5,0.0005286
21,"R_Date","S-37-T4",,"posterior",1534.5,0.0005279
21,"R_Date","S-37-T4",,"posterior",1535.5,0.0005549
21,"R_Date","S-37-T4",,"posterior",1536.5,0.0005917
21,"R_Date","S-37-T4",,"posterior",1537.5,0.0006151
21,"R_Date","S-37-T4",,"posterior",1538.5,0.0006576
21,"R_Date","S-37-T4",,"posterior",1539.5,0.0007227
21,"R_Date","S-37-T4",,"posterior",1540.5,0.0007979
21,"R_Date","S-37-T4",,"posterior",1541.5,0.0007987
21,"R_Date","S-37-T4",,"posterior",1542.5,0.0008594
21,"R_Date","S-37-T4",,"posterior",1543.5,0.0008865
21,"R_Date","S-37-T4",,"posterior",1544.5,0.0008865
21,"R_Date","S-37-T4",,"posterior",1545.5,0.0008813
21,"R_Date","S-37-T4",,"posterior",1546.5,0.0007781
21,"R_Date","S-37-T4",,"posterior",1547.5,0.0007823
21,"R_Date","S-37-T4",,"posterior",1548.5,0.0007542
21,"R_Date","S-37-T4",,"posterior",1549.5,0.0007625
21,"R_Date","S-37-T4",,"posterior",1550.5,0.0008336
21,"R_Date","S-37-T4",,"posterior",1551.5,0.0008802
21,"R_Date","S-37-T4",,"posterior",1552.5,0.0009969
21,"R_Date","S-37-T4",,"posterior",1553.5,0.0010937
21,"R_Date","S-37-T4",,"posterior",1554.5,0.0010987
21,"R_Date","S-37-T4",,"posterior",1555.5,0.001149
21,"R_Date","S-37-T4",,"posterior",1556.5,0.0011849
21,"R_Date","S-37-T4",,"posterior",1557.5,0.0013177
21,"R_Date","S-37-T4",,"posterior",1558.5,0.0013607
21,"R_Date","S-37-T4",,"posterior",1559.5,0.0014508
21,"R_Date","S-37-T4",,"posterior",1560.5,0.0015688
21,"R_Date","S-37-T4",,"posterior",1561.5,0.0016357
21,"R_Date","S-37-T4",,"posterior",1562.5,0.0017065
21,"R_Date","S-37-T4",,"posterior",1563.5,0.0016609
21,"R_Date","S-37-T4",,"posterior",1564.5,0.0015885
21,"R_Date","S-37-T4",,"posterior",1565.5,0.0015174
21,"R_Date","S-37-T4",,"posterior",1566.5,0.0013956
21,"R_Date","S-37-T4",,"posterior",1567.5,0.0013703
21,"R_Date","S-37-T4",,"posterior",1568.5,0.0013487
21,"R_Date","S-37-T4",,"posterior",1569.5,0.0013354
21,"R_Date","S-37-T4",,"posterior",1570.5,0.0014523
21,"R_Date","S-37-T4",,"posterior",1571.5,0.0015648
21,"R_Date","S-37-T4",,"posterior",1572.5,0.0016341
21,"R_Date","S-37-T4",,"posterior",1573.5,0.0017214
21,"R_Date","S-37-T4",,"posterior",1574.5,0.001863
21,"R_Date","S-37-T4",,"posterior",1575.5,0.001901
21,"R_Date","S-37-T4",,"posterior",1576.5,0.0020925
21,"R_Date","S-37-T4",,"posterior",1577.5,0.0020656
21,"R_Date","S-37-T4",,"posterior",1578.5,0.0022081
21,"R_Date","S-37-T4",,"posterior",1579.5,0.002193
21,"R_Date","S-37-T4",,"posterior",1580.5,0.0023237
21,"R_Date","S-37-T4",,"posterior",1581.5,0.0023169
21,"R_Date","S-37-T4",,"posterior",1582.5,0.0023096
21,"R_Date","S-37-T4",,"posterior",1583.5,0.0022609
21,"R_Date","S-37-T4",,"posterior",1584.5,0.0023135
21,"R_Date","S-37-T4",,"posterior",1585.5,0.0022404
21,"R_Date","S-37-T4",,"posterior",1586.5,0.0022573
21,"R_Date","S-37-T4",,"posterior",1587.5,0.0023245
21,"R_Date","S-37-T4",,"posterior",1588.5,0.0024406
21,"R_Date","S-37-T4",,"posterior",1589.5,0.002626
21,"R_Date","S-37-T4",,"posterior",1590.5,0.0028383
21,"R_Date","S-37-T4",,"posterior",1591.5,0.0031146
21,"R_Date","S-37-T4",,"posterior",1592.5,0.003329
21,"R_Date","S-37-T4",,"posterior",1593.5,0.003534
21,"R_Date","S-37-T4",,"posterior",1594.5,0.003848
21,"R_Date","S-37-T4",,"posterior",1595.5,0.004128
21,"R_Date","S-37-T4",,"posterior",1596.5,0.00412
21,"R_Date","S-37-T4",,"posterior",1597.5,0.004378
21,"R_Date","S-37-T4",,"posterior",1598.5,0.00439
21,"R_Date","S-37-T4",,"posterior",1599.5,0.004554
21,"R_Date","S-37-T4",,"posterior",1600.5,0.004932
21,"R_Date","S-37-T4",,"posterior",1601.5,0.004985
21,"R_Date","S-37-T4",,"posterior",1602.5,0.005544
21,"R_Date","S-37-T4",,"posterior",1603.5,0.006069
21,"R_Date","S-37-T4",,"posterior",1604.5,0.006599
21,"R_Date","S-37-T4",,"posterior",1605.5,0.006903
21,"R_Date","S-37-T4",,"posterior",1606.5,0.006807
21,"R_Date","S-37-T4",,"posterior",1607.5,0.006355
21,"R_Date","S-37-T4",,"posterior",1608.5,0.005992
21,"R_Date","S-37-T4",,"posterior",1609.5,0.005772
21,"R_Date","S-37-T4",,"posterior",1610.5,0.005261
21,"R_Date","S-37-T4",,"posterior",1611.5,0.005313
21,"R_Date","S-37-T4",,"posterior",1612.5,0.005246
21,"R_Date","S-37-T4",,"posterior",1613.5,0.005272
21,"R_Date","S-37-T4",,"posterior",1614.5,0.005291
21,"R_Date","S-37-T4",,"posterior",1615.5,0.005232
21,"R_Date","S-37-T4",,"posterior",1616.5,0.005006
21,"R_Date","S-37-T4",,"posterior",1617.5,0.00448
21,"R_Date","S-37-T4",,"posterior",1618.5,0.003869
21,"R_Date","S-37-T4",,"posterior",1619.5,0.003569
21,"R_Date","S-37-T4",,"posterior",1620.5,0.0031018
21,"R_Date","S-37-T4",,"posterior",1621.5,0.0027367
21,"R_Date","S-37-T4",,"posterior",1622.5,0.0023591
21,"R_Date","S-37-T4",,"posterior",1623.5,0.0021701
21,"R_Date","S-37-T4",,"posterior",1624.5,0.0020518
21,"R_Date","S-37-T4",,"posterior",1625.5,0.0020112
21,"R_Date","S-37-T4",,"posterior",1626.5,0.0020698
21,"R_Date","S-37-T4",,"posterior",1627.5,0.0021018
21,"R_Date","S-37-T4",,"posterior",1628.5,0.0021323
21,"R_Date","S-37-T4",,"posterior",1629.5,0.0019531
21,"R_Date","S-37-T4",,"posterior",1630.5,0.0017763
21,"R_Date","S-37-T4",,"posterior",1631.5,0.0016573
21,"R_Date","S-37-T4",,"posterior",1632.5,0.0014102
21,"R_Date","S-37-T4",,"posterior",1633.5,0.0011427
21,"R_Date","S-37-T4",,"posterior",1634.5,0.0009518
21,"R_Date","S-37-T4",,"posterior",1635.5,0.0007943
21,"R_Date","S-37-T4",,"posterior",1636.5,0.0006844
21,"R_Date","S-37-T4",,"posterior",1637.5,0.0005367
21,"R_Date","S-37-T4",,"posterior",1638.5,0.0004685
21,"R_Date","S-37-T4",,"posterior",1639.5,0.0004047
21,"R_Date","S-37-T4",,"posterior",1640.5,0.00030652
21,"R_Date","S-37-T4",,"posterior",1641.5,0.00023229
21,"R_Date","S-37-T4",,"posterior",1642.5,0.00020521
21,"R_Date","S-37-T4",,"posterior",1643.5,0.00016511
21,"R_Date","S-37-T4",,"posterior",1644.5,0.00012865
21,"R_Date","S-37-T4",,"posterior",1645.5,0.0001211
21,"R_Date","S-37-T4",,"posterior",1646.5,0.00008828
21,"R_Date","S-37-T4",,"posterior",1647.5,0.00007838
21,"R_Date","S-37-T4",,"posterior",1648.5,0.00006771
21,"R_Date","S-37-T4",,"posterior",1649.5,0.00005469
21,"R_Date","S-37-T4",,"posterior",1650.5,0.00004583
21,"R_Date","S-37-T4",,"posterior",1651.5,0.00003958
21,"R_Date","S-37-T4",,"posterior",1652.5,0.0000349
21,"R_Date","S-37-T4",,"posterior",1653.5,0.00003542
21,"R_Date","S-37-T4",,"posterior",1654.5,0.000026558
21,"R_Date","S-37-T4",,"posterior",1655.5,0.000025257
21,"R_Date","S-37-T4",,"posterior",1656.5,0.000021356
21,"R_Date","S-37-T4",,"posterior",1657.5,0.000016926
21,"R_Date","S-37-T4",,"posterior",1658.5,0.000014061
21,"R_Date","S-37-T4",,"posterior",1659.5,0.000013797
21,"R_Date","S-37-T4",,"posterior",1660.5,0.000008078
21,"R_Date","S-37-T4",,"posterior",1661.5,0.000006766
21,"R_Date","S-37-T4",,"posterior",1662.5,0.000006513
21,"R_Date","S-37-T4",,"posterior",1663.5,0.0000023472
21,"R_Date","S-37-T4",,"posterior",1664.5,0.000003901
21,"R_Date","S-37-T4",,"posterior",1665.5,0.0000013003
21,"R_Date","S-37-T4",,"posterior",1666.5,0.0000026007
21,"R_Date","S-37-T4",,"posterior",1667.5,0.0000020827
21,"R_Date","S-37-T4",,"posterior",1668.5,2.6448e-7
21,"R_Date","S-37-T4",,"posterior",1669.5,7.824e-7
24,"R_Date","S-35-T4",,"likelihood",1402.5,0
24,"R_Date","S-35-T4",,"likelihood",1403.5,5.599e-9
24,"R_Date","S-35-T4",,"likelihood",1404.5,5.599e-9
24,"R_Date","S-35-T4",,"likelihood",1405.5,5.599e-9
24,"R_Date","S-35-T4",,"likelihood",1406.5,1.1198e-8
24,"R_Date","S-35-T4",,"likelihood",1407.5,1.1198e-8
24,"R_Date","S-35-T4",,"likelihood",1408.5,1.6797e-8
24,"R_Date","S-35-T4",,"likelihood",1409.5,2.2396e-8
24,"R_Date","S-35-T4",,"likelihood",1410.5,3.359e-8
24,"R_Date","S-35-T4",,"likelihood",1411.5,3.919e-8
24,"R_Date","S-35-T4",,"likelihood",1412.5,5.039e-8
24,"R_Date","S-35-T4",,"likelihood",1413.5,5.599e-8
24,"R_Date","S-35-T4",,"likelihood",1414.5,6.159e-8
24,"R_Date","S-35-T4",,"likelihood",1415.5,6.159e-8
24,"R_Date","S-35-T4",,"likelihood",1416.5,6.159e-8
24,"R_Date","S-35-T4",,"likelihood",1417.5,6.159e-8
24,"R_Date","S-35-T4",,"likelihood",1418.5,6.719e-8
24,"R_Date","S-35-T4",,"likelihood",1419.5,7.279e-8
24,"R_Date","S-35-T4",,"likelihood",1420.5,8.399e-8
24,"R_Date","S-35-T4",,"likelihood",1421.5,1.1198e-7
24,"R_Date","S-35-T4",,"likelihood",1422.5,1.4558e-7
24,"R_Date","S-35-T4",,"likelihood",1423.5,2.1277e-7
24,"R_Date","S-35-T4",,"likelihood",1424.5,3.0235e-7
24,"R_Date","S-35-T4",,"likelihood",1425.5,4.031e-7
24,"R_Date","S-35-T4",,"likelihood",1426.5,5.319e-7
24,"R_Date","S-35-T4",,"likelihood",1427.5,6.495e-7
24,"R_Date","S-35-T4",,"likelihood",1428.5,7.447e-7
24,"R_Date","S-35-T4",,"likelihood",1429.5,7.951e-7
24,"R_Date","S-35-T4",,"likelihood",1430.5,8.511e-7
24,"R_Date","S-35-T4",,"likelihood",1431.5,9.071e-7
24,"R_Date","S-35-T4",,"likelihood",1432.5,0.0000010358
24,"R_Date","S-35-T4",,"likelihood",1433.5,0.000001187
24,"R_Date","S-35-T4",,"likelihood",1434.5,0.0000013494
24,"R_Date","S-35-T4",,"likelihood",1435.5,0.0000017469
24,"R_Date","S-35-T4",,"likelihood",1436.5,0.0000021165
24,"R_Date","S-35-T4",,"likelihood",1437.5,0.0000027212
24,"R_Date","S-35-T4",,"likelihood",1438.5,0.000003281
24,"R_Date","S-35-T4",,"likelihood",1439.5,0.000003942
24,"R_Date","S-35-T4",,"likelihood",1440.5,0.000004451
24,"R_Date","S-35-T4",,"likelihood",1441.5,0.00000533
24,"R_Date","S-35-T4",,"likelihood",1442.5,0.000006366
24,"R_Date","S-35-T4",,"likelihood",1443.5,0.000007592
24,"R_Date","S-35-T4",,"likelihood",1444.5,0.000009563
24,"R_Date","S-35-T4",,"likelihood",1445.5,0.000011993
24,"R_Date","S-35-T4",,"likelihood",1446.5,0.000014182
24,"R_Date","S-35-T4",,"likelihood",1447.5,0.000017665
24,"R_Date","S-35-T4",,"likelihood",1448.5,0.00002192
24,"R_Date","S-35-T4",,"likelihood",1449.5,0.000025705
24,"R_Date","S-35-T4",,"likelihood",1450.5,0.000030067
24,"R_Date","S-35-T4",,"likelihood",1451.5,0.00003334
24,"R_Date","S-35-T4",,"likelihood",1452.5,0.00003694
24,"R_Date","S-35-T4",,"likelihood",1453.5,0.00004087
24,"R_Date","S-35-T4",,"likelihood",1454.5,0.00004749
24,"R_Date","S-35-T4",,"likelihood",1455.5,0.00005781
24,"R_Date","S-35-T4",,"likelihood",1456.5,0.00007349
24,"R_Date","S-35-T4",,"likelihood",1457.5,0.00009284
24,"R_Date","S-35-T4",,"likelihood",1458.5,0.00011654
24,"R_Date","S-35-T4",,"likelihood",1459.5,0.00013916
24,"R_Date","S-35-T4",,"likelihood",1460.5,0.00016548
24,"R_Date","S-35-T4",,"likelihood",1461.5,0.00017269
24,"R_Date","S-35-T4",,"likelihood",1462.5,0.00018017
24,"R_Date","S-35-T4",,"likelihood",1463.5,0.00017269
24,"R_Date","S-35-T4",,"likelihood",1464.5,0.00016548
24,"R_Date","S-35-T4",,"likelihood",1465.5,0.00015853
24,"R_Date","S-35-T4",,"likelihood",1466.5,0.00015182
24,"R_Date","S-35-T4",,"likelihood",1467.5,0.00015853
24,"R_Date","S-35-T4",,"likelihood",1468.5,0.00016548
24,"R_Date","S-35-T4",,"likelihood",1469.5,0.00017269
24,"R_Date","S-35-T4",,"likelihood",1470.5,0.00018017
24,"R_Date","S-35-T4",,"likelihood",1471.5,0.00018017
24,"R_Date","S-35-T4",,"likelihood",1472.5,0.00018793
24,"R_Date","S-35-T4",,"likelihood",1473.5,0.00020431
24,"R_Date","S-35-T4",,"likelihood",1474.5,0.00022189
24,"R_Date","S-35-T4",,"likelihood",1475.5,0.00025065
24,"R_Date","S-35-T4",,"likelihood",1476.5,0.00028249
24,"R_Date","S-35-T4",,"likelihood",1477.5,0.0003176
24,"R_Date","S-35-T4",,"likelihood",1478.5,0.000343
24,"R_Date","S-35-T4",,"likelihood",1479.5,0.0003701
24,"R_Date","S-35-T4",,"likelihood",1480.5,0.0003988
24,"R_Date","S-35-T4",,"likelihood",1481.5,0.0004139
24,"R_Date","S-35-T4",,"likelihood",1482.5,0.000425
24,"R_Date","S-35-T4",,"likelihood",1483.5,0.0004409
24,"R_Date","S-35-T4",,"likelihood",1484.5,0.0004409
24,"R_Date","S-35-T4",,"likelihood",1485.5,0.0004409
24,"R_Date","S-35-T4",,"likelihood",1486.5,0.0004409
24,"R_Date","S-35-T4",,"likelihood",1487.5,0.0004409
24,"R_Date","S-35-T4",,"likelihood",1488.5,0.0004618
24,"R_Date","S-35-T4",,"likelihood",1489.5,0.0004787
24,"R_Date","S-35-T4",,"likelihood",1490.5,0.0004962
24,"R_Date","S-35-T4",,"likelihood",1491.5,0.0005141
24,"R_Date","S-35-T4",,"likelihood",1492.5,0.0005325
24,"R_Date","S-35-T4",,"likelihood",1493.5,0.000571
24,"R_Date","S-35-T4",,"likelihood",1494.5,0.000591
24,"R_Date","S-35-T4",,"likelihood",1495.5,0.0006327
24,"R_Date","S-35-T4",,"likelihood",1496.5,0.0006544
24,"R_Date","S-35-T4",,"likelihood",1497.5,0.0006766
24,"R_Date","S-35-T4",,"likelihood",1498.5,0.0006766
24,"R_Date","S-35-T4",,"likelihood",1499.5,0.0006994
24,"R_Date","S-35-T4",,"likelihood",1500.5,0.0006994
24,"R_Date","S-35-T4",,"likelihood",1501.5,0.0006994
24,"R_Date","S-35-T4",,"likelihood",1502.5,0.0007228
24,"R_Date","S-35-T4",,"likelihood",1503.5,0.0007468
24,"R_Date","S-35-T4",,"likelihood",1504.5,0.0007714
24,"R_Date","S-35-T4",,"likelihood",1505.5,0.0007966
24,"R_Date","S-35-T4",,"likelihood",1506.5,0.0008224
24,"R_Date","S-35-T4",,"likelihood",1507.5,0.0008488
24,"R_Date","S-35-T4",,"likelihood",1508.5,0.0008759
24,"R_Date","S-35-T4",,"likelihood",1509.5,0.0009318
24,"R_Date","S-35-T4",,"likelihood",1510.5,0.0009608
24,"R_Date","S-35-T4",,"likelihood",1511.5,0.0010206
24,"R_Date","S-35-T4",,"likelihood",1512.5,0.0010453
24,"R_Date","S-35-T4",,"likelihood",1513.5,0.0010768
24,"R_Date","S-35-T4",,"likelihood",1514.5,0.0010768
24,"R_Date","S-35-T4",,"likelihood",1515.5,0.001083
24,"R_Date","S-35-T4",,"likelihood",1516.5,0.001083
24,"R_Date","S-35-T4",,"likelihood",1517.5,0.001083
24,"R_Date","S-35-T4",,"likelihood",1518.5,0.0011152
24,"R_Date","S-35-T4",,"likelihood",1519.5,0.001148
24,"R_Date","S-35-T4",,"likelihood",1520.5,0.0012505
24,"R_Date","S-35-T4",,"likelihood",1521.5,0.0013221
24,"R_Date","S-35-T4",,"likelihood",1522.5,0.0014346
24,"R_Date","S-35-T4",,"likelihood",1523.5,0.0015529
24,"R_Date","S-35-T4",,"likelihood",1524.5,0.001677
24,"R_Date","S-35-T4",,"likelihood",1525.5,0.0018457
24,"R_Date","S-35-T4",,"likelihood",1526.5,0.00203
24,"R_Date","S-35-T4",,"likelihood",1527.5,0.0022233
24,"R_Date","S-35-T4",,"likelihood",1528.5,0.0024247
24,"R_Date","S-35-T4",,"likelihood",1529.5,0.0025806
24,"R_Date","S-35-T4",,"likelihood",1530.5,0.0027429
24,"R_Date","S-35-T4",,"likelihood",1531.5,0.0028503
24,"R_Date","S-35-T4",,"likelihood",1532.5,0.0029588
24,"R_Date","S-35-T4",,"likelihood",1533.5,0.0030134
24,"R_Date","S-35-T4",,"likelihood",1534.5,0.0030134
24,"R_Date","S-35-T4",,"likelihood",1535.5,0.0029588
24,"R_Date","S-35-T4",,"likelihood",1536.5,0.0029045
24,"R_Date","S-35-T4",,"likelihood",1537.5,0.0027937
24,"R_Date","S-35-T4",,"likelihood",1538.5,0.0026896
24,"R_Date","S-35-T4",,"likelihood",1539.5,0.0025842
24,"R_Date","S-35-T4",,"likelihood",1540.5,0.0024763
24,"R_Date","S-35-T4",,"likelihood",1541.5,0.0024289
24,"R_Date","S-35-T4",,"likelihood",1542.5,0.0023737
24,"R_Date","S-35-T4",,"likelihood",1543.5,0.0023275
24,"R_Date","S-35-T4",,"likelihood",1544.5,0.002378
24,"R_Date","S-35-T4",,"likelihood",1545.5,0.0024289
24,"R_Date","S-35-T4",,"likelihood",1546.5,0.0024802
24,"R_Date","S-35-T4",,"likelihood",1547.5,0.002532
24,"R_Date","S-35-T4",,"likelihood",1548.5,0.002532
24,"R_Date","S-35-T4",,"likelihood",1549.5,0.002532
24,"R_Date","S-35-T4",,"likelihood",1550.5,0.0024289
24,"R_Date","S-35-T4",,"likelihood",1551.5,0.0023275
24,"R_Date","S-35-T4",,"likelihood",1552.5,0.002228
24,"R_Date","S-35-T4",,"likelihood",1553.5,0.0021306
24,"R_Date","S-35-T4",,"likelihood",1554.5,0.0020826
24,"R_Date","S-35-T4",,"likelihood",1555.5,0.0020352
24,"R_Date","S-35-T4",,"likelihood",1556.5,0.0019884
24,"R_Date","S-35-T4",,"likelihood",1557.5,0.0018964
24,"R_Date","S-35-T4",,"likelihood",1558.5,0.0018513
24,"R_Date","S-35-T4",,"likelihood",1559.5,0.001763
24,"R_Date","S-35-T4",,"likelihood",1560.5,0.001677
24,"R_Date","S-35-T4",,"likelihood",1561.5,0.001635
24,"R_Date","S-35-T4",,"likelihood",1562.5,0.0015936
24,"R_Date","S-35-T4",,"likelihood",1563.5,0.001635
24,"R_Date","S-35-T4",,"likelihood",1564.5,0.001677
24,"R_Date","S-35-T4",,"likelihood",1565.5,0.001763
24,"R_Date","S-35-T4",,"likelihood",1566.5,0.0018068
24,"R_Date","S-35-T4",,"likelihood",1567.5,0.0018513
24,"R_Date","S-35-T4",,"likelihood",1568.5,0.0018457
24,"R_Date","S-35-T4",,"likelihood",1569.5,0.0018513
24,"R_Date","S-35-T4",,"likelihood",1570.5,0.001763
24,"R_Date","S-35-T4",,"likelihood",1571.5,0.0017197
24,"R_Date","S-35-T4",,"likelihood",1572.5,0.001635
24,"R_Date","S-35-T4",,"likelihood",1573.5,0.0015936
24,"R_Date","S-35-T4",,"likelihood",1574.5,0.0015128
24,"R_Date","S-35-T4",,"likelihood",1575.5,0.0014733
24,"R_Date","S-35-T4",,"likelihood",1576.5,0.0013964
24,"R_Date","S-35-T4",,"likelihood",1577.5,0.0013589
24,"R_Date","S-35-T4",,"likelihood",1578.5,0.0013221
24,"R_Date","S-35-T4",,"likelihood",1579.5,0.0013221
24,"R_Date","S-35-T4",,"likelihood",1580.5,0.001286
24,"R_Date","S-35-T4",,"likelihood",1581.5,0.001286
24,"R_Date","S-35-T4",,"likelihood",1582.5,0.001286
24,"R_Date","S-35-T4",,"likelihood",1583.5,0.001286
24,"R_Date","S-35-T4",,"likelihood",1584.5,0.001286
24,"R_Date","S-35-T4",,"likelihood",1585.5,0.0013221
24,"R_Date","S-35-T4",,"likelihood",1586.5,0.0013221
24,"R_Date","S-35-T4",,"likelihood",1587.5,0.001286
24,"R_Date","S-35-T4",,"likelihood",1588.5,0.0012505
24,"R_Date","S-35-T4",,"likelihood",1589.5,0.0011815
24,"R_Date","S-35-T4",,"likelihood",1590.5,0.0011152
24,"R_Date","S-35-T4",,"likelihood",1591.5,0.0010206
24,"R_Date","S-35-T4",,"likelihood",1592.5,0.0009608
24,"R_Date","S-35-T4",,"likelihood",1593.5,0.0009035
24,"R_Date","S-35-T4",,"likelihood",1594.5,0.0008488
24,"R_Date","S-35-T4",,"likelihood",1595.5,0.0007966
24,"R_Date","S-35-T4",,"likelihood",1596.5,0.0007966
24,"R_Date","S-35-T4",,"likelihood",1597.5,0.0007714
24,"R_Date","S-35-T4",,"likelihood",1598.5,0.0007468
24,"R_Date","S-35-T4",,"likelihood",1599.5,0.0007228
24,"R_Date","S-35-T4",,"likelihood",1600.5,0.0006994
24,"R_Date","S-35-T4",,"likelihood",1601.5,0.0006544
24,"R_Date","S-35-T4",,"likelihood",1602.5,0.000591
24,"R_Date","S-35-T4",,"likelihood",1603.5,0.0005325
24,"R_Date","S-35-T4",,"likelihood",1604.5,0.0004962
24,"R_Date","S-35-T4",,"likelihood",1605.5,0.0004787
24,"R_Date","S-35-T4",,"likelihood",1606.5,0.0004787
24,"R_Date","S-35-T4",,"likelihood",1607.5,0.0005141
24,"R_Date","S-35-T4",,"likelihood",1608.5,0.0005515
24,"R_Date","S-35-T4",,"likelihood",1609.5,0.000591
24,"R_Date","S-35-T4",,"likelihood",1610.5,0.0006327
24,"R_Date","S-35-T4",,"likelihood",1611.5,0.0006544
24,"R_Date","S-35-T4",,"likelihood",1612.5,0.0006544
24,"R_Date","S-35-T4",,"likelihood",1613.5,0.0006544
24,"R_Date","S-35-T4",,"likelihood",1614.5,0.0006544
24,"R_Date","S-35-T4",,"likelihood",1615.5,0.0006766
24,"R_Date","S-35-T4",,"likelihood",1616.5,0.0006994
24,"R_Date","S-35-T4",,"likelihood",1617.5,0.0007714
24,"R_Date","S-35-T4",,"likelihood",1618.5,0.0008759
24,"R_Date","S-35-T4",,"likelihood",1619.5,0.0009608
24,"R_Date","S-35-T4",,"likelihood",1620.5,0.001083
24,"R_Date","S-35-T4",,"likelihood",1621.5,0.0012157
24,"R_Date","S-35-T4",,"likelihood",1622.5,0.0013589
24,"R_Date","S-35-T4",,"likelihood",1623.5,0.0014346
24,"R_Date","S-35-T4",,"likelihood",1624.5,0.0014733
24,"R_Date","S-35-T4",,"likelihood",1625.5,0.0015128
24,"R_Date","S-35-T4",,"likelihood",1626.5,0.0015128
24,"R_Date","S-35-T4",,"likelihood",1627.5,0.0014733
24,"R_Date","S-35-T4",,"likelihood",1628.5,0.0014733
24,"R_Date","S-35-T4",,"likelihood",1629.5,0.0015529
24,"R_Date","S-35-T4",,"likelihood",1630.5,0.001635
24,"R_Date","S-35-T4",,"likelihood",1631.5,0.0017197
24,"R_Date","S-35-T4",,"likelihood",1632.5,0.0018964
24,"R_Date","S-35-T4",,"likelihood",1633.5,0.0021306
24,"R_Date","S-35-T4",,"likelihood",1634.5,0.0023275
24,"R_Date","S-35-T4",,"likelihood",1635.5,0.0025842
24,"R_Date","S-35-T4",,"likelihood",1636.5,0.0027965
24,"R_Date","S-35-T4",,"likelihood",1637.5,0.0030134
24,"R_Date","S-35-T4",,"likelihood",1638.5,0.003178
24,"R_Date","S-35-T4",,"likelihood",1639.5,0.0034
24,"R_Date","S-35-T4",,"likelihood",1640.5,0.003621
24,"R_Date","S-35-T4",,"likelihood",1641.5,0.003895
24,"R_Date","S-35-T4",,"likelihood",1642.5,0.00411
24,"R_Date","S-35-T4",,"likelihood",1643.5,0.004317
24,"R_Date","S-35-T4",,"likelihood",1644.5,0.004516
24,"R_Date","S-35-T4",,"likelihood",1645.5,0.004658
24,"R_Date","S-35-T4",,"likelihood",1646.5,0.004794
24,"R_Date","S-35-T4",,"likelihood",1647.5,0.004921
24,"R_Date","S-35-T4",,"likelihood",1648.5,0.005077
24,"R_Date","S-35-T4",,"likelihood",1649.5,0.005182
24,"R_Date","S-35-T4",,"likelihood",1650.5,0.005247
24,"R_Date","S-35-T4",,"likelihood",1651.5,0.005306
24,"R_Date","S-35-T4",,"likelihood",1652.5,0.005361
24,"R_Date","S-35-T4",,"likelihood",1653.5,0.005386
24,"R_Date","S-35-T4",,"likelihood",1654.5,0.005433
24,"R_Date","S-35-T4",,"likelihood",1655.5,0.005454
24,"R_Date","S-35-T4",,"likelihood",1656.5,0.005492
24,"R_Date","S-35-T4",,"likelihood",1657.5,0.005539
24,"R_Date","S-35-T4",,"likelihood",1658.5,0.005573
24,"R_Date","S-35-T4",,"likelihood",1659.5,0.005593
24,"R_Date","S-35-T4",,"likelihood",1660.5,0.005599
24,"R_Date","S-35-T4",,"likelihood",1661.5,0.005581
24,"R_Date","S-35-T4",,"likelihood",1662.5,0.005539
24,"R_Date","S-35-T4",,"likelihood",1663.5,0.005473
24,"R_Date","S-35-T4",,"likelihood",1664.5,0.005409
24,"R_Date","S-35-T4",,"likelihood",1665.5,0.005304
24,"R_Date","S-35-T4",,"likelihood",1666.5,0.005179
24,"R_Date","S-35-T4",,"likelihood",1667.5,0.004996
24,"R_Date","S-35-T4",,"likelihood",1668.5,0.004786
24,"R_Date","S-35-T4",,"likelihood",1669.5,0.004603
24,"R_Date","S-35-T4",,"likelihood",1670.5,0.004356
24,"R_Date","S-35-T4",,"likelihood",1671.5,0.004147
24,"R_Date","S-35-T4",,"likelihood",1672.5,0.003931
24,"R_Date","S-35-T4",,"likelihood",1673.5,0.003821
24,"R_Date","S-35-T4",,"likelihood",1674.5,0.003766
24,"R_Date","S-35-T4",,"likelihood",1675.5,0.003766
24,"R_Date","S-35-T4",,"likelihood",1676.5,0.003766
24,"R_Date","S-35-T4",,"likelihood",1677.5,0.003766
24,"R_Date","S-35-T4",,"likelihood",1678.5,0.00371
24,"R_Date","S-35-T4",,"likelihood",1679.5,0.003599
24,"R_Date","S-35-T4",,"likelihood",1680.5,0.003486
24,"R_Date","S-35-T4",,"likelihood",1681.5,0.003318
24,"R_Date","S-35-T4",,"likelihood",1682.5,0.003205
24,"R_Date","S-35-T4",,"likelihood",1683.5,0.0030377
24,"R_Date","S-35-T4",,"likelihood",1684.5,0.0028167
24,"R_Date","S-35-T4",,"likelihood",1685.5,0.0026538
24,"R_Date","S-35-T4",,"likelihood",1686.5,0.0024901
24,"R_Date","S-35-T4",,"likelihood",1687.5,0.0023337
24,"R_Date","S-35-T4",,"likelihood",1688.5,0.0021816
24,"R_Date","S-35-T4",,"likelihood",1689.5,0.0020342
24,"R_Date","S-35-T4",,"likelihood",1690.5,0.0018921
24,"R_Date","S-35-T4",,"likelihood",1691.5,0.0017554
24,"R_Date","S-35-T4",,"likelihood",1692.5,0.0016245
24,"R_Date","S-35-T4",,"likelihood",1693.5,0.0014996
24,"R_Date","S-35-T4",,"likelihood",1694.5,0.0013808
24,"R_Date","S-35-T4",,"likelihood",1695.5,0.001232
24,"R_Date","S-35-T4",,"likelihood",1696.5,0.0011277
24,"R_Date","S-35-T4",,"likelihood",1697.5,0.0009982
24,"R_Date","S-35-T4",,"likelihood",1698.5,0.0009083
24,"R_Date","S-35-T4",,"likelihood",1699.5,0.0008244
24,"R_Date","S-35-T4",,"likelihood",1700.5,0.0007717
24,"R_Date","S-35-T4",,"likelihood",1701.5,0.0007216
24,"R_Date","S-35-T4",,"likelihood",1702.5,0.0006974
24,"R_Date","S-35-T4",,"likelihood",1703.5,0.0006974
24,"R_Date","S-35-T4",,"likelihood",1704.5,0.0007216
24,"R_Date","S-35-T4",,"likelihood",1705.5,0.0007216
24,"R_Date","S-35-T4",,"likelihood",1706.5,0.0007216
24,"R_Date","S-35-T4",,"likelihood",1707.5,0.0007216
24,"R_Date","S-35-T4",,"likelihood",1708.5,0.0006974
24,"R_Date","S-35-T4",,"likelihood",1709.5,0.000651
24,"R_Date","S-35-T4",,"likelihood",1710.5,0.000607
24,"R_Date","S-35-T4",,"likelihood",1711.5,0.0005653
24,"R_Date","S-35-T4",,"likelihood",1712.5,0.0005259
24,"R_Date","S-35-T4",,"likelihood",1713.5,0.000507
24,"R_Date","S-35-T4",,"likelihood",1714.5,0.0004886
24,"R_Date","S-35-T4",,"likelihood",1715.5,0.0004708
24,"R_Date","S-35-T4",,"likelihood",1716.5,0.0004708
24,"R_Date","S-35-T4",,"likelihood",1717.5,0.0004886
24,"R_Date","S-35-T4",,"likelihood",1718.5,0.0005453
24,"R_Date","S-35-T4",,"likelihood",1719.5,0.000607
24,"R_Date","S-35-T4",,"likelihood",1720.5,0.0006974
24,"R_Date","S-35-T4",,"likelihood",1721.5,0.0007977
24,"R_Date","S-35-T4",,"likelihood",1722.5,0.0009083
24,"R_Date","S-35-T4",,"likelihood",1723.5,0.0010296
24,"R_Date","S-35-T4",,"likelihood",1724.5,0.0011618
24,"R_Date","S-35-T4",,"likelihood",1725.5,0.0013116
24,"R_Date","S-35-T4",,"likelihood",1726.5,0.0014658
24,"R_Date","S-35-T4",,"likelihood",1727.5,0.0016308
24,"R_Date","S-35-T4",,"likelihood",1728.5,0.0018518
24,"R_Date","S-35-T4",,"likelihood",1729.5,0.0020881
24,"R_Date","S-35-T4",,"likelihood",1730.5,0.0022872
24,"R_Date","S-35-T4",,"likelihood",1731.5,0.002547
24,"R_Date","S-35-T4",,"likelihood",1732.5,0.0027078
24,"R_Date","S-35-T4",,"likelihood",1733.5,0.0028167
24,"R_Date","S-35-T4",,"likelihood",1734.5,0.0028716
24,"R_Date","S-35-T4",,"likelihood",1735.5,0.0029267
24,"R_Date","S-35-T4",,"likelihood",1736.5,0.0029821
24,"R_Date","S-35-T4",,"likelihood",1737.5,0.0030377
24,"R_Date","S-35-T4",,"likelihood",1738.5,0.0031493
24,"R_Date","S-35-T4",,"likelihood",1739.5,0.003261
24,"R_Date","S-35-T4",,"likelihood",1740.5,0.00343
24,"R_Date","S-35-T4",,"likelihood",1741.5,0.003599
24,"R_Date","S-35-T4",,"likelihood",1742.5,0.003766
24,"R_Date","S-35-T4",,"likelihood",1743.5,0.003876
24,"R_Date","S-35-T4",,"likelihood",1744.5,0.003986
24,"R_Date","S-35-T4",,"likelihood",1745.5,0.003986
24,"R_Date","S-35-T4",,"likelihood",1746.5,0.003986
24,"R_Date","S-35-T4",,"likelihood",1747.5,0.003986
24,"R_Date","S-35-T4",,"likelihood",1748.5,0.003931
24,"R_Date","S-35-T4",,"likelihood",1749.5,0.003876
24,"R_Date","S-35-T4",,"likelihood",1750.5,0.003821
24,"R_Date","S-35-T4",,"likelihood",1751.5,0.00371
24,"R_Date","S-35-T4",,"likelihood",1752.5,0.003543
24,"R_Date","S-35-T4",,"likelihood",1753.5,0.003374
24,"R_Date","S-35-T4",,"likelihood",1754.5,0.003205
24,"R_Date","S-35-T4",,"likelihood",1755.5,0.0030359
24,"R_Date","S-35-T4",,"likelihood",1756.5,0.0029244
24,"R_Date","S-35-T4",,"likelihood",1757.5,0.0028167
24,"R_Date","S-35-T4",,"likelihood",1758.5,0.0027621
24,"R_Date","S-35-T4",,"likelihood",1759.5,0.0028167
24,"R_Date","S-35-T4",,"likelihood",1760.5,0.0029267
24,"R_Date","S-35-T4",,"likelihood",1761.5,0.0031493
24,"R_Date","S-35-T4",,"likelihood",1762.5,0.003318
24,"R_Date","S-35-T4",,"likelihood",1763.5,0.003486
24,"R_Date","S-35-T4",,"likelihood",1764.5,0.003655
24,"R_Date","S-35-T4",,"likelihood",1765.5,0.003821
24,"R_Date","S-35-T4",,"likelihood",1766.5,0.003931
24,"R_Date","S-35-T4",,"likelihood",1767.5,0.004094
24,"R_Date","S-35-T4",,"likelihood",1768.5,0.0042
24,"R_Date","S-35-T4",,"likelihood",1769.5,0.004252
24,"R_Date","S-35-T4",,"likelihood",1770.5,0.004252
24,"R_Date","S-35-T4",,"likelihood",1771.5,0.004147
24,"R_Date","S-35-T4",,"likelihood",1772.5,0.00404
24,"R_Date","S-35-T4",,"likelihood",1773.5,0.003876
24,"R_Date","S-35-T4",,"likelihood",1774.5,0.00371
24,"R_Date","S-35-T4",,"likelihood",1775.5,0.003655
24,"R_Date","S-35-T4",,"likelihood",1776.5,0.003655
24,"R_Date","S-35-T4",,"likelihood",1777.5,0.003766
24,"R_Date","S-35-T4",,"likelihood",1778.5,0.003931
24,"R_Date","S-35-T4",,"likelihood",1779.5,0.0042
24,"R_Date","S-35-T4",,"likelihood",1780.5,0.004456
24,"R_Date","S-35-T4",,"likelihood",1781.5,0.004742
24,"R_Date","S-35-T4",,"likelihood",1782.5,0.004956
24,"R_Date","S-35-T4",,"likelihood",1783.5,0.005145
24,"R_Date","S-35-T4",,"likelihood",1784.5,0.005275
24,"R_Date","S-35-T4",,"likelihood",1785.5,0.005409
24,"R_Date","S-35-T4",,"likelihood",1786.5,0.005492
24,"R_Date","S-35-T4",,"likelihood",1787.5,0.005539
24,"R_Date","S-35-T4",,"likelihood",1788.5,0.005573
24,"R_Date","S-35-T4",,"likelihood",1789.5,0.005593
24,"R_Date","S-35-T4",,"likelihood",1790.5,0.005597
24,"R_Date","S-35-T4",,"likelihood",1791.5,0.005593
24,"R_Date","S-35-T4",,"likelihood",1792.5,0.005581
24,"R_Date","S-35-T4",,"likelihood",1793.5,0.005539
24,"R_Date","S-35-T4",,"likelihood",1794.5,0.005432
24,"R_Date","S-35-T4",,"likelihood",1795.5,0.005212
24,"R_Date","S-35-T4",,"likelihood",1796.5,0.004873
24,"R_Date","S-35-T4",,"likelihood",1797.5,0.004456
24,"R_Date","S-35-T4",,"likelihood",1798.5,0.003986
24,"R_Date","S-35-T4",,"likelihood",1799.5,0.003599
24,"R_Date","S-35-T4",,"likelihood",1800.5,0.003261
24,"R_Date","S-35-T4",,"likelihood",1801.5,0.0030377
24,"R_Date","S-35-T4",,"likelihood",1802.5,0.0029267
24,"R_Date","S-35-T4",,"likelihood",1803.5,0.0028167
24,"R_Date","S-35-T4",,"likelihood",1804.5,0.0027078
24,"R_Date","S-35-T4",,"likelihood",1805.5,0.0026538
24,"R_Date","S-35-T4",,"likelihood",1806.5,0.0024942
24,"R_Date","S-35-T4",,"likelihood",1807.5,0.0023383
24,"R_Date","S-35-T4",,"likelihood",1808.5,0.0020881
24,"R_Date","S-35-T4",,"likelihood",1809.5,0.0018064
24,"R_Date","S-35-T4",,"likelihood",1810.5,0.001547
24,"R_Date","S-35-T4",,"likelihood",1811.5,0.0013116
24,"R_Date","S-35-T4",,"likelihood",1812.5,0.0011008
24,"R_Date","S-35-T4",,"likelihood",1813.5,0.000974
24,"R_Date","S-35-T4",,"likelihood",1814.5,0.000858
24,"R_Date","S-35-T4",,"likelihood",1815.5,0.0007778
24,"R_Date","S-35-T4",,"likelihood",1816.5,0.0007033
24,"R_Date","S-35-T4",,"likelihood",1817.5,0.0006797
24,"R_Date","S-35-T4",,"likelihood",1818.5,0.000651
24,"R_Date","S-35-T4",,"likelihood",1819.5,0.0006287
24,"R_Date","S-35-T4",,"likelihood",1820.5,0.0006287
24,"R_Date","S-35-T4",,"likelihood",1821.5,0.000651
24,"R_Date","S-35-T4",,"likelihood",1822.5,0.0006287
24,"R_Date","S-35-T4",,"likelihood",1823.5,0.0006287
24,"R_Date","S-35-T4",,"likelihood",1824.5,0.0005858
24,"R_Date","S-35-T4",,"likelihood",1825.5,0.0005453
24,"R_Date","S-35-T4",,"likelihood",1826.5,0.000507
24,"R_Date","S-35-T4",,"likelihood",1827.5,0.0004708
24,"R_Date","S-35-T4",,"likelihood",1828.5,0.0004758
24,"R_Date","S-35-T4",,"likelihood",1829.5,0.0004758
24,"R_Date","S-35-T4",,"likelihood",1830.5,0.000507
24,"R_Date","S-35-T4",,"likelihood",1831.5,0.0005453
24,"R_Date","S-35-T4",,"likelihood",1832.5,0.0006287
24,"R_Date","S-35-T4",,"likelihood",1833.5,0.0007275
24,"R_Date","S-35-T4",,"likelihood",1834.5,0.0008306
24,"R_Date","S-35-T4",,"likelihood",1835.5,0.0009676
24,"R_Date","S-35-T4",,"likelihood",1836.5,0.0011008
24,"R_Date","S-35-T4",,"likelihood",1837.5,0.0011965
24,"R_Date","S-35-T4",,"likelihood",1838.5,0.0013116
24,"R_Date","S-35-T4",,"likelihood",1839.5,0.0013491
24,"R_Date","S-35-T4",,"likelihood",1840.5,0.0013873
24,"R_Date","S-35-T4",,"likelihood",1841.5,0.0013873
24,"R_Date","S-35-T4",,"likelihood",1842.5,0.0013491
24,"R_Date","S-35-T4",,"likelihood",1843.5,0.0013116
24,"R_Date","S-35-T4",,"likelihood",1844.5,0.0012747
24,"R_Date","S-35-T4",,"likelihood",1845.5,0.0012386
24,"R_Date","S-35-T4",,"likelihood",1846.5,0.0012031
24,"R_Date","S-35-T4",,"likelihood",1847.5,0.0012031
24,"R_Date","S-35-T4",,"likelihood",1848.5,0.0011683
24,"R_Date","S-35-T4",,"likelihood",1849.5,0.0012031
24,"R_Date","S-35-T4",,"likelihood",1850.5,0.0012031
24,"R_Date","S-35-T4",,"likelihood",1851.5,0.0012386
24,"R_Date","S-35-T4",,"likelihood",1852.5,0.0012747
24,"R_Date","S-35-T4",,"likelihood",1853.5,0.0013116
24,"R_Date","S-35-T4",,"likelihood",1854.5,0.0013116
24,"R_Date","S-35-T4",,"likelihood",1855.5,0.0013116
24,"R_Date","S-35-T4",,"likelihood",1856.5,0.0012747
24,"R_Date","S-35-T4",,"likelihood",1857.5,0.0012386
24,"R_Date","S-35-T4",,"likelihood",1858.5,0.0012386
24,"R_Date","S-35-T4",,"likelihood",1859.5,0.0012031
24,"R_Date","S-35-T4",,"likelihood",1860.5,0.001232
24,"R_Date","S-35-T4",,"likelihood",1861.5,0.0012681
24,"R_Date","S-35-T4",,"likelihood",1862.5,0.001305
24,"R_Date","S-35-T4",,"likelihood",1863.5,0.0013425
24,"R_Date","S-35-T4",,"likelihood",1864.5,0.0013808
24,"R_Date","S-35-T4",,"likelihood",1865.5,0.0013425
24,"R_Date","S-35-T4",,"likelihood",1866.5,0.001305
24,"R_Date","S-35-T4",,"likelihood",1867.5,0.001232
24,"R_Date","S-35-T4",,"likelihood",1868.5,0.0011965
24,"R_Date","S-35-T4",,"likelihood",1869.5,0.0011618
24,"R_Date","S-35-T4",,"likelihood",1870.5,0.0011965
24,"R_Date","S-35-T4",,"likelihood",1871.5,0.001232
24,"R_Date","S-35-T4",,"likelihood",1872.5,0.001305
24,"R_Date","S-35-T4",,"likelihood",1873.5,0.0013808
24,"R_Date","S-35-T4",,"likelihood",1874.5,0.0014197
24,"R_Date","S-35-T4",,"likelihood",1875.5,0.0014262
24,"R_Date","S-35-T4",,"likelihood",1876.5,0.0014262
24,"R_Date","S-35-T4",,"likelihood",1877.5,0.0013491
24,"R_Date","S-35-T4",,"likelihood",1878.5,0.0012386
24,"R_Date","S-35-T4",,"likelihood",1879.5,0.0011008
24,"R_Date","S-35-T4",,"likelihood",1880.5,0.0010047
24,"R_Date","S-35-T4",,"likelihood",1881.5,0.000944
24,"R_Date","S-35-T4",,"likelihood",1882.5,0.000886
24,"R_Date","S-35-T4",,"likelihood",1883.5,0.000886
24,"R_Date","S-35-T4",,"likelihood",1884.5,0.0009147
24,"R_Date","S-35-T4",,"likelihood",1885.5,0.0009376
24,"R_Date","S-35-T4",,"likelihood",1886.5,0.000974
24,"R_Date","S-35-T4",,"likelihood",1887.5,0.0009376
24,"R_Date","S-35-T4",,"likelihood",1888.5,0.0009083
24,"R_Date","S-35-T4",,"likelihood",1889.5,0.0008517
24,"R_Date","S-35-T4",,"likelihood",1890.5,0.0007717
24,"R_Date","S-35-T4",,"likelihood",1891.5,0.0006974
24,"R_Date","S-35-T4",,"likelihood",1892.5,0.000607
24,"R_Date","S-35-T4",,"likelihood",1893.5,0.0005653
24,"R_Date","S-35-T4",,"likelihood",1894.5,0.0005311
24,"R_Date","S-35-T4",,"likelihood",1895.5,0.0005259
24,"R_Date","S-35-T4",,"likelihood",1896.5,0.000507
24,"R_Date","S-35-T4",,"likelihood",1897.5,0.0005311
24,"R_Date","S-35-T4",,"likelihood",1898.5,0.0005121
24,"R_Date","S-35-T4",,"likelihood",1899.5,0.0004937
24,"R_Date","S-35-T4",,"likelihood",1900.5,0.0004758
24,"R_Date","S-35-T4",,"likelihood",1901.5,0.0004584
24,"R_Date","S-35-T4",,"likelihood",1902.5,0.0004584
24,"R_Date","S-35-T4",,"likelihood",1903.5,0.0004758
24,"R_Date","S-35-T4",,"likelihood",1904.5,0.0005311
24,"R_Date","S-35-T4",,"likelihood",1905.5,0.0005858
24,"R_Date","S-35-T4",,"likelihood",1906.5,0.0006797
24,"R_Date","S-35-T4",,"likelihood",1907.5,0.0007778
24,"R_Date","S-35-T4",,"likelihood",1908.5,0.000858
24,"R_Date","S-35-T4",,"likelihood",1909.5,0.000944
24,"R_Date","S-35-T4",,"likelihood",1910.5,0.0010047
24,"R_Date","S-35-T4",,"likelihood",1911.5,0.0010361
24,"R_Date","S-35-T4",,"likelihood",1912.5,0.0010296
24,"R_Date","S-35-T4",,"likelihood",1913.5,0.0010681
24,"R_Date","S-35-T4",,"likelihood",1914.5,0.0011008
24,"R_Date","S-35-T4",,"likelihood",1915.5,0.0011683
24,"R_Date","S-35-T4",,"likelihood",1916.5,0.0012747
24,"R_Date","S-35-T4",,"likelihood",1917.5,0.0013873
24,"R_Date","S-35-T4",,"likelihood",1918.5,0.0015061
24,"R_Date","S-35-T4",,"likelihood",1919.5,0.0016308
24,"R_Date","S-35-T4",,"likelihood",1920.5,0.0017173
24,"R_Date","S-35-T4",,"likelihood",1921.5,0.0018518
24,"R_Date","S-35-T4",,"likelihood",1922.5,0.0018921
24,"R_Date","S-35-T4",,"likelihood",1923.5,0.0019919
24,"R_Date","S-35-T4",,"likelihood",1924.5,0.0021371
24,"R_Date","S-35-T4",,"likelihood",1925.5,0.0022872
24,"R_Date","S-35-T4",,"likelihood",1926.5,0.0024942
24,"R_Date","S-35-T4",,"likelihood",1927.5,0.0026538
24,"R_Date","S-35-T4",,"likelihood",1928.5,0.0028716
24,"R_Date","S-35-T4",,"likelihood",1929.5,0.0029821
24,"R_Date","S-35-T4",,"likelihood",1930.5,0.0030377
24,"R_Date","S-35-T4",,"likelihood",1931.5,0.0030934
24,"R_Date","S-35-T4",,"likelihood",1932.5,0.0030377
24,"R_Date","S-35-T4",,"likelihood",1933.5,0.0029821
24,"R_Date","S-35-T4",,"likelihood",1934.5,0.0029267
24,"R_Date","S-35-T4",,"likelihood",1935.5,0.0028716
24,"R_Date","S-35-T4",,"likelihood",1936.5,0.0028716
24,"R_Date","S-35-T4",,"likelihood",1937.5,0.0029292
24,"R_Date","S-35-T4",,"likelihood",1938.5,0.0030396
24,"R_Date","S-35-T4",,"likelihood",1939.5,0.003206
24,"R_Date","S-35-T4",,"likelihood",1940.5,0.00343
24,"R_Date","S-35-T4",,"likelihood",1941.5,0.003653
24,"R_Date","S-35-T4",,"likelihood",1942.5,0.003873
24,"R_Date","S-35-T4",,"likelihood",1943.5,0.004036
24,"R_Date","S-35-T4",,"likelihood",1944.5,0.004247
24,"R_Date","S-35-T4",,"likelihood",1945.5,0.0044
24,"R_Date","S-35-T4",,"likelihood",1946.5,0.004499
24,"R_Date","S-35-T4",,"likelihood",1947.5,0.004641
24,"R_Date","S-35-T4",,"likelihood",1948.5,0.004733
24,"R_Date","S-35-T4",,"likelihood",1949.5,0.004821
24,"R_Date","S-35-T4",,"likelihood",1950.5,0.004585
24,"R_Date","S-35-T4",,"posterior",1431.5,0
24,"R_Date","S-35-T4",,"posterior",1432.5,5.216e-7
24,"R_Date","S-35-T4",,"posterior",1433.5,5.216e-7
24,"R_Date","S-35-T4",,"posterior",1434.5,2.5445e-7
24,"R_Date","S-35-T4",,"posterior",1435.5,5.216e-7
24,"R_Date","S-35-T4",,"posterior",1436.5,7.761e-7
24,"R_Date","S-35-T4",,"posterior",1437.5,0.0000010433
24,"R_Date","S-35-T4",,"posterior",1438.5,0.0000026081
24,"R_Date","S-35-T4",,"posterior",1439.5,0.00000416
24,"R_Date","S-35-T4",,"posterior",1440.5,0.000003651
24,"R_Date","S-35-T4",,"posterior",1441.5,0.0000015649
24,"R_Date","S-35-T4",,"posterior",1442.5,0.0000031298
24,"R_Date","S-35-T4",,"posterior",1443.5,0.000006247
24,"R_Date","S-35-T4",,"posterior",1444.5,0.000007036
24,"R_Date","S-35-T4",,"posterior",1445.5,0.000011463
24,"R_Date","S-35-T4",,"posterior",1446.5,0.000011463
24,"R_Date","S-35-T4",,"posterior",1447.5,0.000019275
24,"R_Date","S-35-T4",,"posterior",1448.5,0.000025776
24,"R_Date","S-35-T4",,"posterior",1449.5,0.000029949
24,"R_Date","S-35-T4",,"posterior",1450.5,0.00003256
24,"R_Date","S-35-T4",,"posterior",1451.5,0.00003672
24,"R_Date","S-35-T4",,"posterior",1452.5,0.00004532
24,"R_Date","S-35-T4",,"posterior",1453.5,0.0000513
24,"R_Date","S-35-T4",,"posterior",1454.5,0.00005495
24,"R_Date","S-35-T4",,"posterior",1455.5,0.00007266
24,"R_Date","S-35-T4",,"posterior",1456.5,0.00008177
24,"R_Date","S-35-T4",,"posterior",1457.5,0.00011823
24,"R_Date","S-35-T4",,"posterior",1458.5,0.00014948
24,"R_Date","S-35-T4",,"posterior",1459.5,0.00018646
24,"R_Date","S-35-T4",,"posterior",1460.5,0.00022525
24,"R_Date","S-35-T4",,"posterior",1461.5,0.00023256
24,"R_Date","S-35-T4",,"posterior",1462.5,0.0002349
24,"R_Date","S-35-T4",,"posterior",1463.5,0.00024167
24,"R_Date","S-35-T4",,"posterior",1464.5,0.00022891
24,"R_Date","S-35-T4",,"posterior",1465.5,0.00021589
24,"R_Date","S-35-T4",,"posterior",1466.5,0.00020911
24,"R_Date","S-35-T4",,"posterior",1467.5,0.00022161
24,"R_Date","S-35-T4",,"posterior",1468.5,0.00025052
24,"R_Date","S-35-T4",,"posterior",1469.5,0.00024896
24,"R_Date","S-35-T4",,"posterior",1470.5,0.00026719
24,"R_Date","S-35-T4",,"posterior",1471.5,0.00027318
24,"R_Date","S-35-T4",,"posterior",1472.5,0.00029974
24,"R_Date","S-35-T4",,"posterior",1473.5,0.00031224
24,"R_Date","S-35-T4",,"posterior",1474.5,0.0003635
24,"R_Date","S-35-T4",,"posterior",1475.5,0.0003953
24,"R_Date","S-35-T4",,"posterior",1476.5,0.0004568
24,"R_Date","S-35-T4",,"posterior",1477.5,0.0005117
24,"R_Date","S-35-T4",,"posterior",1478.5,0.0005737
24,"R_Date","S-35-T4",,"posterior",1479.5,0.0006198
24,"R_Date","S-35-T4",,"posterior",1480.5,0.0006549
24,"R_Date","S-35-T4",,"posterior",1481.5,0.0006953
24,"R_Date","S-35-T4",,"posterior",1482.5,0.0007237
24,"R_Date","S-35-T4",,"posterior",1483.5,0.0007526
24,"R_Date","S-35-T4",,"posterior",1484.5,0.0007651
24,"R_Date","S-35-T4",,"posterior",1485.5,0.0007417
24,"R_Date","S-35-T4",,"posterior",1486.5,0.0008042
24,"R_Date","S-35-T4",,"posterior",1487.5,0.0007883
24,"R_Date","S-35-T4",,"posterior",1488.5,0.0008164
24,"R_Date","S-35-T4",,"posterior",1489.5,0.0008505
24,"R_Date","S-35-T4",,"posterior",1490.5,0.0008888
24,"R_Date","S-35-T4",,"posterior",1491.5,0.0009339
24,"R_Date","S-35-T4",,"posterior",1492.5,0.0009443
24,"R_Date","S-35-T4",,"posterior",1493.5,0.0010406
24,"R_Date","S-35-T4",,"posterior",1494.5,0.0011023
24,"R_Date","S-35-T4",,"posterior",1495.5,0.0012055
24,"R_Date","S-35-T4",,"posterior",1496.5,0.0012276
24,"R_Date","S-35-T4",,"posterior",1497.5,0.0012818
24,"R_Date","S-35-T4",,"posterior",1498.5,0.0012646
24,"R_Date","S-35-T4",,"posterior",1499.5,0.0013302
24,"R_Date","S-35-T4",,"posterior",1500.5,0.0013002
24,"R_Date","S-35-T4",,"posterior",1501.5,0.0013091
24,"R_Date","S-35-T4",,"posterior",1502.5,0.001374
24,"R_Date","S-35-T4",,"posterior",1503.5,0.0014401
24,"R_Date","S-35-T4",,"posterior",1504.5,0.0015328
24,"R_Date","S-35-T4",,"posterior",1505.5,0.0015979
24,"R_Date","S-35-T4",,"posterior",1506.5,0.0015612
24,"R_Date","S-35-T4",,"posterior",1507.5,0.0016641
24,"R_Date","S-35-T4",,"posterior",1508.5,0.0017575
24,"R_Date","S-35-T4",,"posterior",1509.5,0.001888
24,"R_Date","S-35-T4",,"posterior",1510.5,0.0019435
24,"R_Date","S-35-T4",,"posterior",1511.5,0.0020828
24,"R_Date","S-35-T4",,"posterior",1512.5,0.0021325
24,"R_Date","S-35-T4",,"posterior",1513.5,0.0021622
24,"R_Date","S-35-T4",,"posterior",1514.5,0.0021578
24,"R_Date","S-35-T4",,"posterior",1515.5,0.0021963
24,"R_Date","S-35-T4",,"posterior",1516.5,0.0022039
24,"R_Date","S-35-T4",,"posterior",1517.5,0.0022708
24,"R_Date","S-35-T4",,"posterior",1518.5,0.002295
24,"R_Date","S-35-T4",,"posterior",1519.5,0.0023747
24,"R_Date","S-35-T4",,"posterior",1520.5,0.0025836
24,"R_Date","S-35-T4",,"posterior",1521.5,0.002726
24,"R_Date","S-35-T4",,"posterior",1522.5,0.002969
24,"R_Date","S-35-T4",,"posterior",1523.5,0.003252
24,"R_Date","S-35-T4",,"posterior",1524.5,0.003558
24,"R_Date","S-35-T4",,"posterior",1525.5,0.003895
24,"R_Date","S-35-T4",,"posterior",1526.5,0.004191
24,"R_Date","S-35-T4",,"posterior",1527.5,0.00459
24,"R_Date","S-35-T4",,"posterior",1528.5,0.005029
24,"R_Date","S-35-T4",,"posterior",1529.5,0.005335
24,"R_Date","S-35-T4",,"posterior",1530.5,0.005526
24,"R_Date","S-35-T4",,"posterior",1531.5,0.005635
24,"R_Date","S-35-T4",,"posterior",1532.5,0.005963
24,"R_Date","S-35-T4",,"posterior",1533.5,0.006183
24,"R_Date","S-35-T4",,"posterior",1534.5,0.006091
24,"R_Date","S-35-T4",,"posterior",1535.5,0.005966
24,"R_Date","S-35-T4",,"posterior",1536.5,0.005657
24,"R_Date","S-35-T4",,"posterior",1537.5,0.005562
24,"R_Date","S-35-T4",,"posterior",1538.5,0.005334
24,"R_Date","S-35-T4",,"posterior",1539.5,0.005065
24,"R_Date","S-35-T4",,"posterior",1540.5,0.004895
24,"R_Date","S-35-T4",,"posterior",1541.5,0.004727
24,"R_Date","S-35-T4",,"posterior",1542.5,0.004615
24,"R_Date","S-35-T4",,"posterior",1543.5,0.004529
24,"R_Date","S-35-T4",,"posterior",1544.5,0.004612
24,"R_Date","S-35-T4",,"posterior",1545.5,0.004622
24,"R_Date","S-35-T4",,"posterior",1546.5,0.004789
24,"R_Date","S-35-T4",,"posterior",1547.5,0.004794
24,"R_Date","S-35-T4",,"posterior",1548.5,0.004795
24,"R_Date","S-35-T4",,"posterior",1549.5,0.004742
24,"R_Date","S-35-T4",,"posterior",1550.5,0.004643
24,"R_Date","S-35-T4",,"posterior",1551.5,0.004378
24,"R_Date","S-35-T4",,"posterior",1552.5,0.004222
24,"R_Date","S-35-T4",,"posterior",1553.5,0.004045
24,"R_Date","S-35-T4",,"posterior",1554.5,0.003975
24,"R_Date","S-35-T4",,"posterior",1555.5,0.003928
24,"R_Date","S-35-T4",,"posterior",1556.5,0.003723
24,"R_Date","S-35-T4",,"posterior",1557.5,0.003623
24,"R_Date","S-35-T4",,"posterior",1558.5,0.003512
24,"R_Date","S-35-T4",,"posterior",1559.5,0.003252
24,"R_Date","S-35-T4",,"posterior",1560.5,0.003166
24,"R_Date","S-35-T4",,"posterior",1561.5,0.0030341
24,"R_Date","S-35-T4",,"posterior",1562.5,0.0030627
24,"R_Date","S-35-T4",,"posterior",1563.5,0.0030971
24,"R_Date","S-35-T4",,"posterior",1564.5,0.003198
24,"R_Date","S-35-T4",,"posterior",1565.5,0.003349
24,"R_Date","S-35-T4",,"posterior",1566.5,0.003454
24,"R_Date","S-35-T4",,"posterior",1567.5,0.003562
24,"R_Date","S-35-T4",,"posterior",1568.5,0.00347
24,"R_Date","S-35-T4",,"posterior",1569.5,0.003452
24,"R_Date","S-35-T4",,"posterior",1570.5,0.00336
24,"R_Date","S-35-T4",,"posterior",1571.5,0.003184
24,"R_Date","S-35-T4",,"posterior",1572.5,0.0030768
24,"R_Date","S-35-T4",,"posterior",1573.5,0.0029948
24,"R_Date","S-35-T4",,"posterior",1574.5,0.0028906
24,"R_Date","S-35-T4",,"posterior",1575.5,0.0027794
24,"R_Date","S-35-T4",,"posterior",1576.5,0.0027101
24,"R_Date","S-35-T4",,"posterior",1577.5,0.0025831
24,"R_Date","S-35-T4",,"posterior",1578.5,0.0025133
24,"R_Date","S-35-T4",,"posterior",1579.5,0.0025294
24,"R_Date","S-35-T4",,"posterior",1580.5,0.0025159
24,"R_Date","S-35-T4",,"posterior",1581.5,0.00255
24,"R_Date","S-35-T4",,"posterior",1582.5,0.0024927
24,"R_Date","S-35-T4",,"posterior",1583.5,0.0024911
24,"R_Date","S-35-T4",,"posterior",1584.5,0.0025266
24,"R_Date","S-35-T4",,"posterior",1585.5,0.0026237
24,"R_Date","S-35-T4",,"posterior",1586.5,0.0026008
24,"R_Date","S-35-T4",,"posterior",1587.5,0.0025568
24,"R_Date","S-35-T4",,"posterior",1588.5,0.0025409
24,"R_Date","S-35-T4",,"posterior",1589.5,0.0023422
24,"R_Date","S-35-T4",,"posterior",1590.5,0.0022471
24,"R_Date","S-35-T4",,"posterior",1591.5,0.002063
24,"R_Date","S-35-T4",,"posterior",1592.5,0.0019758
24,"R_Date","S-35-T4",,"posterior",1593.5,0.0018492
24,"R_Date","S-35-T4",,"posterior",1594.5,0.0017292
24,"R_Date","S-35-T4",,"posterior",1595.5,0.0016505
24,"R_Date","S-35-T4",,"posterior",1596.5,0.0016724
24,"R_Date","S-35-T4",,"posterior",1597.5,0.0016492
24,"R_Date","S-35-T4",,"posterior",1598.5,0.0016021
24,"R_Date","S-35-T4",,"posterior",1599.5,0.0015708
24,"R_Date","S-35-T4",,"posterior",1600.5,0.0015302
24,"R_Date","S-35-T4",,"posterior",1601.5,0.0013667
24,"R_Date","S-35-T4",,"posterior",1602.5,0.0013068
24,"R_Date","S-35-T4",,"posterior",1603.5,0.0011878
24,"R_Date","S-35-T4",,"posterior",1604.5,0.001162
24,"R_Date","S-35-T4",,"posterior",1605.5,0.0011125
24,"R_Date","S-35-T4",,"posterior",1606.5,0.0010943
24,"R_Date","S-35-T4",,"posterior",1607.5,0.0011747
24,"R_Date","S-35-T4",,"posterior",1608.5,0.0013109
24,"R_Date","S-35-T4",,"posterior",1609.5,0.0014143
24,"R_Date","S-35-T4",,"posterior",1610.5,0.0015419
24,"R_Date","S-35-T4",,"posterior",1611.5,0.0016151
24,"R_Date","S-35-T4",,"posterior",1612.5,0.001624
24,"R_Date","S-35-T4",,"posterior",1613.5,0.0016044
24,"R_Date","S-35-T4",,"posterior",1614.5,0.0016544
24,"R_Date","S-35-T4",,"posterior",1615.5,0.0016914
24,"R_Date","S-35-T4",,"posterior",1616.5,0.0018328
24,"R_Date","S-35-T4",,"posterior",1617.5,0.0020458
24,"R_Date","S-35-T4",,"posterior",1618.5,0.0022255
24,"R_Date","S-35-T4",,"posterior",1619.5,0.0025393
24,"R_Date","S-35-T4",,"posterior",1620.5,0.0028164
24,"R_Date","S-35-T4",,"posterior",1621.5,0.003224
24,"R_Date","S-35-T4",,"posterior",1622.5,0.003554
24,"R_Date","S-35-T4",,"posterior",1623.5,0.003764
24,"R_Date","S-35-T4",,"posterior",1624.5,0.003845
24,"R_Date","S-35-T4",,"posterior",1625.5,0.00408
24,"R_Date","S-35-T4",,"posterior",1626.5,0.004033
24,"R_Date","S-35-T4",,"posterior",1627.5,0.003958
24,"R_Date","S-35-T4",,"posterior",1628.5,0.004011
24,"R_Date","S-35-T4",,"posterior",1629.5,0.004109
24,"R_Date","S-35-T4",,"posterior",1630.5,0.004385
24,"R_Date","S-35-T4",,"posterior",1631.5,0.004629
24,"R_Date","S-35-T4",,"posterior",1632.5,0.005164
24,"R_Date","S-35-T4",,"posterior",1633.5,0.005743
24,"R_Date","S-35-T4",,"posterior",1634.5,0.006299
24,"R_Date","S-35-T4",,"posterior",1635.5,0.006994
24,"R_Date","S-35-T4",,"posterior",1636.5,0.007448
24,"R_Date","S-35-T4",,"posterior",1637.5,0.00803
24,"R_Date","S-35-T4",,"posterior",1638.5,0.00864
24,"R_Date","S-35-T4",,"posterior",1639.5,0.009121
24,"R_Date","S-35-T4",,"posterior",1640.5,0.009728
24,"R_Date","S-35-T4",,"posterior",1641.5,0.010265
24,"R_Date","S-35-T4",,"posterior",1642.5,0.010816
24,"R_Date","S-35-T4",,"posterior",1643.5,0.011146
24,"R_Date","S-35-T4",,"posterior",1644.5,0.011456
24,"R_Date","S-35-T4",,"posterior",1645.5,0.011981
24,"R_Date","S-35-T4",,"posterior",1646.5,0.011833
24,"R_Date","S-35-T4",,"posterior",1647.5,0.012403
24,"R_Date","S-35-T4",,"posterior",1648.5,0.012493
24,"R_Date","S-35-T4",,"posterior",1649.5,0.012573
24,"R_Date","S-35-T4",,"posterior",1650.5,0.012723
24,"R_Date","S-35-T4",,"posterior",1651.5,0.012642
24,"R_Date","S-35-T4",,"posterior",1652.5,0.012585
24,"R_Date","S-35-T4",,"posterior",1653.5,0.012684
24,"R_Date","S-35-T4",,"posterior",1654.5,0.012533
24,"R_Date","S-35-T4",,"posterior",1655.5,0.012168
24,"R_Date","S-35-T4",,"posterior",1656.5,0.012083
24,"R_Date","S-35-T4",,"posterior",1657.5,0.011902
24,"R_Date","S-35-T4",,"posterior",1658.5,0.011906
24,"R_Date","S-35-T4",,"posterior",1659.5,0.011704
24,"R_Date","S-35-T4",,"posterior",1660.5,0.011452
24,"R_Date","S-35-T4",,"posterior",1661.5,0.011137
24,"R_Date","S-35-T4",,"posterior",1662.5,0.010997
24,"R_Date","S-35-T4",,"posterior",1663.5,0.01034
24,"R_Date","S-35-T4",,"posterior",1664.5,0.010071
24,"R_Date","S-35-T4",,"posterior",1665.5,0.009711
24,"R_Date","S-35-T4",,"posterior",1666.5,0.00913
24,"R_Date","S-35-T4",,"posterior",1667.5,0.008653
24,"R_Date","S-35-T4",,"posterior",1668.5,0.007886
24,"R_Date","S-35-T4",,"posterior",1669.5,0.007459
24,"R_Date","S-35-T4",,"posterior",1670.5,0.006954
24,"R_Date","S-35-T4",,"posterior",1671.5,0.006451
24,"R_Date","S-35-T4",,"posterior",1672.5,0.005891
24,"R_Date","S-35-T4",,"posterior",1673.5,0.00567
24,"R_Date","S-35-T4",,"posterior",1674.5,0.005346
24,"R_Date","S-35-T4",,"posterior",1675.5,0.005254
24,"R_Date","S-35-T4",,"posterior",1676.5,0.005085
24,"R_Date","S-35-T4",,"posterior",1677.5,0.004864
24,"R_Date","S-35-T4",,"posterior",1678.5,0.004756
24,"R_Date","S-35-T4",,"posterior",1679.5,0.004373
24,"R_Date","S-35-T4",,"posterior",1680.5,0.004146
24,"R_Date","S-35-T4",,"posterior",1681.5,0.00387
24,"R_Date","S-35-T4",,"posterior",1682.5,0.003609
24,"R_Date","S-35-T4",,"posterior",1683.5,0.003384
24,"R_Date","S-35-T4",,"posterior",1684.5,0.0030539
24,"R_Date","S-35-T4",,"posterior",1685.5,0.0028336
24,"R_Date","S-35-T4",,"posterior",1686.5,0.0026143
24,"R_Date","S-35-T4",,"posterior",1687.5,0.0023508
24,"R_Date","S-35-T4",,"posterior",1688.5,0.002151
24,"R_Date","S-35-T4",,"posterior",1689.5,0.0019622
24,"R_Date","S-35-T4",,"posterior",1690.5,0.0017646
24,"R_Date","S-35-T4",,"posterior",1691.5,0.001645
24,"R_Date","S-35-T4",,"posterior",1692.5,0.0014729
24,"R_Date","S-35-T4",,"posterior",1693.5,0.0013234
24,"R_Date","S-35-T4",,"posterior",1694.5,0.0011758
24,"R_Date","S-35-T4",,"posterior",1695.5,0.0010924
24,"R_Date","S-35-T4",,"posterior",1696.5,0.0009469
24,"R_Date","S-35-T4",,"posterior",1697.5,0.0008461
24,"R_Date","S-35-T4",,"posterior",1698.5,0.0007372
24,"R_Date","S-35-T4",,"posterior",1699.5,0.0006802
24,"R_Date","S-35-T4",,"posterior",1700.5,0.0006102
24,"R_Date","S-35-T4",,"posterior",1701.5,0.0006211
24,"R_Date","S-35-T4",,"posterior",1702.5,0.000569
24,"R_Date","S-35-T4",,"posterior",1703.5,0.0005625
24,"R_Date","S-35-T4",,"posterior",1704.5,0.0005534
24,"R_Date","S-35-T4",,"posterior",1705.5,0.0005669
24,"R_Date","S-35-T4",,"posterior",1706.5,0.0005492
24,"R_Date","S-35-T4",,"posterior",1707.5,0.0005544
24,"R_Date","S-35-T4",,"posterior",1708.5,0.0005203
24,"R_Date","S-35-T4",,"posterior",1709.5,0.0005042
24,"R_Date","S-35-T4",,"posterior",1710.5,0.0004766
24,"R_Date","S-35-T4",,"posterior",1711.5,0.0004292
24,"R_Date","S-35-T4",,"posterior",1712.5,0.0004107
24,"R_Date","S-35-T4",,"posterior",1713.5,0.0003688
24,"R_Date","S-35-T4",,"posterior",1714.5,0.0003443
24,"R_Date","S-35-T4",,"posterior",1715.5,0.0003463
24,"R_Date","S-35-T4",,"posterior",1716.5,0.0003487
24,"R_Date","S-35-T4",,"posterior",1717.5,0.0003706
24,"R_Date","S-35-T4",,"posterior",1718.5,0.0004096
24,"R_Date","S-35-T4",,"posterior",1719.5,0.0004297
24,"R_Date","S-35-T4",,"posterior",1720.5,0.0005096
24,"R_Date","S-35-T4",,"posterior",1721.5,0.0005604
24,"R_Date","S-35-T4",,"posterior",1722.5,0.0006284
24,"R_Date","S-35-T4",,"posterior",1723.5,0.0007245
24,"R_Date","S-35-T4",,"posterior",1724.5,0.0007963
24,"R_Date","S-35-T4",,"posterior",1725.5,0.0008768
24,"R_Date","S-35-T4",,"posterior",1726.5,0.0010263
24,"R_Date","S-35-T4",,"posterior",1727.5,0.0011247
24,"R_Date","S-35-T4",,"posterior",1728.5,0.0011969
24,"R_Date","S-35-T4",,"posterior",1729.5,0.0013815
24,"R_Date","S-35-T4",,"posterior",1730.5,0.0015065
24,"R_Date","S-35-T4",,"posterior",1731.5,0.0016128
24,"R_Date","S-35-T4",,"posterior",1732.5,0.0016307
24,"R_Date","S-35-T4",,"posterior",1733.5,0.0017227
24,"R_Date","S-35-T4",,"posterior",1734.5,0.001725
24,"R_Date","S-35-T4",,"posterior",1735.5,0.0016573
24,"R_Date","S-35-T4",,"posterior",1736.5,0.0016784
24,"R_Date","S-35-T4",,"posterior",1737.5,0.0016237
24,"R_Date","S-35-T4",,"posterior",1738.5,0.0016492
24,"R_Date","S-35-T4",,"posterior",1739.5,0.0016945
24,"R_Date","S-35-T4",,"posterior",1740.5,0.00172
24,"R_Date","S-35-T4",,"posterior",1741.5,0.0017544
24,"R_Date","S-35-T4",,"posterior",1742.5,0.0017729
24,"R_Date","S-35-T4",,"posterior",1743.5,0.0018305
24,"R_Date","S-35-T4",,"posterior",1744.5,0.0017591
24,"R_Date","S-35-T4",,"posterior",1745.5,0.0017299
24,"R_Date","S-35-T4",,"posterior",1746.5,0.0017146
24,"R_Date","S-35-T4",,"posterior",1747.5,0.0015609
24,"R_Date","S-35-T4",,"posterior",1748.5,0.0015372
24,"R_Date","S-35-T4",,"posterior",1749.5,0.0014601
24,"R_Date","S-35-T4",,"posterior",1750.5,0.0013935
24,"R_Date","S-35-T4",,"posterior",1751.5,0.0013146
24,"R_Date","S-35-T4",,"posterior",1752.5,0.0011693
24,"R_Date","S-35-T4",,"posterior",1753.5,0.001075
24,"R_Date","S-35-T4",,"posterior",1754.5,0.0011164
24,"R_Date","S-35-T4",,"posterior",1755.5,0.0009242
24,"R_Date","S-35-T4",,"posterior",1756.5,0.0008646
24,"R_Date","S-35-T4",,"posterior",1757.5,0.0008497
24,"R_Date","S-35-T4",,"posterior",1758.5,0.0007674
24,"R_Date","S-35-T4",,"posterior",1759.5,0.0007318
24,"R_Date","S-35-T4",,"posterior",1760.5,0.0007729
24,"R_Date","S-35-T4",,"posterior",1761.5,0.0007818
24,"R_Date","S-35-T4",,"posterior",1762.5,0.0008042
24,"R_Date","S-35-T4",,"posterior",1763.5,0.000851
24,"R_Date","S-35-T4",,"posterior",1764.5,0.0008406
24,"R_Date","S-35-T4",,"posterior",1765.5,0.0008536
24,"R_Date","S-35-T4",,"posterior",1766.5,0.0008414
24,"R_Date","S-35-T4",,"posterior",1767.5,0.000888
24,"R_Date","S-35-T4",,"posterior",1768.5,0.0008159
24,"R_Date","S-35-T4",,"posterior",1769.5,0.0008122
24,"R_Date","S-35-T4",,"posterior",1770.5,0.0007526
24,"R_Date","S-35-T4",,"posterior",1771.5,0.000713
24,"R_Date","S-35-T4",,"posterior",1772.5,0.000649
24,"R_Date","S-35-T4",,"posterior",1773.5,0.0006354
24,"R_Date","S-35-T4",,"posterior",1774.5,0.0005565
24,"R_Date","S-35-T4",,"posterior",1775.5,0.0005487
24,"R_Date","S-35-T4",,"posterior",1776.5,0.0004867
24,"R_Date","S-35-T4",,"posterior",1777.5,0.0004857
24,"R_Date","S-35-T4",,"posterior",1778.5,0.0005044
24,"R_Date","S-35-T4",,"posterior",1779.5,0.000524
24,"R_Date","S-35-T4",,"posterior",1780.5,0.0005107
24,"R_Date","S-35-T4",,"posterior",1781.5,0.0005391
24,"R_Date","S-35-T4",,"posterior",1782.5,0.0005195
24,"R_Date","S-35-T4",,"posterior",1783.5,0.0005021
24,"R_Date","S-35-T4",,"posterior",1784.5,0.0005247
24,"R_Date","S-35-T4",,"posterior",1785.5,0.0004492
24,"R_Date","S-35-T4",,"posterior",1786.5,0.0004573
24,"R_Date","S-35-T4",,"posterior",1787.5,0.00042
24,"R_Date","S-35-T4",,"posterior",1788.5,0.00042
24,"R_Date","S-35-T4",,"posterior",1789.5,0.0004477
24,"R_Date","S-35-T4",,"posterior",1790.5,0.0003979
24,"R_Date","S-35-T4",,"posterior",1791.5,0.000394
24,"R_Date","S-35-T4",,"posterior",1792.5,0.000363
24,"R_Date","S-35-T4",,"posterior",1793.5,0.0003172
24,"R_Date","S-35-T4",,"posterior",1794.5,0.0003229
24,"R_Date","S-35-T4",,"posterior",1795.5,0.00027396
24,"R_Date","S-35-T4",,"posterior",1796.5,0.00025104
24,"R_Date","S-35-T4",,"posterior",1797.5,0.00020416
24,"R_Date","S-35-T4",,"posterior",1798.5,0.00016537
24,"R_Date","S-35-T4",,"posterior",1799.5,0.00015938
24,"R_Date","S-35-T4",,"posterior",1800.5,0.00010729
24,"R_Date","S-35-T4",,"posterior",1801.5,0.00009843
24,"R_Date","S-35-T4",,"posterior",1802.5,0.00008801
24,"R_Date","S-35-T4",,"posterior",1803.5,0.00007422
24,"R_Date","S-35-T4",,"posterior",1804.5,0.00007005
24,"R_Date","S-35-T4",,"posterior",1805.5,0.00006354
24,"R_Date","S-35-T4",,"posterior",1806.5,0.00005209
24,"R_Date","S-35-T4",,"posterior",1807.5,0.00003985
24,"R_Date","S-35-T4",,"posterior",1808.5,0.00004375
24,"R_Date","S-35-T4",,"posterior",1809.5,0.00003646
24,"R_Date","S-35-T4",,"posterior",1810.5,0.00002916
24,"R_Date","S-35-T4",,"posterior",1811.5,0.000022392
24,"R_Date","S-35-T4",,"posterior",1812.5,0.000014058
24,"R_Date","S-35-T4",,"posterior",1813.5,0.000018486
24,"R_Date","S-35-T4",,"posterior",1814.5,0.000009377
24,"R_Date","S-35-T4",,"posterior",1815.5,0.000009631
24,"R_Date","S-35-T4",,"posterior",1816.5,0.000005992
24,"R_Date","S-35-T4",,"posterior",1817.5,0.000011196
24,"R_Date","S-35-T4",,"posterior",1818.5,0.000005471
24,"R_Date","S-35-T4",,"posterior",1819.5,0.000008588
24,"R_Date","S-35-T4",,"posterior",1820.5,0.000006514
24,"R_Date","S-35-T4",,"posterior",1821.5,0.000006514
24,"R_Date","S-35-T4",,"posterior",1822.5,0.000007036
24,"R_Date","S-35-T4",,"posterior",1823.5,0.000007557
24,"R_Date","S-35-T4",,"posterior",1824.5,0.000008333
24,"R_Date","S-35-T4",,"posterior",1825.5,0.000005471
24,"R_Date","S-35-T4",,"posterior",1826.5,0.000005471
24,"R_Date","S-35-T4",,"posterior",1827.5,0.000004427
24,"R_Date","S-35-T4",,"posterior",1828.5,0.000005471
24,"R_Date","S-35-T4",,"posterior",1829.5,0.000007036
24,"R_Date","S-35-T4",,"posterior",1830.5,0.000003906
24,"R_Date","S-35-T4",,"posterior",1831.5,0.000004682
24,"R_Date","S-35-T4",,"posterior",1832.5,0.000005725
24,"R_Date","S-35-T4",,"posterior",1833.5,0.000008079
24,"R_Date","S-35-T4",,"posterior",1834.5,0.000006768
24,"R_Date","S-35-T4",,"posterior",1835.5,0.000008588
24,"R_Date","S-35-T4",,"posterior",1836.5,0.000008588
24,"R_Date","S-35-T4",,"posterior",1837.5,0.000009898
24,"R_Date","S-35-T4",,"posterior",1838.5,0.000010153
24,"R_Date","S-35-T4",,"posterior",1839.5,0.000009631
24,"R_Date","S-35-T4",,"posterior",1840.5,0.000011985
24,"R_Date","S-35-T4",,"posterior",1841.5,0.000005725
24,"R_Date","S-35-T4",,"posterior",1842.5,0.000005992
24,"R_Date","S-35-T4",,"posterior",1843.5,0.000004427
24,"R_Date","S-35-T4",,"posterior",1844.5,0.000007036
24,"R_Date","S-35-T4",,"posterior",1845.5,0.000004949
24,"R_Date","S-35-T4",,"posterior",1846.5,0.000005992
24,"R_Date","S-35-T4",,"posterior",1847.5,0.00000416
24,"R_Date","S-35-T4",,"posterior",1848.5,0.000003906
24,"R_Date","S-35-T4",,"posterior",1849.5,0.000003906
24,"R_Date","S-35-T4",,"posterior",1850.5,0.000002341
24,"R_Date","S-35-T4",,"posterior",1851.5,0.000003384
24,"R_Date","S-35-T4",,"posterior",1852.5,0.0000026081
24,"R_Date","S-35-T4",,"posterior",1853.5,0.000004949
24,"R_Date","S-35-T4",,"posterior",1854.5,0.000003384
24,"R_Date","S-35-T4",,"posterior",1855.5,0.0000028626
24,"R_Date","S-35-T4",,"posterior",1856.5,0.0000031298
24,"R_Date","S-35-T4",,"posterior",1857.5,0.0000012977
24,"R_Date","S-35-T4",,"posterior",1858.5,0.0000020865
24,"R_Date","S-35-T4",,"posterior",1859.5,7.761e-7
24,"R_Date","S-35-T4",,"posterior",1860.5,0.0000020865
24,"R_Date","S-35-T4",,"posterior",1861.5,7.761e-7
25,"R_Date","T1-1",,"likelihood",1434.5,0
25,"R_Date","T1-1",,"likelihood",1435.5,5.7e-9
25,"R_Date","T1-1",,"likelihood",1436.5,5.7e-9
25,"R_Date","T1-1",,"likelihood",1437.5,5.7e-9
25,"R_Date","T1-1",,"likelihood",1438.5,1.1399e-8
25,"R_Date","T1-1",,"likelihood",1439.5,1.1399e-8
25,"R_Date","T1-1",,"likelihood",1440.5,1.1399e-8
25,"R_Date","T1-1",,"likelihood",1441.5,1.7099e-8
25,"R_Date","T1-1",,"likelihood",1442.5,2.2799e-8
25,"R_Date","T1-1",,"likelihood",1443.5,3.42e-8
25,"R_Date","T1-1",,"likelihood",1444.5,4.56e-8
25,"R_Date","T1-1",,"likelihood",1445.5,6.84e-8
25,"R_Date","T1-1",,"likelihood",1446.5,9.119e-8
25,"R_Date","T1-1",,"likelihood",1447.5,1.3109e-7
25,"R_Date","T1-1",,"likelihood",1448.5,1.8239e-7
25,"R_Date","T1-1",,"likelihood",1449.5,2.3939e-7
25,"R_Date","T1-1",,"likelihood",1450.5,3.0778e-7
25,"R_Date","T1-1",,"likelihood",1451.5,3.648e-7
25,"R_Date","T1-1",,"likelihood",1452.5,4.332e-7
25,"R_Date","T1-1",,"likelihood",1453.5,5.13e-7
25,"R_Date","T1-1",,"likelihood",1454.5,6.555e-7
25,"R_Date","T1-1",,"likelihood",1455.5,9.005e-7
25,"R_Date","T1-1",,"likelihood",1456.5,0.0000013394
25,"R_Date","T1-1",,"likelihood",1457.5,0.0000019721
25,"R_Date","T1-1",,"likelihood",1458.5,0.0000028783
25,"R_Date","T1-1",,"likelihood",1459.5,0.00000387
25,"R_Date","T1-1",,"likelihood",1460.5,0.00000517
25,"R_Date","T1-1",,"likelihood",1461.5,0.000005551
25,"R_Date","T1-1",,"likelihood",1462.5,0.000005962
25,"R_Date","T1-1",,"likelihood",1463.5,0.000005551
25,"R_Date","T1-1",,"likelihood",1464.5,0.00000517
25,"R_Date","T1-1",,"likelihood",1465.5,0.000004811
25,"R_Date","T1-1",,"likelihood",1466.5,0.000004474
25,"R_Date","T1-1",,"likelihood",1467.5,0.000004811
25,"R_Date","T1-1",,"likelihood",1468.5,0.00000517
25,"R_Date","T1-1",,"likelihood",1469.5,0.000005551
25,"R_Date","T1-1",,"likelihood",1470.5,0.000005962
25,"R_Date","T1-1",,"likelihood",1471.5,0.000005962
25,"R_Date","T1-1",,"likelihood",1472.5,0.000006401
25,"R_Date","T1-1",,"likelihood",1473.5,0.00000737
25,"R_Date","T1-1",,"likelihood",1474.5,0.00000847
25,"R_Date","T1-1",,"likelihood",1475.5,0.000010408
25,"R_Date","T1-1",,"likelihood",1476.5,0.00001275
25,"R_Date","T1-1",,"likelihood",1477.5,0.000015571
25,"R_Date","T1-1",,"likelihood",1478.5,0.000017754
25,"R_Date","T1-1",,"likelihood",1479.5,0.000020222
25,"R_Date","T1-1",,"likelihood",1480.5,0.000022992
25,"R_Date","T1-1",,"likelihood",1481.5,0.000024503
25,"R_Date","T1-1",,"likelihood",1482.5,0.000025215
25,"R_Date","T1-1",,"likelihood",1483.5,0.000026868
25,"R_Date","T1-1",,"likelihood",1484.5,0.000026868
25,"R_Date","T1-1",,"likelihood",1485.5,0.000026868
25,"R_Date","T1-1",,"likelihood",1486.5,0.000026868
25,"R_Date","T1-1",,"likelihood",1487.5,0.000026868
25,"R_Date","T1-1",,"likelihood",1488.5,0.000029593
25,"R_Date","T1-1",,"likelihood",1489.5,0.000031496
25,"R_Date","T1-1",,"likelihood",1490.5,0.0000335
25,"R_Date","T1-1",,"likelihood",1491.5,0.00003563
25,"R_Date","T1-1",,"likelihood",1492.5,0.00003787
25,"R_Date","T1-1",,"likelihood",1493.5,0.00004275
25,"R_Date","T1-1",,"likelihood",1494.5,0.0000454
25,"R_Date","T1-1",,"likelihood",1495.5,0.00005114
25,"R_Date","T1-1",,"likelihood",1496.5,0.00005424
25,"R_Date","T1-1",,"likelihood",1497.5,0.00005752
25,"R_Date","T1-1",,"likelihood",1498.5,0.00005752
25,"R_Date","T1-1",,"likelihood",1499.5,0.00006096
25,"R_Date","T1-1",,"likelihood",1500.5,0.00006096
25,"R_Date","T1-1",,"likelihood",1501.5,0.00006096
25,"R_Date","T1-1",,"likelihood",1502.5,0.00006459
25,"R_Date","T1-1",,"likelihood",1503.5,0.00006841
25,"R_Date","T1-1",,"likelihood",1504.5,0.00007244
25,"R_Date","T1-1",,"likelihood",1505.5,0.00007667
25,"R_Date","T1-1",,"likelihood",1506.5,0.00008112
25,"R_Date","T1-1",,"likelihood",1507.5,0.00008579
25,"R_Date","T1-1",,"likelihood",1508.5,0.0000907
25,"R_Date","T1-1",,"likelihood",1509.5,0.00010127
25,"R_Date","T1-1",,"likelihood",1510.5,0.00010695
25,"R_Date","T1-1",,"likelihood",1511.5,0.00011915
25,"R_Date","T1-1",,"likelihood",1512.5,0.00012276
25,"R_Date","T1-1",,"likelihood",1513.5,0.00012951
25,"R_Date","T1-1",,"likelihood",1514.5,0.00012951
25,"R_Date","T1-1",,"likelihood",1515.5,0.00013256
25,"R_Date","T1-1",,"likelihood",1516.5,0.00013256
25,"R_Date","T1-1",,"likelihood",1517.5,0.00013256
25,"R_Date","T1-1",,"likelihood",1518.5,0.00013973
25,"R_Date","T1-1",,"likelihood",1519.5,0.00014725
25,"R_Date","T1-1",,"likelihood",1520.5,0.00017192
25,"R_Date","T1-1",,"likelihood",1521.5,0.00019028
25,"R_Date","T1-1",,"likelihood",1522.5,0.00022094
25,"R_Date","T1-1",,"likelihood",1523.5,0.0002557
25,"R_Date","T1-1",,"likelihood",1524.5,0.00029495
25,"R_Date","T1-1",,"likelihood",1525.5,0.0003492
25,"R_Date","T1-1",,"likelihood",1526.5,0.0004184
25,"R_Date","T1-1",,"likelihood",1527.5,0.0004982
25,"R_Date","T1-1",,"likelihood",1528.5,0.0005897
25,"R_Date","T1-1",,"likelihood",1529.5,0.0006667
25,"R_Date","T1-1",,"likelihood",1530.5,0.0007593
25,"R_Date","T1-1",,"likelihood",1531.5,0.0008202
25,"R_Date","T1-1",,"likelihood",1532.5,0.0008846
25,"R_Date","T1-1",,"likelihood",1533.5,0.0009182
25,"R_Date","T1-1",,"likelihood",1534.5,0.0009182
25,"R_Date","T1-1",,"likelihood",1535.5,0.0008846
25,"R_Date","T1-1",,"likelihood",1536.5,0.000852
25,"R_Date","T1-1",,"likelihood",1537.5,0.000781
25,"R_Date","T1-1",,"likelihood",1538.5,0.0007302
25,"R_Date","T1-1",,"likelihood",1539.5,0.0006746
25,"R_Date","T1-1",,"likelihood",1540.5,0.0006146
25,"R_Date","T1-1",,"likelihood",1541.5,0.0005972
25,"R_Date","T1-1",,"likelihood",1542.5,0.0005657
25,"R_Date","T1-1",,"likelihood",1543.5,0.0005497
25,"R_Date","T1-1",,"likelihood",1544.5,0.0005731
25,"R_Date","T1-1",,"likelihood",1545.5,0.0005972
25,"R_Date","T1-1",,"likelihood",1546.5,0.0006222
25,"R_Date","T1-1",,"likelihood",1547.5,0.000648
25,"R_Date","T1-1",,"likelihood",1548.5,0.000648
25,"R_Date","T1-1",,"likelihood",1549.5,0.000648
25,"R_Date","T1-1",,"likelihood",1550.5,0.0005972
25,"R_Date","T1-1",,"likelihood",1551.5,0.0005497
25,"R_Date","T1-1",,"likelihood",1552.5,0.0005051
25,"R_Date","T1-1",,"likelihood",1553.5,0.0004635
25,"R_Date","T1-1",,"likelihood",1554.5,0.0004438
25,"R_Date","T1-1",,"likelihood",1555.5,0.0004247
25,"R_Date","T1-1",,"likelihood",1556.5,0.0004063
25,"R_Date","T1-1",,"likelihood",1557.5,0.0003715
25,"R_Date","T1-1",,"likelihood",1558.5,0.000355
25,"R_Date","T1-1",,"likelihood",1559.5,0.0003238
25,"R_Date","T1-1",,"likelihood",1560.5,0.00029495
25,"R_Date","T1-1",,"likelihood",1561.5,0.00028134
25,"R_Date","T1-1",,"likelihood",1562.5,0.00026826
25,"R_Date","T1-1",,"likelihood",1563.5,0.00028134
25,"R_Date","T1-1",,"likelihood",1564.5,0.00029495
25,"R_Date","T1-1",,"likelihood",1565.5,0.0003238
25,"R_Date","T1-1",,"likelihood",1566.5,0.0003391
25,"R_Date","T1-1",,"likelihood",1567.5,0.000355
25,"R_Date","T1-1",,"likelihood",1568.5,0.0003492
25,"R_Date","T1-1",,"likelihood",1569.5,0.000355
25,"R_Date","T1-1",,"likelihood",1570.5,0.0003238
25,"R_Date","T1-1",,"likelihood",1571.5,0.0003091
25,"R_Date","T1-1",,"likelihood",1572.5,0.00028134
25,"R_Date","T1-1",,"likelihood",1573.5,0.00026826
25,"R_Date","T1-1",,"likelihood",1574.5,0.00024363
25,"R_Date","T1-1",,"likelihood",1575.5,0.00023205
25,"R_Date","T1-1",,"likelihood",1576.5,0.00021028
25,"R_Date","T1-1",,"likelihood",1577.5,0.00020006
25,"R_Date","T1-1",,"likelihood",1578.5,0.00019028
25,"R_Date","T1-1",,"likelihood",1579.5,0.00019028
25,"R_Date","T1-1",,"likelihood",1580.5,0.0001809
25,"R_Date","T1-1",,"likelihood",1581.5,0.0001809
25,"R_Date","T1-1",,"likelihood",1582.5,0.0001809
25,"R_Date","T1-1",,"likelihood",1583.5,0.0001809
25,"R_Date","T1-1",,"likelihood",1584.5,0.0001809
25,"R_Date","T1-1",,"likelihood",1585.5,0.00019028
25,"R_Date","T1-1",,"likelihood",1586.5,0.00019028
25,"R_Date","T1-1",,"likelihood",1587.5,0.0001809
25,"R_Date","T1-1",,"likelihood",1588.5,0.00017192
25,"R_Date","T1-1",,"likelihood",1589.5,0.0001551
25,"R_Date","T1-1",,"likelihood",1590.5,0.00013973
25,"R_Date","T1-1",,"likelihood",1591.5,0.00011915
25,"R_Date","T1-1",,"likelihood",1592.5,0.00010695
25,"R_Date","T1-1",,"likelihood",1593.5,0.00009586
25,"R_Date","T1-1",,"likelihood",1594.5,0.00008579
25,"R_Date","T1-1",,"likelihood",1595.5,0.00007667
25,"R_Date","T1-1",,"likelihood",1596.5,0.00007667
25,"R_Date","T1-1",,"likelihood",1597.5,0.00007244
25,"R_Date","T1-1",,"likelihood",1598.5,0.00006841
25,"R_Date","T1-1",,"likelihood",1599.5,0.00006459
25,"R_Date","T1-1",,"likelihood",1600.5,0.00006096
25,"R_Date","T1-1",,"likelihood",1601.5,0.00005424
25,"R_Date","T1-1",,"likelihood",1602.5,0.0000454
25,"R_Date","T1-1",,"likelihood",1603.5,0.00003787
25,"R_Date","T1-1",,"likelihood",1604.5,0.0000335
25,"R_Date","T1-1",,"likelihood",1605.5,0.000031496
25,"R_Date","T1-1",,"likelihood",1606.5,0.000031496
25,"R_Date","T1-1",,"likelihood",1607.5,0.00003563
25,"R_Date","T1-1",,"likelihood",1608.5,0.00004025
25,"R_Date","T1-1",,"likelihood",1609.5,0.0000454
25,"R_Date","T1-1",,"likelihood",1610.5,0.00005114
25,"R_Date","T1-1",,"likelihood",1611.5,0.00005424
25,"R_Date","T1-1",,"likelihood",1612.5,0.00005424
25,"R_Date","T1-1",,"likelihood",1613.5,0.00005424
25,"R_Date","T1-1",,"likelihood",1614.5,0.00005424
25,"R_Date","T1-1",,"likelihood",1615.5,0.00005752
25,"R_Date","T1-1",,"likelihood",1616.5,0.00006096
25,"R_Date","T1-1",,"likelihood",1617.5,0.00007244
25,"R_Date","T1-1",,"likelihood",1618.5,0.0000907
25,"R_Date","T1-1",,"likelihood",1619.5,0.00010695
25,"R_Date","T1-1",,"likelihood",1620.5,0.00013256
25,"R_Date","T1-1",,"likelihood",1621.5,0.00016332
25,"R_Date","T1-1",,"likelihood",1622.5,0.00020006
25,"R_Date","T1-1",,"likelihood",1623.5,0.00022094
25,"R_Date","T1-1",,"likelihood",1624.5,0.00023205
25,"R_Date","T1-1",,"likelihood",1625.5,0.00024363
25,"R_Date","T1-1",,"likelihood",1626.5,0.00024363
25,"R_Date","T1-1",,"likelihood",1627.5,0.00023205
25,"R_Date","T1-1",,"likelihood",1628.5,0.00023205
25,"R_Date","T1-1",,"likelihood",1629.5,0.0002557
25,"R_Date","T1-1",,"likelihood",1630.5,0.00028134
25,"R_Date","T1-1",,"likelihood",1631.5,0.0003091
25,"R_Date","T1-1",,"likelihood",1632.5,0.0003715
25,"R_Date","T1-1",,"likelihood",1633.5,0.0004635
25,"R_Date","T1-1",,"likelihood",1634.5,0.0005497
25,"R_Date","T1-1",,"likelihood",1635.5,0.0006746
25,"R_Date","T1-1",,"likelihood",1636.5,0.0007893
25,"R_Date","T1-1",,"likelihood",1637.5,0.0009182
25,"R_Date","T1-1",,"likelihood",1638.5,0.0010244
25,"R_Date","T1-1",,"likelihood",1639.5,0.0011793
25,"R_Date","T1-1",,"likelihood",1640.5,0.0013495
25,"R_Date","T1-1",,"likelihood",1641.5,0.0015838
25,"R_Date","T1-1",,"likelihood",1642.5,0.0017882
25,"R_Date","T1-1",,"likelihood",1643.5,0.0020069
25,"R_Date","T1-1",,"likelihood",1644.5,0.0022389
25,"R_Date","T1-1",,"likelihood",1645.5,0.0024207
25,"R_Date","T1-1",,"likelihood",1646.5,0.0026085
25,"R_Date","T1-1",,"likelihood",1647.5,0.0028014
25,"R_Date","T1-1",,"likelihood",1648.5,0.0030647
25,"R_Date","T1-1",,"likelihood",1649.5,0.003265
25,"R_Date","T1-1",,"likelihood",1650.5,0.0034
25,"R_Date","T1-1",,"likelihood",1651.5,0.003535
25,"R_Date","T1-1",,"likelihood",1652.5,0.003669
25,"R_Date","T1-1",,"likelihood",1653.5,0.003736
25,"R_Date","T1-1",,"likelihood",1654.5,0.00387
25,"R_Date","T1-1",,"likelihood",1655.5,0.003936
25,"R_Date","T1-1",,"likelihood",1656.5,0.004067
25,"R_Date","T1-1",,"likelihood",1657.5,0.004261
25,"R_Date","T1-1",,"likelihood",1658.5,0.004448
25,"R_Date","T1-1",,"likelihood",1659.5,0.004627
25,"R_Date","T1-1",,"likelihood",1660.5,0.004852
25,"R_Date","T1-1",,"likelihood",1661.5,0.005057
25,"R_Date","T1-1",,"likelihood",1662.5,0.005238
25,"R_Date","T1-1",,"likelihood",1663.5,0.005393
25,"R_Date","T1-1",,"likelihood",1664.5,0.00549
25,"R_Date","T1-1",,"likelihood",1665.5,0.005591
25,"R_Date","T1-1",,"likelihood",1666.5,0.005661
25,"R_Date","T1-1",,"likelihood",1667.5,0.005699
25,"R_Date","T1-1",,"likelihood",1668.5,0.005682
25,"R_Date","T1-1",,"likelihood",1669.5,0.00563
25,"R_Date","T1-1",,"likelihood",1670.5,0.005517
25,"R_Date","T1-1",,"likelihood",1671.5,0.005391
25,"R_Date","T1-1",,"likelihood",1672.5,0.005235
25,"R_Date","T1-1",,"likelihood",1673.5,0.005146
25,"R_Date","T1-1",,"likelihood",1674.5,0.0051
25,"R_Date","T1-1",,"likelihood",1675.5,0.0051
25,"R_Date","T1-1",,"likelihood",1676.5,0.0051
25,"R_Date","T1-1",,"likelihood",1677.5,0.0051
25,"R_Date","T1-1",,"likelihood",1678.5,0.005052
25,"R_Date","T1-1",,"likelihood",1679.5,0.004951
25,"R_Date","T1-1",,"likelihood",1680.5,0.004845
25,"R_Date","T1-1",,"likelihood",1681.5,0.004677
25,"R_Date","T1-1",,"likelihood",1682.5,0.004559
25,"R_Date","T1-1",,"likelihood",1683.5,0.004375
25,"R_Date","T1-1",,"likelihood",1684.5,0.004118
25,"R_Date","T1-1",,"likelihood",1685.5,0.00392
25,"R_Date","T1-1",,"likelihood",1686.5,0.00372
25,"R_Date","T1-1",,"likelihood",1687.5,0.003514
25,"R_Date","T1-1",,"likelihood",1688.5,0.003308
25,"R_Date","T1-1",,"likelihood",1689.5,0.003103
25,"R_Date","T1-1",,"likelihood",1690.5,0.0029004
25,"R_Date","T1-1",,"likelihood",1691.5,0.0027013
25,"R_Date","T1-1",,"likelihood",1692.5,0.002507
25,"R_Date","T1-1",,"likelihood",1693.5,0.0023184
25,"R_Date","T1-1",,"likelihood",1694.5,0.0021364
25,"R_Date","T1-1",,"likelihood",1695.5,0.001905
25,"R_Date","T1-1",,"likelihood",1696.5,0.0017409
25,"R_Date","T1-1",,"likelihood",1697.5,0.0015352
25,"R_Date","T1-1",,"likelihood",1698.5,0.0013912
25,"R_Date","T1-1",,"likelihood",1699.5,0.0012561
25,"R_Date","T1-1",,"likelihood",1700.5,0.0011712
25,"R_Date","T1-1",,"likelihood",1701.5,0.0010902
25,"R_Date","T1-1",,"likelihood",1702.5,0.0010512
25,"R_Date","T1-1",,"likelihood",1703.5,0.0010512
25,"R_Date","T1-1",,"likelihood",1704.5,0.0010902
25,"R_Date","T1-1",,"likelihood",1705.5,0.0010902
25,"R_Date","T1-1",,"likelihood",1706.5,0.0010902
25,"R_Date","T1-1",,"likelihood",1707.5,0.0010902
25,"R_Date","T1-1",,"likelihood",1708.5,0.0010512
25,"R_Date","T1-1",,"likelihood",1709.5,0.0009761
25,"R_Date","T1-1",,"likelihood",1710.5,0.000905
25,"R_Date","T1-1",,"likelihood",1711.5,0.0008377
25,"R_Date","T1-1",,"likelihood",1712.5,0.0007742
25,"R_Date","T1-1",,"likelihood",1713.5,0.0007438
25,"R_Date","T1-1",,"likelihood",1714.5,0.0007143
25,"R_Date","T1-1",,"likelihood",1715.5,0.0006858
25,"R_Date","T1-1",,"likelihood",1716.5,0.0006858
25,"R_Date","T1-1",,"likelihood",1717.5,0.0007143
25,"R_Date","T1-1",,"likelihood",1718.5,0.0008055
25,"R_Date","T1-1",,"likelihood",1719.5,0.000905
25,"R_Date","T1-1",,"likelihood",1720.5,0.0010512
25,"R_Date","T1-1",,"likelihood",1721.5,0.0012131
25,"R_Date","T1-1",,"likelihood",1722.5,0.0013912
25,"R_Date","T1-1",,"likelihood",1723.5,0.0015851
25,"R_Date","T1-1",,"likelihood",1724.5,0.0017947
25,"R_Date","T1-1",,"likelihood",1725.5,0.0020271
25,"R_Date","T1-1",,"likelihood",1726.5,0.0022642
25,"R_Date","T1-1",,"likelihood",1727.5,0.0025131
25,"R_Date","T1-1",,"likelihood",1728.5,0.0028378
25,"R_Date","T1-1",,"likelihood",1729.5,0.003173
25,"R_Date","T1-1",,"likelihood",1730.5,0.003445
25,"R_Date","T1-1",,"likelihood",1731.5,0.003785
25,"R_Date","T1-1",,"likelihood",1732.5,0.003986
25,"R_Date","T1-1",,"likelihood",1733.5,0.004118
25,"R_Date","T1-1",,"likelihood",1734.5,0.004183
25,"R_Date","T1-1",,"likelihood",1735.5,0.004248
25,"R_Date","T1-1",,"likelihood",1736.5,0.004312
25,"R_Date","T1-1",,"likelihood",1737.5,0.004375
25,"R_Date","T1-1",,"likelihood",1738.5,0.004498
25,"R_Date","T1-1",,"likelihood",1739.5,0.004618
25,"R_Date","T1-1",,"likelihood",1740.5,0.00479
25,"R_Date","T1-1",,"likelihood",1741.5,0.004951
25,"R_Date","T1-1",,"likelihood",1742.5,0.0051
25,"R_Date","T1-1",,"likelihood",1743.5,0.005191
25,"R_Date","T1-1",,"likelihood",1744.5,0.005276
25,"R_Date","T1-1",,"likelihood",1745.5,0.005276
25,"R_Date","T1-1",,"likelihood",1746.5,0.005276
25,"R_Date","T1-1",,"likelihood",1747.5,0.005276
25,"R_Date","T1-1",,"likelihood",1748.5,0.005235
25,"R_Date","T1-1",,"likelihood",1749.5,0.005191
25,"R_Date","T1-1",,"likelihood",1750.5,0.005146
25,"R_Date","T1-1",,"likelihood",1751.5,0.005052
25,"R_Date","T1-1",,"likelihood",1752.5,0.004899
25,"R_Date","T1-1",,"likelihood",1753.5,0.004734
25,"R_Date","T1-1",,"likelihood",1754.5,0.004559
25,"R_Date","T1-1",,"likelihood",1755.5,0.004382
25,"R_Date","T1-1",,"likelihood",1756.5,0.004254
25,"R_Date","T1-1",,"likelihood",1757.5,0.004118
25,"R_Date","T1-1",,"likelihood",1758.5,0.004052
25,"R_Date","T1-1",,"likelihood",1759.5,0.004118
25,"R_Date","T1-1",,"likelihood",1760.5,0.004248
25,"R_Date","T1-1",,"likelihood",1761.5,0.004498
25,"R_Date","T1-1",,"likelihood",1762.5,0.004677
25,"R_Date","T1-1",,"likelihood",1763.5,0.004845
25,"R_Date","T1-1",,"likelihood",1764.5,0.005002
25,"R_Date","T1-1",,"likelihood",1765.5,0.005146
25,"R_Date","T1-1",,"likelihood",1766.5,0.005235
25,"R_Date","T1-1",,"likelihood",1767.5,0.005354
25,"R_Date","T1-1",,"likelihood",1768.5,0.005425
25,"R_Date","T1-1",,"likelihood",1769.5,0.005457
25,"R_Date","T1-1",,"likelihood",1770.5,0.005457
25,"R_Date","T1-1",,"likelihood",1771.5,0.005391
25,"R_Date","T1-1",,"likelihood",1772.5,0.005316
25,"R_Date","T1-1",,"likelihood",1773.5,0.005191
25,"R_Date","T1-1",,"likelihood",1774.5,0.005052
25,"R_Date","T1-1",,"likelihood",1775.5,0.005002
25,"R_Date","T1-1",,"likelihood",1776.5,0.005002
25,"R_Date","T1-1",,"likelihood",1777.5,0.0051
25,"R_Date","T1-1",,"likelihood",1778.5,0.005235
25,"R_Date","T1-1",,"likelihood",1779.5,0.005425
25,"R_Date","T1-1",,"likelihood",1780.5,0.005568
25,"R_Date","T1-1",,"likelihood",1781.5,0.005672
25,"R_Date","T1-1",,"likelihood",1782.5,0.0057
25,"R_Date","T1-1",,"likelihood",1783.5,0.005672
25,"R_Date","T1-1",,"likelihood",1784.5,0.005612
25,"R_Date","T1-1",,"likelihood",1785.5,0.00549
25,"R_Date","T1-1",,"likelihood",1786.5,0.005357
25,"R_Date","T1-1",,"likelihood",1787.5,0.005238
25,"R_Date","T1-1",,"likelihood",1788.5,0.005104
25,"R_Date","T1-1",,"likelihood",1789.5,0.004957
25,"R_Date","T1-1",,"likelihood",1790.5,0.004905
25,"R_Date","T1-1",,"likelihood",1791.5,0.004957
25,"R_Date","T1-1",,"likelihood",1792.5,0.005057
25,"R_Date","T1-1",,"likelihood",1793.5,0.005238
25,"R_Date","T1-1",,"likelihood",1794.5,0.005459
25,"R_Date","T1-1",,"likelihood",1795.5,0.005646
25,"R_Date","T1-1",,"likelihood",1796.5,0.005695
25,"R_Date","T1-1",,"likelihood",1797.5,0.005568
25,"R_Date","T1-1",,"likelihood",1798.5,0.005276
25,"R_Date","T1-1",,"likelihood",1799.5,0.004951
25,"R_Date","T1-1",,"likelihood",1800.5,0.004618
25,"R_Date","T1-1",,"likelihood",1801.5,0.004375
25,"R_Date","T1-1",,"likelihood",1802.5,0.004248
25,"R_Date","T1-1",,"likelihood",1803.5,0.004118
25,"R_Date","T1-1",,"likelihood",1804.5,0.003986
25,"R_Date","T1-1",,"likelihood",1805.5,0.00392
25,"R_Date","T1-1",,"likelihood",1806.5,0.003718
25,"R_Date","T1-1",,"likelihood",1807.5,0.003514
25,"R_Date","T1-1",,"likelihood",1808.5,0.003173
25,"R_Date","T1-1",,"likelihood",1809.5,0.0027718
25,"R_Date","T1-1",,"likelihood",1810.5,0.0023872
25,"R_Date","T1-1",,"likelihood",1811.5,0.0020271
25,"R_Date","T1-1",,"likelihood",1812.5,0.001697
25,"R_Date","T1-1",,"likelihood",1813.5,0.0014956
25,"R_Date","T1-1",,"likelihood",1814.5,0.0013097
25,"R_Date","T1-1",,"likelihood",1815.5,0.0011807
25,"R_Date","T1-1",,"likelihood",1816.5,0.0010606
25,"R_Date","T1-1",,"likelihood",1817.5,0.0010225
25,"R_Date","T1-1",,"likelihood",1818.5,0.0009761
25,"R_Date","T1-1",,"likelihood",1819.5,0.0009401
25,"R_Date","T1-1",,"likelihood",1820.5,0.0009401
25,"R_Date","T1-1",,"likelihood",1821.5,0.0009761
25,"R_Date","T1-1",,"likelihood",1822.5,0.0009401
25,"R_Date","T1-1",,"likelihood",1823.5,0.0009401
25,"R_Date","T1-1",,"likelihood",1824.5,0.0008709
25,"R_Date","T1-1",,"likelihood",1825.5,0.0008055
25,"R_Date","T1-1",,"likelihood",1826.5,0.0007438
25,"R_Date","T1-1",,"likelihood",1827.5,0.0006858
25,"R_Date","T1-1",,"likelihood",1828.5,0.0006941
25,"R_Date","T1-1",,"likelihood",1829.5,0.0006941
25,"R_Date","T1-1",,"likelihood",1830.5,0.0007438
25,"R_Date","T1-1",,"likelihood",1831.5,0.0008055
25,"R_Date","T1-1",,"likelihood",1832.5,0.0009401
25,"R_Date","T1-1",,"likelihood",1833.5,0.0010996
25,"R_Date","T1-1",,"likelihood",1834.5,0.0012657
25,"R_Date","T1-1",,"likelihood",1835.5,0.0014862
25,"R_Date","T1-1",,"likelihood",1836.5,0.001697
25,"R_Date","T1-1",,"likelihood",1837.5,0.0018494
25,"R_Date","T1-1",,"likelihood",1838.5,0.0020271
25,"R_Date","T1-1",,"likelihood",1839.5,0.0020852
25,"R_Date","T1-1",,"likelihood",1840.5,0.0021441
25,"R_Date","T1-1",,"likelihood",1841.5,0.0021441
25,"R_Date","T1-1",,"likelihood",1842.5,0.0020852
25,"R_Date","T1-1",,"likelihood",1843.5,0.0020271
25,"R_Date","T1-1",,"likelihood",1844.5,0.0019699
25,"R_Date","T1-1",,"likelihood",1845.5,0.0019135
25,"R_Date","T1-1",,"likelihood",1846.5,0.001858
25,"R_Date","T1-1",,"likelihood",1847.5,0.001858
25,"R_Date","T1-1",,"likelihood",1848.5,0.0018035
25,"R_Date","T1-1",,"likelihood",1849.5,0.001858
25,"R_Date","T1-1",,"likelihood",1850.5,0.001858
25,"R_Date","T1-1",,"likelihood",1851.5,0.0019135
25,"R_Date","T1-1",,"likelihood",1852.5,0.0019699
25,"R_Date","T1-1",,"likelihood",1853.5,0.0020271
25,"R_Date","T1-1",,"likelihood",1854.5,0.0020271
25,"R_Date","T1-1",,"likelihood",1855.5,0.0020271
25,"R_Date","T1-1",,"likelihood",1856.5,0.0019699
25,"R_Date","T1-1",,"likelihood",1857.5,0.0019135
25,"R_Date","T1-1",,"likelihood",1858.5,0.0019135
25,"R_Date","T1-1",,"likelihood",1859.5,0.001858
25,"R_Date","T1-1",,"likelihood",1860.5,0.001905
25,"R_Date","T1-1",,"likelihood",1861.5,0.0019616
25,"R_Date","T1-1",,"likelihood",1862.5,0.002019
25,"R_Date","T1-1",,"likelihood",1863.5,0.0020773
25,"R_Date","T1-1",,"likelihood",1864.5,0.0021364
25,"R_Date","T1-1",,"likelihood",1865.5,0.0020773
25,"R_Date","T1-1",,"likelihood",1866.5,0.002019
25,"R_Date","T1-1",,"likelihood",1867.5,0.001905
25,"R_Date","T1-1",,"likelihood",1868.5,0.0018494
25,"R_Date","T1-1",,"likelihood",1869.5,0.0017947
25,"R_Date","T1-1",,"likelihood",1870.5,0.0018494
25,"R_Date","T1-1",,"likelihood",1871.5,0.001905
25,"R_Date","T1-1",,"likelihood",1872.5,0.002019
25,"R_Date","T1-1",,"likelihood",1873.5,0.0021364
25,"R_Date","T1-1",,"likelihood",1874.5,0.0021963
25,"R_Date","T1-1",,"likelihood",1875.5,0.0022037
25,"R_Date","T1-1",,"likelihood",1876.5,0.0022037
25,"R_Date","T1-1",,"likelihood",1877.5,0.0020852
25,"R_Date","T1-1",,"likelihood",1878.5,0.0019135
25,"R_Date","T1-1",,"likelihood",1879.5,0.001697
25,"R_Date","T1-1",,"likelihood",1880.5,0.0015445
25,"R_Date","T1-1",,"likelihood",1881.5,0.0014476
25,"R_Date","T1-1",,"likelihood",1882.5,0.0013547
25,"R_Date","T1-1",,"likelihood",1883.5,0.0013547
25,"R_Date","T1-1",,"likelihood",1884.5,0.0014006
25,"R_Date","T1-1",,"likelihood",1885.5,0.0014382
25,"R_Date","T1-1",,"likelihood",1886.5,0.0014956
25,"R_Date","T1-1",,"likelihood",1887.5,0.0014382
25,"R_Date","T1-1",,"likelihood",1888.5,0.0013912
25,"R_Date","T1-1",,"likelihood",1889.5,0.0013001
25,"R_Date","T1-1",,"likelihood",1890.5,0.0011712
25,"R_Date","T1-1",,"likelihood",1891.5,0.0010512
25,"R_Date","T1-1",,"likelihood",1892.5,0.000905
25,"R_Date","T1-1",,"likelihood",1893.5,0.0008377
25,"R_Date","T1-1",,"likelihood",1894.5,0.0007829
25,"R_Date","T1-1",,"likelihood",1895.5,0.0007742
25,"R_Date","T1-1",,"likelihood",1896.5,0.0007438
25,"R_Date","T1-1",,"likelihood",1897.5,0.0007829
25,"R_Date","T1-1",,"likelihood",1898.5,0.0007524
25,"R_Date","T1-1",,"likelihood",1899.5,0.0007228
25,"R_Date","T1-1",,"likelihood",1900.5,0.0006941
25,"R_Date","T1-1",,"likelihood",1901.5,0.0006663
25,"R_Date","T1-1",,"likelihood",1902.5,0.0006663
25,"R_Date","T1-1",,"likelihood",1903.5,0.0006941
25,"R_Date","T1-1",,"likelihood",1904.5,0.0007829
25,"R_Date","T1-1",,"likelihood",1905.5,0.0008709
25,"R_Date","T1-1",,"likelihood",1906.5,0.0010225
25,"R_Date","T1-1",,"likelihood",1907.5,0.0011807
25,"R_Date","T1-1",,"likelihood",1908.5,0.0013097
25,"R_Date","T1-1",,"likelihood",1909.5,0.0014476
25,"R_Date","T1-1",,"likelihood",1910.5,0.0015445
25,"R_Date","T1-1",,"likelihood",1911.5,0.0015944
25,"R_Date","T1-1",,"likelihood",1912.5,0.0015851
25,"R_Date","T1-1",,"likelihood",1913.5,0.0016452
25,"R_Date","T1-1",,"likelihood",1914.5,0.001697
25,"R_Date","T1-1",,"likelihood",1915.5,0.0018035
25,"R_Date","T1-1",,"likelihood",1916.5,0.0019699
25,"R_Date","T1-1",,"likelihood",1917.5,0.0021441
25,"R_Date","T1-1",,"likelihood",1918.5,0.0023254
25,"R_Date","T1-1",,"likelihood",1919.5,0.0025131
25,"R_Date","T1-1",,"likelihood",1920.5,0.0026413
25,"R_Date","T1-1",,"likelihood",1921.5,0.0028378
25,"R_Date","T1-1",,"likelihood",1922.5,0.0029004
25,"R_Date","T1-1",,"likelihood",1923.5,0.0030381
25,"R_Date","T1-1",,"likelihood",1924.5,0.003241
25,"R_Date","T1-1",,"likelihood",1925.5,0.003445
25,"R_Date","T1-1",,"likelihood",1926.5,0.003718
25,"R_Date","T1-1",,"likelihood",1927.5,0.00392
25,"R_Date","T1-1",,"likelihood",1928.5,0.004183
25,"R_Date","T1-1",,"likelihood",1929.5,0.004312
25,"R_Date","T1-1",,"likelihood",1930.5,0.004375
25,"R_Date","T1-1",,"likelihood",1931.5,0.004437
25,"R_Date","T1-1",,"likelihood",1932.5,0.004375
25,"R_Date","T1-1",,"likelihood",1933.5,0.004312
25,"R_Date","T1-1",,"likelihood",1934.5,0.004248
25,"R_Date","T1-1",,"likelihood",1935.5,0.004183
25,"R_Date","T1-1",,"likelihood",1936.5,0.004183
25,"R_Date","T1-1",,"likelihood",1937.5,0.004241
25,"R_Date","T1-1",,"likelihood",1938.5,0.004366
25,"R_Date","T1-1",,"likelihood",1939.5,0.004549
25,"R_Date","T1-1",,"likelihood",1940.5,0.004778
25,"R_Date","T1-1",,"likelihood",1941.5,0.004987
25,"R_Date","T1-1",,"likelihood",1942.5,0.005174
25,"R_Date","T1-1",,"likelihood",1943.5,0.005298
25,"R_Date","T1-1",,"likelihood",1944.5,0.005437
25,"R_Date","T1-1",,"likelihood",1945.5,0.005522
25,"R_Date","T1-1",,"likelihood",1946.5,0.005569
25,"R_Date","T1-1",,"likelihood",1947.5,0.005624
25,"R_Date","T1-1",,"likelihood",1948.5,0.00565
25,"R_Date","T1-1",,"likelihood",1949.5,0.005667
25,"R_Date","T1-1",,"likelihood",1950.5,0.005391
25,"R_Date","T1-1",,"posterior",1485.5,0
25,"R_Date","T1-1",,"posterior",1486.5,0.0000010381
25,"R_Date","T1-1",,"posterior",1487.5,0.0000013083
25,"R_Date","T1-1",,"posterior",1488.5,0.000003384
25,"R_Date","T1-1",,"posterior",1489.5,0.0000031285
25,"R_Date","T1-1",,"posterior",1490.5,0.0000031285
25,"R_Date","T1-1",,"posterior",1491.5,0.000007551
25,"R_Date","T1-1",,"posterior",1492.5,0.000004423
25,"R_Date","T1-1",,"posterior",1493.5,0.000007025
25,"R_Date","T1-1",,"posterior",1494.5,0.000007295
25,"R_Date","T1-1",,"posterior",1495.5,0.000008077
25,"R_Date","T1-1",,"posterior",1496.5,0.000007025
25,"R_Date","T1-1",,"posterior",1497.5,0.000011462
25,"R_Date","T1-1",,"posterior",1498.5,0.000008859
25,"R_Date","T1-1",,"posterior",1499.5,0.000012756
25,"R_Date","T1-1",,"posterior",1500.5,0.000013808
25,"R_Date","T1-1",,"posterior",1501.5,0.000012756
25,"R_Date","T1-1",,"posterior",1502.5,0.00001432
25,"R_Date","T1-1",,"posterior",1503.5,0.000009897
25,"R_Date","T1-1",,"posterior",1504.5,0.000020051
25,"R_Date","T1-1",,"posterior",1505.5,0.000024999
25,"R_Date","T1-1",,"posterior",1506.5,0.000023179
25,"R_Date","T1-1",,"posterior",1507.5,0.000025255
25,"R_Date","T1-1",,"posterior",1508.5,0.000024999
25,"R_Date","T1-1",,"posterior",1509.5,0.00002864
25,"R_Date","T1-1",,"posterior",1510.5,0.0000375
25,"R_Date","T1-1",,"posterior",1511.5,0.00004167
25,"R_Date","T1-1",,"posterior",1512.5,0.00004558
25,"R_Date","T1-1",,"posterior",1513.5,0.00005052
25,"R_Date","T1-1",,"posterior",1514.5,0.00005052
25,"R_Date","T1-1",,"posterior",1515.5,0.00004896
25,"R_Date","T1-1",,"posterior",1516.5,0.00005417
25,"R_Date","T1-1",,"posterior",1517.5,0.00005442
25,"R_Date","T1-1",,"posterior",1518.5,0.00005573
25,"R_Date","T1-1",,"posterior",1519.5,0.00007214
25,"R_Date","T1-1",,"posterior",1520.5,0.00008229
25,"R_Date","T1-1",,"posterior",1521.5,0.00009818
25,"R_Date","T1-1",,"posterior",1522.5,0.00010807
25,"R_Date","T1-1",,"posterior",1523.5,0.00013411
25,"R_Date","T1-1",,"posterior",1524.5,0.000175
25,"R_Date","T1-1",,"posterior",1525.5,0.00020338
25,"R_Date","T1-1",,"posterior",1526.5,0.00026094
25,"R_Date","T1-1",,"posterior",1527.5,0.0003175
25,"R_Date","T1-1",,"posterior",1528.5,0.0003711
25,"R_Date","T1-1",,"posterior",1529.5,0.0004779
25,"R_Date","T1-1",,"posterior",1530.5,0.0005596
25,"R_Date","T1-1",,"posterior",1531.5,0.0006628
25,"R_Date","T1-1",,"posterior",1532.5,0.0007385
25,"R_Date","T1-1",,"posterior",1533.5,0.0007833
25,"R_Date","T1-1",,"posterior",1534.5,0.0007826
25,"R_Date","T1-1",,"posterior",1535.5,0.0007346
25,"R_Date","T1-1",,"posterior",1536.5,0.0008172
25,"R_Date","T1-1",,"posterior",1537.5,0.0007852
25,"R_Date","T1-1",,"posterior",1538.5,0.0007615
25,"R_Date","T1-1",,"posterior",1539.5,0.0007286
25,"R_Date","T1-1",,"posterior",1540.5,0.0006904
25,"R_Date","T1-1",,"posterior",1541.5,0.0006685
25,"R_Date","T1-1",,"posterior",1542.5,0.0006745
25,"R_Date","T1-1",,"posterior",1543.5,0.0006542
25,"R_Date","T1-1",,"posterior",1544.5,0.0006716
25,"R_Date","T1-1",,"posterior",1545.5,0.0006961
25,"R_Date","T1-1",,"posterior",1546.5,0.0008169
25,"R_Date","T1-1",,"posterior",1547.5,0.0008276
25,"R_Date","T1-1",,"posterior",1548.5,0.0008656
25,"R_Date","T1-1",,"posterior",1549.5,0.0008661
25,"R_Date","T1-1",,"posterior",1550.5,0.0008393
25,"R_Date","T1-1",,"posterior",1551.5,0.0007625
25,"R_Date","T1-1",,"posterior",1552.5,0.0007029
25,"R_Date","T1-1",,"posterior",1553.5,0.0006656
25,"R_Date","T1-1",,"posterior",1554.5,0.0006336
25,"R_Date","T1-1",,"posterior",1555.5,0.0006299
25,"R_Date","T1-1",,"posterior",1556.5,0.0006198
25,"R_Date","T1-1",,"posterior",1557.5,0.0005536
25,"R_Date","T1-1",,"posterior",1558.5,0.0005453
25,"R_Date","T1-1",,"posterior",1559.5,0.0004505
25,"R_Date","T1-1",,"posterior",1560.5,0.0004753
25,"R_Date","T1-1",,"posterior",1561.5,0.0004576
25,"R_Date","T1-1",,"posterior",1562.5,0.0004182
25,"R_Date","T1-1",,"posterior",1563.5,0.0004039
25,"R_Date","T1-1",,"posterior",1564.5,0.0004844
25,"R_Date","T1-1",,"posterior",1565.5,0.0005242
25,"R_Date","T1-1",,"posterior",1566.5,0.0005339
25,"R_Date","T1-1",,"posterior",1567.5,0.0005669
25,"R_Date","T1-1",,"posterior",1568.5,0.0005883
25,"R_Date","T1-1",,"posterior",1569.5,0.0005885
25,"R_Date","T1-1",,"posterior",1570.5,0.0005849
25,"R_Date","T1-1",,"posterior",1571.5,0.0005198
25,"R_Date","T1-1",,"posterior",1572.5,0.000493
25,"R_Date","T1-1",,"posterior",1573.5,0.0004685
25,"R_Date","T1-1",,"posterior",1574.5,0.0004099
25,"R_Date","T1-1",,"posterior",1575.5,0.000374
25,"R_Date","T1-1",,"posterior",1576.5,0.000362
25,"R_Date","T1-1",,"posterior",1577.5,0.0003607
25,"R_Date","T1-1",,"posterior",1578.5,0.0003401
25,"R_Date","T1-1",,"posterior",1579.5,0.00030756
25,"R_Date","T1-1",,"posterior",1580.5,0.0003195
25,"R_Date","T1-1",,"posterior",1581.5,0.0003193
25,"R_Date","T1-1",,"posterior",1582.5,0.00030521
25,"R_Date","T1-1",,"posterior",1583.5,0.00028724
25,"R_Date","T1-1",,"posterior",1584.5,0.0003211
25,"R_Date","T1-1",,"posterior",1585.5,0.000344
25,"R_Date","T1-1",,"posterior",1586.5,0.0003411
25,"R_Date","T1-1",,"posterior",1587.5,0.0003177
25,"R_Date","T1-1",,"posterior",1588.5,0.0002961
25,"R_Date","T1-1",,"posterior",1589.5,0.00026511
25,"R_Date","T1-1",,"posterior",1590.5,0.00023438
25,"R_Date","T1-1",,"posterior",1591.5,0.00021433
25,"R_Date","T1-1",,"posterior",1592.5,0.00019037
25,"R_Date","T1-1",,"posterior",1593.5,0.00016537
25,"R_Date","T1-1",,"posterior",1594.5,0.00014401
25,"R_Date","T1-1",,"posterior",1595.5,0.00013724
25,"R_Date","T1-1",,"posterior",1596.5,0.00013073
25,"R_Date","T1-1",,"posterior",1597.5,0.00011823
25,"R_Date","T1-1",,"posterior",1598.5,0.00012057
25,"R_Date","T1-1",,"posterior",1599.5,0.00011615
25,"R_Date","T1-1",,"posterior",1600.5,0.00010078
25,"R_Date","T1-1",,"posterior",1601.5,0.00009818
25,"R_Date","T1-1",,"posterior",1602.5,0.00007995
25,"R_Date","T1-1",,"posterior",1603.5,0.00007005
25,"R_Date","T1-1",,"posterior",1604.5,0.0000599
25,"R_Date","T1-1",,"posterior",1605.5,0.00004974
25,"R_Date","T1-1",,"posterior",1606.5,0.00005442
25,"R_Date","T1-1",,"posterior",1607.5,0.00005964
25,"R_Date","T1-1",,"posterior",1608.5,0.00006666
25,"R_Date","T1-1",,"posterior",1609.5,0.00008359
25,"R_Date","T1-1",,"posterior",1610.5,0.00008437
25,"R_Date","T1-1",,"posterior",1611.5,0.00009192
25,"R_Date","T1-1",,"posterior",1612.5,0.00008204
25,"R_Date","T1-1",,"posterior",1613.5,0.00008646
25,"R_Date","T1-1",,"posterior",1614.5,0.00010704
25,"R_Date","T1-1",,"posterior",1615.5,0.00009896
25,"R_Date","T1-1",,"posterior",1616.5,0.00009557
25,"R_Date","T1-1",,"posterior",1617.5,0.00011641
25,"R_Date","T1-1",,"posterior",1618.5,0.00015052
25,"R_Date","T1-1",,"posterior",1619.5,0.00016953
25,"R_Date","T1-1",,"posterior",1620.5,0.00020755
25,"R_Date","T1-1",,"posterior",1621.5,0.00025261
25,"R_Date","T1-1",,"posterior",1622.5,0.000318
25,"R_Date","T1-1",,"posterior",1623.5,0.0003693
25,"R_Date","T1-1",,"posterior",1624.5,0.0003724
25,"R_Date","T1-1",,"posterior",1625.5,0.0003841
25,"R_Date","T1-1",,"posterior",1626.5,0.0004057
25,"R_Date","T1-1",,"posterior",1627.5,0.0004044
25,"R_Date","T1-1",,"posterior",1628.5,0.0003675
25,"R_Date","T1-1",,"posterior",1629.5,0.0004354
25,"R_Date","T1-1",,"posterior",1630.5,0.000469
25,"R_Date","T1-1",,"posterior",1631.5,0.0005096
25,"R_Date","T1-1",,"posterior",1632.5,0.0006424
25,"R_Date","T1-1",,"posterior",1633.5,0.0007747
25,"R_Date","T1-1",,"posterior",1634.5,0.0009221
25,"R_Date","T1-1",,"posterior",1635.5,0.0011414
25,"R_Date","T1-1",,"posterior",1636.5,0.0013102
25,"R_Date","T1-1",,"posterior",1637.5,0.0015659
25,"R_Date","T1-1",,"posterior",1638.5,0.0017792
25,"R_Date","T1-1",,"posterior",1639.5,0.0020385
25,"R_Date","T1-1",,"posterior",1640.5,0.0024573
25,"R_Date","T1-1",,"posterior",1641.5,0.0028474
25,"R_Date","T1-1",,"posterior",1642.5,0.003202
25,"R_Date","T1-1",,"posterior",1643.5,0.003721
25,"R_Date","T1-1",,"posterior",1644.5,0.004146
25,"R_Date","T1-1",,"posterior",1645.5,0.004561
25,"R_Date","T1-1",,"posterior",1646.5,0.004991
25,"R_Date","T1-1",,"posterior",1647.5,0.005453
25,"R_Date","T1-1",,"posterior",1648.5,0.006033
25,"R_Date","T1-1",,"posterior",1649.5,0.006496
25,"R_Date","T1-1",,"posterior",1650.5,0.00694
25,"R_Date","T1-1",,"posterior",1651.5,0.00741
25,"R_Date","T1-1",,"posterior",1652.5,0.007795
25,"R_Date","T1-1",,"posterior",1653.5,0.007953
25,"R_Date","T1-1",,"posterior",1654.5,0.008251
25,"R_Date","T1-1",,"posterior",1655.5,0.008573
25,"R_Date","T1-1",,"posterior",1656.5,0.009035
25,"R_Date","T1-1",,"posterior",1657.5,0.009542
25,"R_Date","T1-1",,"posterior",1658.5,0.010034
25,"R_Date","T1-1",,"posterior",1659.5,0.010563
25,"R_Date","T1-1",,"posterior",1660.5,0.011281
25,"R_Date","T1-1",,"posterior",1661.5,0.011794
25,"R_Date","T1-1",,"posterior",1662.5,0.012413
25,"R_Date","T1-1",,"posterior",1663.5,0.012771
25,"R_Date","T1-1",,"posterior",1664.5,0.013184
25,"R_Date","T1-1",,"posterior",1665.5,0.013614
25,"R_Date","T1-1",,"posterior",1666.5,0.013729
25,"R_Date","T1-1",,"posterior",1667.5,0.014007
25,"R_Date","T1-1",,"posterior",1668.5,0.014114
25,"R_Date","T1-1",,"posterior",1669.5,0.01422
25,"R_Date","T1-1",,"posterior",1670.5,0.013773
25,"R_Date","T1-1",,"posterior",1671.5,0.013496
25,"R_Date","T1-1",,"posterior",1672.5,0.013232
25,"R_Date","T1-1",,"posterior",1673.5,0.013066
25,"R_Date","T1-1",,"posterior",1674.5,0.012832
25,"R_Date","T1-1",,"posterior",1675.5,0.012851
25,"R_Date","T1-1",,"posterior",1676.5,0.012781
25,"R_Date","T1-1",,"posterior",1677.5,0.012863
25,"R_Date","T1-1",,"posterior",1678.5,0.012672
25,"R_Date","T1-1",,"posterior",1679.5,0.012542
25,"R_Date","T1-1",,"posterior",1680.5,0.012082
25,"R_Date","T1-1",,"posterior",1681.5,0.01187
25,"R_Date","T1-1",,"posterior",1682.5,0.01146
25,"R_Date","T1-1",,"posterior",1683.5,0.010929
25,"R_Date","T1-1",,"posterior",1684.5,0.010462
25,"R_Date","T1-1",,"posterior",1685.5,0.009782
25,"R_Date","T1-1",,"posterior",1686.5,0.009279
25,"R_Date","T1-1",,"posterior",1687.5,0.008626
25,"R_Date","T1-1",,"posterior",1688.5,0.008145
25,"R_Date","T1-1",,"posterior",1689.5,0.007573
25,"R_Date","T1-1",,"posterior",1690.5,0.00697
25,"R_Date","T1-1",,"posterior",1691.5,0.006533
25,"R_Date","T1-1",,"posterior",1692.5,0.006031
25,"R_Date","T1-1",,"posterior",1693.5,0.005522
25,"R_Date","T1-1",,"posterior",1694.5,0.005012
25,"R_Date","T1-1",,"posterior",1695.5,0.004472
25,"R_Date","T1-1",,"posterior",1696.5,0.004004
25,"R_Date","T1-1",,"posterior",1697.5,0.003545
25,"R_Date","T1-1",,"posterior",1698.5,0.0031411
25,"R_Date","T1-1",,"posterior",1699.5,0.0028414
25,"R_Date","T1-1",,"posterior",1700.5,0.0026453
25,"R_Date","T1-1",,"posterior",1701.5,0.0024292
25,"R_Date","T1-1",,"posterior",1702.5,0.0023414
25,"R_Date","T1-1",,"posterior",1703.5,0.0022932
25,"R_Date","T1-1",,"posterior",1704.5,0.0023029
25,"R_Date","T1-1",,"posterior",1705.5,0.0023484
25,"R_Date","T1-1",,"posterior",1706.5,0.0022677
25,"R_Date","T1-1",,"posterior",1707.5,0.0022443
25,"R_Date","T1-1",,"posterior",1708.5,0.002138
25,"R_Date","T1-1",,"posterior",1709.5,0.0019612
25,"R_Date","T1-1",,"posterior",1710.5,0.0017706
25,"R_Date","T1-1",,"posterior",1711.5,0.0016258
25,"R_Date","T1-1",,"posterior",1712.5,0.0015404
25,"R_Date","T1-1",,"posterior",1713.5,0.0014219
25,"R_Date","T1-1",,"posterior",1714.5,0.0013758
25,"R_Date","T1-1",,"posterior",1715.5,0.0012984
25,"R_Date","T1-1",,"posterior",1716.5,0.0012656
25,"R_Date","T1-1",,"posterior",1717.5,0.0013039
25,"R_Date","T1-1",,"posterior",1718.5,0.0014602
25,"R_Date","T1-1",,"posterior",1719.5,0.0016245
25,"R_Date","T1-1",,"posterior",1720.5,0.0018177
25,"R_Date","T1-1",,"posterior",1721.5,0.0020878
25,"R_Date","T1-1",,"posterior",1722.5,0.0023721
25,"R_Date","T1-1",,"posterior",1723.5,0.0026508
25,"R_Date","T1-1",,"posterior",1724.5,0.0028943
25,"R_Date","T1-1",,"posterior",1725.5,0.003299
25,"R_Date","T1-1",,"posterior",1726.5,0.003654
25,"R_Date","T1-1",,"posterior",1727.5,0.004027
25,"R_Date","T1-1",,"posterior",1728.5,0.004372
25,"R_Date","T1-1",,"posterior",1729.5,0.004942
25,"R_Date","T1-1",,"posterior",1730.5,0.005195
25,"R_Date","T1-1",,"posterior",1731.5,0.005747
25,"R_Date","T1-1",,"posterior",1732.5,0.005896
25,"R_Date","T1-1",,"posterior",1733.5,0.006077
25,"R_Date","T1-1",,"posterior",1734.5,0.006139
25,"R_Date","T1-1",,"posterior",1735.5,0.006099
25,"R_Date","T1-1",,"posterior",1736.5,0.006081
25,"R_Date","T1-1",,"posterior",1737.5,0.006197
25,"R_Date","T1-1",,"posterior",1738.5,0.006157
25,"R_Date","T1-1",,"posterior",1739.5,0.006216
25,"R_Date","T1-1",,"posterior",1740.5,0.00644
25,"R_Date","T1-1",,"posterior",1741.5,0.006598
25,"R_Date","T1-1",,"posterior",1742.5,0.006651
25,"R_Date","T1-1",,"posterior",1743.5,0.006696
25,"R_Date","T1-1",,"posterior",1744.5,0.006792
25,"R_Date","T1-1",,"posterior",1745.5,0.006625
25,"R_Date","T1-1",,"posterior",1746.5,0.006464
25,"R_Date","T1-1",,"posterior",1747.5,0.006452
25,"R_Date","T1-1",,"posterior",1748.5,0.006313
25,"R_Date","T1-1",,"posterior",1749.5,0.006242
25,"R_Date","T1-1",,"posterior",1750.5,0.005994
25,"R_Date","T1-1",,"posterior",1751.5,0.005795
25,"R_Date","T1-1",,"posterior",1752.5,0.005612
25,"R_Date","T1-1",,"posterior",1753.5,0.005292
25,"R_Date","T1-1",,"posterior",1754.5,0.005034
25,"R_Date","T1-1",,"posterior",1755.5,0.00473
25,"R_Date","T1-1",,"posterior",1756.5,0.004491
25,"R_Date","T1-1",,"posterior",1757.5,0.004255
25,"R_Date","T1-1",,"posterior",1758.5,0.004201
25,"R_Date","T1-1",,"posterior",1759.5,0.004149
25,"R_Date","T1-1",,"posterior",1760.5,0.004169
25,"R_Date","T1-1",,"posterior",1761.5,0.004356
25,"R_Date","T1-1",,"posterior",1762.5,0.004403
25,"R_Date","T1-1",,"posterior",1763.5,0.004471
25,"R_Date","T1-1",,"posterior",1764.5,0.004558
25,"R_Date","T1-1",,"posterior",1765.5,0.004443
25,"R_Date","T1-1",,"posterior",1766.5,0.004541
25,"R_Date","T1-1",,"posterior",1767.5,0.004522
25,"R_Date","T1-1",,"posterior",1768.5,0.004553
25,"R_Date","T1-1",,"posterior",1769.5,0.004345
25,"R_Date","T1-1",,"posterior",1770.5,0.004399
25,"R_Date","T1-1",,"posterior",1771.5,0.004189
25,"R_Date","T1-1",,"posterior",1772.5,0.003923
25,"R_Date","T1-1",,"posterior",1773.5,0.003835
25,"R_Date","T1-1",,"posterior",1774.5,0.003599
25,"R_Date","T1-1",,"posterior",1775.5,0.003505
25,"R_Date","T1-1",,"posterior",1776.5,0.0034
25,"R_Date","T1-1",,"posterior",1777.5,0.003397
25,"R_Date","T1-1",,"posterior",1778.5,0.003474
25,"R_Date","T1-1",,"posterior",1779.5,0.003528
25,"R_Date","T1-1",,"posterior",1780.5,0.003433
25,"R_Date","T1-1",,"posterior",1781.5,0.003411
25,"R_Date","T1-1",,"posterior",1782.5,0.003338
25,"R_Date","T1-1",,"posterior",1783.5,0.003195
25,"R_Date","T1-1",,"posterior",1784.5,0.0030719
25,"R_Date","T1-1",,"posterior",1785.5,0.0030471
25,"R_Date","T1-1",,"posterior",1786.5,0.0028148
25,"R_Date","T1-1",,"posterior",1787.5,0.0026875
25,"R_Date","T1-1",,"posterior",1788.5,0.0026367
25,"R_Date","T1-1",,"posterior",1789.5,0.0024294
25,"R_Date","T1-1",,"posterior",1790.5,0.0023677
25,"R_Date","T1-1",,"posterior",1791.5,0.0023182
25,"R_Date","T1-1",,"posterior",1792.5,0.0023315
25,"R_Date","T1-1",,"posterior",1793.5,0.002355
25,"R_Date","T1-1",,"posterior",1794.5,0.0024146
25,"R_Date","T1-1",,"posterior",1795.5,0.0023844
25,"R_Date","T1-1",,"posterior",1796.5,0.0023867
25,"R_Date","T1-1",,"posterior",1797.5,0.0022646
25,"R_Date","T1-1",,"posterior",1798.5,0.002149
25,"R_Date","T1-1",,"posterior",1799.5,0.0018927
25,"R_Date","T1-1",,"posterior",1800.5,0.0017745
25,"R_Date","T1-1",,"posterior",1801.5,0.0016359
25,"R_Date","T1-1",,"posterior",1802.5,0.0015729
25,"R_Date","T1-1",,"posterior",1803.5,0.0015099
25,"R_Date","T1-1",,"posterior",1804.5,0.001449
25,"R_Date","T1-1",,"posterior",1805.5,0.0013977
25,"R_Date","T1-1",,"posterior",1806.5,0.0012815
25,"R_Date","T1-1",,"posterior",1807.5,0.0011617
25,"R_Date","T1-1",,"posterior",1808.5,0.0010471
25,"R_Date","T1-1",,"posterior",1809.5,0.0009224
25,"R_Date","T1-1",,"posterior",1810.5,0.0007753
25,"R_Date","T1-1",,"posterior",1811.5,0.0006299
25,"R_Date","T1-1",,"posterior",1812.5,0.0005154
25,"R_Date","T1-1",,"posterior",1813.5,0.0004372
25,"R_Date","T1-1",,"posterior",1814.5,0.0003878
25,"R_Date","T1-1",,"posterior",1815.5,0.0003237
25,"R_Date","T1-1",,"posterior",1816.5,0.00029271
25,"R_Date","T1-1",,"posterior",1817.5,0.00028672
25,"R_Date","T1-1",,"posterior",1818.5,0.00025365
25,"R_Date","T1-1",,"posterior",1819.5,0.00024115
25,"R_Date","T1-1",,"posterior",1820.5,0.00024219
25,"R_Date","T1-1",,"posterior",1821.5,0.00024766
25,"R_Date","T1-1",,"posterior",1822.5,0.00025651
25,"R_Date","T1-1",,"posterior",1823.5,0.0002263
25,"R_Date","T1-1",,"posterior",1824.5,0.00020885
25,"R_Date","T1-1",,"posterior",1825.5,0.00017317
25,"R_Date","T1-1",,"posterior",1826.5,0.00016355
25,"R_Date","T1-1",,"posterior",1827.5,0.00013282
25,"R_Date","T1-1",,"posterior",1828.5,0.00014323
25,"R_Date","T1-1",,"posterior",1829.5,0.00013724
25,"R_Date","T1-1",,"posterior",1830.5,0.00013073
25,"R_Date","T1-1",,"posterior",1831.5,0.00014348
25,"R_Date","T1-1",,"posterior",1832.5,0.00018567
25,"R_Date","T1-1",,"posterior",1833.5,0.00019115
25,"R_Date","T1-1",,"posterior",1834.5,0.00021433
25,"R_Date","T1-1",,"posterior",1835.5,0.00024193
25,"R_Date","T1-1",,"posterior",1836.5,0.00028151
25,"R_Date","T1-1",,"posterior",1837.5,0.00029245
25,"R_Date","T1-1",,"posterior",1838.5,0.00028906
25,"R_Date","T1-1",,"posterior",1839.5,0.00029427
25,"R_Date","T1-1",,"posterior",1840.5,0.00029193
25,"R_Date","T1-1",,"posterior",1841.5,0.0002711
25,"R_Date","T1-1",,"posterior",1842.5,0.00026771
25,"R_Date","T1-1",,"posterior",1843.5,0.00023673
25,"R_Date","T1-1",,"posterior",1844.5,0.00022605
25,"R_Date","T1-1",,"posterior",1845.5,0.00021744
25,"R_Date","T1-1",,"posterior",1846.5,0.00020651
25,"R_Date","T1-1",,"posterior",1847.5,0.00019297
25,"R_Date","T1-1",,"posterior",1848.5,0.00016537
25,"R_Date","T1-1",,"posterior",1849.5,0.00016875
25,"R_Date","T1-1",,"posterior",1850.5,0.00016433
25,"R_Date","T1-1",,"posterior",1851.5,0.00016355
25,"R_Date","T1-1",,"posterior",1852.5,0.00016328
25,"R_Date","T1-1",,"posterior",1853.5,0.00014714
25,"R_Date","T1-1",,"posterior",1854.5,0.00014661
25,"R_Date","T1-1",,"posterior",1855.5,0.00014401
25,"R_Date","T1-1",,"posterior",1856.5,0.0001276
25,"R_Date","T1-1",,"posterior",1857.5,0.0001112
25,"R_Date","T1-1",,"posterior",1858.5,0.00011432
25,"R_Date","T1-1",,"posterior",1859.5,0.00011015
25,"R_Date","T1-1",,"posterior",1860.5,0.00010677
25,"R_Date","T1-1",,"posterior",1861.5,0.00009818
25,"R_Date","T1-1",,"posterior",1862.5,0.00009792
25,"R_Date","T1-1",,"posterior",1863.5,0.00007865
25,"R_Date","T1-1",,"posterior",1864.5,0.00008984
25,"R_Date","T1-1",,"posterior",1865.5,0.00007032
25,"R_Date","T1-1",,"posterior",1866.5,0.00006042
25,"R_Date","T1-1",,"posterior",1867.5,0.0000677
25,"R_Date","T1-1",,"posterior",1868.5,0.00005937
25,"R_Date","T1-1",,"posterior",1869.5,0.00004454
25,"R_Date","T1-1",,"posterior",1870.5,0.0000474
25,"R_Date","T1-1",,"posterior",1871.5,0.00005052
25,"R_Date","T1-1",,"posterior",1872.5,0.00003959
25,"R_Date","T1-1",,"posterior",1873.5,0.00003359
25,"R_Date","T1-1",,"posterior",1874.5,0.00003646
25,"R_Date","T1-1",,"posterior",1875.5,0.00003464
25,"R_Date","T1-1",,"posterior",1876.5,0.000030204
25,"R_Date","T1-1",,"posterior",1877.5,0.000023691
25,"R_Date","T1-1",,"posterior",1878.5,0.000020307
25,"R_Date","T1-1",,"posterior",1879.5,0.000012244
25,"R_Date","T1-1",,"posterior",1880.5,0.000015358
25,"R_Date","T1-1",,"posterior",1881.5,0.000013538
25,"R_Date","T1-1",,"posterior",1882.5,0.000009371
25,"R_Date","T1-1",,"posterior",1883.5,0.000005987
25,"R_Date","T1-1",,"posterior",1884.5,0.000005731
25,"R_Date","T1-1",,"posterior",1885.5,0.000004949
25,"R_Date","T1-1",,"posterior",1886.5,0.000003911
25,"R_Date","T1-1",,"posterior",1887.5,0.0000028583
25,"R_Date","T1-1",,"posterior",1888.5,0.000003384
25,"R_Date","T1-1",,"posterior",1889.5,0.0000015642
25,"R_Date","T1-1",,"posterior",1890.5,0.0000013083
25,"R_Date","T1-1",,"posterior",1891.5,5.262e-7
25,"R_Date","T1-1",,"posterior",1892.5,2.5597e-7
25,"R_Date","T1-1",,"posterior",1893.5,0.0000010381
26,"Calculate","Event 2",,"posterior",1505.5,0
26,"Calculate","Event 2",,"posterior",1506.5,2.632e-7
26,"Calculate","Event 2",,"posterior",1507.5,2.632e-7
26,"Calculate","Event 2",,"posterior",1508.5,7.819e-7
26,"Calculate","Event 2",,"posterior",1509.5,0.0000023456
26,"Calculate","Event 2",,"posterior",1510.5,0.0000010451
26,"Calculate","Event 2",,"posterior",1511.5,0.0000010451
26,"Calculate","Event 2",,"posterior",1512.5,0.0000023456
26,"Calculate","Event 2",,"posterior",1513.5,0.0000023456
26,"Calculate","Event 2",,"posterior",1514.5,0.0000028642
26,"Calculate","Event 2",,"posterior",1515.5,0.0000015637
26,"Calculate","Event 2",,"posterior",1516.5,0.000003646
26,"Calculate","Event 2",,"posterior",1517.5,0.000002601
26,"Calculate","Event 2",,"posterior",1518.5,0.000003383
26,"Calculate","Event 2",,"posterior",1519.5,0.000003646
26,"Calculate","Event 2",,"posterior",1520.5,0.000003909
26,"Calculate","Event 2",,"posterior",1521.5,0.000003383
26,"Calculate","Event 2",,"posterior",1522.5,0.000004428
26,"Calculate","Event 2",,"posterior",1523.5,0.000007292
26,"Calculate","Event 2",,"posterior",1524.5,0.000005992
26,"Calculate","Event 2",,"posterior",1525.5,0.000004947
26,"Calculate","Event 2",,"posterior",1526.5,0.000009638
26,"Calculate","Event 2",,"posterior",1527.5,0.00001042
26,"Calculate","Event 2",,"posterior",1528.5,0.000009111
26,"Calculate","Event 2",,"posterior",1529.5,0.000012502
26,"Calculate","Event 2",,"posterior",1530.5,0.000015103
26,"Calculate","Event 2",,"posterior",1531.5,0.000018749
26,"Calculate","Event 2",,"posterior",1532.5,0.000021095
26,"Calculate","Event 2",,"posterior",1533.5,0.000028642
26,"Calculate","Event 2",,"posterior",1534.5,0.000031251
26,"Calculate","Event 2",,"posterior",1535.5,0.00003906
26,"Calculate","Event 2",,"posterior",1536.5,0.00004375
26,"Calculate","Event 2",,"posterior",1537.5,0.00004505
26,"Calculate","Event 2",,"posterior",1538.5,0.00005156
26,"Calculate","Event 2",,"posterior",1539.5,0.00005781
26,"Calculate","Event 2",,"posterior",1540.5,0.00006094
26,"Calculate","Event 2",,"posterior",1541.5,0.00006823
26,"Calculate","Event 2",,"posterior",1542.5,0.00006615
26,"Calculate","Event 2",,"posterior",1543.5,0.0000638
26,"Calculate","Event 2",,"posterior",1544.5,0.00007318
26,"Calculate","Event 2",,"posterior",1545.5,0.00007891
26,"Calculate","Event 2",,"posterior",1546.5,0.00008047
26,"Calculate","Event 2",,"posterior",1547.5,0.00007787
26,"Calculate","Event 2",,"posterior",1548.5,0.00009662
26,"Calculate","Event 2",,"posterior",1549.5,0.00008802
26,"Calculate","Event 2",,"posterior",1550.5,0.00010599
26,"Calculate","Event 2",,"posterior",1551.5,0.00010208
26,"Calculate","Event 2",,"posterior",1552.5,0.00010989
26,"Calculate","Event 2",,"posterior",1553.5,0.00010625
26,"Calculate","Event 2",,"posterior",1554.5,0.00011615
26,"Calculate","Event 2",,"posterior",1555.5,0.00011407
26,"Calculate","Event 2",,"posterior",1556.5,0.00012578
26,"Calculate","Event 2",,"posterior",1557.5,0.00011849
26,"Calculate","Event 2",,"posterior",1558.5,0.00012422
26,"Calculate","Event 2",,"posterior",1559.5,0.00013568
26,"Calculate","Event 2",,"posterior",1560.5,0.00014896
26,"Calculate","Event 2",,"posterior",1561.5,0.00013984
26,"Calculate","Event 2",,"posterior",1562.5,0.00014454
26,"Calculate","Event 2",,"posterior",1563.5,0.00013854
26,"Calculate","Event 2",,"posterior",1564.5,0.0001388
26,"Calculate","Event 2",,"posterior",1565.5,0.00015313
26,"Calculate","Event 2",,"posterior",1566.5,0.00015677
26,"Calculate","Event 2",,"posterior",1567.5,0.00015964
26,"Calculate","Event 2",,"posterior",1568.5,0.00016224
26,"Calculate","Event 2",,"posterior",1569.5,0.00015859
26,"Calculate","Event 2",,"posterior",1570.5,0.00016849
26,"Calculate","Event 2",,"posterior",1571.5,0.00017266
26,"Calculate","Event 2",,"posterior",1572.5,0.00016667
26,"Calculate","Event 2",,"posterior",1573.5,0.00017136
26,"Calculate","Event 2",,"posterior",1574.5,0.00017396
26,"Calculate","Event 2",,"posterior",1575.5,0.0001737
26,"Calculate","Event 2",,"posterior",1576.5,0.00019219
26,"Calculate","Event 2",,"posterior",1577.5,0.00017083
26,"Calculate","Event 2",,"posterior",1578.5,0.00017526
26,"Calculate","Event 2",,"posterior",1579.5,0.00018307
26,"Calculate","Event 2",,"posterior",1580.5,0.00019063
26,"Calculate","Event 2",,"posterior",1581.5,0.0001836
26,"Calculate","Event 2",,"posterior",1582.5,0.00019687
26,"Calculate","Event 2",,"posterior",1583.5,0.00019401
26,"Calculate","Event 2",,"posterior",1584.5,0.00020235
26,"Calculate","Event 2",,"posterior",1585.5,0.00020338
26,"Calculate","Event 2",,"posterior",1586.5,0.00019974
26,"Calculate","Event 2",,"posterior",1587.5,0.0002112
26,"Calculate","Event 2",,"posterior",1588.5,0.00020365
26,"Calculate","Event 2",,"posterior",1589.5,0.00019844
26,"Calculate","Event 2",,"posterior",1590.5,0.00020833
26,"Calculate","Event 2",,"posterior",1591.5,0.00021094
26,"Calculate","Event 2",,"posterior",1592.5,0.0002237
26,"Calculate","Event 2",,"posterior",1593.5,0.00022135
26,"Calculate","Event 2",,"posterior",1594.5,0.00022604
26,"Calculate","Event 2",,"posterior",1595.5,0.00022213
26,"Calculate","Event 2",,"posterior",1596.5,0.00021407
26,"Calculate","Event 2",,"posterior",1597.5,0.00021745
26,"Calculate","Event 2",,"posterior",1598.5,0.00022448
26,"Calculate","Event 2",,"posterior",1599.5,0.00022318
26,"Calculate","Event 2",,"posterior",1600.5,0.00021068
26,"Calculate","Event 2",,"posterior",1601.5,0.00022318
26,"Calculate","Event 2",,"posterior",1602.5,0.00021745
26,"Calculate","Event 2",,"posterior",1603.5,0.00023282
26,"Calculate","Event 2",,"posterior",1604.5,0.00022995
26,"Calculate","Event 2",,"posterior",1605.5,0.00022266
26,"Calculate","Event 2",,"posterior",1606.5,0.00022422
26,"Calculate","Event 2",,"posterior",1607.5,0.00022083
26,"Calculate","Event 2",,"posterior",1608.5,0.0002224
26,"Calculate","Event 2",,"posterior",1609.5,0.00023515
26,"Calculate","Event 2",,"posterior",1610.5,0.00022526
26,"Calculate","Event 2",,"posterior",1611.5,0.00022656
26,"Calculate","Event 2",,"posterior",1612.5,0.00021484
26,"Calculate","Event 2",,"posterior",1613.5,0.0002164
26,"Calculate","Event 2",,"posterior",1614.5,0.00021224
26,"Calculate","Event 2",,"posterior",1615.5,0.00023828
26,"Calculate","Event 2",,"posterior",1616.5,0.00023385
26,"Calculate","Event 2",,"posterior",1617.5,0.00021875
26,"Calculate","Event 2",,"posterior",1618.5,0.00022552
26,"Calculate","Event 2",,"posterior",1619.5,0.00022891
26,"Calculate","Event 2",,"posterior",1620.5,0.00023463
26,"Calculate","Event 2",,"posterior",1621.5,0.00023672
26,"Calculate","Event 2",,"posterior",1622.5,0.00023151
26,"Calculate","Event 2",,"posterior",1623.5,0.00023099
26,"Calculate","Event 2",,"posterior",1624.5,0.00025859
26,"Calculate","Event 2",,"posterior",1625.5,0.00024114
26,"Calculate","Event 2",,"posterior",1626.5,0.00024505
26,"Calculate","Event 2",,"posterior",1627.5,0.00023568
26,"Calculate","Event 2",,"posterior",1628.5,0.0002513
26,"Calculate","Event 2",,"posterior",1629.5,0.00026146
26,"Calculate","Event 2",,"posterior",1630.5,0.00026042
26,"Calculate","Event 2",,"posterior",1631.5,0.00027291
26,"Calculate","Event 2",,"posterior",1632.5,0.00027734
26,"Calculate","Event 2",,"posterior",1633.5,0.00028854
26,"Calculate","Event 2",,"posterior",1634.5,0.00029401
26,"Calculate","Event 2",,"posterior",1635.5,0.00029089
26,"Calculate","Event 2",,"posterior",1636.5,0.00028854
26,"Calculate","Event 2",,"posterior",1637.5,0.0003297
26,"Calculate","Event 2",,"posterior",1638.5,0.0003367
26,"Calculate","Event 2",,"posterior",1639.5,0.0003674
26,"Calculate","Event 2",,"posterior",1640.5,0.0003701
26,"Calculate","Event 2",,"posterior",1641.5,0.0003956
26,"Calculate","Event 2",,"posterior",1642.5,0.0004156
26,"Calculate","Event 2",,"posterior",1643.5,0.0004716
26,"Calculate","Event 2",,"posterior",1644.5,0.0005075
26,"Calculate","Event 2",,"posterior",1645.5,0.0005292
26,"Calculate","Event 2",,"posterior",1646.5,0.0006039
26,"Calculate","Event 2",,"posterior",1647.5,0.0006333
26,"Calculate","Event 2",,"posterior",1648.5,0.000688
26,"Calculate","Event 2",,"posterior",1649.5,0.0007654
26,"Calculate","Event 2",,"posterior",1650.5,0.0008138
26,"Calculate","Event 2",,"posterior",1651.5,0.0008836
26,"Calculate","Event 2",,"posterior",1652.5,0.0009711
26,"Calculate","Event 2",,"posterior",1653.5,0.00105
26,"Calculate","Event 2",,"posterior",1654.5,0.0010943
26,"Calculate","Event 2",,"posterior",1655.5,0.0011799
26,"Calculate","Event 2",,"posterior",1656.5,0.0012794
26,"Calculate","Event 2",,"posterior",1657.5,0.0013344
26,"Calculate","Event 2",,"posterior",1658.5,0.0014247
26,"Calculate","Event 2",,"posterior",1659.5,0.0014964
26,"Calculate","Event 2",,"posterior",1660.5,0.0016258
26,"Calculate","Event 2",,"posterior",1661.5,0.001713
26,"Calculate","Event 2",,"posterior",1662.5,0.0018443
26,"Calculate","Event 2",,"posterior",1663.5,0.0019279
26,"Calculate","Event 2",,"posterior",1664.5,0.0020302
26,"Calculate","Event 2",,"posterior",1665.5,0.0021615
26,"Calculate","Event 2",,"posterior",1666.5,0.0022318
26,"Calculate","Event 2",,"posterior",1667.5,0.0023935
26,"Calculate","Event 2",,"posterior",1668.5,0.0025169
26,"Calculate","Event 2",,"posterior",1669.5,0.0026424
26,"Calculate","Event 2",,"posterior",1670.5,0.0027125
26,"Calculate","Event 2",,"posterior",1671.5,0.0029219
26,"Calculate","Event 2",,"posterior",1672.5,0.0029477
26,"Calculate","Event 2",,"posterior",1673.5,0.0030747
26,"Calculate","Event 2",,"posterior",1674.5,0.00322
26,"Calculate","Event 2",,"posterior",1675.5,0.003303
26,"Calculate","Event 2",,"posterior",1676.5,0.003361
26,"Calculate","Event 2",,"posterior",1677.5,0.003517
26,"Calculate","Event 2",,"posterior",1678.5,0.003692
26,"Calculate","Event 2",,"posterior",1679.5,0.003748
26,"Calculate","Event 2",,"posterior",1680.5,0.003791
26,"Calculate","Event 2",,"posterior",1681.5,0.003871
26,"Calculate","Event 2",,"posterior",1682.5,0.004028
26,"Calculate","Event 2",,"posterior",1683.5,0.004071
26,"Calculate","Event 2",,"posterior",1684.5,0.004159
26,"Calculate","Event 2",,"posterior",1685.5,0.004244
26,"Calculate","Event 2",,"posterior",1686.5,0.004331
26,"Calculate","Event 2",,"posterior",1687.5,0.004369
26,"Calculate","Event 2",,"posterior",1688.5,0.004497
26,"Calculate","Event 2",,"posterior",1689.5,0.004606
26,"Calculate","Event 2",,"posterior",1690.5,0.004555
26,"Calculate","Event 2",,"posterior",1691.5,0.004664
26,"Calculate","Event 2",,"posterior",1692.5,0.004735
26,"Calculate","Event 2",,"posterior",1693.5,0.004762
26,"Calculate","Event 2",,"posterior",1694.5,0.004849
26,"Calculate","Event 2",,"posterior",1695.5,0.004895
26,"Calculate","Event 2",,"posterior",1696.5,0.004926
26,"Calculate","Event 2",,"posterior",1697.5,0.004921
26,"Calculate","Event 2",,"posterior",1698.5,0.005027
26,"Calculate","Event 2",,"posterior",1699.5,0.005045
26,"Calculate","Event 2",,"posterior",1700.5,0.005028
26,"Calculate","Event 2",,"posterior",1701.5,0.005173
26,"Calculate","Event 2",,"posterior",1702.5,0.005171
26,"Calculate","Event 2",,"posterior",1703.5,0.005118
26,"Calculate","Event 2",,"posterior",1704.5,0.005101
26,"Calculate","Event 2",,"posterior",1705.5,0.005202
26,"Calculate","Event 2",,"posterior",1706.5,0.005232
26,"Calculate","Event 2",,"posterior",1707.5,0.005222
26,"Calculate","Event 2",,"posterior",1708.5,0.005203
26,"Calculate","Event 2",,"posterior",1709.5,0.005243
26,"Calculate","Event 2",,"posterior",1710.5,0.005316
26,"Calculate","Event 2",,"posterior",1711.5,0.00528
26,"Calculate","Event 2",,"posterior",1712.5,0.005304
26,"Calculate","Event 2",,"posterior",1713.5,0.005315
26,"Calculate","Event 2",,"posterior",1714.5,0.005297
26,"Calculate","Event 2",,"posterior",1715.5,0.005366
26,"Calculate","Event 2",,"posterior",1716.5,0.005378
26,"Calculate","Event 2",,"posterior",1717.5,0.005425
26,"Calculate","Event 2",,"posterior",1718.5,0.00546
26,"Calculate","Event 2",,"posterior",1719.5,0.005365
26,"Calculate","Event 2",,"posterior",1720.5,0.005486
26,"Calculate","Event 2",,"posterior",1721.5,0.005523
26,"Calculate","Event 2",,"posterior",1722.5,0.005527
26,"Calculate","Event 2",,"posterior",1723.5,0.005562
26,"Calculate","Event 2",,"posterior",1724.5,0.005615
26,"Calculate","Event 2",,"posterior",1725.5,0.005691
26,"Calculate","Event 2",,"posterior",1726.5,0.005634
26,"Calculate","Event 2",,"posterior",1727.5,0.005754
26,"Calculate","Event 2",,"posterior",1728.5,0.005833
26,"Calculate","Event 2",,"posterior",1729.5,0.005869
26,"Calculate","Event 2",,"posterior",1730.5,0.005935
26,"Calculate","Event 2",,"posterior",1731.5,0.005983
26,"Calculate","Event 2",,"posterior",1732.5,0.006124
26,"Calculate","Event 2",,"posterior",1733.5,0.006091
26,"Calculate","Event 2",,"posterior",1734.5,0.006174
26,"Calculate","Event 2",,"posterior",1735.5,0.006246
26,"Calculate","Event 2",,"posterior",1736.5,0.006305
26,"Calculate","Event 2",,"posterior",1737.5,0.00648
26,"Calculate","Event 2",,"posterior",1738.5,0.006465
26,"Calculate","Event 2",,"posterior",1739.5,0.006549
26,"Calculate","Event 2",,"posterior",1740.5,0.006626
26,"Calculate","Event 2",,"posterior",1741.5,0.006681
26,"Calculate","Event 2",,"posterior",1742.5,0.006778
26,"Calculate","Event 2",,"posterior",1743.5,0.006884
26,"Calculate","Event 2",,"posterior",1744.5,0.00689
26,"Calculate","Event 2",,"posterior",1745.5,0.006961
26,"Calculate","Event 2",,"posterior",1746.5,0.007022
26,"Calculate","Event 2",,"posterior",1747.5,0.007045
26,"Calculate","Event 2",,"posterior",1748.5,0.007109
26,"Calculate","Event 2",,"posterior",1749.5,0.007133
26,"Calculate","Event 2",,"posterior",1750.5,0.007162
26,"Calculate","Event 2",,"posterior",1751.5,0.007224
26,"Calculate","Event 2",,"posterior",1752.5,0.007264
26,"Calculate","Event 2",,"posterior",1753.5,0.00727
26,"Calculate","Event 2",,"posterior",1754.5,0.007373
26,"Calculate","Event 2",,"posterior",1755.5,0.007413
26,"Calculate","Event 2",,"posterior",1756.5,0.007467
26,"Calculate","Event 2",,"posterior",1757.5,0.007402
26,"Calculate","Event 2",,"posterior",1758.5,0.007614
26,"Calculate","Event 2",,"posterior",1759.5,0.007523
26,"Calculate","Event 2",,"posterior",1760.5,0.007621
26,"Calculate","Event 2",,"posterior",1761.5,0.007582
26,"Calculate","Event 2",,"posterior",1762.5,0.007629
26,"Calculate","Event 2",,"posterior",1763.5,0.00771
26,"Calculate","Event 2",,"posterior",1764.5,0.007704
26,"Calculate","Event 2",,"posterior",1765.5,0.007638
26,"Calculate","Event 2",,"posterior",1766.5,0.007671
26,"Calculate","Event 2",,"posterior",1767.5,0.007704
26,"Calculate","Event 2",,"posterior",1768.5,0.007713
26,"Calculate","Event 2",,"posterior",1769.5,0.007741
26,"Calculate","Event 2",,"posterior",1770.5,0.007714
26,"Calculate","Event 2",,"posterior",1771.5,0.007668
26,"Calculate","Event 2",,"posterior",1772.5,0.007559
26,"Calculate","Event 2",,"posterior",1773.5,0.007593
26,"Calculate","Event 2",,"posterior",1774.5,0.007657
26,"Calculate","Event 2",,"posterior",1775.5,0.007581
26,"Calculate","Event 2",,"posterior",1776.5,0.007491
26,"Calculate","Event 2",,"posterior",1777.5,0.007512
26,"Calculate","Event 2",,"posterior",1778.5,0.007513
26,"Calculate","Event 2",,"posterior",1779.5,0.007422
26,"Calculate","Event 2",,"posterior",1780.5,0.007488
26,"Calculate","Event 2",,"posterior",1781.5,0.007339
26,"Calculate","Event 2",,"posterior",1782.5,0.007173
26,"Calculate","Event 2",,"posterior",1783.5,0.007095
26,"Calculate","Event 2",,"posterior",1784.5,0.006903
26,"Calculate","Event 2",,"posterior",1785.5,0.006742
26,"Calculate","Event 2",,"posterior",1786.5,0.006672
26,"Calculate","Event 2",,"posterior",1787.5,0.006467
26,"Calculate","Event 2",,"posterior",1788.5,0.006268
26,"Calculate","Event 2",,"posterior",1789.5,0.006041
26,"Calculate","Event 2",,"posterior",1790.5,0.005836
26,"Calculate","Event 2",,"posterior",1791.5,0.005616
26,"Calculate","Event 2",,"posterior",1792.5,0.005388
26,"Calculate","Event 2",,"posterior",1793.5,0.005184
26,"Calculate","Event 2",,"posterior",1794.5,0.005017
26,"Calculate","Event 2",,"posterior",1795.5,0.004683
26,"Calculate","Event 2",,"posterior",1796.5,0.004522
26,"Calculate","Event 2",,"posterior",1797.5,0.004267
26,"Calculate","Event 2",,"posterior",1798.5,0.004068
26,"Calculate","Event 2",,"posterior",1799.5,0.003946
26,"Calculate","Event 2",,"posterior",1800.5,0.003909
26,"Calculate","Event 2",,"posterior",1801.5,0.003695
26,"Calculate","Event 2",,"posterior",1802.5,0.003607
26,"Calculate","Event 2",,"posterior",1803.5,0.003519
26,"Calculate","Event 2",,"posterior",1804.5,0.003456
26,"Calculate","Event 2",,"posterior",1805.5,0.003301
26,"Calculate","Event 2",,"posterior",1806.5,0.00325
26,"Calculate","Event 2",,"posterior",1807.5,0.0031505
26,"Calculate","Event 2",,"posterior",1808.5,0.0030552
26,"Calculate","Event 2",,"posterior",1809.5,0.003032
26,"Calculate","Event 2",,"posterior",1810.5,0.003013
26,"Calculate","Event 2",,"posterior",1811.5,0.0029438
26,"Calculate","Event 2",,"posterior",1812.5,0.0028878
26,"Calculate","Event 2",,"posterior",1813.5,0.002887
26,"Calculate","Event 2",,"posterior",1814.5,0.0029156
26,"Calculate","Event 2",,"posterior",1815.5,0.0028245
26,"Calculate","Event 2",,"posterior",1816.5,0.0028279
26,"Calculate","Event 2",,"posterior",1817.5,0.0028198
26,"Calculate","Event 2",,"posterior",1818.5,0.0028
26,"Calculate","Event 2",,"posterior",1819.5,0.002768
26,"Calculate","Event 2",,"posterior",1820.5,0.0027695
26,"Calculate","Event 2",,"posterior",1821.5,0.0027682
26,"Calculate","Event 2",,"posterior",1822.5,0.0027534
26,"Calculate","Event 2",,"posterior",1823.5,0.0027885
26,"Calculate","Event 2",,"posterior",1824.5,0.002707
26,"Calculate","Event 2",,"posterior",1825.5,0.0027138
26,"Calculate","Event 2",,"posterior",1826.5,0.0026878
26,"Calculate","Event 2",,"posterior",1827.5,0.0027034
26,"Calculate","Event 2",,"posterior",1828.5,0.0027654
26,"Calculate","Event 2",,"posterior",1829.5,0.0026646
26,"Calculate","Event 2",,"posterior",1830.5,0.0026688
26,"Calculate","Event 2",,"posterior",1831.5,0.0027133
26,"Calculate","Event 2",,"posterior",1832.5,0.002651
26,"Calculate","Event 2",,"posterior",1833.5,0.0026635
26,"Calculate","Event 2",,"posterior",1834.5,0.0026273
26,"Calculate","Event 2",,"posterior",1835.5,0.0026383
26,"Calculate","Event 2",,"posterior",1836.5,0.0025961
26,"Calculate","Event 2",,"posterior",1837.5,0.0025312
26,"Calculate","Event 2",,"posterior",1838.5,0.0025247
26,"Calculate","Event 2",,"posterior",1839.5,0.002468
26,"Calculate","Event 2",,"posterior",1840.5,0.0024169
26,"Calculate","Event 2",,"posterior",1841.5,0.0023878
26,"Calculate","Event 2",,"posterior",1842.5,0.0023583
26,"Calculate","Event 2",,"posterior",1843.5,0.0023367
26,"Calculate","Event 2",,"posterior",1844.5,0.002301
26,"Calculate","Event 2",,"posterior",1845.5,0.0022203
26,"Calculate","Event 2",,"posterior",1846.5,0.0021695
26,"Calculate","Event 2",,"posterior",1847.5,0.0020589
26,"Calculate","Event 2",,"posterior",1848.5,0.0020953
26,"Calculate","Event 2",,"posterior",1849.5,0.002062
26,"Calculate","Event 2",,"posterior",1850.5,0.0020089
26,"Calculate","Event 2",,"posterior",1851.5,0.0020237
26,"Calculate","Event 2",,"posterior",1852.5,0.0019471
26,"Calculate","Event 2",,"posterior",1853.5,0.0018945
26,"Calculate","Event 2",,"posterior",1854.5,0.0018328
26,"Calculate","Event 2",,"posterior",1855.5,0.0018344
26,"Calculate","Event 2",,"posterior",1856.5,0.0017591
26,"Calculate","Event 2",,"posterior",1857.5,0.0017331
26,"Calculate","Event 2",,"posterior",1858.5,0.0016857
26,"Calculate","Event 2",,"posterior",1859.5,0.001613
26,"Calculate","Event 2",,"posterior",1860.5,0.0015721
26,"Calculate","Event 2",,"posterior",1861.5,0.0015437
26,"Calculate","Event 2",,"posterior",1862.5,0.0014896
26,"Calculate","Event 2",,"posterior",1863.5,0.0014437
26,"Calculate","Event 2",,"posterior",1864.5,0.0013789
26,"Calculate","Event 2",,"posterior",1865.5,0.0013013
26,"Calculate","Event 2",,"posterior",1866.5,0.0012969
26,"Calculate","Event 2",,"posterior",1867.5,0.0012188
26,"Calculate","Event 2",,"posterior",1868.5,0.0011898
26,"Calculate","Event 2",,"posterior",1869.5,0.0011292
26,"Calculate","Event 2",,"posterior",1870.5,0.0011169
26,"Calculate","Event 2",,"posterior",1871.5,0.0010232
26,"Calculate","Event 2",,"posterior",1872.5,0.0009932
26,"Calculate","Event 2",,"posterior",1873.5,0.0009518
26,"Calculate","Event 2",,"posterior",1874.5,0.0008789
26,"Calculate","Event 2",,"posterior",1875.5,0.0008206
26,"Calculate","Event 2",,"posterior",1876.5,0.0007536
26,"Calculate","Event 2",,"posterior",1877.5,0.0007003
26,"Calculate","Event 2",,"posterior",1878.5,0.0006263
26,"Calculate","Event 2",,"posterior",1879.5,0.0005729
26,"Calculate","Event 2",,"posterior",1880.5,0.0005443
26,"Calculate","Event 2",,"posterior",1881.5,0.0005031
26,"Calculate","Event 2",,"posterior",1882.5,0.0004646
26,"Calculate","Event 2",,"posterior",1883.5,0.000444
26,"Calculate","Event 2",,"posterior",1884.5,0.0003935
26,"Calculate","Event 2",,"posterior",1885.5,0.000363
26,"Calculate","Event 2",,"posterior",1886.5,0.0003193
26,"Calculate","Event 2",,"posterior",1887.5,0.00027891
26,"Calculate","Event 2",,"posterior",1888.5,0.00024063
26,"Calculate","Event 2",,"posterior",1889.5,0.00020756
26,"Calculate","Event 2",,"posterior",1890.5,0.0001737
26,"Calculate","Event 2",,"posterior",1891.5,0.00014505
26,"Calculate","Event 2",,"posterior",1892.5,0.00012604
26,"Calculate","Event 2",,"posterior",1893.5,0.00011354
26,"Calculate","Event 2",,"posterior",1894.5,0.00009453
26,"Calculate","Event 2",,"posterior",1895.5,0.00007734
26,"Calculate","Event 2",,"posterior",1896.5,0.00005833
26,"Calculate","Event 2",,"posterior",1897.5,0.00004011
26,"Calculate","Event 2",,"posterior",1898.5,0.000023696
26,"Calculate","Event 2",,"posterior",1899.5,0.000010675
26,"Calculate","Event 2",,"posterior",1900.5,0
26,"Calculate","Event 2",,"posterior",1901.5,0
26,"Calculate","Event 2",,"posterior",1902.5,0
28,"R_Date","T4-S5",,"likelihood",1422.5,0
28,"R_Date","T4-S5",,"likelihood",1423.5,7.419e-9
28,"R_Date","T4-S5",,"likelihood",1424.5,7.419e-9
28,"R_Date","T4-S5",,"likelihood",1425.5,7.419e-9
28,"R_Date","T4-S5",,"likelihood",1426.5,1.4838e-8
28,"R_Date","T4-S5",,"likelihood",1427.5,1.4838e-8
28,"R_Date","T4-S5",,"likelihood",1428.5,2.2258e-8
28,"R_Date","T4-S5",,"likelihood",1429.5,2.2258e-8
28,"R_Date","T4-S5",,"likelihood",1430.5,2.9677e-8
28,"R_Date","T4-S5",,"likelihood",1431.5,2.9677e-8
28,"R_Date","T4-S5",,"likelihood",1432.5,3.71e-8
28,"R_Date","T4-S5",,"likelihood",1433.5,4.452e-8
28,"R_Date","T4-S5",,"likelihood",1434.5,5.193e-8
28,"R_Date","T4-S5",,"likelihood",1435.5,7.419e-8
28,"R_Date","T4-S5",,"likelihood",1436.5,9.645e-8
28,"R_Date","T4-S5",,"likelihood",1437.5,1.4097e-7
28,"R_Date","T4-S5",,"likelihood",1438.5,1.8548e-7
28,"R_Date","T4-S5",,"likelihood",1439.5,2.3742e-7
28,"R_Date","T4-S5",,"likelihood",1440.5,2.8935e-7
28,"R_Date","T4-S5",,"likelihood",1441.5,3.71e-7
28,"R_Date","T4-S5",,"likelihood",1442.5,4.748e-7
28,"R_Date","T4-S5",,"likelihood",1443.5,6.084e-7
28,"R_Date","T4-S5",,"likelihood",1444.5,8.532e-7
28,"R_Date","T4-S5",,"likelihood",1445.5,0.0000011722
28,"R_Date","T4-S5",,"likelihood",1446.5,0.0000014913
28,"R_Date","T4-S5",,"likelihood",1447.5,0.0000020403
28,"R_Date","T4-S5",,"likelihood",1448.5,0.0000027748
28,"R_Date","T4-S5",,"likelihood",1449.5,0.00000348
28,"R_Date","T4-S5",,"likelihood",1450.5,0.000004348
28,"R_Date","T4-S5",,"likelihood",1451.5,0.000005038
28,"R_Date","T4-S5",,"likelihood",1452.5,0.000005824
28,"R_Date","T4-S5",,"likelihood",1453.5,0.000006729
28,"R_Date","T4-S5",,"likelihood",1454.5,0.000008332
28,"R_Date","T4-S5",,"likelihood",1455.5,0.000011025
28,"R_Date","T4-S5",,"likelihood",1456.5,0.000015521
28,"R_Date","T4-S5",,"likelihood",1457.5,0.000021657
28,"R_Date","T4-S5",,"likelihood",1458.5,0.000029929
28,"R_Date","T4-S5",,"likelihood",1459.5,0.00003853
28,"R_Date","T4-S5",,"likelihood",1460.5,0.00004931
28,"R_Date","T4-S5",,"likelihood",1461.5,0.0000524
28,"R_Date","T4-S5",,"likelihood",1462.5,0.00005567
28,"R_Date","T4-S5",,"likelihood",1463.5,0.0000524
28,"R_Date","T4-S5",,"likelihood",1464.5,0.00004931
28,"R_Date","T4-S5",,"likelihood",1465.5,0.00004639
28,"R_Date","T4-S5",,"likelihood",1466.5,0.00004362
28,"R_Date","T4-S5",,"likelihood",1467.5,0.00004639
28,"R_Date","T4-S5",,"likelihood",1468.5,0.00004931
28,"R_Date","T4-S5",,"likelihood",1469.5,0.0000524
28,"R_Date","T4-S5",,"likelihood",1470.5,0.00005567
28,"R_Date","T4-S5",,"likelihood",1471.5,0.00005567
28,"R_Date","T4-S5",,"likelihood",1472.5,0.00005911
28,"R_Date","T4-S5",,"likelihood",1473.5,0.00006658
28,"R_Date","T4-S5",,"likelihood",1474.5,0.00007488
28,"R_Date","T4-S5",,"likelihood",1475.5,0.00008908
28,"R_Date","T4-S5",,"likelihood",1476.5,0.00010561
28,"R_Date","T4-S5",,"likelihood",1477.5,0.00012481
28,"R_Date","T4-S5",,"likelihood",1478.5,0.00013924
28,"R_Date","T4-S5",,"likelihood",1479.5,0.00015514
28,"R_Date","T4-S5",,"likelihood",1480.5,0.00017258
28,"R_Date","T4-S5",,"likelihood",1481.5,0.00018193
28,"R_Date","T4-S5",,"likelihood",1482.5,0.00018745
28,"R_Date","T4-S5",,"likelihood",1483.5,0.00019752
28,"R_Date","T4-S5",,"likelihood",1484.5,0.00019752
28,"R_Date","T4-S5",,"likelihood",1485.5,0.00019752
28,"R_Date","T4-S5",,"likelihood",1486.5,0.00019752
28,"R_Date","T4-S5",,"likelihood",1487.5,0.00019752
28,"R_Date","T4-S5",,"likelihood",1488.5,0.00021264
28,"R_Date","T4-S5",,"likelihood",1489.5,0.00022383
28,"R_Date","T4-S5",,"likelihood",1490.5,0.00023552
28,"R_Date","T4-S5",,"likelihood",1491.5,0.00024773
28,"R_Date","T4-S5",,"likelihood",1492.5,0.00026047
28,"R_Date","T4-S5",,"likelihood",1493.5,0.00028765
28,"R_Date","T4-S5",,"likelihood",1494.5,0.00030212
28,"R_Date","T4-S5",,"likelihood",1495.5,0.0003329
28,"R_Date","T4-S5",,"likelihood",1496.5,0.0003493
28,"R_Date","T4-S5",,"likelihood",1497.5,0.0003663
28,"R_Date","T4-S5",,"likelihood",1498.5,0.0003663
28,"R_Date","T4-S5",,"likelihood",1499.5,0.000384
28,"R_Date","T4-S5",,"likelihood",1500.5,0.000384
28,"R_Date","T4-S5",,"likelihood",1501.5,0.000384
28,"R_Date","T4-S5",,"likelihood",1502.5,0.0004024
28,"R_Date","T4-S5",,"likelihood",1503.5,0.0004216
28,"R_Date","T4-S5",,"likelihood",1504.5,0.0004415
28,"R_Date","T4-S5",,"likelihood",1505.5,0.0004622
28,"R_Date","T4-S5",,"likelihood",1506.5,0.0004836
28,"R_Date","T4-S5",,"likelihood",1507.5,0.0005059
28,"R_Date","T4-S5",,"likelihood",1508.5,0.000529
28,"R_Date","T4-S5",,"likelihood",1509.5,0.0005778
28,"R_Date","T4-S5",,"likelihood",1510.5,0.0006035
28,"R_Date","T4-S5",,"likelihood",1511.5,0.0006576
28,"R_Date","T4-S5",,"likelihood",1512.5,0.000677
28,"R_Date","T4-S5",,"likelihood",1513.5,0.0007062
28,"R_Date","T4-S5",,"likelihood",1514.5,0.0007062
28,"R_Date","T4-S5",,"likelihood",1515.5,0.0007156
28,"R_Date","T4-S5",,"likelihood",1516.5,0.0007156
28,"R_Date","T4-S5",,"likelihood",1517.5,0.0007156
28,"R_Date","T4-S5",,"likelihood",1518.5,0.0007461
28,"R_Date","T4-S5",,"likelihood",1519.5,0.0007776
28,"R_Date","T4-S5",,"likelihood",1520.5,0.0008782
28,"R_Date","T4-S5",,"likelihood",1521.5,0.0009507
28,"R_Date","T4-S5",,"likelihood",1522.5,0.0010679
28,"R_Date","T4-S5",,"likelihood",1523.5,0.0011954
28,"R_Date","T4-S5",,"likelihood",1524.5,0.0013337
28,"R_Date","T4-S5",,"likelihood",1525.5,0.0015235
28,"R_Date","T4-S5",,"likelihood",1526.5,0.0017451
28,"R_Date","T4-S5",,"likelihood",1527.5,0.0019869
28,"R_Date","T4-S5",,"likelihood",1528.5,0.0022486
28,"R_Date","T4-S5",,"likelihood",1529.5,0.0024575
28,"R_Date","T4-S5",,"likelihood",1530.5,0.0026869
28,"R_Date","T4-S5",,"likelihood",1531.5,0.0028379
28,"R_Date","T4-S5",,"likelihood",1532.5,0.0029929
28,"R_Date","T4-S5",,"likelihood",1533.5,0.0030719
28,"R_Date","T4-S5",,"likelihood",1534.5,0.0030719
28,"R_Date","T4-S5",,"likelihood",1535.5,0.0029929
28,"R_Date","T4-S5",,"likelihood",1536.5,0.0029149
28,"R_Date","T4-S5",,"likelihood",1537.5,0.0027521
28,"R_Date","T4-S5",,"likelihood",1538.5,0.0026129
28,"R_Date","T4-S5",,"likelihood",1539.5,0.0024683
28,"R_Date","T4-S5",,"likelihood",1540.5,0.0023171
28,"R_Date","T4-S5",,"likelihood",1541.5,0.0022599
28,"R_Date","T4-S5",,"likelihood",1542.5,0.0021813
28,"R_Date","T4-S5",,"likelihood",1543.5,0.0021268
28,"R_Date","T4-S5",,"likelihood",1544.5,0.0021927
28,"R_Date","T4-S5",,"likelihood",1545.5,0.0022599
28,"R_Date","T4-S5",,"likelihood",1546.5,0.0023282
28,"R_Date","T4-S5",,"likelihood",1547.5,0.0023977
28,"R_Date","T4-S5",,"likelihood",1548.5,0.0023977
28,"R_Date","T4-S5",,"likelihood",1549.5,0.0023977
28,"R_Date","T4-S5",,"likelihood",1550.5,0.0022599
28,"R_Date","T4-S5",,"likelihood",1551.5,0.0021268
28,"R_Date","T4-S5",,"likelihood",1552.5,0.0019986
28,"R_Date","T4-S5",,"likelihood",1553.5,0.0018753
28,"R_Date","T4-S5",,"likelihood",1554.5,0.0018155
28,"R_Date","T4-S5",,"likelihood",1555.5,0.001757
28,"R_Date","T4-S5",,"likelihood",1556.5,0.0016997
28,"R_Date","T4-S5",,"likelihood",1557.5,0.0015889
28,"R_Date","T4-S5",,"likelihood",1558.5,0.0015354
28,"R_Date","T4-S5",,"likelihood",1559.5,0.0014321
28,"R_Date","T4-S5",,"likelihood",1560.5,0.0013337
28,"R_Date","T4-S5",,"likelihood",1561.5,0.0012864
28,"R_Date","T4-S5",,"likelihood",1562.5,0.0012403
28,"R_Date","T4-S5",,"likelihood",1563.5,0.0012864
28,"R_Date","T4-S5",,"likelihood",1564.5,0.0013337
28,"R_Date","T4-S5",,"likelihood",1565.5,0.0014321
28,"R_Date","T4-S5",,"likelihood",1566.5,0.0014831
28,"R_Date","T4-S5",,"likelihood",1567.5,0.0015354
28,"R_Date","T4-S5",,"likelihood",1568.5,0.0015235
28,"R_Date","T4-S5",,"likelihood",1569.5,0.0015354
28,"R_Date","T4-S5",,"likelihood",1570.5,0.0014321
28,"R_Date","T4-S5",,"likelihood",1571.5,0.0013823
28,"R_Date","T4-S5",,"likelihood",1572.5,0.0012864
28,"R_Date","T4-S5",,"likelihood",1573.5,0.0012403
28,"R_Date","T4-S5",,"likelihood",1574.5,0.0011517
28,"R_Date","T4-S5",,"likelihood",1575.5,0.0011092
28,"R_Date","T4-S5",,"likelihood",1576.5,0.0010277
28,"R_Date","T4-S5",,"likelihood",1577.5,0.0009886
28,"R_Date","T4-S5",,"likelihood",1578.5,0.0009507
28,"R_Date","T4-S5",,"likelihood",1579.5,0.0009507
28,"R_Date","T4-S5",,"likelihood",1580.5,0.0009139
28,"R_Date","T4-S5",,"likelihood",1581.5,0.0009139
28,"R_Date","T4-S5",,"likelihood",1582.5,0.0009139
28,"R_Date","T4-S5",,"likelihood",1583.5,0.0009139
28,"R_Date","T4-S5",,"likelihood",1584.5,0.0009139
28,"R_Date","T4-S5",,"likelihood",1585.5,0.0009507
28,"R_Date","T4-S5",,"likelihood",1586.5,0.0009507
28,"R_Date","T4-S5",,"likelihood",1587.5,0.0009139
28,"R_Date","T4-S5",,"likelihood",1588.5,0.0008782
28,"R_Date","T4-S5",,"likelihood",1589.5,0.0008101
28,"R_Date","T4-S5",,"likelihood",1590.5,0.0007461
28,"R_Date","T4-S5",,"likelihood",1591.5,0.0006576
28,"R_Date","T4-S5",,"likelihood",1592.5,0.0006035
28,"R_Date","T4-S5",,"likelihood",1593.5,0.0005529
28,"R_Date","T4-S5",,"likelihood",1594.5,0.0005059
28,"R_Date","T4-S5",,"likelihood",1595.5,0.0004622
28,"R_Date","T4-S5",,"likelihood",1596.5,0.0004622
28,"R_Date","T4-S5",,"likelihood",1597.5,0.0004415
28,"R_Date","T4-S5",,"likelihood",1598.5,0.0004216
28,"R_Date","T4-S5",,"likelihood",1599.5,0.0004024
28,"R_Date","T4-S5",,"likelihood",1600.5,0.000384
28,"R_Date","T4-S5",,"likelihood",1601.5,0.0003493
28,"R_Date","T4-S5",,"likelihood",1602.5,0.00030212
28,"R_Date","T4-S5",,"likelihood",1603.5,0.00026047
28,"R_Date","T4-S5",,"likelihood",1604.5,0.00023552
28,"R_Date","T4-S5",,"likelihood",1605.5,0.00022383
28,"R_Date","T4-S5",,"likelihood",1606.5,0.00022383
28,"R_Date","T4-S5",,"likelihood",1607.5,0.00024773
28,"R_Date","T4-S5",,"likelihood",1608.5,0.00027378
28,"R_Date","T4-S5",,"likelihood",1609.5,0.00030212
28,"R_Date","T4-S5",,"likelihood",1610.5,0.0003329
28,"R_Date","T4-S5",,"likelihood",1611.5,0.0003493
28,"R_Date","T4-S5",,"likelihood",1612.5,0.0003493
28,"R_Date","T4-S5",,"likelihood",1613.5,0.0003493
28,"R_Date","T4-S5",,"likelihood",1614.5,0.0003493
28,"R_Date","T4-S5",,"likelihood",1615.5,0.0003663
28,"R_Date","T4-S5",,"likelihood",1616.5,0.000384
28,"R_Date","T4-S5",,"likelihood",1617.5,0.0004415
28,"R_Date","T4-S5",,"likelihood",1618.5,0.000529
28,"R_Date","T4-S5",,"likelihood",1619.5,0.0006035
28,"R_Date","T4-S5",,"likelihood",1620.5,0.0007156
28,"R_Date","T4-S5",,"likelihood",1621.5,0.0008436
28,"R_Date","T4-S5",,"likelihood",1622.5,0.0009886
28,"R_Date","T4-S5",,"likelihood",1623.5,0.0010679
28,"R_Date","T4-S5",,"likelihood",1624.5,0.0011092
28,"R_Date","T4-S5",,"likelihood",1625.5,0.0011517
28,"R_Date","T4-S5",,"likelihood",1626.5,0.0011517
28,"R_Date","T4-S5",,"likelihood",1627.5,0.0011092
28,"R_Date","T4-S5",,"likelihood",1628.5,0.0011092
28,"R_Date","T4-S5",,"likelihood",1629.5,0.0011954
28,"R_Date","T4-S5",,"likelihood",1630.5,0.0012864
28,"R_Date","T4-S5",,"likelihood",1631.5,0.0013823
28,"R_Date","T4-S5",,"likelihood",1632.5,0.0015889
28,"R_Date","T4-S5",,"likelihood",1633.5,0.0018753
28,"R_Date","T4-S5",,"likelihood",1634.5,0.0021268
28,"R_Date","T4-S5",,"likelihood",1635.5,0.0024683
28,"R_Date","T4-S5",,"likelihood",1636.5,0.0027619
28,"R_Date","T4-S5",,"likelihood",1637.5,0.0030719
28,"R_Date","T4-S5",,"likelihood",1638.5,0.003314
28,"R_Date","T4-S5",,"likelihood",1639.5,0.003647
28,"R_Date","T4-S5",,"likelihood",1640.5,0.00399
28,"R_Date","T4-S5",,"likelihood",1641.5,0.004427
28,"R_Date","T4-S5",,"likelihood",1642.5,0.004777
28,"R_Date","T4-S5",,"likelihood",1643.5,0.005125
28,"R_Date","T4-S5",,"likelihood",1644.5,0.005464
28,"R_Date","T4-S5",,"likelihood",1645.5,0.00571
28,"R_Date","T4-S5",,"likelihood",1646.5,0.005948
28,"R_Date","T4-S5",,"likelihood",1647.5,0.006174
28,"R_Date","T4-S5",,"likelihood",1648.5,0.006454
28,"R_Date","T4-S5",,"likelihood",1649.5,0.006645
28,"R_Date","T4-S5",,"likelihood",1650.5,0.006763
28,"R_Date","T4-S5",,"likelihood",1651.5,0.006873
28,"R_Date","T4-S5",,"likelihood",1652.5,0.006974
28,"R_Date","T4-S5",,"likelihood",1653.5,0.007021
28,"R_Date","T4-S5",,"likelihood",1654.5,0.007107
28,"R_Date","T4-S5",,"likelihood",1655.5,0.007147
28,"R_Date","T4-S5",,"likelihood",1656.5,0.007219
28,"R_Date","T4-S5",,"likelihood",1657.5,0.007306
28,"R_Date","T4-S5",,"likelihood",1658.5,0.00737
28,"R_Date","T4-S5",,"likelihood",1659.5,0.007408
28,"R_Date","T4-S5",,"likelihood",1660.5,0.007419
28,"R_Date","T4-S5",,"likelihood",1661.5,0.007385
28,"R_Date","T4-S5",,"likelihood",1662.5,0.007306
28,"R_Date","T4-S5",,"likelihood",1663.5,0.007183
28,"R_Date","T4-S5",,"likelihood",1664.5,0.007063
28,"R_Date","T4-S5",,"likelihood",1665.5,0.006869
28,"R_Date","T4-S5",,"likelihood",1666.5,0.00664
28,"R_Date","T4-S5",,"likelihood",1667.5,0.006308
28,"R_Date","T4-S5",,"likelihood",1668.5,0.005935
28,"R_Date","T4-S5",,"likelihood",1669.5,0.005614
28,"R_Date","T4-S5",,"likelihood",1670.5,0.00519
28,"R_Date","T4-S5",,"likelihood",1671.5,0.00484
28,"R_Date","T4-S5",,"likelihood",1672.5,0.004486
28,"R_Date","T4-S5",,"likelihood",1673.5,0.004308
28,"R_Date","T4-S5",,"likelihood",1674.5,0.00422
28,"R_Date","T4-S5",,"likelihood",1675.5,0.00422
28,"R_Date","T4-S5",,"likelihood",1676.5,0.00422
28,"R_Date","T4-S5",,"likelihood",1677.5,0.00422
28,"R_Date","T4-S5",,"likelihood",1678.5,0.004131
28,"R_Date","T4-S5",,"likelihood",1679.5,0.003955
28,"R_Date","T4-S5",,"likelihood",1680.5,0.003781
28,"R_Date","T4-S5",,"likelihood",1681.5,0.003524
28,"R_Date","T4-S5",,"likelihood",1682.5,0.003355
28,"R_Date","T4-S5",,"likelihood",1683.5,0.0031081
28,"R_Date","T4-S5",,"likelihood",1684.5,0.0027915
28,"R_Date","T4-S5",,"likelihood",1685.5,0.0025647
28,"R_Date","T4-S5",,"likelihood",1686.5,0.0023366
28,"R_Date","T4-S5",,"likelihood",1687.5,0.0021301
28,"R_Date","T4-S5",,"likelihood",1688.5,0.0019349
28,"R_Date","T4-S5",,"likelihood",1689.5,0.0017513
28,"R_Date","T4-S5",,"likelihood",1690.5,0.0015795
28,"R_Date","T4-S5",,"likelihood",1691.5,0.0014194
28,"R_Date","T4-S5",,"likelihood",1692.5,0.0012709
28,"R_Date","T4-S5",,"likelihood",1693.5,0.0011339
28,"R_Date","T4-S5",,"likelihood",1694.5,0.001008
28,"R_Date","T4-S5",,"likelihood",1695.5,0.0008568
28,"R_Date","T4-S5",,"likelihood",1696.5,0.0007552
28,"R_Date","T4-S5",,"likelihood",1697.5,0.0006347
28,"R_Date","T4-S5",,"likelihood",1698.5,0.0005548
28,"R_Date","T4-S5",,"likelihood",1699.5,0.0004832
28,"R_Date","T4-S5",,"likelihood",1700.5,0.0004398
28,"R_Date","T4-S5",,"likelihood",1701.5,0.0003996
28,"R_Date","T4-S5",,"likelihood",1702.5,0.0003807
28,"R_Date","T4-S5",,"likelihood",1703.5,0.0003807
28,"R_Date","T4-S5",,"likelihood",1704.5,0.0003996
28,"R_Date","T4-S5",,"likelihood",1705.5,0.0003996
28,"R_Date","T4-S5",,"likelihood",1706.5,0.0003996
28,"R_Date","T4-S5",,"likelihood",1707.5,0.0003996
28,"R_Date","T4-S5",,"likelihood",1708.5,0.0003807
28,"R_Date","T4-S5",,"likelihood",1709.5,0.0003451
28,"R_Date","T4-S5",,"likelihood",1710.5,0.0003123
28,"R_Date","T4-S5",,"likelihood",1711.5,0.00028218
28,"R_Date","T4-S5",,"likelihood",1712.5,0.00025454
28,"R_Date","T4-S5",,"likelihood",1713.5,0.00024161
28,"R_Date","T4-S5",,"likelihood",1714.5,0.00022925
28,"R_Date","T4-S5",,"likelihood",1715.5,0.00021742
28,"R_Date","T4-S5",,"likelihood",1716.5,0.00021742
28,"R_Date","T4-S5",,"likelihood",1717.5,0.00022925
28,"R_Date","T4-S5",,"likelihood",1718.5,0.00026806
28,"R_Date","T4-S5",,"likelihood",1719.5,0.0003123
28,"R_Date","T4-S5",,"likelihood",1720.5,0.0003807
28,"R_Date","T4-S5",,"likelihood",1721.5,0.0004611
28,"R_Date","T4-S5",,"likelihood",1722.5,0.0005548
28,"R_Date","T4-S5",,"likelihood",1723.5,0.0006633
28,"R_Date","T4-S5",,"likelihood",1724.5,0.000788
28,"R_Date","T4-S5",,"likelihood",1725.5,0.0009411
28,"R_Date","T4-S5",,"likelihood",1726.5,0.0011023
28,"R_Date","T4-S5",,"likelihood",1727.5,0.001283
28,"R_Date","T4-S5",,"likelihood",1728.5,0.0015372
28,"R_Date","T4-S5",,"likelihood",1729.5,0.0018236
28,"R_Date","T4-S5",,"likelihood",1730.5,0.0020758
28,"R_Date","T4-S5",,"likelihood",1731.5,0.0024191
28,"R_Date","T4-S5",,"likelihood",1732.5,0.0026392
28,"R_Date","T4-S5",,"likelihood",1733.5,0.0027915
28,"R_Date","T4-S5",,"likelihood",1734.5,0.0028691
28,"R_Date","T4-S5",,"likelihood",1735.5,0.0029478
28,"R_Date","T4-S5",,"likelihood",1736.5,0.0030275
28,"R_Date","T4-S5",,"likelihood",1737.5,0.0031081
28,"R_Date","T4-S5",,"likelihood",1738.5,0.003272
28,"R_Date","T4-S5",,"likelihood",1739.5,0.003439
28,"R_Date","T4-S5",,"likelihood",1740.5,0.003695
28,"R_Date","T4-S5",,"likelihood",1741.5,0.003955
28,"R_Date","T4-S5",,"likelihood",1742.5,0.00422
28,"R_Date","T4-S5",,"likelihood",1743.5,0.004397
28,"R_Date","T4-S5",,"likelihood",1744.5,0.004574
28,"R_Date","T4-S5",,"likelihood",1745.5,0.004574
28,"R_Date","T4-S5",,"likelihood",1746.5,0.004574
28,"R_Date","T4-S5",,"likelihood",1747.5,0.004574
28,"R_Date","T4-S5",,"likelihood",1748.5,0.004486
28,"R_Date","T4-S5",,"likelihood",1749.5,0.004397
28,"R_Date","T4-S5",,"likelihood",1750.5,0.004308
28,"R_Date","T4-S5",,"likelihood",1751.5,0.004131
28,"R_Date","T4-S5",,"likelihood",1752.5,0.003868
28,"R_Date","T4-S5",,"likelihood",1753.5,0.003609
28,"R_Date","T4-S5",,"likelihood",1754.5,0.003355
28,"R_Date","T4-S5",,"likelihood",1755.5,0.0030995
28,"R_Date","T4-S5",,"likelihood",1756.5,0.0029385
28,"R_Date","T4-S5",,"likelihood",1757.5,0.0027915
28,"R_Date","T4-S5",,"likelihood",1758.5,0.0027148
28,"R_Date","T4-S5",,"likelihood",1759.5,0.0027915
28,"R_Date","T4-S5",,"likelihood",1760.5,0.0029478
28,"R_Date","T4-S5",,"likelihood",1761.5,0.003272
28,"R_Date","T4-S5",,"likelihood",1762.5,0.003524
28,"R_Date","T4-S5",,"likelihood",1763.5,0.003781
28,"R_Date","T4-S5",,"likelihood",1764.5,0.004043
28,"R_Date","T4-S5",,"likelihood",1765.5,0.004308
28,"R_Date","T4-S5",,"likelihood",1766.5,0.004486
28,"R_Date","T4-S5",,"likelihood",1767.5,0.004752
28,"R_Date","T4-S5",,"likelihood",1768.5,0.004928
28,"R_Date","T4-S5",,"likelihood",1769.5,0.005016
28,"R_Date","T4-S5",,"likelihood",1770.5,0.005016
28,"R_Date","T4-S5",,"likelihood",1771.5,0.00484
28,"R_Date","T4-S5",,"likelihood",1772.5,0.004663
28,"R_Date","T4-S5",,"likelihood",1773.5,0.004397
28,"R_Date","T4-S5",,"likelihood",1774.5,0.004131
28,"R_Date","T4-S5",,"likelihood",1775.5,0.004043
28,"R_Date","T4-S5",,"likelihood",1776.5,0.004043
28,"R_Date","T4-S5",,"likelihood",1777.5,0.00422
28,"R_Date","T4-S5",,"likelihood",1778.5,0.004486
28,"R_Date","T4-S5",,"likelihood",1779.5,0.004928
28,"R_Date","T4-S5",,"likelihood",1780.5,0.005362
28,"R_Date","T4-S5",,"likelihood",1781.5,0.005857
28,"R_Date","T4-S5",,"likelihood",1782.5,0.006237
28,"R_Date","T4-S5",,"likelihood",1783.5,0.006577
28,"R_Date","T4-S5",,"likelihood",1784.5,0.006815
28,"R_Date","T4-S5",,"likelihood",1785.5,0.007063
28,"R_Date","T4-S5",,"likelihood",1786.5,0.007217
28,"R_Date","T4-S5",,"likelihood",1787.5,0.007306
28,"R_Date","T4-S5",,"likelihood",1788.5,0.007369
28,"R_Date","T4-S5",,"likelihood",1789.5,0.007408
28,"R_Date","T4-S5",,"likelihood",1790.5,0.007415
28,"R_Date","T4-S5",,"likelihood",1791.5,0.007408
28,"R_Date","T4-S5",,"likelihood",1792.5,0.007385
28,"R_Date","T4-S5",,"likelihood",1793.5,0.007306
28,"R_Date","T4-S5",,"likelihood",1794.5,0.007105
28,"R_Date","T4-S5",,"likelihood",1795.5,0.0067
28,"R_Date","T4-S5",,"likelihood",1796.5,0.006089
28,"R_Date","T4-S5",,"likelihood",1797.5,0.005362
28,"R_Date","T4-S5",,"likelihood",1798.5,0.004574
28,"R_Date","T4-S5",,"likelihood",1799.5,0.003955
28,"R_Date","T4-S5",,"likelihood",1800.5,0.003439
28,"R_Date","T4-S5",,"likelihood",1801.5,0.0031081
28,"R_Date","T4-S5",,"likelihood",1802.5,0.0029478
28,"R_Date","T4-S5",,"likelihood",1803.5,0.0027915
28,"R_Date","T4-S5",,"likelihood",1804.5,0.0026392
28,"R_Date","T4-S5",,"likelihood",1805.5,0.0025647
28,"R_Date","T4-S5",,"likelihood",1806.5,0.002348
28,"R_Date","T4-S5",,"likelihood",1807.5,0.002142
28,"R_Date","T4-S5",,"likelihood",1808.5,0.0018236
28,"R_Date","T4-S5",,"likelihood",1809.5,0.0014838
28,"R_Date","T4-S5",,"likelihood",1810.5,0.0011902
28,"R_Date","T4-S5",,"likelihood",1811.5,0.0009411
28,"R_Date","T4-S5",,"likelihood",1812.5,0.0007335
28,"R_Date","T4-S5",,"likelihood",1813.5,0.0006163
28,"R_Date","T4-S5",,"likelihood",1814.5,0.0005146
28,"R_Date","T4-S5",,"likelihood",1815.5,0.0004475
28,"R_Date","T4-S5",,"likelihood",1816.5,0.0003878
28,"R_Date","T4-S5",,"likelihood",1817.5,0.0003695
28,"R_Date","T4-S5",,"likelihood",1818.5,0.0003451
28,"R_Date","T4-S5",,"likelihood",1819.5,0.0003284
28,"R_Date","T4-S5",,"likelihood",1820.5,0.0003284
28,"R_Date","T4-S5",,"likelihood",1821.5,0.0003451
28,"R_Date","T4-S5",,"likelihood",1822.5,0.0003284
28,"R_Date","T4-S5",,"likelihood",1823.5,0.0003284
28,"R_Date","T4-S5",,"likelihood",1824.5,0.00029692
28,"R_Date","T4-S5",,"likelihood",1825.5,0.00026806
28,"R_Date","T4-S5",,"likelihood",1826.5,0.00024161
28,"R_Date","T4-S5",,"likelihood",1827.5,0.00021742
28,"R_Date","T4-S5",,"likelihood",1828.5,0.00022245
28,"R_Date","T4-S5",,"likelihood",1829.5,0.00022245
28,"R_Date","T4-S5",,"likelihood",1830.5,0.00024161
28,"R_Date","T4-S5",,"likelihood",1831.5,0.00026806
28,"R_Date","T4-S5",,"likelihood",1832.5,0.0003284
28,"R_Date","T4-S5",,"likelihood",1833.5,0.000407
28,"R_Date","T4-S5",,"likelihood",1834.5,0.0004914
28,"R_Date","T4-S5",,"likelihood",1835.5,0.0006071
28,"R_Date","T4-S5",,"likelihood",1836.5,0.0007335
28,"R_Date","T4-S5",,"likelihood",1837.5,0.0008218
28,"R_Date","T4-S5",,"likelihood",1838.5,0.0009411
28,"R_Date","T4-S5",,"likelihood",1839.5,0.0009796
28,"R_Date","T4-S5",,"likelihood",1840.5,0.0010193
28,"R_Date","T4-S5",,"likelihood",1841.5,0.0010193
28,"R_Date","T4-S5",,"likelihood",1842.5,0.0009796
28,"R_Date","T4-S5",,"likelihood",1843.5,0.0009411
28,"R_Date","T4-S5",,"likelihood",1844.5,0.0009037
28,"R_Date","T4-S5",,"likelihood",1845.5,0.0008675
28,"R_Date","T4-S5",,"likelihood",1846.5,0.0008324
28,"R_Date","T4-S5",,"likelihood",1847.5,0.0008324
28,"R_Date","T4-S5",,"likelihood",1848.5,0.0007983
28,"R_Date","T4-S5",,"likelihood",1849.5,0.0008324
28,"R_Date","T4-S5",,"likelihood",1850.5,0.0008324
28,"R_Date","T4-S5",,"likelihood",1851.5,0.0008675
28,"R_Date","T4-S5",,"likelihood",1852.5,0.0009037
28,"R_Date","T4-S5",,"likelihood",1853.5,0.0009411
28,"R_Date","T4-S5",,"likelihood",1854.5,0.0009411
28,"R_Date","T4-S5",,"likelihood",1855.5,0.0009411
28,"R_Date","T4-S5",,"likelihood",1856.5,0.0009037
28,"R_Date","T4-S5",,"likelihood",1857.5,0.0008675
28,"R_Date","T4-S5",,"likelihood",1858.5,0.0008675
28,"R_Date","T4-S5",,"likelihood",1859.5,0.0008324
28,"R_Date","T4-S5",,"likelihood",1860.5,0.0008568
28,"R_Date","T4-S5",,"likelihood",1861.5,0.0008928
28,"R_Date","T4-S5",,"likelihood",1862.5,0.00093
28,"R_Date","T4-S5",,"likelihood",1863.5,0.0009684
28,"R_Date","T4-S5",,"likelihood",1864.5,0.001008
28,"R_Date","T4-S5",,"likelihood",1865.5,0.0009684
28,"R_Date","T4-S5",,"likelihood",1866.5,0.00093
28,"R_Date","T4-S5",,"likelihood",1867.5,0.0008568
28,"R_Date","T4-S5",,"likelihood",1868.5,0.0008218
28,"R_Date","T4-S5",,"likelihood",1869.5,0.000788
28,"R_Date","T4-S5",,"likelihood",1870.5,0.0008218
28,"R_Date","T4-S5",,"likelihood",1871.5,0.0008568
28,"R_Date","T4-S5",,"likelihood",1872.5,0.00093
28,"R_Date","T4-S5",,"likelihood",1873.5,0.001008
28,"R_Date","T4-S5",,"likelihood",1874.5,0.0010487
28,"R_Date","T4-S5",,"likelihood",1875.5,0.0010602
28,"R_Date","T4-S5",,"likelihood",1876.5,0.0010602
28,"R_Date","T4-S5",,"likelihood",1877.5,0.0009796
28,"R_Date","T4-S5",,"likelihood",1878.5,0.0008675
28,"R_Date","T4-S5",,"likelihood",1879.5,0.0007335
28,"R_Date","T4-S5",,"likelihood",1880.5,0.0006441
28,"R_Date","T4-S5",,"likelihood",1881.5,0.0005895
28,"R_Date","T4-S5",,"likelihood",1882.5,0.0005386
28,"R_Date","T4-S5",,"likelihood",1883.5,0.0005386
28,"R_Date","T4-S5",,"likelihood",1884.5,0.0005636
28,"R_Date","T4-S5",,"likelihood",1885.5,0.0005805
28,"R_Date","T4-S5",,"likelihood",1886.5,0.0006163
28,"R_Date","T4-S5",,"likelihood",1887.5,0.0005805
28,"R_Date","T4-S5",,"likelihood",1888.5,0.0005548
28,"R_Date","T4-S5",,"likelihood",1889.5,0.0005062
28,"R_Date","T4-S5",,"likelihood",1890.5,0.0004398
28,"R_Date","T4-S5",,"likelihood",1891.5,0.0003807
28,"R_Date","T4-S5",,"likelihood",1892.5,0.0003123
28,"R_Date","T4-S5",,"likelihood",1893.5,0.00028218
28,"R_Date","T4-S5",,"likelihood",1894.5,0.00026012
28,"R_Date","T4-S5",,"likelihood",1895.5,0.00025454
28,"R_Date","T4-S5",,"likelihood",1896.5,0.00024161
28,"R_Date","T4-S5",,"likelihood",1897.5,0.00026012
28,"R_Date","T4-S5",,"likelihood",1898.5,0.000247
28,"R_Date","T4-S5",,"likelihood",1899.5,0.00023446
28,"R_Date","T4-S5",,"likelihood",1900.5,0.00022245
28,"R_Date","T4-S5",,"likelihood",1901.5,0.00021098
28,"R_Date","T4-S5",,"likelihood",1902.5,0.00021098
28,"R_Date","T4-S5",,"likelihood",1903.5,0.00022245
28,"R_Date","T4-S5",,"likelihood",1904.5,0.00026012
28,"R_Date","T4-S5",,"likelihood",1905.5,0.00029692
28,"R_Date","T4-S5",,"likelihood",1906.5,0.0003695
28,"R_Date","T4-S5",,"likelihood",1907.5,0.0004475
28,"R_Date","T4-S5",,"likelihood",1908.5,0.0005146
28,"R_Date","T4-S5",,"likelihood",1909.5,0.0005895
28,"R_Date","T4-S5",,"likelihood",1910.5,0.0006441
28,"R_Date","T4-S5",,"likelihood",1911.5,0.0006729
28,"R_Date","T4-S5",,"likelihood",1912.5,0.0006633
28,"R_Date","T4-S5",,"likelihood",1913.5,0.0007027
28,"R_Date","T4-S5",,"likelihood",1914.5,0.0007335
28,"R_Date","T4-S5",,"likelihood",1915.5,0.0007983
28,"R_Date","T4-S5",,"likelihood",1916.5,0.0009037
28,"R_Date","T4-S5",,"likelihood",1917.5,0.0010193
28,"R_Date","T4-S5",,"likelihood",1918.5,0.0011456
28,"R_Date","T4-S5",,"likelihood",1919.5,0.001283
28,"R_Date","T4-S5",,"likelihood",1920.5,0.0013808
28,"R_Date","T4-S5",,"likelihood",1921.5,0.0015372
28,"R_Date","T4-S5",,"likelihood",1922.5,0.0015795
28,"R_Date","T4-S5",,"likelihood",1923.5,0.0017051
28,"R_Date","T4-S5",,"likelihood",1924.5,0.0018847
28,"R_Date","T4-S5",,"likelihood",1925.5,0.0020758
28,"R_Date","T4-S5",,"likelihood",1926.5,0.002348
28,"R_Date","T4-S5",,"likelihood",1927.5,0.0025647
28,"R_Date","T4-S5",,"likelihood",1928.5,0.0028691
28,"R_Date","T4-S5",,"likelihood",1929.5,0.0030275
28,"R_Date","T4-S5",,"likelihood",1930.5,0.0031081
28,"R_Date","T4-S5",,"likelihood",1931.5,0.00319
28,"R_Date","T4-S5",,"likelihood",1932.5,0.0031081
28,"R_Date","T4-S5",,"likelihood",1933.5,0.0030275
28,"R_Date","T4-S5",,"likelihood",1934.5,0.0029478
28,"R_Date","T4-S5",,"likelihood",1935.5,0.0028691
28,"R_Date","T4-S5",,"likelihood",1936.5,0.0028691
28,"R_Date","T4-S5",,"likelihood",1937.5,0.002958
28,"R_Date","T4-S5",,"likelihood",1938.5,0.0031174
28,"R_Date","T4-S5",,"likelihood",1939.5,0.003363
28,"R_Date","T4-S5",,"likelihood",1940.5,0.003701
28,"R_Date","T4-S5",,"likelihood",1941.5,0.004047
28,"R_Date","T4-S5",,"likelihood",1942.5,0.004398
28,"R_Date","T4-S5",,"likelihood",1943.5,0.004662
28,"R_Date","T4-S5",,"likelihood",1944.5,0.005011
28,"R_Date","T4-S5",,"likelihood",1945.5,0.005269
28,"R_Date","T4-S5",,"likelihood",1946.5,0.005438
28,"R_Date","T4-S5",,"likelihood",1947.5,0.005685
28,"R_Date","T4-S5",,"likelihood",1948.5,0.005844
28,"R_Date","T4-S5",,"likelihood",1949.5,0.005999
28,"R_Date","T4-S5",,"likelihood",1950.5,0.005706
28,"R_Date","T4-S5",,"posterior",1553.5,0
28,"R_Date","T4-S5",,"posterior",1554.5,5.255e-7
28,"R_Date","T4-S5",,"posterior",1555.5,0.0000031167
28,"R_Date","T4-S5",,"posterior",1556.5,0.000003642
28,"R_Date","T4-S5",,"posterior",1557.5,0.000004947
28,"R_Date","T4-S5",,"posterior",1558.5,0.000004421
28,"R_Date","T4-S5",,"posterior",1559.5,0.000003388
28,"R_Date","T4-S5",,"posterior",1560.5,0.000004947
28,"R_Date","T4-S5",,"posterior",1561.5,0.000004421
28,"R_Date","T4-S5",,"posterior",1562.5,0.000004693
28,"R_Date","T4-S5",,"posterior",1563.5,0.000005201
28,"R_Date","T4-S5",,"posterior",1564.5,0.000006505
28,"R_Date","T4-S5",,"posterior",1565.5,0.000006777
28,"R_Date","T4-S5",,"posterior",1566.5,0.000010147
28,"R_Date","T4-S5",,"posterior",1567.5,0.000008335
28,"R_Date","T4-S5",,"posterior",1568.5,0.000009368
28,"R_Date","T4-S5",,"posterior",1569.5,0.000004947
28,"R_Date","T4-S5",,"posterior",1570.5,0.000005726
28,"R_Date","T4-S5",,"posterior",1571.5,0.000005998
28,"R_Date","T4-S5",,"posterior",1572.5,0.000006505
28,"R_Date","T4-S5",,"posterior",1573.5,0.00000781
28,"R_Date","T4-S5",,"posterior",1574.5,0.000003388
28,"R_Date","T4-S5",,"posterior",1575.5,0.000010673
28,"R_Date","T4-S5",,"posterior",1576.5,0.000007031
28,"R_Date","T4-S5",,"posterior",1577.5,0.000006777
28,"R_Date","T4-S5",,"posterior",1578.5,0.000007556
28,"R_Date","T4-S5",,"posterior",1579.5,0.000004421
28,"R_Date","T4-S5",,"posterior",1580.5,0.000009368
28,"R_Date","T4-S5",,"posterior",1581.5,0.000006252
28,"R_Date","T4-S5",,"posterior",1582.5,0.000009115
28,"R_Date","T4-S5",,"posterior",1583.5,0.000008861
28,"R_Date","T4-S5",,"posterior",1584.5,0.000007284
28,"R_Date","T4-S5",,"posterior",1585.5,0.000008861
28,"R_Date","T4-S5",,"posterior",1586.5,0.000007556
28,"R_Date","T4-S5",,"posterior",1587.5,0.000006252
28,"R_Date","T4-S5",,"posterior",1588.5,0.000008335
28,"R_Date","T4-S5",,"posterior",1589.5,0.000005472
28,"R_Date","T4-S5",,"posterior",1590.5,0.000007284
28,"R_Date","T4-S5",,"posterior",1591.5,0.000007031
28,"R_Date","T4-S5",,"posterior",1592.5,0.000005726
28,"R_Date","T4-S5",,"posterior",1593.5,0.000005472
28,"R_Date","T4-S5",,"posterior",1594.5,0.000006777
28,"R_Date","T4-S5",,"posterior",1595.5,0.000007284
28,"R_Date","T4-S5",,"posterior",1596.5,0.000004168
28,"R_Date","T4-S5",,"posterior",1597.5,0.000004693
28,"R_Date","T4-S5",,"posterior",1598.5,0.000004947
28,"R_Date","T4-S5",,"posterior",1599.5,0.000005201
28,"R_Date","T4-S5",,"posterior",1600.5,0.000006252
28,"R_Date","T4-S5",,"posterior",1601.5,0.000004168
28,"R_Date","T4-S5",,"posterior",1602.5,0.000004947
28,"R_Date","T4-S5",,"posterior",1603.5,0.0000026093
28,"R_Date","T4-S5",,"posterior",1604.5,0.000003642
28,"R_Date","T4-S5",,"posterior",1605.5,0.0000018302
28,"R_Date","T4-S5",,"posterior",1606.5,0.000002863
28,"R_Date","T4-S5",,"posterior",1607.5,0.000003642
28,"R_Date","T4-S5",,"posterior",1608.5,0.000004168
28,"R_Date","T4-S5",,"posterior",1609.5,0.000005201
28,"R_Date","T4-S5",,"posterior",1610.5,0.000006252
28,"R_Date","T4-S5",,"posterior",1611.5,0.000005998
28,"R_Date","T4-S5",,"posterior",1612.5,0.000006505
28,"R_Date","T4-S5",,"posterior",1613.5,0.000005201
28,"R_Date","T4-S5",,"posterior",1614.5,0.000005726
28,"R_Date","T4-S5",,"posterior",1615.5,0.000005472
28,"R_Date","T4-S5",,"posterior",1616.5,0.000006505
28,"R_Date","T4-S5",,"posterior",1617.5,0.00000781
28,"R_Date","T4-S5",,"posterior",1618.5,0.000010147
28,"R_Date","T4-S5",,"posterior",1619.5,0.000009115
28,"R_Date","T4-S5",,"posterior",1620.5,0.00001562
28,"R_Date","T4-S5",,"posterior",1621.5,0.000013808
28,"R_Date","T4-S5",,"posterior",1622.5,0.000022922
28,"R_Date","T4-S5",,"posterior",1623.5,0.000015892
28,"R_Date","T4-S5",,"posterior",1624.5,0.000024734
28,"R_Date","T4-S5",,"posterior",1625.5,0.00002343
28,"R_Date","T4-S5",,"posterior",1626.5,0.00002343
28,"R_Date","T4-S5",,"posterior",1627.5,0.000021092
28,"R_Date","T4-S5",,"posterior",1628.5,0.000027344
28,"R_Date","T4-S5",,"posterior",1629.5,0.000027344
28,"R_Date","T4-S5",,"posterior",1630.5,0.000031258
28,"R_Date","T4-S5",,"posterior",1631.5,0.00003282
28,"R_Date","T4-S5",,"posterior",1632.5,0.00003698
28,"R_Date","T4-S5",,"posterior",1633.5,0.00003751
28,"R_Date","T4-S5",,"posterior",1634.5,0.00006458
28,"R_Date","T4-S5",,"posterior",1635.5,0.00005652
28,"R_Date","T4-S5",,"posterior",1636.5,0.00006797
28,"R_Date","T4-S5",,"posterior",1637.5,0.00007161
28,"R_Date","T4-S5",,"posterior",1638.5,0.00008437
28,"R_Date","T4-S5",,"posterior",1639.5,0.00009584
28,"R_Date","T4-S5",,"posterior",1640.5,0.00010417
28,"R_Date","T4-S5",,"posterior",1641.5,0.00013021
28,"R_Date","T4-S5",,"posterior",1642.5,0.00014792
28,"R_Date","T4-S5",,"posterior",1643.5,0.00015208
28,"R_Date","T4-S5",,"posterior",1644.5,0.0001448
28,"R_Date","T4-S5",,"posterior",1645.5,0.00016901
28,"R_Date","T4-S5",,"posterior",1646.5,0.0002013
28,"R_Date","T4-S5",,"posterior",1647.5,0.0002086
28,"R_Date","T4-S5",,"posterior",1648.5,0.00021406
28,"R_Date","T4-S5",,"posterior",1649.5,0.00024765
28,"R_Date","T4-S5",,"posterior",1650.5,0.00023411
28,"R_Date","T4-S5",,"posterior",1651.5,0.00024584
28,"R_Date","T4-S5",,"posterior",1652.5,0.0002763
28,"R_Date","T4-S5",,"posterior",1653.5,0.00027291
28,"R_Date","T4-S5",,"posterior",1654.5,0.00027838
28,"R_Date","T4-S5",,"posterior",1655.5,0.00029739
28,"R_Date","T4-S5",,"posterior",1656.5,0.0003201
28,"R_Date","T4-S5",,"posterior",1657.5,0.0003372
28,"R_Date","T4-S5",,"posterior",1658.5,0.0003815
28,"R_Date","T4-S5",,"posterior",1659.5,0.0004088
28,"R_Date","T4-S5",,"posterior",1660.5,0.0004211
28,"R_Date","T4-S5",,"posterior",1661.5,0.0004362
28,"R_Date","T4-S5",,"posterior",1662.5,0.0004219
28,"R_Date","T4-S5",,"posterior",1663.5,0.0004664
28,"R_Date","T4-S5",,"posterior",1664.5,0.0004565
28,"R_Date","T4-S5",,"posterior",1665.5,0.0004726
28,"R_Date","T4-S5",,"posterior",1666.5,0.0004909
28,"R_Date","T4-S5",,"posterior",1667.5,0.0004677
28,"R_Date","T4-S5",,"posterior",1668.5,0.0004763
28,"R_Date","T4-S5",,"posterior",1669.5,0.0005263
28,"R_Date","T4-S5",,"posterior",1670.5,0.0005081
28,"R_Date","T4-S5",,"posterior",1671.5,0.0004789
28,"R_Date","T4-S5",,"posterior",1672.5,0.0005172
28,"R_Date","T4-S5",,"posterior",1673.5,0.0004825
28,"R_Date","T4-S5",,"posterior",1674.5,0.0005448
28,"R_Date","T4-S5",,"posterior",1675.5,0.0005625
28,"R_Date","T4-S5",,"posterior",1676.5,0.0005656
28,"R_Date","T4-S5",,"posterior",1677.5,0.0006109
28,"R_Date","T4-S5",,"posterior",1678.5,0.0006331
28,"R_Date","T4-S5",,"posterior",1679.5,0.0006099
28,"R_Date","T4-S5",,"posterior",1680.5,0.0006432
28,"R_Date","T4-S5",,"posterior",1681.5,0.0006453
28,"R_Date","T4-S5",,"posterior",1682.5,0.0005787
28,"R_Date","T4-S5",,"posterior",1683.5,0.0005854
28,"R_Date","T4-S5",,"posterior",1684.5,0.0005539
28,"R_Date","T4-S5",,"posterior",1685.5,0.0005508
28,"R_Date","T4-S5",,"posterior",1686.5,0.0005128
28,"R_Date","T4-S5",,"posterior",1687.5,0.000493
28,"R_Date","T4-S5",,"posterior",1688.5,0.0004563
28,"R_Date","T4-S5",,"posterior",1689.5,0.0004432
28,"R_Date","T4-S5",,"posterior",1690.5,0.0004253
28,"R_Date","T4-S5",,"posterior",1691.5,0.000393
28,"R_Date","T4-S5",,"posterior",1692.5,0.0003534
28,"R_Date","T4-S5",,"posterior",1693.5,0.0003328
28,"R_Date","T4-S5",,"posterior",1694.5,0.00028777
28,"R_Date","T4-S5",,"posterior",1695.5,0.0002599
28,"R_Date","T4-S5",,"posterior",1696.5,0.00024245
28,"R_Date","T4-S5",,"posterior",1697.5,0.00021719
28,"R_Date","T4-S5",,"posterior",1698.5,0.00018593
28,"R_Date","T4-S5",,"posterior",1699.5,0.00018151
28,"R_Date","T4-S5",,"posterior",1700.5,0.00016381
28,"R_Date","T4-S5",,"posterior",1701.5,0.0001513
28,"R_Date","T4-S5",,"posterior",1702.5,0.00015286
28,"R_Date","T4-S5",,"posterior",1703.5,0.00016537
28,"R_Date","T4-S5",,"posterior",1704.5,0.0001724
28,"R_Date","T4-S5",,"posterior",1705.5,0.00016953
28,"R_Date","T4-S5",,"posterior",1706.5,0.00019218
28,"R_Date","T4-S5",,"posterior",1707.5,0.0001888
28,"R_Date","T4-S5",,"posterior",1708.5,0.00017787
28,"R_Date","T4-S5",,"posterior",1709.5,0.0001664
28,"R_Date","T4-S5",,"posterior",1710.5,0.000156
28,"R_Date","T4-S5",,"posterior",1711.5,0.00015312
28,"R_Date","T4-S5",,"posterior",1712.5,0.00012369
28,"R_Date","T4-S5",,"posterior",1713.5,0.00014531
28,"R_Date","T4-S5",,"posterior",1714.5,0.00011563
28,"R_Date","T4-S5",,"posterior",1715.5,0.00012943
28,"R_Date","T4-S5",,"posterior",1716.5,0.00012916
28,"R_Date","T4-S5",,"posterior",1717.5,0.00013933
28,"R_Date","T4-S5",,"posterior",1718.5,0.00016484
28,"R_Date","T4-S5",,"posterior",1719.5,0.00019349
28,"R_Date","T4-S5",,"posterior",1720.5,0.0002474
28,"R_Date","T4-S5",,"posterior",1721.5,0.00028958
28,"R_Date","T4-S5",,"posterior",1722.5,0.0003768
28,"R_Date","T4-S5",,"posterior",1723.5,0.0004404
28,"R_Date","T4-S5",,"posterior",1724.5,0.0005349
28,"R_Date","T4-S5",,"posterior",1725.5,0.0006852
28,"R_Date","T4-S5",,"posterior",1726.5,0.000782
28,"R_Date","T4-S5",,"posterior",1727.5,0.0009302
28,"R_Date","T4-S5",,"posterior",1728.5,0.0011385
28,"R_Date","T4-S5",,"posterior",1729.5,0.0014284
28,"R_Date","T4-S5",,"posterior",1730.5,0.0016549
28,"R_Date","T4-S5",,"posterior",1731.5,0.0018786
28,"R_Date","T4-S5",,"posterior",1732.5,0.0020927
28,"R_Date","T4-S5",,"posterior",1733.5,0.0022865
28,"R_Date","T4-S5",,"posterior",1734.5,0.0023565
28,"R_Date","T4-S5",,"posterior",1735.5,0.0024391
28,"R_Date","T4-S5",,"posterior",1736.5,0.0025706
28,"R_Date","T4-S5",,"posterior",1737.5,0.0027818
28,"R_Date","T4-S5",,"posterior",1738.5,0.0029544
28,"R_Date","T4-S5",,"posterior",1739.5,0.0031185
28,"R_Date","T4-S5",,"posterior",1740.5,0.003391
28,"R_Date","T4-S5",,"posterior",1741.5,0.003732
28,"R_Date","T4-S5",,"posterior",1742.5,0.004112
28,"R_Date","T4-S5",,"posterior",1743.5,0.004229
28,"R_Date","T4-S5",,"posterior",1744.5,0.004536
28,"R_Date","T4-S5",,"posterior",1745.5,0.004669
28,"R_Date","T4-S5",,"posterior",1746.5,0.004911
28,"R_Date","T4-S5",,"posterior",1747.5,0.004848
28,"R_Date","T4-S5",,"posterior",1748.5,0.004882
28,"R_Date","T4-S5",,"posterior",1749.5,0.004744
28,"R_Date","T4-S5",,"posterior",1750.5,0.004814
28,"R_Date","T4-S5",,"posterior",1751.5,0.004683
28,"R_Date","T4-S5",,"posterior",1752.5,0.004507
28,"R_Date","T4-S5",,"posterior",1753.5,0.004246
28,"R_Date","T4-S5",,"posterior",1754.5,0.004099
28,"R_Date","T4-S5",,"posterior",1755.5,0.003897
28,"R_Date","T4-S5",,"posterior",1756.5,0.003679
28,"R_Date","T4-S5",,"posterior",1757.5,0.003633
28,"R_Date","T4-S5",,"posterior",1758.5,0.003484
28,"R_Date","T4-S5",,"posterior",1759.5,0.003653
28,"R_Date","T4-S5",,"posterior",1760.5,0.004021
28,"R_Date","T4-S5",,"posterior",1761.5,0.004506
28,"R_Date","T4-S5",,"posterior",1762.5,0.004977
28,"R_Date","T4-S5",,"posterior",1763.5,0.005361
28,"R_Date","T4-S5",,"posterior",1764.5,0.005862
28,"R_Date","T4-S5",,"posterior",1765.5,0.006374
28,"R_Date","T4-S5",,"posterior",1766.5,0.006746
28,"R_Date","T4-S5",,"posterior",1767.5,0.00727
28,"R_Date","T4-S5",,"posterior",1768.5,0.007742
28,"R_Date","T4-S5",,"posterior",1769.5,0.007928
28,"R_Date","T4-S5",,"posterior",1770.5,0.008197
28,"R_Date","T4-S5",,"posterior",1771.5,0.008045
28,"R_Date","T4-S5",,"posterior",1772.5,0.007738
28,"R_Date","T4-S5",,"posterior",1773.5,0.007556
28,"R_Date","T4-S5",,"posterior",1774.5,0.00717
28,"R_Date","T4-S5",,"posterior",1775.5,0.007367
28,"R_Date","T4-S5",,"posterior",1776.5,0.007502
28,"R_Date","T4-S5",,"posterior",1777.5,0.007858
28,"R_Date","T4-S5",,"posterior",1778.5,0.008524
28,"R_Date","T4-S5",,"posterior",1779.5,0.009312
28,"R_Date","T4-S5",,"posterior",1780.5,0.010361
28,"R_Date","T4-S5",,"posterior",1781.5,0.011566
28,"R_Date","T4-S5",,"posterior",1782.5,0.012807
28,"R_Date","T4-S5",,"posterior",1783.5,0.013596
28,"R_Date","T4-S5",,"posterior",1784.5,0.014221
28,"R_Date","T4-S5",,"posterior",1785.5,0.015038
28,"R_Date","T4-S5",,"posterior",1786.5,0.015565
28,"R_Date","T4-S5",,"posterior",1787.5,0.016128
28,"R_Date","T4-S5",,"posterior",1788.5,0.016625
28,"R_Date","T4-S5",,"posterior",1789.5,0.016794
28,"R_Date","T4-S5",,"posterior",1790.5,0.017135
28,"R_Date","T4-S5",,"posterior",1791.5,0.017566
28,"R_Date","T4-S5",,"posterior",1792.5,0.017952
28,"R_Date","T4-S5",,"posterior",1793.5,0.01812
28,"R_Date","T4-S5",,"posterior",1794.5,0.017887
28,"R_Date","T4-S5",,"posterior",1795.5,0.016736
28,"R_Date","T4-S5",,"posterior",1796.5,0.015707
28,"R_Date","T4-S5",,"posterior",1797.5,0.014077
28,"R_Date","T4-S5",,"posterior",1798.5,0.012336
28,"R_Date","T4-S5",,"posterior",1799.5,0.010748
28,"R_Date","T4-S5",,"posterior",1800.5,0.009488
28,"R_Date","T4-S5",,"posterior",1801.5,0.009081
28,"R_Date","T4-S5",,"posterior",1802.5,0.008472
28,"R_Date","T4-S5",,"posterior",1803.5,0.008111
28,"R_Date","T4-S5",,"posterior",1804.5,0.007964
28,"R_Date","T4-S5",,"posterior",1805.5,0.007622
28,"R_Date","T4-S5",,"posterior",1806.5,0.007148
28,"R_Date","T4-S5",,"posterior",1807.5,0.006672
28,"R_Date","T4-S5",,"posterior",1808.5,0.005647
28,"R_Date","T4-S5",,"posterior",1809.5,0.004736
28,"R_Date","T4-S5",,"posterior",1810.5,0.003858
28,"R_Date","T4-S5",,"posterior",1811.5,0.0030943
28,"R_Date","T4-S5",,"posterior",1812.5,0.0025096
28,"R_Date","T4-S5",,"posterior",1813.5,0.0020984
28,"R_Date","T4-S5",,"posterior",1814.5,0.0017698
28,"R_Date","T4-S5",,"posterior",1815.5,0.0015792
28,"R_Date","T4-S5",,"posterior",1816.5,0.0014018
28,"R_Date","T4-S5",,"posterior",1817.5,0.0013177
28,"R_Date","T4-S5",,"posterior",1818.5,0.0013122
28,"R_Date","T4-S5",,"posterior",1819.5,0.0012242
28,"R_Date","T4-S5",,"posterior",1820.5,0.0012333
28,"R_Date","T4-S5",,"posterior",1821.5,0.0012906
28,"R_Date","T4-S5",,"posterior",1822.5,0.001288
28,"R_Date","T4-S5",,"posterior",1823.5,0.0012625
28,"R_Date","T4-S5",,"posterior",1824.5,0.0012107
28,"R_Date","T4-S5",,"posterior",1825.5,0.0010875
28,"R_Date","T4-S5",,"posterior",1826.5,0.0009602
28,"R_Date","T4-S5",,"posterior",1827.5,0.0009341
28,"R_Date","T4-S5",,"posterior",1828.5,0.000906
28,"R_Date","T4-S5",,"posterior",1829.5,0.0009323
28,"R_Date","T4-S5",,"posterior",1830.5,0.0010518
28,"R_Date","T4-S5",,"posterior",1831.5,0.0011776
28,"R_Date","T4-S5",,"posterior",1832.5,0.0014435
28,"R_Date","T4-S5",,"posterior",1833.5,0.0017844
28,"R_Date","T4-S5",,"posterior",1834.5,0.0022289
28,"R_Date","T4-S5",,"posterior",1835.5,0.0027542
28,"R_Date","T4-S5",,"posterior",1836.5,0.003378
28,"R_Date","T4-S5",,"posterior",1837.5,0.003865
28,"R_Date","T4-S5",,"posterior",1838.5,0.004374
28,"R_Date","T4-S5",,"posterior",1839.5,0.00468
28,"R_Date","T4-S5",,"posterior",1840.5,0.004921
28,"R_Date","T4-S5",,"posterior",1841.5,0.004953
28,"R_Date","T4-S5",,"posterior",1842.5,0.004801
28,"R_Date","T4-S5",,"posterior",1843.5,0.004711
28,"R_Date","T4-S5",,"posterior",1844.5,0.004586
28,"R_Date","T4-S5",,"posterior",1845.5,0.004426
28,"R_Date","T4-S5",,"posterior",1846.5,0.004293
28,"R_Date","T4-S5",,"posterior",1847.5,0.004291
28,"R_Date","T4-S5",,"posterior",1848.5,0.00427
28,"R_Date","T4-S5",,"posterior",1849.5,0.004371
28,"R_Date","T4-S5",,"posterior",1850.5,0.004536
28,"R_Date","T4-S5",,"posterior",1851.5,0.004665
28,"R_Date","T4-S5",,"posterior",1852.5,0.004967
28,"R_Date","T4-S5",,"posterior",1853.5,0.005199
28,"R_Date","T4-S5",,"posterior",1854.5,0.005352
28,"R_Date","T4-S5",,"posterior",1855.5,0.005318
28,"R_Date","T4-S5",,"posterior",1856.5,0.005159
28,"R_Date","T4-S5",,"posterior",1857.5,0.005092
28,"R_Date","T4-S5",,"posterior",1858.5,0.005054
28,"R_Date","T4-S5",,"posterior",1859.5,0.005006
28,"R_Date","T4-S5",,"posterior",1860.5,0.005104
28,"R_Date","T4-S5",,"posterior",1861.5,0.0053
28,"R_Date","T4-S5",,"posterior",1862.5,0.005613
28,"R_Date","T4-S5",,"posterior",1863.5,0.005973
28,"R_Date","T4-S5",,"posterior",1864.5,0.006207
28,"R_Date","T4-S5",,"posterior",1865.5,0.006092
28,"R_Date","T4-S5",,"posterior",1866.5,0.005839
28,"R_Date","T4-S5",,"posterior",1867.5,0.005428
28,"R_Date","T4-S5",,"posterior",1868.5,0.005293
28,"R_Date","T4-S5",,"posterior",1869.5,0.005254
28,"R_Date","T4-S5",,"posterior",1870.5,0.005423
28,"R_Date","T4-S5",,"posterior",1871.5,0.005754
28,"R_Date","T4-S5",,"posterior",1872.5,0.006202
28,"R_Date","T4-S5",,"posterior",1873.5,0.006708
28,"R_Date","T4-S5",,"posterior",1874.5,0.007279
28,"R_Date","T4-S5",,"posterior",1875.5,0.00734
28,"R_Date","T4-S5",,"posterior",1876.5,0.007236
28,"R_Date","T4-S5",,"posterior",1877.5,0.00682
28,"R_Date","T4-S5",,"posterior",1878.5,0.00608
28,"R_Date","T4-S5",,"posterior",1879.5,0.005243
28,"R_Date","T4-S5",,"posterior",1880.5,0.004715
28,"R_Date","T4-S5",,"posterior",1881.5,0.004268
28,"R_Date","T4-S5",,"posterior",1882.5,0.003997
28,"R_Date","T4-S5",,"posterior",1883.5,0.004061
28,"R_Date","T4-S5",,"posterior",1884.5,0.004245
28,"R_Date","T4-S5",,"posterior",1885.5,0.004423
28,"R_Date","T4-S5",,"posterior",1886.5,0.00463
28,"R_Date","T4-S5",,"posterior",1887.5,0.004439
28,"R_Date","T4-S5",,"posterior",1888.5,0.004212
28,"R_Date","T4-S5",,"posterior",1889.5,0.003928
28,"R_Date","T4-S5",,"posterior",1890.5,0.00342
28,"R_Date","T4-S5",,"posterior",1891.5,0.0030018
28,"R_Date","T4-S5",,"posterior",1892.5,0.0025151
28,"R_Date","T4-S5",,"posterior",1893.5,0.0022737
28,"R_Date","T4-S5",,"posterior",1894.5,0.0021245
28,"R_Date","T4-S5",,"posterior",1895.5,0.0020854
28,"R_Date","T4-S5",,"posterior",1896.5,0.0019776
28,"R_Date","T4-S5",,"posterior",1897.5,0.0020966
28,"R_Date","T4-S5",,"posterior",1898.5,0.002107
28,"R_Date","T4-S5",,"posterior",1899.5,0.0017682
28,"R_Date","T4-S5",,"posterior",1900.5,0.00024062
28,"R_Date","T4-S5",,"posterior",1901.5,0
28,"R_Date","T4-S5",,"posterior",1902.5,0
29,"C_Date","HISTORICAL",,"likelihood",1898,0
29,"C_Date","HISTORICAL",,"likelihood",1899,0
29,"C_Date","HISTORICAL",,"likelihood",1900,1
29,"C_Date","HISTORICAL",,"likelihood",1901,0
29,"C_Date","HISTORICAL",,"likelihood",1902,0
29,"C_Date","HISTORICAL",,"posterior",1897,0
29,"C_Date","HISTORICAL",,"posterior",1898,0
29,"C_Date","HISTORICAL",,"posterior",1899,0
29,"C_Date","HISTORICAL",,"posterior",1900,1
29,"C_Date","HISTORICAL",,"posterior",1901,0
29,"C_Date","HISTORICAL",,"posterior",1902,0
29,"C_Date","HISTORICAL",,"posterior",1903,0
30,"Boundary","Top",,"posterior",1897,0
30,"Boundary","Top",,"posterior",1898,0
30,"Boundary","Top",,"posterior",1899,0
30,"Boundary","Top",,"posterior",1900,0.008932
30,"Boundary","Top",,"posterior",1901,0.01777
30,"Boundary","Top",,"posterior",1902,0.017089
30,"Boundary","Top",,"posterior",1903,0.016085
30,"Boundary","Top",,"posterior",1904,0.017139
30,"Boundary","Top",,"posterior",1905,0.016121
30,"Boundary","Top",,"posterior",1906,0.015593
30,"Boundary","Top",,"posterior",1907,0.015316
30,"Boundary","Top",,"posterior",1908,0.01476
30,"Boundary","Top",,"posterior",1909,0.015035
30,"Boundary","Top",,"posterior",1910,0.0145
30,"Boundary","Top",,"posterior",1911,0.014145
30,"Boundary","Top",,"posterior",1912,0.013905
30,"Boundary","Top",,"posterior",1913,0.013443
30,"Boundary","Top",,"posterior",1914,0.013329
30,"Boundary","Top",,"posterior",1915,0.012464
30,"Boundary","Top",,"posterior",1916,0.012648
30,"Boundary","Top",,"posterior",1917,0.012685
30,"Boundary","Top",,"posterior",1918,0.011906
30,"Boundary","Top",,"posterior",1919,0.011887
30,"Boundary","Top",,"posterior",1920,0.012243
30,"Boundary","Top",,"posterior",1921,0.011368
30,"Boundary","Top",,"posterior",1922,0.011917
30,"Boundary","Top",,"posterior",1923,0.011404
30,"Boundary","Top",,"posterior",1924,0.010981
30,"Boundary","Top",,"posterior",1925,0.010927
30,"Boundary","Top",,"posterior",1926,0.011044
30,"Boundary","Top",,"posterior",1927,0.010415
30,"Boundary","Top",,"posterior",1928,0.010428
30,"Boundary","Top",,"posterior",1929,0.010394
30,"Boundary","Top",,"posterior",1930,0.009939
30,"Boundary","Top",,"posterior",1931,0.009696
30,"Boundary","Top",,"posterior",1932,0.009754
30,"Boundary","Top",,"posterior",1933,0.009468
30,"Boundary","Top",,"posterior",1934,0.009066
30,"Boundary","Top",,"posterior",1935,0.008986
30,"Boundary","Top",,"posterior",1936,0.009134
30,"Boundary","Top",,"posterior",1937,0.008709
30,"Boundary","Top",,"posterior",1938,0.008929
30,"Boundary","Top",,"posterior",1939,0.008903
30,"Boundary","Top",,"posterior",1940,0.008091
30,"Boundary","Top",,"posterior",1941,0.007989
30,"Boundary","Top",,"posterior",1942,0.008009
30,"Boundary","Top",,"posterior",1943,0.008089
30,"Boundary","Top",,"posterior",1944,0.007935
30,"Boundary","Top",,"posterior",1945,0.007642
30,"Boundary","Top",,"posterior",1946,0.00739
30,"Boundary","Top",,"posterior",1947,0.007603
30,"Boundary","Top",,"posterior",1948,0.006792
30,"Boundary","Top",,"posterior",1949,0.007075
30,"Boundary","Top",,"posterior",1950,0.007098
30,"Boundary","Top",,"posterior",1951,0.006913
30,"Boundary","Top",,"posterior",1952,0.006874
30,"Boundary","Top",,"posterior",1953,0.006374
30,"Boundary","Top",,"posterior",1954,0.006358
30,"Boundary","Top",,"posterior",1955,0.006507
30,"Boundary","Top",,"posterior",1956,0.006205
30,"Boundary","Top",,"posterior",1957,0.005965
30,"Boundary","Top",,"posterior",1958,0.006319
30,"Boundary","Top",,"posterior",1959,0.00582
30,"Boundary","Top",,"posterior",1960,0.005784
30,"Boundary","Top",,"posterior",1961,0.005699
30,"Boundary","Top",,"posterior",1962,0.00557
30,"Boundary","Top",,"posterior",1963,0.005598
30,"Boundary","Top",,"posterior",1964,0.005608
30,"Boundary","Top",,"posterior",1965,0.005474
30,"Boundary","Top",,"posterior",1966,0.005385
30,"Boundary","Top",,"posterior",1967,0.00497
30,"Boundary","Top",,"posterior",1968,0.004831
30,"Boundary","Top",,"posterior",1969,0.004905
30,"Boundary","Top",,"posterior",1970,0.004908
30,"Boundary","Top",,"posterior",1971,0.004857
30,"Boundary","Top",,"posterior",1972,0.004902
30,"Boundary","Top",,"posterior",1973,0.004693
30,"Boundary","Top",,"posterior",1974,0.004578
30,"Boundary","Top",,"posterior",1975,0.004396
30,"Boundary","Top",,"posterior",1976,0.004505
30,"Boundary","Top",,"posterior",1977,0.004501
30,"Boundary","Top",,"posterior",1978,0.004128
30,"Boundary","Top",,"posterior",1979,0.004051
30,"Boundary","Top",,"posterior",1980,0.004104
30,"Boundary","Top",,"posterior",1981,0.004128
30,"Boundary","Top",,"posterior",1982,0.004129
30,"Boundary","Top",,"posterior",1983,0.003871
30,"Boundary","Top",,"posterior",1984,0.004026
30,"Boundary","Top",,"posterior",1985,0.003685
30,"Boundary","Top",,"posterior",1986,0.003779
30,"Boundary","Top",,"posterior",1987,0.003697
30,"Boundary","Top",,"posterior",1988,0.003613
30,"Boundary","Top",,"posterior",1989,0.00334
30,"Boundary","Top",,"posterior",1990,0.003602
30,"Boundary","Top",,"posterior",1991,0.003435
30,"Boundary","Top",,"posterior",1992,0.003335
30,"Boundary","Top",,"posterior",1993,0.003212
30,"Boundary","Top",,"posterior",1994,0.003353
30,"Boundary","Top",,"posterior",1995,0.00324
30,"Boundary","Top",,"posterior",1996,0.0030789
30,"Boundary","Top",,"posterior",1997,0.0030359
30,"Boundary","Top",,"posterior",1998,0.0029555
30,"Boundary","Top",,"posterior",1999,0.0030706
30,"Boundary","Top",,"posterior",2000,0.0028945
30,"Boundary","Top",,"posterior",2001,0.0029614
30,"Boundary","Top",,"posterior",2002,0.0027776
30,"Boundary","Top",,"posterior",2003,0.0029375
30,"Boundary","Top",,"posterior",2004,0.0027805
30,"Boundary","Top",,"posterior",2005,0.0027591
30,"Boundary","Top",,"posterior",2006,0.0027213
30,"Boundary","Top",,"posterior",2007,0.0026292
30,"Boundary","Top",,"posterior",2008,0.0027391
30,"Boundary","Top",,"posterior",2009,0.0025221
30,"Boundary","Top",,"posterior",2010,0.0025516
30,"Boundary","Top",,"posterior",2011,0.0026292
30,"Boundary","Top",,"posterior",2012,0.0023911
30,"Boundary","Top",,"posterior",2013,0.0024581
30,"Boundary","Top",,"posterior",2014,0.0024169
30,"Boundary","Top",,"posterior",2015,0.0023221
30,"Boundary","Top",,"posterior",2016,0.0023578
30,"Boundary","Top",,"posterior",2017,0.0021641
30,"Boundary","Top",,"posterior",2018,0.0023714
30,"Boundary","Top",,"posterior",2019,0.0023078
30,"Boundary","Top",,"posterior",2020,0.0021312
30,"Boundary","Top",,"posterior",2021,0.0020979
30,"Boundary","Top",,"posterior",2022,0.0020391
30,"Boundary","Top",,"posterior",2023,0.0019768
30,"Boundary","Top",,"posterior",2024,0.0021101
30,"Boundary","Top",,"posterior",2025,0.0019669
30,"Boundary","Top",,"posterior",2026,0.0018198
30,"Boundary","Top",,"posterior",2027,0.0018013
30,"Boundary","Top",,"posterior",2028,0.002012
30,"Boundary","Top",,"posterior",2029,0.0018177
30,"Boundary","Top",,"posterior",2030,0.0018117
30,"Boundary","Top",,"posterior",2031,0.001862
30,"Boundary","Top",,"posterior",2032,0.0017359
30,"Boundary","Top",,"posterior",2033,0.0017674
30,"Boundary","Top",,"posterior",2034,0.0017721
30,"Boundary","Top",,"posterior",2035,0.0017167
30,"Boundary","Top",,"posterior",2036,0.0016273
30,"Boundary","Top",,"posterior",2037,0.0015833
30,"Boundary","Top",,"posterior",2038,0.0015211
30,"Boundary","Top",,"posterior",2039,0.0016622
30,"Boundary","Top",,"posterior",2040,0.0015401
30,"Boundary","Top",,"posterior",2041,0.001601
30,"Boundary","Top",,"posterior",2042,0.0014711
30,"Boundary","Top",,"posterior",2043,0.0014575
30,"Boundary","Top",,"posterior",2044,0.0015685
30,"Boundary","Top",,"posterior",2045,0.0013974
30,"Boundary","Top",,"posterior",2046,0.001444
30,"Boundary","Top",,"posterior",2047,0.0014016
30,"Boundary","Top",,"posterior",2048,0.0013771
30,"Boundary","Top",,"posterior",2049,0.0013122
30,"Boundary","Top",,"posterior",2050,0.001362
30,"Boundary","Top",,"posterior",2051,0.0012891
30,"Boundary","Top",,"posterior",2052,0.001331
30,"Boundary","Top",,"posterior",2053,0.0013435
30,"Boundary","Top",,"posterior",2054,0.0012565
30,"Boundary","Top",,"posterior",2055,0.0012294
30,"Boundary","Top",,"posterior",2056,0.0012464
30,"Boundary","Top",,"posterior",2057,0.0013276
30,"Boundary","Top",,"posterior",2058,0.0012253
30,"Boundary","Top",,"posterior",2059,0.0011526
30,"Boundary","Top",,"posterior",2060,0.0011607
30,"Boundary","Top",,"posterior",2061,0.0012898
30,"Boundary","Top",,"posterior",2062,0.001113
30,"Boundary","Top",,"posterior",2063,0.001069
30,"Boundary","Top",,"posterior",2064,0.0010349
30,"Boundary","Top",,"posterior",2065,0.001119
30,"Boundary","Top",,"posterior",2066,0.0010904
30,"Boundary","Top",,"posterior",2067,0.0010406
30,"Boundary","Top",,"posterior",2068,0.0009758
30,"Boundary","Top",,"posterior",2069,0.0010302
30,"Boundary","Top",,"posterior",2070,0.0009695
30,"Boundary","Top",,"posterior",2071,0.001006
30,"Boundary","Top",,"posterior",2072,0.0009378
30,"Boundary","Top",,"posterior",2073,0.0009503
30,"Boundary","Top",,"posterior",2074,0.0009398
30,"Boundary","Top",,"posterior",2075,0.0009
30,"Boundary","Top",,"posterior",2076,0.0009154
30,"Boundary","Top",,"posterior",2077,0.0009099
30,"Boundary","Top",,"posterior",2078,0.0009289
30,"Boundary","Top",,"posterior",2079,0.0008711
30,"Boundary","Top",,"posterior",2080,0.0008779
30,"Boundary","Top",,"posterior",2081,0.0009203
30,"Boundary","Top",,"posterior",2082,0.0008193
30,"Boundary","Top",,"posterior",2083,0.0007904
30,"Boundary","Top",,"posterior",2084,0.0008023
30,"Boundary","Top",,"posterior",2085,0.0008175
30,"Boundary","Top",,"posterior",2086,0.0007266
30,"Boundary","Top",,"posterior",2087,0.0007865
30,"Boundary","Top",,"posterior",2088,0.0007367
30,"Boundary","Top",,"posterior",2089,0.0007313
30,"Boundary","Top",,"posterior",2090,0.0007
30,"Boundary","Top",,"posterior",2091,0.0007615
30,"Boundary","Top",,"posterior",2092,0.0006852
30,"Boundary","Top",,"posterior",2093,0.000682
30,"Boundary","Top",,"posterior",2094,0.000718
30,"Boundary","Top",,"posterior",2095,0.0007187
30,"Boundary","Top",,"posterior",2096,0.0007305
30,"Boundary","Top",,"posterior",2097,0.0006922
30,"Boundary","Top",,"posterior",2098,0.000682
30,"Boundary","Top",,"posterior",2099,0.0006393
30,"Boundary","Top",,"posterior",2100,0.0006497
30,"Boundary","Top",,"posterior",2101,0.0006247
30,"Boundary","Top",,"posterior",2102,0.0006617
30,"Boundary","Top",,"posterior",2103,0.0005771
30,"Boundary","Top",,"posterior",2104,0.0006633
30,"Boundary","Top",,"posterior",2105,0.0006234
30,"Boundary","Top",,"posterior",2106,0.0006438
30,"Boundary","Top",,"posterior",2107,0.0006198
30,"Boundary","Top",,"posterior",2108,0.000638
30,"Boundary","Top",,"posterior",2109,0.0004891
30,"Boundary","Top",,"posterior",2110,0.000513
30,"Boundary","Top",,"posterior",2111,0.0005385
30,"Boundary","Top",,"posterior",2112,0.0005341
30,"Boundary","Top",,"posterior",2113,0.0005672
30,"Boundary","Top",,"posterior",2114,0.0005122
30,"Boundary","Top",,"posterior",2115,0.0004982
30,"Boundary","Top",,"posterior",2116,0.000545
30,"Boundary","Top",,"posterior",2117,0.0005281
30,"Boundary","Top",,"posterior",2118,0.0005237
30,"Boundary","Top",,"posterior",2119,0.0005042
30,"Boundary","Top",,"posterior",2120,0.0005008
30,"Boundary","Top",,"posterior",2121,0.0005474
30,"Boundary","Top",,"posterior",2122,0.0004466
30,"Boundary","Top",,"posterior",2123,0.0004378
30,"Boundary","Top",,"posterior",2124,0.0004703
30,"Boundary","Top",,"posterior",2125,0.0004414
30,"Boundary","Top",,"posterior",2126,0.0004526
30,"Boundary","Top",,"posterior",2127,0.0004211
30,"Boundary","Top",,"posterior",2128,0.0004273
30,"Boundary","Top",,"posterior",2129,0.0004635
30,"Boundary","Top",,"posterior",2130,0.0004315
30,"Boundary","Top",,"posterior",2131,0.0004018
30,"Boundary","Top",,"posterior",2132,0.0004047
30,"Boundary","Top",,"posterior",2133,0.0003961
30,"Boundary","Top",,"posterior",2134,0.00043
30,"Boundary","Top",,"posterior",2135,0.000401
30,"Boundary","Top",,"posterior",2136,0.0003867
30,"Boundary","Top",,"posterior",2137,0.0004104
30,"Boundary","Top",,"posterior",2138,0.0003268
30,"Boundary","Top",,"posterior",2139,0.0003414
30,"Boundary","Top",,"posterior",2140,0.0003573
30,"Boundary","Top",,"posterior",2141,0.0003768
30,"Boundary","Top",,"posterior",2142,0.0003919
30,"Boundary","Top",,"posterior",2143,0.0003477
30,"Boundary","Top",,"posterior",2144,0.0003297
30,"Boundary","Top",,"posterior",2145,0.0003367
30,"Boundary","Top",,"posterior",2146,0.0003539
30,"Boundary","Top",,"posterior",2147,0.0003503
30,"Boundary","Top",,"posterior",2148,0.0003458
30,"Boundary","Top",,"posterior",2149,0.000381
30,"Boundary","Top",,"posterior",2150,0.0003508
30,"Boundary","Top",,"posterior",2151,0.00030651
30,"Boundary","Top",,"posterior",2152,0.00028204
30,"Boundary","Top",,"posterior",2153,0.0003013
30,"Boundary","Top",,"posterior",2154,0.0003458
30,"Boundary","Top",,"posterior",2155,0.00028126
30,"Boundary","Top",,"posterior",2156,0.00031562
30,"Boundary","Top",,"posterior",2157,0.0002763
30,"Boundary","Top",,"posterior",2158,0.00026276
30,"Boundary","Top",,"posterior",2159,0.00030025
30,"Boundary","Top",,"posterior",2160,0.00025208
30,"Boundary","Top",,"posterior",2161,0.00030626
30,"Boundary","Top",,"posterior",2162,0.00026068
30,"Boundary","Top",,"posterior",2163,0.0002651
30,"Boundary","Top",,"posterior",2164,0.00026302
30,"Boundary","Top",,"posterior",2165,0.0002487
30,"Boundary","Top",,"posterior",2166,0.0002586
30,"Boundary","Top",,"posterior",2167,0.00026875
30,"Boundary","Top",,"posterior",2168,0.000275
30,"Boundary","Top",,"posterior",2169,0.00024817
30,"Boundary","Top",,"posterior",2170,0.00022578
30,"Boundary","Top",,"posterior",2171,0.00024479
30,"Boundary","Top",,"posterior",2172,0.0002487
30,"Boundary","Top",,"posterior",2173,0.00021146
30,"Boundary","Top",,"posterior",2174,0.00024428
30,"Boundary","Top",,"posterior",2175,0.00022942
30,"Boundary","Top",,"posterior",2176,0.00020574
30,"Boundary","Top",,"posterior",2177,0.00019662
30,"Boundary","Top",,"posterior",2178,0.00024271
30,"Boundary","Top",,"posterior",2179,0.00019765
30,"Boundary","Top",,"posterior",2180,0.0002435
30,"Boundary","Top",,"posterior",2181,0.00024739
30,"Boundary","Top",,"posterior",2182,0.00017839
30,"Boundary","Top",,"posterior",2183,0.00022057
30,"Boundary","Top",,"posterior",2184,0.00018932
30,"Boundary","Top",,"posterior",2185,0.00020234
30,"Boundary","Top",,"posterior",2186,0.00018098
30,"Boundary","Top",,"posterior",2187,0.00021302
30,"Boundary","Top",,"posterior",2188,0.00017631
30,"Boundary","Top",,"posterior",2189,0.00020286
30,"Boundary","Top",,"posterior",2190,0.00018829
30,"Boundary","Top",,"posterior",2191,0.00020469
30,"Boundary","Top",,"posterior",2192,0.00019765
30,"Boundary","Top",,"posterior",2193,0.00020677
30,"Boundary","Top",,"posterior",2194,0.00016666
30,"Boundary","Top",,"posterior",2195,0.00015598
30,"Boundary","Top",,"posterior",2196,0.00017864
30,"Boundary","Top",,"posterior",2197,0.00017656
30,"Boundary","Top",,"posterior",2198,0.00016719
30,"Boundary","Top",,"posterior",2199,0.00016067
30,"Boundary","Top",,"posterior",2200,0.00017265
30,"Boundary","Top",,"posterior",2201,0.00014818
30,"Boundary","Top",,"posterior",2202,0.00016641
30,"Boundary","Top",,"posterior",2203,0.00016771
30,"Boundary","Top",,"posterior",2204,0.00016199
30,"Boundary","Top",,"posterior",2205,0.0001474
30,"Boundary","Top",,"posterior",2206,0.00017656
30,"Boundary","Top",,"posterior",2207,0.00014297
30,"Boundary","Top",,"posterior",2208,0.00014921
30,"Boundary","Top",,"posterior",2209,0.00014662
30,"Boundary","Top",,"posterior",2210,0.00015234
30,"Boundary","Top",,"posterior",2211,0.00015312
30,"Boundary","Top",,"posterior",2212,0.000144
30,"Boundary","Top",,"posterior",2213,0.00012423
30,"Boundary","Top",,"posterior",2214,0.00012838
30,"Boundary","Top",,"posterior",2215,0.00012474
30,"Boundary","Top",,"posterior",2216,0.00013464
30,"Boundary","Top",,"posterior",2217,0.00016614
30,"Boundary","Top",,"posterior",2218,0.00011406
30,"Boundary","Top",,"posterior",2219,0.00014662
30,"Boundary","Top",,"posterior",2220,0.00012917
30,"Boundary","Top",,"posterior",2221,0.00011875
30,"Boundary","Top",,"posterior",2222,0.0001289
30,"Boundary","Top",,"posterior",2223,0.00012995
30,"Boundary","Top",,"posterior",2224,0.00011667
30,"Boundary","Top",,"posterior",2225,0.00012291
30,"Boundary","Top",,"posterior",2226,0.00012631
30,"Boundary","Top",,"posterior",2227,0.00011015
30,"Boundary","Top",,"posterior",2228,0.00012005
30,"Boundary","Top",,"posterior",2229,0.00011172
30,"Boundary","Top",,"posterior",2230,0.0001138
30,"Boundary","Top",,"posterior",2231,0.00010079
30,"Boundary","Top",,"posterior",2232,0.00010651
30,"Boundary","Top",,"posterior",2233,0.00011355
30,"Boundary","Top",,"posterior",2234,0.00011328
30,"Boundary","Top",,"posterior",2235,0.00010859
30,"Boundary","Top",,"posterior",2236,0.00009688
30,"Boundary","Top",,"posterior",2237,0.00011667
30,"Boundary","Top",,"posterior",2238,0.00009869
30,"Boundary","Top",,"posterior",2239,0.00011198
30,"Boundary","Top",,"posterior",2240,0.00010521
30,"Boundary","Top",,"posterior",2241,0.00010859
30,"Boundary","Top",,"posterior",2242,0.00009791
30,"Boundary","Top",,"posterior",2243,0.00008906
30,"Boundary","Top",,"posterior",2244,0.00007657
30,"Boundary","Top",,"posterior",2245,0.00009011
30,"Boundary","Top",,"posterior",2246,0.00010678
30,"Boundary","Top",,"posterior",2247,0.00009532
30,"Boundary","Top",,"posterior",2248,0.0000763
30,"Boundary","Top",,"posterior",2249,0.00010416
30,"Boundary","Top",,"posterior",2250,0.00007813
30,"Boundary","Top",,"posterior",2251,0.00006902
30,"Boundary","Top",,"posterior",2252,0.00009427
30,"Boundary","Top",,"posterior",2253,0.00008542
30,"Boundary","Top",,"posterior",2254,0.00008099
30,"Boundary","Top",,"posterior",2255,0.00006875
30,"Boundary","Top",,"posterior",2256,0.0000677
30,"Boundary","Top",,"posterior",2257,0.00008334
30,"Boundary","Top",,"posterior",2258,0.00007369
30,"Boundary","Top",,"posterior",2259,0.00007943
30,"Boundary","Top",,"posterior",2260,0.00007682
30,"Boundary","Top",,"posterior",2261,0.00008593
30,"Boundary","Top",,"posterior",2262,0.00008515
30,"Boundary","Top",,"posterior",2263,0.00006433
30,"Boundary","Top",,"posterior",2264,0.00008178
30,"Boundary","Top",,"posterior",2265,0.00007838
30,"Boundary","Top",,"posterior",2266,0.00007083
30,"Boundary","Top",,"posterior",2267,0.00006797
30,"Boundary","Top",,"posterior",2268,0.00006902
30,"Boundary","Top",,"posterior",2269,0.00006692
30,"Boundary","Top",,"posterior",2270,0.00006225
30,"Boundary","Top",,"posterior",2271,0.0000677
30,"Boundary","Top",,"posterior",2272,0.0000612
30,"Boundary","Top",,"posterior",2273,0.0000711
30,"Boundary","Top",,"posterior",2274,0.00007369
30,"Boundary","Top",,"posterior",2275,0.00005859
30,"Boundary","Top",,"posterior",2276,0.00006146
30,"Boundary","Top",,"posterior",2277,0.00007369
30,"Boundary","Top",,"posterior",2278,0.00005702
30,"Boundary","Top",,"posterior",2279,0.00006745
30,"Boundary","Top",,"posterior",2280,0.00006171
30,"Boundary","Top",,"posterior",2281,0.00005702
30,"Boundary","Top",,"posterior",2282,0.0000526
30,"Boundary","Top",,"posterior",2283,0.00006797
30,"Boundary","Top",,"posterior",2284,0.00006198
30,"Boundary","Top",,"posterior",2285,0.00005521
30,"Boundary","Top",,"posterior",2286,0.00006146
30,"Boundary","Top",,"posterior",2287,0.0000427
30,"Boundary","Top",,"posterior",2288,0.0000578
30,"Boundary","Top",,"posterior",2289,0.00005702
30,"Boundary","Top",,"posterior",2290,0.00004011
30,"Boundary","Top",,"posterior",2291,0.0000677
30,"Boundary","Top",,"posterior",2292,0.00005729
30,"Boundary","Top",,"posterior",2293,0.00004739
30,"Boundary","Top",,"posterior",2294,0.00006042
30,"Boundary","Top",,"posterior",2295,0.00004739
30,"Boundary","Top",,"posterior",2296,0.0000427
30,"Boundary","Top",,"posterior",2297,0.00005103
30,"Boundary","Top",,"posterior",2298,0.00004739
30,"Boundary","Top",,"posterior",2299,0.0000526
30,"Boundary","Top",,"posterior",2300,0.00006198
30,"Boundary","Top",,"posterior",2301,0.00004739
30,"Boundary","Top",,"posterior",2302,0.00005103
30,"Boundary","Top",,"posterior",2303,0.00003906
30,"Boundary","Top",,"posterior",2304,0.00004245
30,"Boundary","Top",,"posterior",2305,0.00004871
30,"Boundary","Top",,"posterior",2306,0.00004089
30,"Boundary","Top",,"posterior",2307,0.00004505
30,"Boundary","Top",,"posterior",2308,0.00004505
30,"Boundary","Top",,"posterior",2309,0.00004558
30,"Boundary","Top",,"posterior",2310,0.00004426
30,"Boundary","Top",,"posterior",2311,0.00004062
30,"Boundary","Top",,"posterior",2312,0.00003906
30,"Boundary","Top",,"posterior",2313,0.00005807
30,"Boundary","Top",,"posterior",2314,0.00004453
30,"Boundary","Top",,"posterior",2315,0.00003828
30,"Boundary","Top",,"posterior",2316,0.00004636
30,"Boundary","Top",,"posterior",2317,0.00003906
30,"Boundary","Top",,"posterior",2318,0.00003671
30,"Boundary","Top",,"posterior",2319,0.000031505
30,"Boundary","Top",,"posterior",2320,0.00003646
30,"Boundary","Top",,"posterior",2321,0.000030208
30,"Boundary","Top",,"posterior",2322,0.00003984
30,"Boundary","Top",,"posterior",2323,0.000030723
30,"Boundary","Top",,"posterior",2324,0.00003776
30,"Boundary","Top",,"posterior",2325,0.00003412
30,"Boundary","Top",,"posterior",2326,0.00004426
30,"Boundary","Top",,"posterior",2327,0.00003412
30,"Boundary","Top",,"posterior",2328,0.00004453
30,"Boundary","Top",,"posterior",2329,0.00003255
30,"Boundary","Top",,"posterior",2330,0.0000362
30,"Boundary","Top",,"posterior",2331,0.000030723
30,"Boundary","Top",,"posterior",2332,0.00003307
30,"Boundary","Top",,"posterior",2333,0.000026814
30,"Boundary","Top",,"posterior",2334,0.00002239
30,"Boundary","Top",,"posterior",2335,0.00003307
30,"Boundary","Top",,"posterior",2336,0.00003828
30,"Boundary","Top",,"posterior",2337,0.00003229
30,"Boundary","Top",,"posterior",2338,0.000030475
30,"Boundary","Top",,"posterior",2339,0.00003515
30,"Boundary","Top",,"posterior",2340,0.00003828
30,"Boundary","Top",,"posterior",2341,0.000028911
30,"Boundary","Top",,"posterior",2342,0.00003593
30,"Boundary","Top",,"posterior",2343,0.00003204
30,"Boundary","Top",,"posterior",2344,0.000026814
30,"Boundary","Top",,"posterior",2345,0.000020044
30,"Boundary","Top",,"posterior",2346,0.00003437
30,"Boundary","Top",,"posterior",2347,0.00002916
30,"Boundary","Top",,"posterior",2348,0.000023953
30,"Boundary","Top",,"posterior",2349,0.000030475
30,"Boundary","Top",,"posterior",2350,0.000030208
30,"Boundary","Top",,"posterior",2351,0.0000336
30,"Boundary","Top",,"posterior",2352,0.00002239
30,"Boundary","Top",,"posterior",2353,0.00003541
30,"Boundary","Top",,"posterior",2354,0.000017716
30,"Boundary","Top",,"posterior",2355,0.000023438
30,"Boundary","Top",,"posterior",2356,0.000027863
30,"Boundary","Top",,"posterior",2357,0.000020826
30,"Boundary","Top",,"posterior",2358,0.00003463
30,"Boundary","Top",,"posterior",2359,0.000023438
30,"Boundary","Top",,"posterior",2360,0.000026565
30,"Boundary","Top",,"posterior",2361,0.000025517
30,"Boundary","Top",,"posterior",2362,0.000026565
30,"Boundary","Top",,"posterior",2363,0.000019529
30,"Boundary","Top",,"posterior",2364,0.000017183
30,"Boundary","Top",,"posterior",2365,0.00002605
30,"Boundary","Top",,"posterior",2366,0.000021608
30,"Boundary","Top",,"posterior",2367,0.000021874
30,"Boundary","Top",,"posterior",2368,0.000019013
30,"Boundary","Top",,"posterior",2369,0.000021092
30,"Boundary","Top",,"posterior",2370,0.000020311
30,"Boundary","Top",,"posterior",2371,0.000015371
30,"Boundary","Top",,"posterior",2372,0.000017716
30,"Boundary","Top",,"posterior",2373,0.000022656
30,"Boundary","Top",,"posterior",2374,0.000015104
30,"Boundary","Top",,"posterior",2375,0.000021092
30,"Boundary","Top",,"posterior",2376,0.000019795
30,"Boundary","Top",,"posterior",2377,0.000020826
30,"Boundary","Top",,"posterior",2378,0.000020311
30,"Boundary","Top",,"posterior",2379,0.000019262
30,"Boundary","Top",,"posterior",2380,0.000022656
30,"Boundary","Top",,"posterior",2381,0.000020311
30,"Boundary","Top",,"posterior",2382,0.000021359
30,"Boundary","Top",,"posterior",2383,0.000015886
30,"Boundary","Top",,"posterior",2384,0.00001745
30,"Boundary","Top",,"posterior",2385,0.000019529
30,"Boundary","Top",,"posterior",2386,0.000020044
30,"Boundary","Top",,"posterior",2387,0.000014322
30,"Boundary","Top",,"posterior",2388,0.000015371
30,"Boundary","Top",,"posterior",2389,0.000021608
30,"Boundary","Top",,"posterior",2390,0.000023438
30,"Boundary","Top",,"posterior",2391,0.000013807
30,"Boundary","Top",,"posterior",2392,0.000016401
30,"Boundary","Top",,"posterior",2393,0.000016668
30,"Boundary","Top",,"posterior",2394,0.000014838
30,"Boundary","Top",,"posterior",2395,0.000021608
30,"Boundary","Top",,"posterior",2396,0.000014056
30,"Boundary","Top",,"posterior",2397,0.000018232
30,"Boundary","Top",,"posterior",2398,0.000010946
30,"Boundary","Top",,"posterior",2399,0.000014838
30,"Boundary","Top",,"posterior",2400,0.000014056
30,"Boundary","Top",,"posterior",2401,0.000012759
30,"Boundary","Top",,"posterior",2402,0.000018498
30,"Boundary","Top",,"posterior",2403,0.000016401
30,"Boundary","Top",,"posterior",2404,0.000012759
30,"Boundary","Top",,"posterior",2405,0.000020577
30,"Boundary","Top",,"posterior",2406,0.000018498
30,"Boundary","Top",,"posterior",2407,0.000012492
30,"Boundary","Top",,"posterior",2408,0.000012243
30,"Boundary","Top",,"posterior",2409,0.000015371
30,"Boundary","Top",,"posterior",2410,0.000012492
30,"Boundary","Top",,"posterior",2411,0.000015104
30,"Boundary","Top",,"posterior",2412,0.000019262
30,"Boundary","Top",,"posterior",2413,0.000015886
30,"Boundary","Top",,"posterior",2414,0.000011195
30,"Boundary","Top",,"posterior",2415,0.000013274
30,"Boundary","Top",,"posterior",2416,0.000014838
30,"Boundary","Top",,"posterior",2417,0.000015104
30,"Boundary","Top",,"posterior",2418,0.000011977
30,"Boundary","Top",,"posterior",2419,0.000015371
30,"Boundary","Top",,"posterior",2420,0.000016152
30,"Boundary","Top",,"posterior",2421,0.000009898
30,"Boundary","Top",,"posterior",2422,0.000012759
30,"Boundary","Top",,"posterior",2423,0.000008334
30,"Boundary","Top",,"posterior",2424,0.000010946
30,"Boundary","Top",,"posterior",2425,0.000016401
30,"Boundary","Top",,"posterior",2426,0.00001745
30,"Boundary","Top",,"posterior",2427,0.000013274
30,"Boundary","Top",,"posterior",2428,0.000011461
30,"Boundary","Top",,"posterior",2429,0.000012243
30,"Boundary","Top",,"posterior",2430,0.000011195
30,"Boundary","Top",,"posterior",2431,0.000014838
30,"Boundary","Top",,"posterior",2432,0.000009382
30,"Boundary","Top",,"posterior",2433,0.000010679
30,"Boundary","Top",,"posterior",2434,0.000010413
30,"Boundary","Top",,"posterior",2435,0.000010413
30,"Boundary","Top",,"posterior",2436,0.000010946
30,"Boundary","Top",,"posterior",2437,0.00001171
30,"Boundary","Top",,"posterior",2438,0.000010413
30,"Boundary","Top",,"posterior",2439,0.000014056
30,"Boundary","Top",,"posterior",2440,0.00001171
30,"Boundary","Top",,"posterior",2441,0.000009631
30,"Boundary","Top",,"posterior",2442,0.00001171
30,"Boundary","Top",,"posterior",2443,0.000009631
30,"Boundary","Top",,"posterior",2444,0.000009631
30,"Boundary","Top",,"posterior",2445,0.000009898
30,"Boundary","Top",,"posterior",2446,0.000008067
30,"Boundary","Top",,"posterior",2447,0.000008334
30,"Boundary","Top",,"posterior",2448,0.00000677
30,"Boundary","Top",,"posterior",2449,0.000012492
30,"Boundary","Top",,"posterior",2450,0.000005722
30,"Boundary","Top",,"posterior",2451,0.000008067
30,"Boundary","Top",,"posterior",2452,0.000007819
30,"Boundary","Top",,"posterior",2453,0.000009631
30,"Boundary","Top",,"posterior",2454,0.000012492
30,"Boundary","Top",,"posterior",2455,0.000006255
30,"Boundary","Top",,"posterior",2456,0.000011461
30,"Boundary","Top",,"posterior",2457,0.000007819
30,"Boundary","Top",,"posterior",2458,0.000009631
30,"Boundary","Top",,"posterior",2459,0.000013274
30,"Boundary","Top",,"posterior",2460,0.000007037
30,"Boundary","Top",,"posterior",2461,0.000005473
30,"Boundary","Top",,"posterior",2462,0.000010946
30,"Boundary","Top",,"posterior",2463,0.000006255
30,"Boundary","Top",,"posterior",2464,0.000007552
30,"Boundary","Top",,"posterior",2465,0.000006504
30,"Boundary","Top",,"posterior",2466,0.000005722
30,"Boundary","Top",,"posterior",2467,0.000007285
30,"Boundary","Top",,"posterior",2468,0.000007285
30,"Boundary","Top",,"posterior",2469,0.000004691
30,"Boundary","Top",,"posterior",2470,0.000011461
30,"Boundary","Top",,"posterior",2471,0.000004691
30,"Boundary","Top",,"posterior",2472,0.000004425
30,"Boundary","Top",,"posterior",2473,0.000007037
30,"Boundary","Top",,"posterior",2474,0.000006504
30,"Boundary","Top",,"posterior",2475,0.000009631
30,"Boundary","Top",,"posterior",2476,0.000008067
30,"Boundary","Top",,"posterior",2477,0.000006504
30,"Boundary","Top",,"posterior",2478,0.000008067
30,"Boundary","Top",,"posterior",2479,0.000006504
30,"Boundary","Top",,"posterior",2480,0.000004691
30,"Boundary","Top",,"posterior",2481,0.000006255
30,"Boundary","Top",,"posterior",2482,0.000008067
30,"Boundary","Top",,"posterior",2483,0.000007552
30,"Boundary","Top",,"posterior",2484,0.000005473
30,"Boundary","Top",,"posterior",2485,0.000004691
30,"Boundary","Top",,"posterior",2486,0.000007552
30,"Boundary","Top",,"posterior",2487,0.000003909
30,"Boundary","Top",,"posterior",2488,0.000006255
30,"Boundary","Top",,"posterior",2489,0.000004425
30,"Boundary","Top",,"posterior",2490,0.000003909
30,"Boundary","Top",,"posterior",2491,0.000007285
30,"Boundary","Top",,"posterior",2492,0.00000677
30,"Boundary","Top",,"posterior",2493,0.000005206
30,"Boundary","Top",,"posterior",2494,0.0000086
30,"Boundary","Top",,"posterior",2495,0.000007819
30,"Boundary","Top",,"posterior",2496,0.000006504
30,"Boundary","Top",,"posterior",2497,0.000004691
30,"Boundary","Top",,"posterior",2498,0.000007819
30,"Boundary","Top",,"posterior",2499,0.000004691
30,"Boundary","Top",,"posterior",2500,0.000005988
30,"Boundary","Top",,"posterior",2501,0.000003909
30,"Boundary","Top",,"posterior",2502,0.000003909
30,"Boundary","Top",,"posterior",2503,0.000005988
30,"Boundary","Top",,"posterior",2504,0.000007552
30,"Boundary","Top",,"posterior",2505,0.0000028609
30,"Boundary","Top",,"posterior",2506,0.000004158
30,"Boundary","Top",,"posterior",2507,0.000007552
30,"Boundary","Top",,"posterior",2508,0.000005473
30,"Boundary","Top",,"posterior",2509,0.000003909
30,"Boundary","Top",,"posterior",2510,0.000006255
30,"Boundary","Top",,"posterior",2511,0.000005722
30,"Boundary","Top",,"posterior",2512,0.000004691
30,"Boundary","Top",,"posterior",2513,0.000004691
30,"Boundary","Top",,"posterior",2514,0.000004691
30,"Boundary","Top",,"posterior",2515,0.000005473
30,"Boundary","Top",,"posterior",2516,0.000004691
30,"Boundary","Top",,"posterior",2517,0.000003643
30,"Boundary","Top",,"posterior",2518,0.000006504
30,"Boundary","Top",,"posterior",2519,0.000003394
30,"Boundary","Top",,"posterior",2520,0.000004158
30,"Boundary","Top",,"posterior",2521,0.000005206
30,"Boundary","Top",,"posterior",2522,0.000004158
30,"Boundary","Top",,"posterior",2523,0.0000031274
30,"Boundary","Top",,"posterior",2524,0.000003394
30,"Boundary","Top",,"posterior",2525,0.000003909
30,"Boundary","Top",,"posterior",2526,0.000002079
30,"Boundary","Top",,"posterior",2527,0.000004691
30,"Boundary","Top",,"posterior",2528,0.0000031274
30,"Boundary","Top",,"posterior",2529,0.000005206
30,"Boundary","Top",,"posterior",2530,0.000004158
30,"Boundary","Top",,"posterior",2531,0.0000031274
30,"Boundary","Top",,"posterior",2532,0.000005988
30,"Boundary","Top",,"posterior",2533,0.000007285
30,"Boundary","Top",,"posterior",2534,0.0000031274
30,"Boundary","Top",,"posterior",2535,0.00000494
30,"Boundary","Top",,"posterior",2536,0.000005473
30,"Boundary","Top",,"posterior",2537,0.000005206
30,"Boundary","Top",,"posterior",2538,0.000003909
30,"Boundary","Top",,"posterior",2539,0.0000015637
30,"Boundary","Top",,"posterior",2540,0.000002079
30,"Boundary","Top",,"posterior",2541,0.0000031274
30,"Boundary","Top",,"posterior",2542,0.0000023456
30,"Boundary","Top",,"posterior",2543,0.000003643
30,"Boundary","Top",,"posterior",2544,0.000006504
30,"Boundary","Top",,"posterior",2545,0.000002079
30,"Boundary","Top",,"posterior",2546,0.00000494
30,"Boundary","Top",,"posterior",2547,0.000003643
30,"Boundary","Top",,"posterior",2548,0.000004158
30,"Boundary","Top",,"posterior",2549,0.0000018303
30,"Boundary","Top",,"posterior",2550,0.0000028609
30,"Boundary","Top",,"posterior",2551,0.000002079
30,"Boundary","Top",,"posterior",2552,0.0000031274
30,"Boundary","Top",,"posterior",2553,0.0000012972
30,"Boundary","Top",,"posterior",2554,0.0000023456
30,"Boundary","Top",,"posterior",2555,0.000004425
30,"Boundary","Top",,"posterior",2556,0.000002079
30,"Boundary","Top",,"posterior",2557,0.000003394
30,"Boundary","Top",,"posterior",2558,0.000003394
30,"Boundary","Top",,"posterior",2559,0.000003909
30,"Boundary","Top",,"posterior",2560,0.000002079
30,"Boundary","Top",,"posterior",2561,0.0000015637
30,"Boundary","Top",,"posterior",2562,0.0000023456
30,"Boundary","Top",,"posterior",2563,0.0000031274
30,"Boundary","Top",,"posterior",2564,0.0000026121
30,"Boundary","Top",,"posterior",2565,0.000005206
30,"Boundary","Top",,"posterior",2566,0.0000023456
30,"Boundary","Top",,"posterior",2567,0.0000010484
30,"Boundary","Top",,"posterior",2568,0.000004425
30,"Boundary","Top",,"posterior",2569,0.000003643
30,"Boundary","Top",,"posterior",2570,0.0000023456
30,"Boundary","Top",,"posterior",2571,0.000004425
30,"Boundary","Top",,"posterior",2572,0.0000028609
30,"Boundary","Top",,"posterior",2573,0.0000028609
30,"Boundary","Top",,"posterior",2574,0.0000028609
30,"Boundary","Top",,"posterior",2575,0.0000026121
30,"Boundary","Top",,"posterior",2576,0.0000015637
30,"Boundary","Top",,"posterior",2577,0.0000031274
30,"Boundary","Top",,"posterior",2578,0.0000023456
30,"Boundary","Top",,"posterior",2579,0.0000031274
30,"Boundary","Top",,"posterior",2580,0.0000023456
30,"Boundary","Top",,"posterior",2581,0.0000018303
30,"Boundary","Top",,"posterior",2582,0.0000028609
30,"Boundary","Top",,"posterior",2583,0.000003394
30,"Boundary","Top",,"posterior",2584,0.0000018303
30,"Boundary","Top",,"posterior",2585,5.153e-7
30,"Boundary","Top",,"posterior",2586,0.0000015637
30,"Boundary","Top",,"posterior",2587,0.0000015637
30,"Boundary","Top",,"posterior",2588,0.0000018303
30,"Boundary","Top",,"posterior",2589,0.0000026121
30,"Boundary","Top",,"posterior",2590,0.0000031274
30,"Boundary","Top",,"posterior",2591,0.0000015637
30,"Boundary","Top",,"posterior",2592,0.0000028609
30,"Boundary","Top",,"posterior",2593,0.0000023456
30,"Boundary","Top",,"posterior",2594,0.0000018303
30,"Boundary","Top",,"posterior",2595,0.000002079
30,"Boundary","Top",,"posterior",2596,0.0000031274
30,"Boundary","Top",,"posterior",2597,0.000003643
30,"Boundary","Top",,"posterior",2598,0.0000026121
30,"Boundary","Top",,"posterior",2599,7.819e-7
30,"Boundary","Top",,"posterior",2600,0.0000010484
30,"Boundary","Top",,"posterior",2601,0.0000018303
30,"Boundary","Top",,"posterior",2602,0.000004425
30,"Boundary","Top",,"posterior",2603,0.0000010484
30,"Boundary","Top",,"posterior",2604,0.0000031274
30,"Boundary","Top",,"posterior",2605,0.0000012972
30,"Boundary","Top",,"posterior",2606,0.000003909
30,"Boundary","Top",,"posterior",2607,0.0000031274
30,"Boundary","Top",,"posterior",2608,0.0000023456
30,"Boundary","Top",,"posterior",2609,0.0000010484
30,"Boundary","Top",,"posterior",2610,0.0000023456
30,"Boundary","Top",,"posterior",2611,0.0000012972
30,"Boundary","Top",,"posterior",2612,0.00000494
30,"Boundary","Top",,"posterior",2613,0.0000028609
30,"Boundary","Top",,"posterior",2614,0.0000015637
30,"Boundary","Top",,"posterior",2615,0.0000018303
30,"Boundary","Top",,"posterior",2616,0.0000010484
30,"Boundary","Top",,"posterior",2617,0.0000018303
30,"Boundary","Top",,"posterior",2618,7.819e-7
30,"Boundary","Top",,"posterior",2619,0.0000015637
30,"Boundary","Top",,"posterior",2620,0.0000031274
30,"Boundary","Top",,"posterior",2621,0.0000015637
30,"Boundary","Top",,"posterior",2622,0.0000018303
30,"Boundary","Top",,"posterior",2623,0.000002079
30,"Boundary","Top",,"posterior",2624,7.819e-7
30,"Boundary","Top",,"posterior",2625,0.000002079
30,"Boundary","Top",,"posterior",2626,0.0000015637
30,"Boundary","Top",,"posterior",2627,0.000003394
30,"Boundary","Top",,"posterior",2628,0.0000015637
30,"Boundary","Top",,"posterior",2629,0.000003394
30,"Boundary","Top",,"posterior",2630,0.0000012972
30,"Boundary","Top",,"posterior",2631,0.0000015637
30,"Boundary","Top",,"posterior",2632,0.0000028609
30,"Boundary","Top",,"posterior",2633,0.0000026121
30,"Boundary","Top",,"posterior",2634,0.0000015637
30,"Boundary","Top",,"posterior",2635,0.0000026121
30,"Boundary","Top",,"posterior",2636,0.0000012972
30,"Boundary","Top",,"posterior",2637,0.0000028609
30,"Boundary","Top",,"posterior",2638,0.0000018303
30,"Boundary","Top",,"posterior",2639,0.0000012972
30,"Boundary","Top",,"posterior",2640,0.0000010484
30,"Boundary","Top",,"posterior",2641,0.000002079
30,"Boundary","Top",,"posterior",2642,2.6654e-7
30,"Boundary","Top",,"posterior",2643,0.0000018303
30,"Boundary","Top",,"posterior",2644,0.0000031274
30,"Boundary","Top",,"posterior",2645,0.0000012972
30,"Boundary","Top",,"posterior",2646,0.0000010484
30,"Boundary","Top",,"posterior",2647,0.000002079
30,"Boundary","Top",,"posterior",2648,0.0000015637
30,"Boundary","Top",,"posterior",2649,0.0000015637
30,"Boundary","Top",,"posterior",2650,0.0000015637
30,"Boundary","Top",,"posterior",2651,0.0000012972
30,"Boundary","Top",,"posterior",2652,0.0000012972
30,"Boundary","Top",,"posterior",2653,0.0000012972
30,"Boundary","Top",,"posterior",2654,0.0000010484
30,"Boundary","Top",,"posterior",2655,0.0000023456
30,"Boundary","Top",,"posterior",2656,5.153e-7
30,"Boundary","Top",,"posterior",2657,0.0000012972
30,"Boundary","Top",,"posterior",2658,0.0000012972
30,"Boundary","Top",,"posterior",2659,2.6654e-7
30,"Boundary","Top",,"posterior",2660,7.819e-7
30,"Boundary","Top",,"posterior",2661,7.819e-7
30,"Boundary","Top",,"posterior",2662,7.819e-7
30,"Boundary","Top",,"posterior",2663,5.153e-7
30,"Boundary","Top",,"posterior",2664,7.819e-7
30,"Boundary","Top",,"posterior",2665,0.000004158
30,"Boundary","Top",,"posterior",2666,2.6654e-7
30,"Boundary","Top",,"posterior",2667,0.0000012972
30,"Boundary","Top",,"posterior",2668,0.0000012972
30,"Boundary","Top",,"posterior",2669,0.0000010484
30,"Boundary","Top",,"posterior",2670,0.0000015637
30,"Boundary","Top",,"posterior",2671,0.0000018303
30,"Boundary","Top",,"posterior",2672,7.819e-7
30,"Boundary","Top",,"posterior",2673,0.0000010484
30,"Boundary","Top",,"posterior",2674,0.0000018303
30,"Boundary","Top",,"posterior",2675,5.153e-7
30,"Boundary","Top",,"posterior",2676,5.153e-7
30,"Boundary","Top",,"posterior",2677,0.0000012972
30,"Boundary","Top",,"posterior",2678,2.6654e-7
30,"Boundary","Top",,"posterior",2679,7.819e-7
30,"Boundary","Top",,"posterior",2680,0.0000012972
30,"Boundary","Top",,"posterior",2681,7.819e-7
30,"Boundary","Top",,"posterior",2682,7.819e-7
30,"Boundary","Top",,"posterior",2683,2.6654e-7
30,"Boundary","Top",,"posterior",2684,0.0000010484
30,"Boundary","Top",,"posterior",2685,0.0000012972
30,"Boundary","Top",,"posterior",2686,5.153e-7
30,"Boundary","Top",,"posterior",2687,0.0000012972
30,"Boundary","Top",,"posterior",2688,0.0000018303
30,"Boundary","Top",,"posterior",2689,0.0000023456
30,"Boundary","Top",,"posterior",2690,0.0000012972
30,"Boundary","Top",,"posterior",2691,7.819e-7
30,"Boundary","Top",,"posterior",2692,0.0000010484
30,"Boundary","Top",,"posterior",2693,7.819e-7
30,"Boundary","Top",,"posterior",2694,5.153e-7
30,"Boundary","Top",,"posterior",2695,0.0000015637
30,"Boundary","Top",,"posterior",2696,0.0000012972
30,"Boundary","Top",,"posterior",2697,0.0000010484
30,"Boundary","Top",,"posterior",2698,0.0000010484
30,"Boundary","Top",,"posterior",2699,0.0000015637
30,"Boundary","Top",,"posterior",2700,7.819e-7
30,"Boundary","Top",,"posterior",2701,5.153e-7
30,"Boundary","Top",,"posterior",2702,5.153e-7
30,"Boundary","Top",,"posterior",2703,7.819e-7
30,"Boundary","Top",,"posterior",2704,0.0000010484
30,"Boundary","Top",,"posterior",2705,7.819e-7
30,"Boundary","Top",,"posterior",2706,0.0000012972
30,"Boundary","Top",,"posterior",2707,0.0000010484
30,"Boundary","Top",,"posterior",2708,0.0000015637
30,"Boundary","Top",,"posterior",2709,7.819e-7
30,"Boundary","Top",,"posterior",2710,0.0000010484
30,"Boundary","Top",,"posterior",2711,5.153e-7
30,"Boundary","Top",,"posterior",2712,2.6654e-7
30,"Boundary","Top",,"posterior",2713,5.153e-7
30,"Boundary","Top",,"posterior",2714,5.153e-7
30,"Boundary","Top",,"posterior",2715,2.6654e-7
30,"Boundary","Top",,"posterior",2716,0.0000018303
30,"Boundary","Top",,"posterior",2717,0.0000010484
30,"Boundary","Top",,"posterior",2718,2.6654e-7
30,"Boundary","Top",,"posterior",2719,7.819e-7
30,"Boundary","Top",,"posterior",2720,5.153e-7
30,"Boundary","Top",,"posterior",2721,2.6654e-7
30,"Boundary","Top",,"posterior",2722,0.0000012972
30,"Boundary","Top",,"posterior",2723,0.0000012972
30,"Boundary","Top",,"posterior",2724,7.819e-7
30,"Boundary","Top",,"posterior",2725,0.0000010484
30,"Boundary","Top",,"posterior",2726,0.0000010484
30,"Boundary","Top",,"posterior",2727,0.0000010484
30,"Boundary","Top",,"posterior",2728,0
30,"Boundary","Top",,"posterior",2729,7.819e-7
30,"Boundary","Top",,"posterior",2730,2.6654e-7
30,"Boundary","Top",,"posterior",2731,2.6654e-7
30,"Boundary","Top",,"posterior",2732,2.6654e-7
30,"Boundary","Top",,"posterior",2733,0
30,"Boundary","Top",,"posterior",2734,7.819e-7
30,"Boundary","Top",,"posterior",2735,0.0000010484
30,"Boundary","Top",,"posterior",2736,0.0000012972
30,"Boundary","Top",,"posterior",2737,5.153e-7
30,"Boundary","Top",,"posterior",2738,0.0000010484
30,"Boundary","Top",,"posterior",2739,7.819e-7
30,"Boundary","Top",,"posterior",2740,5.153e-7
30,"Boundary","Top",,"posterior",2741,0.0000010484
30,"Boundary","Top",,"posterior",2742,2.6654e-7
30,"Boundary","Top",,"posterior",2743,5.153e-7
30,"Boundary","Top",,"posterior",2744,7.819e-7
30,"Boundary","Top",,"posterior",2745,5.153e-7
30,"Boundary","Top",,"posterior",2746,2.6654e-7
30,"Boundary","Top",,"posterior",2747,0
30,"Boundary","Top",,"posterior",2748,5.153e-7
30,"Boundary","Top",,"posterior",2749,0.0000010484
30,"Boundary","Top",,"posterior",2750,7.819e-7
30,"Boundary","Top",,"posterior",2751,2.6654e-7
30,"Boundary","Top",,"posterior",2752,0
30,"Boundary","Top",,"posterior",2753,2.6654e-7
30,"Boundary","Top",,"posterior",2754,7.819e-7
30,"Boundary","Top",,"posterior",2755,5.153e-7
30,"Boundary","Top",,"posterior",2756,0.0000010484
30,"Boundary","Top",,"posterior",2757,7.819e-7
30,"Boundary","Top",,"posterior",2758,2.6654e-7
30,"Boundary","Top",,"posterior",2759,5.153e-7
30,"Boundary","Top",,"posterior",2760,5.153e-7
30,"Boundary","Top",,"posterior",2761,0
30,"Boundary","Top",,"posterior",2762,5.153e-7
30,"Boundary","Top",,"posterior",2763,2.6654e-7
30,"Boundary","Top",,"posterior",2764,5.153e-7
30,"Boundary","Top",,"posterior",2765,5.153e-7
30,"Boundary","Top",,"posterior",2766,0
30,"Boundary","Top",,"posterior",2767,5.153e-7
30,"Boundary","Top",,"posterior",2768,0.0000010484
30,"Boundary","Top",,"posterior",2769,7.819e-7
30,"Boundary","Top",,"posterior",2770,2.6654e-7
30,"Boundary","Top",,"posterior",2771,2.6654e-7
30,"Boundary","Top",,"posterior",2772,2.6654e-7
30,"Boundary","Top",,"posterior",2773,7.819e-7
30,"Boundary","Top",,"posterior",2774,5.153e-7
30,"Boundary","Top",,"posterior",2775,7.819e-7
30,"Boundary","Top",,"posterior",2776,0
30,"Boundary","Top",,"posterior",2777,5.153e-7
30,"Boundary","Top",,"posterior",2778,2.6654e-7
30,"Boundary","Top",,"posterior",2779,0.0000018303
30,"Boundary","Top",,"posterior",2780,2.6654e-7
30,"Boundary","Top",,"posterior",2781,2.6654e-7
30,"Boundary","Top",,"posterior",2782,2.6654e-7
30,"Boundary","Top",,"posterior",2783,2.6654e-7
30,"Boundary","Top",,"posterior",2784,7.819e-7
30,"Boundary","Top",,"posterior",2785,7.819e-7
30,"Boundary","Top",,"posterior",2786,0.0000010484
30,"Boundary","Top",,"posterior",2787,7.819e-7
30,"Boundary","Top",,"posterior",2788,5.153e-7
30,"Boundary","Top",,"posterior",2789,0.0000010484
30,"Boundary","Top",,"posterior",2790,5.153e-7
30,"Boundary","Top",,"posterior",2791,2.6654e-7
30,"Boundary","Top",,"posterior",2792,2.6654e-7
30,"Boundary","Top",,"posterior",2793,2.6654e-7
30,"Boundary","Top",,"posterior",2794,0
30,"Boundary","Top",,"posterior",2795,0.0000012972
30,"Boundary","Top",,"posterior",2796,2.6654e-7
30,"Boundary","Top",,"posterior",2797,2.6654e-7
30,"Boundary","Top",,"posterior",2798,7.819e-7
30,"Boundary","Top",,"posterior",2799,0
30,"Boundary","Top",,"posterior",2800,0
30,"Boundary","Top",,"posterior",2801,2.6654e-7
30,"Boundary","Top",,"posterior",2802,2.6654e-7
30,"Boundary","Top",,"posterior",2803,5.153e-7
30,"Boundary","Top",,"posterior",2804,7.819e-7
30,"Boundary","Top",,"posterior",2805,0
30,"Boundary","Top",,"posterior",2806,5.153e-7
30,"Boundary","Top",,"posterior",2807,5.153e-7
30,"Boundary","Top",,"posterior",2808,0.0000010484
30,"Boundary","Top",,"posterior",2809,5.153e-7
30,"Boundary","Top",,"posterior",2810,5.153e-7
30,"Boundary","Top",,"posterior",2811,5.153e-7
30,"Boundary","Top",,"posterior",2812,5.153e-7
30,"Boundary","Top",,"posterior",2813,2.6654e-7
30,"Boundary","Top",,"posterior",2814,5.153e-7
30,"Boundary","Top",,"posterior",2815,5.153e-7
30,"Boundary","Top",,"posterior",2816,5.153e-7
30,"Boundary","Top",,"posterior",2817,0
30,"Boundary","Top",,"posterior",2818,2.6654e-7
30,"Boundary","Top",,"posterior",2819,0
30,"Boundary","Top",,"posterior",2820,2.6654e-7
30,"Boundary","Top",,"posterior",2821,5.153e-7
30,"Boundary","Top",,"posterior",2822,0
30,"Boundary","Top",,"posterior",2823,0
30,"Boundary","Top",,"posterior",2824,5.153e-7
30,"Boundary","Top",,"posterior",2825,5.153e-7
30,"Boundary","Top",,"posterior",2826,5.153e-7
30,"Boundary","Top",,"posterior",2827,7.819e-7
30,"Boundary","Top",,"posterior",2828,5.153e-7
30,"Boundary","Top",,"posterior",2829,0
30,"Boundary","Top",,"posterior",2830,2.6654e-7
30,"Boundary","Top",,"posterior",2831,7.819e-7
30,"Boundary","Top",,"posterior",2832,0
30,"Boundary","Top",,"posterior",2833,2.6654e-7
30,"Boundary","Top",,"posterior",2834,0
30,"Boundary","Top",,"posterior",2835,0
30,"Boundary","Top",,"posterior",2836,5.153e-7
30,"Boundary","Top",,"posterior",2837,2.6654e-7
30,"Boundary","Top",,"posterior",2838,5.153e-7
30,"Boundary","Top",,"posterior",2839,0.0000010484
30,"Boundary","Top",,"posterior",2840,0
30,"Boundary","Top",,"posterior",2841,0
30,"Boundary","Top",,"posterior",2842,2.6654e-7
30,"Boundary","Top",,"posterior",2843,0
30,"Boundary","Top",,"posterior",2844,2.6654e-7
30,"Boundary","Top",,"posterior",2845,5.153e-7
30,"Boundary","Top",,"posterior",2846,2.6654e-7
30,"Boundary","Top",,"posterior",2847,0
30,"Boundary","Top",,"posterior",2848,0
30,"Boundary","Top",,"posterior",2849,5.153e-7
30,"Boundary","Top",,"posterior",2850,0
30,"Boundary","Top",,"posterior",2851,2.6654e-7
30,"Boundary","Top",,"posterior",2852,5.153e-7
30,"Boundary","Top",,"posterior",2853,0
30,"Boundary","Top",,"posterior",2854,0
30,"Boundary","Top",,"posterior",2855,7.819e-7
30,"Boundary","Top",,"posterior",2856,0
30,"Boundary","Top",,"posterior",2857,0
30,"Boundary","Top",,"posterior",2858,7.819e-7
30,"Boundary","Top",,"posterior",2859,0
30,"Boundary","Top",,"posterior",2860,5.153e-7
30,"Boundary","Top",,"posterior",2861,7.819e-7
30,"Boundary","Top",,"posterior",2862,0.0000010484
30,"Boundary","Top",,"posterior",2863,5.153e-7
30,"Boundary","Top",,"posterior",2864,0.0000010484
30,"Boundary","Top",,"posterior",2865,2.6654e-7
30,"Boundary","Top",,"posterior",2866,5.153e-7
30,"Boundary","Top",,"posterior",2867,2.6654e-7
30,"Boundary","Top",,"posterior",2868,2.6654e-7
30,"Boundary","Top",,"posterior",2869,5.153e-7
30,"Boundary","Top",,"posterior",2870,5.153e-7
30,"Boundary","Top",,"posterior",2871,0
30,"Boundary","Top",,"posterior",2872,0.0000012972
30,"Boundary","Top",,"posterior",2873,0
30,"Boundary","Top",,"posterior",2874,2.6654e-7
30,"Boundary","Top",,"posterior",2875,7.819e-7
30,"Boundary","Top",,"posterior",2876,0
30,"Boundary","Top",,"posterior",2877,2.6654e-7
30,"Boundary","Top",,"posterior",2878,5.153e-7
30,"Boundary","Top",,"posterior",2879,2.6654e-7
30,"Boundary","Top",,"posterior",2880,0
30,"Boundary","Top",,"posterior",2881,2.6654e-7
30,"Boundary","Top",,"posterior",2882,7.819e-7
30,"Boundary","Top",,"posterior",2883,0
30,"Boundary","Top",,"posterior",2884,2.6654e-7
30,"Boundary","Top",,"posterior",2885,0
